25451953
9821885
20430388
7463299
31300720
34559269
19367494
10677466
8871751
28858990
5756320
30414698
5535192
15389866
22301104
27294219
11057431
15618212
14444805
21636358
25061917
15900279
12424205
10533628
13578114
5876724
10431281
6784770
13382847
24539024
27371220
30452036
7515784
13440144
10542842
11906048
33572508
12405174
15833780
10072173
15243593
14709557
27327141
5600677
17133894
7026194
7424015
8970776
10974999
22438885
27396324
8606978
6376991
8455937
29769844
14394374
10079511
12752051
11319302
16075750
31307766
24523307
13408879
13768844
7592804
11172878
6621962
15143167
8045911
32803785
4743591
13833244
31056272
35199910
13448170
6836698
7137795
11795643
10648216
8113324
16090998
6436304
9174407
6939424
26924837
8647597
14734093
26460134
9918250
13805644
22754867
21055087
32945673
4919895
15971897
7123671
12934659
9651958
7143950
15324956
13725314
4831894
10326710
7508188
34809635
4881811
30618517
13350594
32860353
10476181
29409196
13864402
11469382
15603465
10792256
14160193
7694359
6169633
8151003
33857511
5937995
11874990
7029277
26142575
33277410
13473451
5448428
15085635
18418348
14895090
26454698
29891068
9962210
12317498
14101001
14667212
11239595
34250701
19179454
28929520
6187409
3922756
10820241
11560836
8655665
33665619
14336633
21871492
19218922
9914206
27016644
23965034
27396759
13681037
30800556
13860887
5314935
4939914
31138280
25344439
14736788
10778549
31892440
7353821
28148089
14605873
19844206
11338378
20901040
10035333
18704908
11523258
9971812
5661301
20509582
6390622
23176583
32307591
7121453
11464044
32301083
8719336
10626271
14685398
4863845
27129354
11429616
27403773
8817611
8267967
14545108
29129971
22121626
18263104
15511713
10460455
16494603
25081966
33111456
30458198
16090652
8567898
14958700
15721337
15970370
15247776
15566977
15837895
15262099
22315597
9254002
28194964
6661395
19412998
35231572
13634562
12800165
30814347
7451303
11373650
10180524
14267422
5084832
6157054
8001461
25775137
9096699
27141945
33567246
28406626
32035469
25953703
10080997
11944054
23607122
13517371
15094147
12307125
15006030
30135650
5248232
13463208
25010653
12867911
12922000
7049348
12796435
6317179
13250191
21072331
23798321
14972647
10351830
35254945
13132985
21433423
13708047
21091525
12701904
11274621
6138540
17692795
34309936
18744697
30466997
33962322
14457194
20548345
31809671
13778771
9735917
11757997
9639556
16795530
15993139
28799485
14048253
9439664
34536658
16045864
12188741
12604449
31942711
18246667
33091821
5360196
10589956
7087977
21815239
14384856
4793896
5859278
29933347
27446190
22243207
13442836
7251021
30307751
19775551
4812405
32481348
16113621
13849421
20929465
25840534
26509382
23457731
23944793
8593024
12284315
27462654
13527835
12578843
31145474
5121621
8001521
17680744
11531662
9383506
30078883
6712287
32168283
8432024
8462278
16067718
28316923
22179382
25056892
15474555
13595205
8507446
11413808
25281706
18648952
8621207
6144012
12226952
11420599
4872248
33339074
34453429
16573629
15995934
20672686
25176514
26051206
5446470
15837818
26444030
21143968
15941627
12517760
33652596
27038313
6826332
19055662
9172440
23285093
13393334
10835851
28552384
25722748
15091049
10211497
35252443
7975688
13687870
7799752
6714166
12375132
33761145
8730141
25124593
11320938
22881878
17926753
14824359
13503809
7431573
31429430
16182081
7720786
9113107
24388808
7024332
16013015
12826031
8575326
8600727
18399442
6909328
14122656
8227243
10048830
7419964
15611815
4964663
12576047
9799862
13984785
6954621
14939836
14129557
13038133
34491190
11102625
4685500
8960195
32224128
26722685
17459158
14449485
10572668
7170254
35257453
13884998
15630514
11957722
29195338
15722232
13212689
32145558
8525695
9318610
25302148
22858865
11359393
33028284
32115051
34733556
7655863
19802413
30188414
8314984
31592653
34910891
31795133
17978311
5040778
21535231
7460784
21310975
13258670
30738658
6306730
5717564
26565191
12874686
25115437
28812475
4872783
20995693
5952865
11963430
22166989
8414091
16210806
6137000
10628891
9826611
10248003
9561663
9501427
7051016
25751188
4810141
17823865
23467079
24569615
22810346
9373472
7875945
13853421
5204671
15961985
33201000
16012173
4953637
14971106
18410698
26058763
22302715
15128883
12066182
13489916
26922857
13854744
6672476
13733254
26594510
16086418
5356582
8618956
23538791
5358063
13602234
34233610
14209550
21348994
9539552
20187520
7887208
29708206
11422291
14356534
13068334
8519571
11072095
8639569
29739028
14076798
11577528
13702163
5685125
12071968
14911679
16018312
17944828
15126676
11593514
23561639
10984554
16273359
22319959
15491878
5696592
17302585
15991201
9299020
21923470
12187201
7666931
9053920
6877964
13472199
14370920
5661984
7952669
31642627
9508154
30369308
11306717
25676842
11889519
14608574
15691689
31151780
8785159
7767212
10712771
15316260
23007728
21681100
5790066
7827250
13031781
23430161
13361619
10377192
12699039
33644913
15761726
15561783
5391872
9624205
5728734
27934590
28993651
11209622
8539855
13901243
13510515
9330158
11244595
14571292
15640222
6871522
23557469
8467237
8619045
7479052
24292226
12302412
23081825
18025255
23267549
5672410
10900028
26094535
8606785
7209811
15155364
8378730
9258739
7445319
11562559
14639545
13227771
11963256
13507114
4947636
8363736
5511970
13638917
12669711
10117385
10218559
5726742
16440375
13999339
14758538
7120914
16067918
4775432
27378009
6833369
7042840
6166134
5485041
14142888
19317193
5808850
9580887
33308697
12369340
9928515
9883528
5446281
29241295
13414425
15741539
14442983
34680216
15940551
24850142
11553105
15773747
19061362
16128343
7841939
12419845
29640094
35507941
10841822
27517437
9062212
17038491
4988751
5826470
12015042
16526550
15051820
25737589
29578645
10013074
29522611
10376119
6379711
10033430
26284181
21628783
14693846
19388005
5898243
10497718
12212794
24362060
13128911
15523263
20520253
27581661
25824088
21549676
23828198
31540630
7616299
9225886
5047659
33928509
5347148
13848893
19727221
5112451
23526509
28079989
25188844
16318839
28037406
16218739
23918288
6778604
11894963
6402024
23922368
30244121
29526526
16245866
11035240
19396099
6402737
12078974
12347248
21639928
32724414
7773598
15543140
23629619
28122283
11527891
11364735
5168418
28514797
14495345
5866924
7818901
17325949
7342876
12833356
7696326
34734501
30439199
10322478
32258985
8343312
21054109
6809251
34877237
12472227
19215529
4789356
5312308
14579789
31635418
12197732
33582210
15541291
9131989
12727849
6368078
21467989
11940067
4747795
10916331
22950110
7045732
17053713
11759599
5439376
15275314
30491197
21606358
24794276
12635503
23023646
27826323
14972738
22225330
12635690
13714085
26179325
6232450
15074850
15530030
31463213
13912003
31798082
7476213
14157421
7060529
17711017
23882231
7657423
24831680
21443497
35492998
24535703
13216182
26346896
15235036
5202824
15796370
13918046
12792941
7867548
15144013
6880494
14957033
13422844
15066292
14904227
18591580
17939671
6568186
8403191
13937092
5270851
15824235
31934479
11974124
21874162
19833622
26750873
10983524
25524286
12617892
8102012
6188880
15891899
8041675
11841638
12708998
27330486
5256592
28556377
6425838
11891647
28531462
34536694
25069246
11468969
28933966
12404301
13590741
19676572
7205943
17765887
7200963
20117515
8262589
9799246
29208274
9128842
12730816
34738758
27454785
28479460
5788753
19870657
24900050
21427267
14814728
29029405
11729498
31710848
11480615
18570991
31628785
13604106
19111972
10141260
11090281
29828320
11235822
26906249
31827119
12537461
13479143
11733887
5989773
8535520
28375570
6556482
15321025
22218583
12599576
16267098
12921165
8867767
22526291
11105236
14780688
32853192
9370080
12901246
13101743
12378274
4925988
11964598
7270787
11473698
12435187
25966366
31049393
29499154
15928254
21095419
8408801
16753821
27731241
13593936
28942057
23197454
22603883
7154570
25405078
18372334
18372802
33389414
5610404
13820016
14210108
12779845
26019187
34019643
15799542
4968993
5117628
32533707
30640015
9063712
6236254
28407856
19758475
33186963
18484126
1860977
12578059
12098736
7569157
22605284
14335120
16213429
7517584
8997982
12137448
16077254
14998730
11531560
9503526
13459914
12788204
6006804
5059477
32447385
24896210
35088665
12736721
16597950
15581750
20890771
13467516
14614188
6351937
12273775
16213374
32734833
28463353
12026825
11416291
7688047
5665226
4755481
24837602
7527184
21853093
6090618
29128138
10383923
17628943
8168032
5062759
6732109
32127081
12518063
32208504
22744067
19219648
30312032
10780338
15629440
10461510
15993203
15774288
16168661
13444046
34330282
12065826
14682590
13120839
23510258
5136011
20342560
13780511
29208550
28420933
8608345
16262046
5869125
6473000
34643044
17332531
10957700
23328461
12856009
21573172
31779992
23499584
13191133
9226782
31850273
29274298
9691847
23615180
16091794
6128482
19849804
12478472
31298648
5523670
15546294
28743001
34177492
7086661
23373755
33606558
10610339
11079510
6727311
19307866
6419093
9364864
9590906
13231461
32922285
21007471
14100529
10280206
12136452
13193523
23914508
8528574
4761912
11671781
5962193
17165317
23710562
25501291
5068142
21448726
8488496
9002813
13592759
32980785
10482541
13466276
7315217
5113181
32907771
22192543
14199372
5045626
9750276
6679139
9629572
35308480
28869418
10999320
30924465
31610362
13056685
15937852
29720017
8714651
10952015
9560690
15722592
24865649
19781710
13774820
18922264
12697640
33474263
22567817
6977529
15679161
8106972
7872449
11109870
7843814
11198716
22262053
4990098
35027402
9895592
18446869
14069725
16889280
12196941
32564697
26799806
15794110
27010893
9074647
4878828
7619313
27091542
32314176
7494332
9051359
18071566
27594990
14299034
9563067
7861214
13761822
5534054
18692965
18261649
14292103
5760531
9974092
5587549
4916153
7404044
13117607
6523928
18635371
11972555
11900006
11413150
26650328
21868375
7956406
9403431
16513593
5374915
32443581
32338017
14122944
24576071
7947651
26304113
8268312
9612329
27232158
34801232
10040524
15713981
15276206
10269954
12691666
15772073
19622032
8198020
19388848
18632299
8598338
5333002
8304092
7375245
27031227
24261443
22047772
33157134
12443224
13777897
16222647
20288350
5111170
13178856
6565085
8760167
13729236
12966548
14875966
9254715
6979261
28587718
14789546
27424791
33579822
21784054
34391062
13780019
12949110
5420802
15045363
9397119
14608178
23336192
11984824
7124660
21319306
11556277
5984508
13213369
10690911
27196614
8511302
30844419
30442547
10385697
5665997
14195946
12722618
12252761
12907860
12298816
12260731
34371697
4885019
8761870
18045541
6401106
31093964
7748038
12181008
29293882
16436685
20402188
21046915
16150758
4783097
8921281
13377096
10545500
23995142
15184037
8066614
17325532
11041855
13809030
7425490
19765504
13419681
17616079
7402835
13632168
12064404
21564295
6943471
25179400
31503197
6531860
11633769
34171870
24765599
32907468
24263792
11887804
23038025
15477137
27264747
12081881
26901728
11059200
34775168
27762837
14139085
8615470
29508787
8277796
10134222
21372280
30504451
27866958
26278787
11851495
8170949
10479825
27809652
6072793
26959625
22286833
12862227
26761574
9451979
34235650
30439796
9815349
29346685
31296446
17235877
10545811
30477533
27376098
13865057
25849669
11711551
11571942
4818375
5560596
21105331
14772099
10753143
6029433
22481705
9038677
14125682
23623616
21485299
12190216
23185130
6357764
35214949
14848686
31041061
15504344
5604898
8010680
7123334
16920720
11455367
6983907
22219540
6265155
9147434
8007146
16148631
14533866
15967095
11443922
7603640
13044281
7213201
16951833
5124479
20470804
6741594
29620414
12374140
29182732
12801148
8790180
6737237
5086432
31951223
5894085
29847217
25896277
15266736
5085612
24642299
5139993
21773707
9309369
13688555
11110845
10534613
5679983
4923221
14035155
24371897
8721614
12746968
21590398
5751380
27497094
16224494
6113071
18140386
7417290
13445190
18650755
28671574
10904958
5372583
5555570
11909872
9075902
17176324
15226107
11977036
13903883
24703718
30823224
6727440
26802263
8149676
12564638
8511941
9978214
21356431
16028185
35500930
8697909
28682551
14640162
10096000
5158208
9927819
15245809
32567514
13649386
32157789
13872959
24714866
21380071
6388217
35281834
21501418
15157231
23104403
20491726
16136654
5758101
5623068
17666365
20382781
9352792
25513159
30781944
6831919
22237885
12596608
11370330
6049450
30248891
4980942
19519870
22846586
23989403
5714689
9979584
24872120
24446414
6157411
28692961
11193605
10552403
16861764
15177815
25703500
8033699
14731340
9818941
9804512
32011364
13929706
14748016
12674622
24193838
34517965
33410702
11029229
14859141
23405375
25037215
22627097
18588232
10942302
11363893
10508313
13487065
28665871
15112383
9957516
30545575
6133497
9830069
15291174
28359343
34994039
14441775
13220820
12748473
21964309
16867050
29188978
8682297
24857420
28253887
23354330
8687179
11491171
29255518
17471167
14492075
4824358
5656739
25309030
29270575
7600767
12760752
7407422
33697185
16458990
21507214
30642448
15809744
13266970
15795797
35307427
14185144
31342504
30832137
14026284
14172852
9020873
33802803
34645756
22494713
5214501
10103976
4715339
31299710
9544697
26723741
10699392
32129643
6594552
14894927
9681864
5479222
12811260
29733871
9999590
20883751
15091250
20935093
9706814
21992938
5574839
12417607
14258450
11023170
27153912
14717931
30004876
21414769
31585951
8652961
4894622
14375785
32412264
8613235
5448332
11042828
16669203
12214789
14364153
6869548
11156432
34886663
20806498
27405957
21850999
15854110
22674626
22509620
8236627
14631187
11823022
7456969
9772071
17564029
24475259
9435079
17481436
10316552
6302027
8144194
21680473
32303313
25426015
7959951
8883432
13135639
14282344
22675865
20744638
16169428
13241040
5906924
10620184
4739229
34111918
9312105
34333987
26051467
10314848
14339510
29074414
5686927
34068316
15524744
15599108
34967471
21847930
12072699
16207550
33901044
17476177
12233590
15897429
6123014
11824640
6681916
10521873
15598182
6238165
5919838
14855892
27736920
4833475
16352925
9426923
28823368
7190420
18390040
29838706
30025651
25556131
18546379
15300147
16806342
14750943
11705154
15797985
9121833
14612842
30980056
14290660
8578537
24316382
14667953
25209568
24755336
16279804
4978400
27183459
15823316
14105840
21162316
11744553
4865305
31679324
15741648
5150765
19478668
13624162
29608654
5910188
15266318
9231429
10120682
6279139
8511566
7538118
12996482
23857193
10412704
7945426
13960984
11018289
13876016
9040036
11535481
19272688
16711095
5984045
11105865
20359318
11089685
20915269
31111925
13357084
15810707
11349052
24715277
13053335
19758880
13071527
13586312
9118694
14244017
8820806
6168906
13364114
14144557
9608677
10424870
12912826
5307899
21029767
29062438
16521561
10808591
25394503
8219675
10460420
19540693
17440015
11157810
23821004
8770841
20397895
6188053
5529018
5729530
12210825
25617598
23974535
6642740
6815709
13104443
5136007
16195154
13771758
27764520
31117946
12570900
16232035
22200283
34020651
14601477
12465096
12070858
8700170
21062074
17070051
10137737
9187311
11694718
14148520
22445452
11831346
15915441
20918950
15832002
30898281
19763044
16137662
15805762
14809412
10727280
13134659
16045296
15893604
29253088
4181383
5298729
4757858
31637650
25515940
34985207
10156631
12003693
6345710
13816359
9953005
18202699
7434953
29805778
26598224
14066648
22473722
24976708
9179257
8159292
19214062
10133228
7183424
31849802
28620904
32358060
6368114
14677053
12971230
3279381
32122320
15618587
6699922
7197531
27992766
12817993
5593895
34283659
16433376
7249264
11434526
17625718
11043331
14325532
32390064
14200080
12332001
11767954
25039228
13071124
24400406
13890328
7131463
15325694
23688374
7455821
11519190
19776481
5810192
9797473
5098596
35262562
16379112
22376005
11841385
13227300
20444713
34880051
9266358
15827664
13117580
11876425
4919697
13633845
18001618
29468254
29297392
20565634
12260958
10341973
14956148
22589531
26274743
13897969
8000956
10867888
32102073
5319931
11955272
27689313
6943892
18988039
9914565
35324197
17174560
7482337
26724434
14961104
11363772
11871019
11150727
14685767
11715006
7072372
20288641
5877878
29603680
5610073
5657128
13409654
6930459
6897949
14181548
22843556
9659284
28089901
11316820
34779335
14644012
9753537
12878292
7665732
23169275
15465177
18286192
5308711
34885244
5752727
9428986
27446985
5841582
33882150
16168792
12391211
29461321
31438181
33093717
7616234
34249315
17252200
21042118
16412379
31460336
11281992
25133419
25676317
13357136
8323535
7727090
26074330
30526636
6115769
12424977
8903824
4888362
5743688
15636597
11015012
14827800
18818584
17828491
11953559
5981290
33164535
6921047
24202850
22919531
6316663
14255933
10312214
5607554
7451238
13217699
9946859
35091995
31899184
12443140
20139415
16206533
9185484
28149259
12767483
26876537
28525780
15754993
12815966
25297636
6883125
5879877
8997620
12007277
9107561
9830687
5610796
17299297
8179339
11204661
12732338
6015621
23220113
13940887
9927717
28987930
35025596
19823191
23550179
8380779
15437604
34161763
11550555
23910785
8627900
11285832
12153183
6537345
11064625
13673191
15548127
13433313
4851821
10016620
11720793
6677971
15131023
13761672
4674925
10426302
9871767
8712180
7836118
31080347
11427934
7580111
8481107
29156494
23672177
23950181
10398327
11174459
15118075
6478739
34486906
21221806
18327559
14775923
13002791
32238222
9519616
14598031
20590069
15444111
7504994
24265634
20778067
16498632
5886318
14126538
9847068
5375201
34741503
14034340
16061039
34370491
15878168
21562810
33124131
24562922
22780559
8902939
9271736
34906358
35175148
12585825
24963139
7272441
28943743
25440328
15351275
13879512
28388692
5508916
9308765
18376957
27316122
11870247
10519932
19270528
11506620
13432767
16816803
12653483
9929470
22631600
7102315
22105945
6128899
26393402
15456773
16244223
15582677
6244871
15197593
6583196
14762081
16268606
15194459
28869319
21035458
30975523
21154075
34010730
13883178
7084600
25689715
9439263
32336061
17837782
11546257
11223405
24497687
23824190
15230846
21546982
14619411
34798283
12018246
17843899
23756552
21991978
14429900
26974427
28910923
13653690
19442758
22931261
28777813
33490640
16053285
9188477
16868841
30405713
8368614
16085901
8043445
16214743
11403722
26294717
10350327
6365699
6570529
16715853
14606989
15417017
18353239
10176875
11773604
6254470
10119453
29574199
19647787
9184562
19949149
15256304
6163191
15900472
22833329
8989560
5851667
7453712
5591059
22529009
26828372
25063777
29966023
14008694
12997305
7677132
10093260
9268058
18267379
32940042
13563430
12859905
9215672
25462420
15014399
10604447
7425004
16452579
8266285
10083989
6786535
20398060
11860274
21936130
12199324
11506577
18477700
33359312
7936158
24451547
14230775
34452472
13208859
29555071
12496236
12820496
5653732
18073435
7677037
29957272
21050614
11838200
16871118
5870113
19973566
15042130
10040945
6587240
13711641
34854647
12998412
29595259
5503654
12005397
12249720
13495006
12384065
13472623
10017883
10271405
29948722
25357516
16128467
14945498
26608229
31414364
15186015
14252274
20237323
17774215
27132282
6163832
12210091
17848027
29642188
11835099
6700444
9014722
9200903
11832405
13654508
14848529
12941753
16278086
16717689
9172181
15679660
12780443
9313282
28841488
4883848
11348265
14036323
16753440
16154954
14084126
17352286
6684939
11867963
9933630
26800028
7542412
8579222
13412376
5717432
31794866
17588614
7034039
22666892
29708395
13321348
28844632
22620788
5597203
11415593
5838048
12537702
15067728
10007594
32493339
6180007
24136169
14073268
29711629
13123288
4914484
34177447
9574212
24229499
24458855
33111198
18770020
4857532
7606907
31109666
18238774
13717724
7984013
12108892
14834841
32665707
12062720
18110812
16672164
23535368
33112866
20147629
23965883
11840867
17485669
14593853
10398270
5298279
23161307
5226628
12688662
28940431
5762384
24065705
23314616
7923437
19636765
14106372
5402929
10407089
25536889
10713638
12480039
14399117
5434510
12477995
31076228
8943781
6214570
23293712
16083257
25296340
27757413
31953515
7569602
9093415
5947368
14627084
14807554
34333252
10488713
5870880
5809299
9020175
13596967
7833700
5298678
9033377
11573883
34178755
28129816
9986525
17744800
10718149
6118055
5829635
4966774
13533554
10893696
14273462
14006857
4997468
6730062
14973401
11289610
23892650
10302517
5255957
11933939
6434163
11832178
4739027
8570820
35429305
15672739
15833485
4676763
22490813
30465071
13497422
28107400
15592850
12975302
28881580
32795364
12294492
13159074
20098825
10628635
34020918
6685461
15766075
13306027
12225097
5569609
29889775
10069504
6599184
9433332
12135364
34042786
10837960
18599281
14653285
10367339
27716499
10537452
11729206
7214773
12159951
7789645
32418462
19168600
24674675
8931832
5641200
12512086
15192214
14719426
7359945
13489110
11186346
27130149
17875891
25323748
9746681
27555606
33954483
19893880
12583260
7549895
7434303
32536173
21201484
14541074
12071089
10973020
14045500
11601891
32211633
11388222
11291746
21944422
11683053
13878142
6615023
5163837
19923142
12493499
22680875
25611961
13569043
6556696
6024388
10566039
31035274
9315196
6641540
11000830
31971437
14881582
5283063
13076794
7728280
8086047
15688588
9209002
13042067
7093349
26964344
8449880
23359010
28028994
22522673
9241806
11895696
23898608
25307161
13417642
11234982
10908733
13472004
10262326
10354074
29830078
12646391
19741921
10307933
6449202
15672233
7422282
14115817
19213699
7337510
30619753
14516243
34871210
13010160
22494947
11215825
13387894
6845343
7355014
34496638
14749845
5875145
4681234
14532499
3823206
13729573
13809373
15221431
18906535
23254634
11281510
11449481
11462521
23543099
30159143
5903305
18455878
7573832
27167790
9112459
13069070
6321619
9981483
28908148
17457604
11856911
8122130
6416301
20836735
13925183
20000179
4767999
27633162
8523593
14778137
10708385
11672779
23110661
15299729
7708289
13151223
15762389
11695110
11882482
10739795
6668971
7563419
16182897
15155494
26255000
17490607
6531238
14369301
11816124
29448796
8615857
4994678
5352132
20505001
9592049
15933051
15064150
13310752
10823349
16108265
12987248
26331986
27888855
14778613
7313085
13979405
32847894
5170707
5257861
33448469
28131334
20407474
5601141
6048057
9170543
9248071
5824116
9920773
32812800
14267302
31314798
12805200
16138692
10955687
7606984
34467412
15408045
15091750
34786193
11956850
11656081
35365213
33774081
7105676
16959372
8535651
9075273
20476786
7769321
9269282
6420714
15155199
13859799
12187660
10458333
30391694
17101002
33760590
10569376
5178330
20441950
11936207
11890253
14200077
11495595
7307297
19539040
30796584
8631730
4481261
32791482
25233124
6682657
11671803
16261189
11415009
13076054
16039244
10520599
34439899
8713252
10938597
34296793
14488240
13614579
15168325
11638309
24479603
18041584
25504246
18087625
23871107
14010258
4696361
8051159
25520722
10307554
22990721
14490359
12764511
10029088
28637893
5626364
16244750
15370663
15690527
6850639
25277521
5287193
10450832
4945724
31313610
4917841
21411244
6716775
6663066
12955530
17221354
12673949
16084258
31190317
22338085
7983414
13370098
10062097
24130760
11303963
10684008
14935746
4872374
5633401
33880899
21732889
12832057
8926486
12717854
5282872
10107572
31703990
6887171
4986040
13490118
11144313
14493296
10058491
21589567
10699709
5894781
13047841
5436243
15956194
5201245
22116622
6934706
16042514
34498168
11003842
24624380
14641363
5548537
12268196
28815502
24535670
20087740
32779167
13780524
17371978
21348169
28645969
6021295
30968557
16098980
7658978
30119534
14154560
8048253
24793181
11141343
7831760
4902113
10439957
27891114
25694278
16202276
15853685
16360278
14848572
9946930
7951599
9497112
22051228
15602473
19873900
11171819
12039907
7049149
30149762
22310713
11379542
6467287
15427166
21876805
33037917
12734190
25684891
14493132
14451132
11013211
19497796
27942585
8831447
24043253
17444572
7160999
35345794
6281346
14570872
11569380
24069320
15224498
28892380
19000009
10045866
5347993
22899263
6934543
16929393
7392135
17941489
24213365
12625183
5657699
12740210
6881235
9371142
6945910
5894371
29953705
17577826
11354395
32083092
12820228
31404239
10567540
12912326
12962174
17408992
11173650
14806283
14473144
31783301
6350251
18604591
8279045
11320888
9125645
7457848
16213632
22264516
7174897
16259612
14214874
29994217
6121729
16284387
13456312
30167912
30639598
15226725
17372575
10961498
8102162
24914738
32630928
8939910
5418384
29803588
4947582
22091161
34955009
23038436
10999118
23493764
8466633
6223345
23848703
19928647
5887086
25360684
7146296
12870612
16295025
26952530
11024219
6272780
11627304
10463626
26801219
7710518
28941802
8595035
5399235
23567846
26401019
8977420
17092386
8970849
11920238
10017395
13513755
18424279
12459208
20092456
28034004
16742538
8108201
15698181
33822000
5080742
14107178
28449301
13025409
24071318
14061582
13826947
13131247
29814214
5125212
29374780
29663179
12863660
27022185
14033097
12144793
12459749
32207436
10092046
5452109
19506619
6538636
29393701
34554067
13118715
19996855
10558105
31374259
6612583
9274640
12752308
17743219
11763613
10968968
30298571
10457283
14881417
11024493
30327947
23966741
27513099
15953258
12815389
10312245
16153492
20044582
25640962
21406963
32443251
27336081
15565896
6867381
32858691
35153305
13511980
8360822
33929643
33747291
16510890
6716261
6806310
6914769
14906875
34638385
8893869
15553893
33002502
8006388
9896911
22169965
28479511
35415142
5164096
13958549
10574487
25994701
25929475
35440507
26611697
12949612
11575118
13411707
10155814
11913665
35528221
7975227
31156901
7388580
8623288
11460747
10773789
11616175
29304163
13211385
20768404
18269239
5604486
13704127
12424186
3700718
32661837
28210564
15896695
10296930
10515301
15479643
29390389
12550698
11482695
5592556
25956622
23098919
21389416
15750135
33197337
25447918
35434381
16036982
9487141
33625929
29012077
32377488
12869829
34371913
5843152
32313480
11840164
10197409
24250313
8952614
15359000
29975824
20857375
9682424
13611484
7850391
13403120
17888392
7640563
10085100
15227290
8890030
32817585
9675248
29855773
34786886
17066853
14506299
6059854
4673991
5873906
8932543
33896781
12499667
6663554
10159605
7854722
12257729
6945450
23249231
7914831
5959072
10073066
8254224
19747012
24012005
11060024
21865153
13034940
18892021
15558187
9077007
4689951
11104702
29082454
17441233
15157946
30785952
17803894
5214588
11816234
13173067
5630337
30740866
14301527
14270063
7386816
11787733
11739326
30076231
30671947
5841396
31575649
9631761
26312858
5337210
13504746
5560044
31094129
8993445
28102972
9971100
31419422
13547731
32041190
8813359
19241527
20150770
16300736
7920874
7248420
15532585
12537567
3369310
31909159
14784287
16151014
13299937
14099019
10400519
13274281
4687905
6897339
19142158
31327804
8686771
12906184
18410473
13994431
12487069
5090036
4723351
5651109
14489502
5597649
25277269
28204777
7166389
17001558
15900527
12958419
27996663
20367691
30163196
12395708
11462031
9115074
7113566
14992761
22248286
15673493
8462676
8396513
33142494
19005829
14058276
10765542
12635639
6572676
17433970
9934628
9787502
12247114
6297377
28336543
20429224
10756699
7992180
17895334
11347074
15825329
15286938
11531721
9539558
8136343
23496302
11251403
28484494
10861180
20679103
6218258
7314948
21388249
6792058
35234386
26162387
15269008
13364404
12548034
17414974
16013762
14858309
33039891
8267384
16054097
19662637
11702607
16492554
18549217
5104698
11738920
5510940
9581874
8559486
8447085
14967289
11033337
10302323
13354875
5117625
33931326
8873785
16868961
23865164
14903460
7359666
27586968
14363015
20227045
34754075
10713959
20210788
29497171
14511472
28620748
6716314
4680324
17102967
16067881
25779925
13396929
7632750
19992673
10533268
14661465
14211926
6469539
7469365
14234563
10733423
18926245
14817521
20422519
31052441
21010312
31775600
14098475
21988993
11681241
29343217
20333824
27861816
22809968
7222533
15877401
12114039
26093110
5219042
15287976
26185472
14483819
8715548
4809717
21844594
21031177
21320359
10717061
7848624
21937891
32924943
12404268
28419868
8765976
11453344
7042486
12759187
4845550
15134532
28773889
30291158
34360420
26308694
7919941
34651036
24177851
33427919
17632336
28961269
29584831
11128922
23240885
5935765
33873702
8332798
18318658
26875859
32646243
8005622
7813425
24064187
14751614
7576596
5237468
7116724
5610005
15331613
13739089
9989394
31137920
22789985
29540242
8404643
30271895
5411920
24651092
8137737
7047641
9171194
23616662
31829972
31279505
24381986
15555502
5774135
15965026
5714280
10482600
14908437
35327452
4766868
25577071
8201288
6741037
30174578
20724907
13054742
23924423
13095746
10524690
7355862
4970038
16585872
19436686
8921430
14630840
10535524
10888501
35374312
31511453
10616008
15181692
15617353
34037929
14034205
16045711
17478097
33961341
10948040
32555508
10114494
10660946
8852402
29831605
15648256
30439883
9128606
29590288
34146331
7153815
35473588
12477578
24996274
29683699
11671113
10506088
13714905
13804709
25580092
12857005
12401477
33147501
24654512
13206694
28112068
5602677
32789868
29069371
28938457
12540795
6014987
14779398
11772009
15696252
11407439
29835019
25624885
9157143
17762506
16024518
31701467
32060628
15485688
34058503
9098104
13274641
29486575
9831165
9213766
12752026
18301471
12308117
13504021
8525569
25441333
7869581
25511656
8654853
5068639
28209169
33044442
15766100
5025224
26781248
9061782
16118832
33304947
25536988
23123513
11205442
5351634
18359149
28979590
6617718
12883724
12414180
30749526
23051654
11634820
11740435
10763358
25022533
8618977
15504959
9257062
7616626
9828126
14267131
9235248
13357200
33497684
11854801
14999211
9708544
9853824
18307405
27563118
6170373
15973249
12213995
25596553
13551552
6198961
27388566
14721235
6979751
33832413
26497025
18257800
15404739
5883916
7699159
19070317
5070491
6879523
31648580
7501935
19909930
23322470
9848539
34434265
11628988
19165201
21451321
14929245
5604935
8574562
31712882
9518961
11965852
27507585
20008459
21815638
9857116
31390460
31338709
12055070
26376866
14092723
8485528
12827434
14030589
32134512
8917006
26678246
31939456
10084090
30920064
27052971
16581765
6621041
35227252
23334830
35264479
14925499
31628107
9637425
6538748
9380344
13741631
22861739
10064141
16763094
11161535
16942641
28652824
10930388
13716061
11499167
6394210
18300166
26601569
20007988
17451247
12818505
25627687
14823336
14969296
28343152
17318314
14310381
10105620
10436489
12696855
6075359
7964237
13564016
24034988
7866283
6471293
34574275
11511742
5574401
4797563
5696928
7254206
6746412
10382858
27999336
15836648
9253863
25642648
15091777
9254346
15857819
8243460
26742614
4926345
11726567
12238909
7563940
10629043
14120362
15613524
11490427
15939171
12435947
20897005
15284946
15224613
11527716
11374557
13534586
29114956
27046413
12056390
7386852
10965345
13709623
4659167
14022965
19796791
14091253
7260683
30751353
11129775
30533386
10253757
5491219
5454740
11600082
6039774
10312340
15274828
6109351
12399674
4843676
11326568
30299552
26925380
15804432
14106982
13645615
23516915
34628524
12627251
9790320
32890920
35384326
5276091
18527425
10082050
33503786
8286281
12424312
8310101
14075250
30804138
35411284
33476777
20233657
18624811
10753737
12250639
22013761
14594516
15839590
16211695
15431367
34088224
4989801
9309872
17833267
16111010
16119116
16228655
24642314
12467857
28472311
5934132
22047619
11732214
32539770
6230697
23753342
13562190
6662798
16197714
30571621
6095994
10417380
11868784
23103485
30771333
12613665
21741598
10380936
7139028
14757056
6768586
6057795
13755518
28953289
8820226
19229227
15066497
4976665
22296631
34918793
5459306
20308735
11918911
22055080
31935661
33153498
10579938
11264474
8594870
9771790
28480990
5148444
14923048
7282734
33160107
13894685
9846384
34815803
24475823
26602007
9965571
9250662
33812538
22695989
4980485
20126287
10838107
29986954
7376951
16376505
29630653
29511454
16704327
15209961
5991788
8381464
9703901
18606859
5233001
13582974
4618686
21217555
12808093
8870017
17131212
16776540
25583425
21134884
15997609
29498140
5225942
4789629
5538132
14994856
14283096
12758884
4972829
19052557
7678268
34811024
19109962
23903672
19077310
14611230
8705537
12773303
32579121
13522324
12414773
25264384
9287061
33958818
14104445
19472287
30312608
12837091
8942974
7359190
10575433
14901867
6152391
29192545
16333722
10581066
13690758
6591071
6534470
21084091
35382004
15088334
6135083
18163573
5841523
4789502
5581324
5477937
10313398
33664725
12711360
4888160
16332009
4731538
25927057
13523646
28841788
26121290
7637922
7700820
10381480
8009969
19720849
12231252
12922263
5994207
7043872
7984866
32637543
6744117
7410781
7269548
24130082
13290694
7942547
11545143
11163778
27330585
14371602
12820865
35283496
16214501
12514565
8885622
10500690
6405912
10528745
8500856
22032028
8759305
10844013
10469275
7747241
6596395
23409935
1204301
14146479
16267487
21553684
15935280
6014073
8463541
32746053
35430031
8485795
5047095
8036011
34050712
31525235
12108063
20423173
29967316
15594030
13134736
9145209
28858075
7565513
12316368
16339299
27143259
11886919
7986839
14958510
13571289
11913210
8195060
14144784
11778227
29352370
9387827
14274380
14930587
8435472
22890932
16897914
26525561
12120858
28665823
5804538
15809127
5737139
10462880
22932821
10545619
6386049
12576794
35078633
9463108
19133644
8053507
5592961
31606711
9486936
15855158
15196101
8823328
5960208
11279013
5527729
4916793
5481764
5298299
32495526
4862476
11660979
14951760
10715452
12944924
13669931
23195606
13751932
15705064
15362529
25622077
5741671
15252206
22934723
14782956
22682951
34773917
14309914
30750792
13918367
13286226
14964643
15354706
10280518
7775721
18944530
20861650
20216836
5174653
10080443
7029843
13109615
29366080
32235159
30287231
7248042
14110250
22840871
15760179
9168269
15737050
23412410
6593235
12446958
22377232
28700818
27021588
33334013
34072231
6712130
9513438
12678052
30366821
28679488
15795369
9659201
5224768
24139310
4773128
18522145
18716149
8340641
32546016
7120284
10927877
4896392
25738975
11715497
18577801
11848420
23127101
9612790
14201939
31350133
7227921
30239831
5271583
16246888
31710314
13535745
14734873
15404551
6407549
9573220
6517394
31578469
31331578
7986249
18177856
28048662
11738204
12840020
35441968
12871085
30062446
12951436
7820771
20655406
10095742
11416686
13575311
14326137
16341132
8117156
9336491
5191525
21259348
6335286
7259416
20465038
11498298
9508070
11114320
20383654
15613029
10576278
21662488
15800797
29523466
4865585
15032021
25388638
9010081
30954871
23557346
25496998
12760518
9860352
10895405
19519543
20544937
5892297
33981810
31009585
23412413
7005765
34184455
12316161
11301058
8885841
7687288
9473073
15834252
14057853
14226450
14396246
11013013
7401519
14581674
12769637
8106118
15430554
11351098
22639166
10078610
20020258
13818876
24210353
12505797
16544505
8494375
15519542
7337041
6614806
14665682
33726879
7279374
8336446
33701001
25844452
10709811
8507942
18760243
5596480
33980103
5269150
23247155
19606822
10469027
16114333
33430997
13575566
34405249
22659623
13888314
30783450
33503606
6452310
13052823
13921297
11694248
29892469
27778152
26165942
4726819
13145562
10627015
1078573
14681047
15795017
11707603
10529763
12052435
27304902
16538718
14814581
12798425
15889780
24605894
32401173
22717343
4932411
28591162
6167726
13469739
14668983
9600384
16214830
13699273
8343047
20759722
6189969
15611316
34346347
25881724
14605424
13836109
5653361
6942234
8162605
8076036
13062537
9809619
8718539
26889944
18137488
7524196
28170751
35396302
4909702
12235460
8771142
25291246
16541649
5775071
24787739
4927333
23103260
4966297
6392911
16079725
10273777
9800595
13699771
12649782
16932993
21156583
15295904
35473756
28424941
27174837
11342754
11271691
30058291
14424133
6147873
5149640
8961307
13560922
32048394
7148773
25378393
7613224
5857863
31556923
13126944
8764844
31245580
10575362
7394620
7994893
32387859
29617591
15554309
10092149
11359740
8776199
5801111
8541979
33922071
7373451
23866352
8372052
29884957
9796803
25255387
13075756
20718928
28315699
27638562
13105569
15540471
27131388
13161469
23817803
14144378
7640339
15237983
25858168
6201402
23429189
6097200
20709919
12528376
15377799
7740733
31302318
5034261
25723831
34218664
15969612
12033365
21914458
34874063
14699501
28477855
5090833
7346974
32893146
15971250
22897946
18176146
7053011
10617326
13537412
5559766
8197756
25847860
35180236
15074837
12716107
8148042
34220632
33769305
31967561
14422204
17482600
4696152
14142868
14589044
32999526
8125042
7674942
5119984
20997346
9078685
9506647
10323286
18688708
24116276
31359775
6736038
7204827
7778247
10781851
14149466
7995132
5877469
14678600
17473810
15064682
10887146
29098084
17207692
24912680
6476875
16144419
6054986
14163125
31742132
34489876
9053868
8827864
15023007
6424239
17992417
6704738
35094740
16142266
6108795
8567946
14113959
9233312
11038251
22641893
13749580
12533968
25392271
13223172
26074918
5963149
15923068
5080259
17253904
34874951
15480262
7966202
14953059
8472828
8802116
10845243
19311337
25950544
6078689
12426932
25201888
15792794
14971029
31248547
17718955
14446536
31907260
8315747
25966663
4790069
11192012
11936951
11419956
8834248
18745414
11819835
21923281
18790465
8142854
14975540
21357625
30077047
7405523
14218009
8842806
18388423
14570822
8047534
13934457
12885119
33898218
19576549
31405028
13585270
14850236
9484331
6378615
27602337
20116468
21232603
12834056
5862006
9021332
4891283
28818778
29744257
27530559
5434886
26534909
9397184
27470712
9076248
9326722
15904757
11463599
16155633
17253343
11700357
31665590
7256590
19572244
15215250
19949449
15779688
26556752
20121538
35066297
33820770
7788298
17202985
33798120
5139577
14173579
6632473
14496133
29238688
21083083
13016533
7729476
14330859
6614613
29229760
26474909
6147877
33171924
9302062
29881348
15126061
22048447
27226407
12552882
11944634
21024343
12132779
26246051
31502096
30589144
30443012
9148825
15410968
14735762
5188899
11520490
6011334
8013084
35509771
11570107
12188866
18709999
11197286
11717561
14650182
25438519
8406819
17774932
9979589
16082812
15386447
9485742
29977117
23117576
12875592
7975978
6497157
8738717
13062259
7776229
13636021
23530727
13126349
8740112
14072532
14140053
12435903
25252570
29357929
34229455
9381344
6129189
10068312
16024943
11178040
11301314
34267000
16039980
6550436
16899612
7077077
11253352
25899808
5909448
15737166
27040782
29874466
7250688
27430725
11249678
12853764
5617438
7301030
15877369
34653331
21102667
6034434
5643515
12413854
7402462
11075166
17929429
28520650
5908363
11592952
5601443
12422842
20187574
6740644
8099543
25891432
6307778
5919484
26974880
5292896
10345153
8187227
8461050
11577809
9081752
33323787
9523839
12470519
9209551
14249312
19223533
35384935
12650106
11091651
1090230
11964658
24654206
7283653
17504035
30134888
19737607
11261628
14887235
6675559
13247018
25464616
20737519
10662311
13694345
6071924
6522991
6039351
18817396
5974833
13435557
13182964
20218150
13326106
16016820
24194771
7015164
11175078
21604453
19577416
10982000
14721820
22861580
14329851
7886205
8999223
1977597
8766577
12129311
7338467
7060651
25321549
13024168
7810564
13347354
5307689
13509431
31375858
15054977
11359307
27754746
15889079
21475027
4073015
30821664
30857649
11211363
19464907
9598956
29491279
14326659
5043400
21337030
12510825
15009432
33728898
10637344
6658987
30751608
8305874
14615846
15785505
13197894
11807717
32323242
15397925
12076957
10632805
13992371
5748532
14674820
16362642
13454917
5113631
14991171
13581394
19129168
9737080
21192592
5424162
30923298
12294604
6026584
8955559
13728690
7332506
27952953
9182836
31481021
16491624
6268190
8845404
34969358
27408267
7194118
4756058
23001317
34205125
14540839
9012589
29129650
22483976
15406194
22198891
29096167
28640380
10682216
24162140
12386340
34442848
31878112
21920203
5168343
9418796
11525609
13798965
12666838
10821923
27163248
20617156
26262626
21356872
9145202
11686106
31395062
27696159
12917130
8502557
10412091
15737575
8579677
21133501
13120067
29732158
6092339
28324240
7937876
28366129
14155210
16053780
17425258
13872686
13582972
15474210
13445656
14891821
10774654
33680895
13525685
18015985
6079037
10438868
5612049
13176264
12983571
7695565
6221033
15904855
22187272
10433874
10074159
5093484
4601006
8067674
25621756
5942383
13856204
8303030
32422380
13961990
28510015
12547895
10439875
14183606
27602856
32103846
24960250
15930480
8045480
27924861
9373551
3072335
12086789
13668500
8426100
15699007
12733992
8324800
6052831
19187374
35430460
12195374
5469588
5338239
9118880
28823656
9204907
25255849
10213319
9161869
8559778
5362748
4854940
13895508
15137903
13444392
23859734
19503928
32588256
13153313
11621413
11267791
5963732
10776597
4954711
6682083
27397587
33764274
13896740
15776414
7296453
35356069
16676394
30066985
33104604
5110756
14670835
11312099
15656384
22709789
6830709
11883047
9417171
13956961
26020720
8286728
8057162
13389537
14288947
13384725
22055860
29624959
22545458
13212184
26229980
11029077
14694209
13430296
7978155
28561654
13177202
27763602
9951013
13410840
15086459
13094968
8848896
29908654
5554309
25357360
9885218
30296351
7223354
7093678
7519509
14278490
11476452
6030814
21625759
14555883
5109549
6702083
13308619
12688264
14598416
30263159
8763893
14750767
14755101
35346289
11344562
12951346
9438523
7837373
5662333
9426546
31129229
13727364
6229210
17965780
7770607
31282820
13494974
5019920
13150254
12478292
27725349
16338846
26571632
14081585
30130088
11891188
34074958
14970955
13742123
21961630
5477069
12340402
15433917
16281472
7687385
29492740
16083802
25072951
29555377
8284145
20314744
7142606
5299958
20247661
26723483
9976787
2265171
10634827
6362459
28757926
6318237
26207924
23416625
10121471
25018324
23621693
13231431
4992176
8711989
4876176
11618730
15411153
9934313
12771120
10277597
32116107
12810537
6943371
16271190
23181338
7553566
6971083
10715049
7844572
10136537
35509144
12906600
4791282
10558899
14355676
13157019
4928045
25289770
6454054
33166743
26437730
6243539
25994467
28503700
7879123
7407089
14582938
35416486
11425341
13912590
13926300
24735971
12868378
31805732
33140691
14875401
6384975
10342263
5888802
11586010
23345813
6493608
24284555
7603712
32521344
13874357
19668268
18640333
8481242
6590054
34625581
28945120
31849349
6797659
11359718
5598040
5479333
25026427
8048190
6739736
20807089
5717094
11093624
8045214
14861998
29033212
12869074
15121243
5717806
31559185
33801987
8822302
23700578
11552738
29275195
31053236
20522950
9560393
18852094
35125811
29452144
29172277
22404622
8439898
15660487
7302808
15966847
13980686
34286983
15642585
23436761
24152828
26509466
19616023
19625005
12574373
7244320
33189153
14010758
24464957
14656664
12922638
10145593
13830267
9313560
16170002
16242258
8769319
35370559
11318095
9200971
10083984
29704948
12974416
15348848
11135791
27792420
19887943
12863630
11606693
13988850
5982750
15729972
14215661
15125959
30078586
29782486
15641877
10854869
6465400
9060382
12731259
18207097
11474467
13154712
20589478
17872753
10362270
9113501
6882361
16925592
28718776
9554468
15729635
7427468
15388234
33286269
17668099
13714764
32442717
33375773
27833649
15035833
13958213
33204285
13568923
6776020
26633945
14153420
7544528
22892438
12582500
13288126
17322532
6310255
13637488
14705292
12939937
12247528
12029311
14196933
31312410
16078715
11509213
12286930
7581990
6301631
11740784
14692457
25297738
26312714
13540838
13896703
14249686
14368990
12409763
27821061
7864897
13151821
4750418
12159044
26776313
20478880
25655611
9006520
13851744
5146185
7317677
11611499
10855154
11023876
14516474
29574844
26355365
34343572
5048477
8875676
12213336
6539043
16595871
6980410
15556795
30879027
16755906
26615837
30320930
11515993
9287161
6336118
14584423
13679697
12990225
10213692
13937870
15609551
9735324
12734295
6104221
8169603
13702777
5492540
8393839
8828491
21038212
7628449
13990240
15947226
6218627
18445999
11225979
16667010
7461375
7931199
14422748
12355372
11764772
7028747
23175926
30452594
13946914
23588123
11057034
11854340
15108639
10302575
13399922
15079536
18340129
25389280
14230462
10560131
20415307
5429687
20070088
13337389
11423553
17540623
9321089
7505378
9523812
9376378
5286794
33274197
13579511
23134661
10529081
13573153
24009425
13438972
7349338
28365286
8130220
9586830
9002465
16896135
7225534
9824103
13216025
21240370
27703170
21470119
14285516
26065597
22064905
14453354
22531718
17184889
31371343
12245981
15386000
11383551
32326659
28089097
12631064
22572281
13901952
21987961
16493316
8299517
5240465
21382180
6911589
22265350
9791463
16262209
15026926
7501957
4929112
24139289
7858961
24547037
13034962
8703747
13762234
27943296
7992151
32473635
11768461
8712391
24867818
23814908
14221749
26952731
33450725
11072961
13483825
5664518
6673936
17003913
15217040
25011010
7853746
5952636
22592318
13346259
5457981
16127454
11461730
27454833
6467778
8546426
25010491
8437383
32274441
20751406
5325531
12563982
15774980
17816770
7432214
8226076
33161235
19532962
9259872
31041796
27221304
9896835
5696757
35168935
34335445
6025480
28720231
24897395
14536831
9771386
7355562
13415437
12091071
12229193
10137581
10307223
19420876
5491810
13285537
5148561
6637723
16051141
27203307
15478593
11176370
7932500
8043246
7811341
20764348
5361788
11338187
9658870
12055391
6845633
28862536
26184695
10397236
12448744
28955440
12968096
35126321
11952629
4134107
14119518
30697498
8129855
33434717
33405098
8709795
33012942
15326976
12773992
11558247
7217462
7808597
19545421
9347374
15458900
16434339
11152682
8759016
8789773
14249484
10195279
6092754
18697810
9675866
24024770
29284489
23953997
26728514
30170408
11907182
7005197
4702852
23755136
34769453
10719428
13657414
27443829
6099778
7920670
11216187
11581816
12666990
15299395
17171137
25216150
7068347
24273644
16103507
15214308
13072079
20085742
20737888
32914113
11679762
10585520
15197898
18338176
33125448
12377525
17653552
5261112
20682451
11142680
29894416
23445158
10687583
4933877
22761221
33895440
33280338
5129206
6551176
11907840
25691941
5100502
14453046
9443987
5357299
8184718
12376762
13799820
16573758
24816812
7912214
27244830
9443081
19895038
34087381
22783430
14376330
26473391
6617755
13829245
19792513
24436307
7353620
7334005
24001235
21975112
8499300
16060965
7637667
8499098
20173042
25037260
5122602
24643178
7164993
8199219
10898362
10659981
15811105
10156600
8032785
34757933
12339624
15671020
23667374
8691480
26978186
24447224
26349395
6200168
6009983
18713647
8200373
12018740
20246446
14981482
20614285
13605203
9972812
7459798
5584219
9677760
11617549
22715711
34203757
12737845
34083823
10800790
8351575
8641844
10482250
27865263
23410886
31080452
28780828
31337017
34585882
14786047
13540802
10719362
5448556
5007048
10538176
28891342
34673491
6754197
11463876
19964551
23174915
5729644
13783834
15285701
25261246
11080048
5899455
17341006
11139577
11055581
10154659
7901007
4853776
12212900
15147687
24727484
9053446
23545706
5889305
30278300
7229386
5775726
25403230
6725198
5255888
7731659
20487082
6292622
35432071
9642291
11020001
11458043
28302847
6971636
12583534
26496779
23551505
12128804
13134283
22664942
5103045
14903191
22481171
5440037
29750092
14770330
24438317
15581921
11610755
6129529
24916529
35158087
9747075
23885237
11594907
6317056
26308484
22573487
8702037
28902133
9641168
6409973
24143837
10150093
34501177
26607464
19748221
26583611
31281305
7084978
16279791
11965190
9470611
15758062
9952736
11088934
26564114
15816858
10968247
19903537
13289394
9558258
31513610
15567860
9187339
12076248
22205692
11054273
11560443
22059484
32677722
19024234
24694700
19043917
4835550
24543002
12047205
14753569
4982090
24371801
10518918
15246261
12392656
20043829
22088371
7196757
26415908
34421416
34269775
8918290
7762019
19145452
9210075
16386804
17600203
5881896
24380759
19991209
26110831
10173231
7288618
31571029
23247602
10842253
7253603
14593800
5967880
5026122
34023777
15425155
20810224
5384880
14204931
6452461
5309151
23423744
13705751
32396973
11129062
6455948
5126046
15309705
8251827
26745293
8451329
15029143
28983049
7730692
6919422
8448288
9333287
34731369
27851523
5560757
12133115
29337892
12474484
23470997
23810537
31590457
12393549
6012914
29357875
26276144
28238731
28667062
5333541
13233002
12114112
20874154
15179971
11181188
30663796
15493137
15205032
19629289
24465404
11870156
10536129
24372716
10804022
20190352
21553831
8930124
7025919
7305517
3193740
14979785
12187936
17792944
12341475
16475490
18440650
5519555
13384421
30730976
11192249
11955257
7078096
10830977
23538770
9710345
27052767
35455831
8621696
5307963
7545826
5816609
10074709
29725420
14001547
33224490
9934466
15211424
30840249
8837828
9041449
7726041
8492317
13724691
12748342
13021708
12187946
23705117
29725549
11827490
17863699
19551334
14089452
14992751
5201695
15335269
15135015
15176286
29332822
34242388
20518960
16521804
5578214
8025943
35191546
14358314
28770577
13395206
16434510
9855149
14115468
13044140
25454788
10466307
8411453
10374179
11687296
5095302
6474690
23509697
6408937
32488788
13236187
23352014
10352283
10546042
17000997
6858871
22047868
13243329
12307047
14392166
11618440
6072195
16017700
28183912
16995792
26847230
10314341
12449014
12755512
1893672
10450449
12790544
10085774
26680343
7097524
20029903
11849324
18998176
4951718
18787654
12346786
27921969
11717027
17376868
13066939
12343330
12485485
6689744
6206389
15549456
9073715
5863263
15651421
7163683
13112002
13479627
20034457
14059779
15508193
10064045
7829191
20858095
12197442
13284552
6074261
11773294
6377581
31652537
29379313
19562482
5535110
12821075
29963398
7148802
18931051
5244647
8084599
11723515
28655755
7456157
13017218
30779334
32793477
8160434
13880334
7845824
14444970
14631943
10379839
24510482
4958110
9496051
23464484
8712975
17007513
15862011
7653172
21903178
11845859
28007871
18249022
25008583
30458000
10792566
16256381
11990561
12560839
8174559
14796430
15160342
7102510
14914844
10813136
9562340
23959736
16838322
8418481
17203207
7529367
4703100
14651239
5328248
25458187
10477929
15457121
5931773
31906945
34979330
29524390
13928779
27479133
20255944
32564448
10037182
27730332
11014861
7722431
12400356
6264763
35343013
32172495
8393554
12504700
29268262
12768131
12352315
13459260
8007409
15398446
24774476
27605427
30152579
14352135
11191964
10844178
15663500
14668557
12065920
6320983
7162667
11148885
7750548
13271303
7373301
18003490
7848010
17972734
8675764
9792315
31530145
13276707
11433336
30107186
6603093
28148155
35379310
6102549
8820976
11015735
20665030
14016975
27452646
23021339
10275359
19292491
8296066
32944749
32538153
8496944
26458670
8100198
12212739
8028200
8044569
8174940
30572914
12115464
16446519
14307488
15717517
17231854
5918468
17636335
12450117
5439799
15845708
6823514
19635223
5352200
14791523
8490185
13010585
9155421
13396327
5642657
11278703
9585607
9522017
19779829
18968023
12984691
9132839
13581633
7831785
22942073
20897953
9043803
21098929
30440987
4871372
29860192
9430588
12677596
8430399
7648572
20568214
9169194
8413434
23105903
14341193
25792696
25290673
32412408
7317514
25264177
19266649
9928010
5716053
13044839
9303785
14164658
12150796
33203484
24567545
8799001
5850488
14003036
10068248
5225973
8851675
31602328
8891567
15152110
35154391
34327987
10422499
27474315
8126138
12242612
10425923
7923922
5459724
21779581
31891195
12675118
6748037
13996258
6331086
17254888
11522833
18200908
8653994
11104943
13895970
15581708
15469997
11658402
15535293
12174020
12798701
23124692
21239770
14619135
6599422
6545290
24478592
22854506
9910353
8080347
17367394
5512916
16401804
15115306
13339289
11575496
5476409
34021839
6996725
4840260
19819924
24239666
6416601
9191755
14443861
17228986
9571318
26864423
7400563
32885868
14559736
6334888
28584070
30052720
14942113
14007273
8176686
28251334
21065221
13045950
11320600
13390498
12755759
25240084
10385516
15287394
19478323
20926432
10703175
8293000
32820063
8875751
5017239
15521302
8248680
11402311
26812250
31581631
15524421
8544958
14830012
25700581
32109120
11579522
17058153
25764442
28516501
21087484
34204951
13940054
12211209
9100552
31818482
18361462
23765873
19845658
5383653
5908161
11139244
9531796
18170797
17420491
14966313
16819695
31561528
16308783
8796258
29272105
11687006
23727299
16031511
1352839
15775030
14477539
6436224
14860098
6176308
14143709
30954547
5565240
15258062
14977896
6711937
15424139
12477878
6873224
11364379
23570231
12887887
18956464
6906628
28171063
20539807
12359162
8770276
7005121
11705019
10581850
8793965
24708584
21331264
8713535
8453946
30490081
23030435
13896306
12808356
10944128
4937709
10042702
20819881
9730839
10980105
4686824
8542230
24545453
10068222
26707748
25827424
14648418
6253314
33954723
6127716
12551764
13610748
5068955
6358226
26072926
26190875
14885705
28807717
29106559
16755924
33365105
31581325
32000939
18858571
12604350
7764216
5766194
21519460
28995052
5993069
25180750
21146029
16835193
27217470
9326299
14620852
34833086
19611484
16884954
12117882
7244690
8951593
7710989
6840290
13715017
7461336
7284528
4802421
19679773
7867465
12414019
15650933
6179998
12893804
14311770
10396908
11553397
16113724
6296637
20013406
8035470
20677174
10689770
10671192
14523530
16205811
6446587
33827997
8172037
15081399
16235014
7321433
28773256
5003356
14139372
13112371
10451124
34459123
5251479
31659332
24988711
18283198
12182514
9096686
25253083
25220689
9697499
16982667
8760331
8587345
10673841
7056119
33036561
11874476
25479145
20805823
8082258
19738012
4696333
13015991
15727030
10903588
14239080
11612376
32981853
10041804
29482984
32650851
16250279
23100536
23321468
18670909
15082271
12001246
4681905
7620044
29877178
23371769
9618090
12869990
21398527
25461019
31109942
27588417
14402082
17228917
11050402
13911674
17070750
14819920
30161585
11937404
7642976
24883592
21508819
15890393
13862552
5920546
7884587
10873323
27408921
14599186
22670405
33268950
30706010
17944660
15022200
9223944
23711327
15322279
8456032
10532121
29012428
10907096
25503790
11161662
7739413
6851027
10075551
21714544
15629938
5359937
13975814
23650586
6792660
10326545
7749201
20770345
14304014
8450922
11784729
15785886
10013700
13175681
9602816
10118168
32930583
7489589
15000468
12367483
4945338
12105113
12030528
3298554
9550379
8495537
5572116
27009795
5347264
6247104
8899356
9595855
14221079
27404091
30619147
23281466
11271859
33663297
18089143
8690308
8507715
11577345
12927663
13130864
16516776
5490508
7773907
20348653
25804885
28723366
10519402
9817242
12858063
4979450
17282062
9486883
9513057
11699693
24311330
18201685
6578037
11865685
16761942
12642360
12090857
15294248
9065380
13960863
27089478
19488592
6520529
15128349
6125269
9348915
15734546
19013632
13878389
18992794
25011556
29756299
15581801
13601570
11688096
13101026
20549077
6970272
6401558
20141221
8409005
14197504
6350372
17017749
13826297
17487352
5262682
32098413
7127483
17061435
7408735
32136483
8866044
29542495
32799186
15297973
4922936
10861834
14214878
22054972
12697499
13957749
21796201
16010354
11823501
22081357
5264396
8501278
18785698
34701693
26704481
8202055
34759961
11167512
2077047
26177942
9335328
8970178
16376685
12514372
13650913
12030534
17038695
6775550
7342650
25810936
28478608
21086698
17642689
29166499
12224860
31362622
12394446
25868395
16049467
34693803
19619641
5524287
33038016
14490214
25463089
28485919
35203288
8958566
5093922
26526944
29133487
34025064
29635042
23264693
7397631
6672919
16290363
23218703
15356399
27483459
27216693
6481954
24743756
23035283
15368837
34035516
8503481
13430613
12855981
26142671
5542349
31074794
6686288
5482891
15066812
34129459
26191286
9950389
31113608
6789047
27874266
20419477
16118098
5783203
28830616
5110106
8288542
15873300
29723599
9002125
8475863
34055221
15947367
13640041
10122331
10797758
21922330
4915163
24553667
12008458
12043431
28453174
5953966
14047017
34890389
9401096
13787273
13774926
11482193
31990553
8275592
16384176
12560063
11804751
11226482
30612178
5677889
22418644
11493580
13288519
7384309
8692301
29421400
10711307
15544999
15693925
17681047
15977274
12898272
9126277
23747189
34658431
10110163
27614313
10978501
26228606
14021619
14046090
21969274
31213348
12224638
9802856
13771262
10098439
14486567
14283586
7150463
34996613
12953944
12443041
8862909
16283403
27831423
25930945
14844717
13272923
21955561
9043644
9073970
14455789
14945757
6627323
35507017
23540987
5796032
11318417
10600850
5271471
4971084
21583948
12922991
30560608
15475862
5431719
7694724
19006534
15616635
7040308
4823181
5728160
8182479
15727363
22892594
33959496
15767636
6434934
23757752
8255088
16079362
28016406
4767407
20515531
7719616
5995938
9321422
19253083
12477535
5021716
29706208
6057758
6223317
16257250
9450146
32757402
7948730
11366683
11196839
7118831
5178755
19223194
8112368
11643896
6497273
35043446
6068217
6829162
13152646
18428071
5905998
13039570
13339861
15610367
29998708
27721071
11578515
8147722
30725900
25006615
28228519
14104097
29749345
20739103
5178261
12530338
27574305
14373561
35202088
10163093
9765385
12695252
33129507
29900422
16028296
13129613
11382067
15610271
17952781
15121725
5034879
21553207
15051818
29570305
19522009
9254009
18683485
15057656
13690898
10613943
35299720
34747764
29548558
34196146
5746893
13128444
5137452
17886742
8545966
15501058
15768303
8182089
7586868
6044645
22172476
6310188
4950684
23555747
16238698
32513235
30407048
22678805
34192228
7265173
23275055
7920418
15570883
29255779
22661246
11469414
11649984
15987775
4987307
28224850
4562599
13689826
16364124
14087542
10515841
5553815
15160290
6271591
26177258
35397106
17692444
13610202
33534909
18271261
25910818
13968117
25352101
5723792
6946245
5979555
8423147
32164140
25429087
25317439
14312061
21329491
11297655
31335532
17831359
9172476
16691406
29461891
28289851
17018427
12290042
5723081
21273313
6521074
16006788
9899843
35298025
8751289
14536348
10595602
8048872
14307437
14517333
6694159
29712550
20316544
32779011
31882123
26299559
25976875
12495017
12182908
7591783
27954609
5155689
19340191
4837221
7082392
11881394
18163438
17060385
29707582
20548837
6360063
5208922
27146520
16237836
11935366
8963188
11468270
19521889
12649838
9108406
9763217
10604466
13357290
13196012
10904136
14321380
13935723
12434127
15290966
16843653
35054486
8570017
27625497
22179640
12453571
15492885
7590702
16162428
13743728
28492141
16174890
32064756
7413131
6055788
10915494
10044320
27196446
14754881
22632197
1310649
5297272
23364140
11788237
7026856
14083226
32604768
13382409
24461663
6914025
31235893
11368862
15652071
17583772
17991703
12055986
30135227
16804917
6792513
8323683
24788042
16172515
5470170
9805131
26110948
5118924
25747999
6887710
10683026
15429884
12106165
10630161
15075010
14084260
15983798
19123246
9608313
11294837
15226057
17858701
6526747
21759226
11319008
32883237
34530334
27992433
7361182
6041233
28201492
14797639
15003134
7006192
23970068
15121242
9068942
11868639
30598105
33296253
10099935
7206408
30502735
18511687
4743906
6422741
10062340
35445355
16053752
13513296
32968875
24626873
8424933
5576347
28937032
13427707
10675846
19304680
34831034
8751198
12314309
26922473
30961924
12491003
7314851
12610694
10911191
22043056
17366026
15067682
14207131
28537195
10573540
11477796
11565163
24140300
6946859
12459870
14425937
11098555
13370014
13426381
19924222
17719408
18394747
10935773
31487510
5109918
8302405
30875865
21433933
8672254
13632021
20633596
10617420
20176561
13218825
5336424
16693740
16483788
9248302
15769396
26028184
7300859
19949668
31993865
12008977
28919947
31614127
13191816
13342958
22657856
31094273
9425936
34941197
9202567
10994405
13585829
11267205
25232038
18250489
8303820
18227173
17448001
14016222
33386615
19782349
10700799
10907565
28427425
15772227
14670703
14407272
28320664
18466882
9715806
10436051
8480404
5314955
33163509
15246694
16267406
16066376
16181098
7886909
5770972
9630194
10719345
12474114
22494257
11868326
21055177
16850730
12045148
22472419
7004851
13690430
14049918
14857304
34278430
17626366
14712075
11558627
12192004
28564393
29726443
7176296
34560349
22573619
18289921
17238382
21401710
11755522
25178488
9515219
13978787
10601714
15315718
32229357
28970683
35016209
26743361
23643746
14877664
9997193
26127365
5487879
12429690
5889453
18429067
33599982
18118186
15806793
31426007
12304637
21943201
5440821
17632150
4973711
30528241
13513790
6547768
27556605
6176694
29429476
8587843
23449982
19444318
11022300
23097878
18614779
11244771
20253712
10978067
5753847
7387889
25661449
6888614
7386495
14838552
9414596
20731708
9233011
13042318
5990517
25424854
13885519
9414884
26520038
6673826
31900324
12175286
19125133
11964249
9366257
7506376
5826472
9838761
14242316
28750720
13855562
4967738
14257645
23912978
8464159
15629673
17115000
6373288
18076555
33827004
7586203
22286935
12766952
24970114
27354267
10822737
5543248
9573113
10493342
12566885
10329200
30167180
20484934
9540145
8834343
19886605
10350998
10532297
4943480
30348839
13888758
9334301
8148064
16318014
22523531
5048195
15662145
15086107
26532611
20351965
15894908
6162233
10366924
5399957
10636831
16805847
11766493
13434826
31057277
6182751
5894721
13363657
20376874
29754193
25688944
7574686
16219458
22735118
5551581
31103078
13580721
21667735
26798024
29193208
33486539
8703147
10900935
13235824
31400753
30118562
18837613
14087677
5495303
24517538
24857024
19972369
16240844
34159483
4876889
28525087
30647713
32492046
8670011
19890529
16142152
13719830
9676476
23945639
20572042
5206207
13135624
15345472
5690783
28473082
5623726
8747981
17318158
13025182
15998837
6460046
6559576
8801910
16097856
15569868
26411462
31799324
14022969
34259809
22767335
15739963
8503018
35063819
7207415
12158411
10563553
14090502
28470829
33795081
18932530
6482771
12179911
16263416
15678042
14031182
33887136
13169618
11869531
16009786
28038519
9036487
11526133
11312430
28995253
15555777
31085489
15831621
14503004
6849090
5962551
23846228
10092875
20914570
17797603
10823573
34434652
1765998
10302702
15449088
15032553
33215091
19267534
10069902
10845801
27072276
9504016
11804498
15862832
16168834
5383935
8861355
11788287
26862686
26108125
28516687
10959509
23230400
10106855
4689608
14640031
28711303
6890215
14251270
15828785
17928433
34695045
13005296
8463474
25677388
8562988
19172677
34957277
17190601
14632175
24823433
20952007
14207788
30300197
8729843
19576084
30629017
15361831
9825945
11761840
12664557
27971280
8550448
9530350
8507365
5762856
8861085
14658612
20805289
28072021
7728765
7941554
8200755
5149539
7871558
10463475
7250198
7589760
10195368
6963641
31564282
25058482
24042263
15772536
14563262
34860344
15915566
20024071
12373271
7485638
7158361
14302444
24365051
13470397
13985688
13931599
27463602
29080075
9485254
27498732
8533067
8687304
14584884
22462348
9156311
19630729
28659073
28586473
27804990
22208059
32677203
11218378
5699731
22283506
33137379
10676558
11401288
6378776
10712544
13284295
35067938
12845842
18959314
13042381
31066355
10982631
8450924
22669139
31517069
4863271
33742248
16062693
12095882
6746592
5711794
8390340
30681706
9419601
11918550
13804269
15570160
14146506
14108814
11209390
25846174
15931402
13322119
21674749
9965701
15382122
15344042
17937529
29734633
32833143
31142696
31020640
7478361
5616119
30120170
7011050
24885818
33388754
11225645
24991618
5455794
13587056
6555703
8532759
11918007
11482829
32435025
17107953
6196801
29847805
8086426
9590365
12873567
5044415
30383795
23325509
5571895
27664650
8582957
11001365
21016042
33062118
11986169
33149766
12591174
8028782
6343274
10453633
7648298
8708038
5139387
14417118
2625092
14550996
9420425
10017954
13204081
11449642
34313119
18057850
15759121
13325730
19084294
31701902
28086745
9970724
10236889
8038499
29034031
29020927
22782245
11618555
20154805
31182244
28643593
8415228
6923482
8111693
6892050
33335453
20787283
14084299
6079088
10071790
8548813
24883550
24394343
17832988
27796041
27948615
5295726
13159490
17449525
35504455
32346228
18314065
33278733
12709299
22267297
16058306
9781435
9193291
30428900
30459104
10295971
5806149
17881939
22753073
20958310
12251453
7283864
24929609
14674204
31765772
8659386
14246559
23642540
9994095
27239085
12225301
12493509
17589469
13272088
15720290
13071921
23484203
16260172
5068651
14863041
9593008
27644511
9910206
12158985
26002921
5645438
12479001
8399749
8769629
1737383
5576799
35262715
32163582
33922341
8311418
28289236
27445452
17547382
25735591
18222118
10795791
28408237
10102765
9453914
22053064
11575290
15461813
10001924
6859819
19098682
31210678
29988757
11151116
34699188
17988322
6386066
8439712
25918699
11786947
1088264
27079962
15979424
11792658
34620322
4787379
10696439
32293596
31594018
18289405
16998285
28837498
27423066
30283817
25499731
35446075
4980051
9762804
7224176
22435024
5154746
7911531
20471185
15040039
22224652
10576356
9376052
12324244
7576391
34377874
12673830
4369497
8458768
11618706
24334700
28247521
35519797
11262029
9036827
30821154
13451720
26537072
9410314
15358122
7795622
25894321
7683107
15824190
8173356
12888713
10281992
24388940
15504567
22596566
11993205
11619213
6667708
9110164
30478451
19655740
8991595
6097860
24659378
19535587
6501864
20819401
14728378
12383296
21803884
14816569
18924607
22758155
22105489
30059674
9062763
6635807
15234267
7127540
7061691
10992756
8461829
22574183
20386471
16120697
8815836
32301783
11789320
20661847
12087401
13874807
24808007
7950030
15195581
22849694
11431984
9000857
24880487
10719671
19200988
16246364
12969615
13977516
12213716
9935172
15015025
8602973
10330626
5321886
13812740
7687106
10668781
20699518
7698922
27162501
4791476
6928486
16189959
8691346
8459321
10379192
12379501
11650899
7046076
6548126
8891238
12805257
31881862
15559631
7585158
21839167
15690559
7143754
1405347
8587479
4923124
9410320
13834730
13067742
5359585
13899233
11230140
9788080
8405003
8286646
20680291
8369181
11100442
15358567
13211204
25653199
12431946
15393459
15020157
6354456
31336276
16738116
12756170
25319116
34923512
7657433
8356551
8348095
22269745
28764592
27175521
28665109
28154959
9882600
5838574
19501345
11628177
16611486
30679696
16585323
14888756
8793283
17925622
33707790
15644109
9338820
16277864
35478343
9496282
13168382
15335536
18930169
30916974
10540310
16808853
30011662
12559010
16160538
6284421
5945175
31386077
13986590
31261447
16126428
15112843
4896672
16149080
12721669
6298500
7147477
7331271
11222950
13230513
23782235
8932660
11480073
15608979
6399908
4929135
10625285
5062327
33899610
15515707
6544090
11816579
6313119
14415117
33603237
9976650
10662410
3374817
24009713
14162227
28607557
6435469
29003599
31250443
13011824
13581856
11666646
8289334
29975500
7087723
19838419
33169008
7332729
18023377
33665856
11605524
13858196
23902283
14383459
4852364
7212860
15361713
14938884
14493291
28968592
12788271
34328761
15695618
25856506
30364979
15058610
6894540
11414898
21671122
25701280
15716415
7692089
10307315
15533576
15515140
7398291
19978225
25018732
11907226
9899173
16596120
13468061
12368331
7037640
10543333
7769800
8007314
11416720
18753829
7816212
22221295
11097402
8826662
25785742
11364633
5529914
15802262
20776801
8109937
10091091
8351370
14505433
17304994
4822677
6851850
15302562
33314526
12335816
34423075
8302794
8197048
30073612
13207526
6261982
6953109
9850470
25365967
32581932
8446558
18860866
8171182
13177330
15221070
17418073
12620784
10481760
12631844
7923190
26273696
19721863
20917009
32739258
24622907
14243685
16099961
6217025
20826916
6223951
7176909
34636243
7913264
8531150
11873265
15672212
28358488
17763700
29260261
25241005
20159242
5657687
8851151
10607470
5615881
13938230
4787651
10838691
26298929
2772468
11665059
13867912
16608432
15088036
21160831
9374464
14255255
34256944
23671598
12899922
16061713
13575099
20230288
11065861
4848632
5352913
22677776
26667527
27570762
31226266
6480152
8996464
12136916
7913244
10694020
13946481
17409049
11891378
5349493
17421814
22680938
19626529
7279206
5621344
29275129
11344620
11768486
15203591
14385480
26823188
8129311
28862560
10955352
25023853
35381866
12244921
7593585
30789663
12426308
20750116
27062544
10704007
24422276
15528272
11186289
18132874
26474948
6651732
28769743
16221655
14998831
27758829
34653382
34882325
5077009
8249189
31333957
11133056
12424882
10024501
29297008
7421448
8070009
15014577
26108701
8520096
6865395
25753093
24818357
6788760
6707829
24084041
32947365
26485955
10512583
23008931
2308682
10494417
33883941
21865990
11535042
16031343
10839639
30236588
10434670
14217109
6397358
6395626
14510963
10312988
7183637
19733269
16023891
14156724
10863586
28841287
34903277
5073502
11546316
10938330
16942863
32722851
14218624
7693784
21104830
17972998
15267105
24759971
5487268
7739449
28940572
35524051
7243854
17827990
7411531
11516385
32287641
5866977
11251305
12780863
7828223
28462663
9337998
13949753
7120399
33108957
9426423
5533657
11577180
11883098
35267686
7271965
16083632
12649898
11215177
25954831
11634634
15234460
25870651
12649274
7423791
10963093
6695330
26434394
7655007
14721523
6538134
30547657
9620672
14505313
15446724
14605145
23551127
10244207
11581263
4910913
7627191
18422971
11633248
26186441
6392551
11968725
8205931
26981735
5968081
32829234
34060474
9213806
14120887
27460452
15745976
25825012
13209851
18200671
8730256
6192948
9627649
7941741
33176373
9319865
9956207
7922070
6723824
7854784
15208863
32848662
15715120
5781119
13566255
18544852
23895503
16097519
10775286
32251899
12875902
6812254
7473227
24668438
17974615
6107257
6162284
15254343
12490090
32450154
5451248
5620823
13986693
10912294
24036992
13033385
21880156
6227812
26063539
17462251
13436833
9793876
16907691
13502552
25867687
8537978
13393803
31126253
5434059
8340517
6454643
6590148
4142947
22485008
6999001
16602147
7840808
12693110
12128846
14278733
11392084
29574856
9525701
7803030
13255280
15899977
15891977
34560238
26574773
5654714
11663582
19088485
7843034
33804813
10781486
16105537
5924968
20328556
24432410
9543094
17144644
30747561
15950020
18348382
9128957
27838584
15572797
14696684
10115044
14342064
22110241
14388376
15340437
31123493
8742935
8756714
15248153
9608717
6219104
5044347
6038847
14621883
7123402
13046541
11432700
8119329
8277689
22667414
16360953
16480788
14685340
33110076
11055267
10724917
27425886
12879496
18223135
18175453
15149146
28422157
11892312
24608231
24800183
14742491
6103741
33392366
12713098
35059124
6987769
11010634
15311129
28823443
7506494
25036624
11064025
10022683
8050822
10163775
32253900
16662279
15761036
4685594
10345114
29472835
21335020
32543736
9367710
10671953
14925291
12564543
11632508
19166026
5849052
16201355
13808706
8183356
11651905
34487209
32582640
23366804
17721712
8858589
13880071
20214115
5209604
4948657
12287046
5502180
13261308
23567852
25281427
13061843
9787798
33960060
31002127
35260387
16003181
18231343
23532791
19513387
32754312
8069771
12222074
8811064
8157692
13079674
12243014
4766366
8965888
12002666
27682089
16272547
6351197
15439600
35483182
12586515
7107823
28638574
4773763
33790320
12793126
8249759
8724521
6370937
8399514
12117281
13794542
8812461
14997921
6608412
26668508
8171099
5502285
10957656
30022867
12729452
5964190
5987146
17305516
14084950
15654695
11532226
17405848
13205796
16550304
6675855
26960360
13861600
33454559
19218571
11637492
29954788
32474892
31527713
16007366
35197231
16415967
29030677
5548874
8386917
9580487
13023442
8103676
30180941
31006951
5865965
29846779
15243330
21271354
6054272
19210387
12918950
6558906
26202362
8899976
12720013
10464681
35045720
12337570
22490105
14183753
33238368
30554923
15624365
15596918
12348491
10827053
13223777
5102043
14403360
5854044
16041249
6776756
11824130
31673837
14080132
26184389
12579970
13073683
23926442
33030312
8237929
9745285
15953859
9787697
34899944
16080386
22232389
6847972
12833939
23202902
20169517
4865146
11024874
14831943
14165111
8739411
32795040
10719118
34325164
29153950
8627875
5389506
17866948
7690168
28479910
15450534
4203776
8259901
14012797
9354997
10202992
32460669
16662036
23011460
25618900
23363330
5993834
7621602
6271356
24119021
27695616
5674897
16445751
8398116
15778181
10519055
7671952
8535266
14401884
12105222
18868873
20381317
11682378
12484487
20668849
4732849
12294203
32730678
10128974
21217264
24539876
10241578
23482598
12080400
11587341
7096904
14243454
26044798
14283488
5708384
5898994
9513379
15110255
19514371
11689346
14067753
24476528
16718343
13156598
32621361
13608052
12180128
14736451
27009198
15789994
25960993
26015866
5833223
20356954
7418680
9557163
35534113
4951818
27893742
13954283
25693159
15642420
20394802
12347508
5952861
8600596
21021337
5425079
21995611
29823334
15695459
8310264
26879315
14263975
25211560
31524434
14518692
7074650
34853240
8291499
14959729
10870806
17887090
5752580
27474690
9544479
24719339
30714761
8684284
27915969
23049335
25405921
10466200
29106082
26288132
8797160
7264227
25103302
30279089
13531414
14673126
13375417
13132007
33112896
32164230
8561609
8329319
9906572
21374269
20327938
22497824
25177291
5501944
11581755
10803556
25654414
25822756
11370736
7214855
19529014
13021356
15285306
7930085
33436931
25982953
9416826
18170632
19594792
14314193
5984428
13260963
25229908
17432521
7646696
31968098
7431872
15766736
6026994
22580414
10388200
23590682
4696569
9819412
26484113
24386828
15963585
26317541
13683937
8605834
17945233
9729691
8691421
6420922
8772507
8869774
11424082
16195712
11649733
10736091
29272660
14030083
23055038
11894945
24979774
9681609
34811864
24138680
6939833
17800783
5637590
31422038
18270487
23726069
12217908
16800909
26082379
14959885
6044280
23967851
8266929
16530246
7703488
27709455
13335017
13522846
20976544
13692047
5567661
15014528
6325495
5231148
11785157
4845949
8888891
15084401
9796324
15238620
5269592
28121728
13898711
17083107
16666614
12305869
14319189
27320514
14848219
10880088
33758538
9546293
24686330
32678862
26410433
26336807
12642111
9130989
12902546
19639048
28093429
12265641
25866643
24044591
11787184
17765095
34244197
25301836
10481505
14113445
6509647
13386805
15577104
13426024
20026729
14616645
14624006
11376062
24387674
6295213
7634086
33940902
13394256
34591456
6942446
12011943
15695874
15024883
14695238
27040134
7509314
25873312
17590804
14743099
8872559
2599931
13086959
33553497
7981159
15463500
6061515
14483188
10426865
12135803
4913779
7502352
17260015
11101410
16662768
6025660
23813393
19497055
15082249
11107077
13204189
5007972
12303149
30489949
11178186
6069001
7373461
19921519
21772123
26697461
29867461
21494995
11509400
10928351
10823597
12791584
35367535
12587712
14608907
6648582
13881092
15863593
30222452
29168719
5195383
10189707
5669792
24342719
14198293
11175596
18030112
13246287
16093746
5184741
34872971
14339424
13777079
5217661
23203250
10913553
21837517
26794010
14395155
21636847
11358616
26316767
9873985
26934803
27763020
33039888
5698606
8607220
19832458
26657858
10899024
30403964
7733249
26041144
15590347
25605880
16923681
35330578
7961979
9001984
30854103
26501024
26319671
30502072
11860160
13523757
23746007
5099949
5766873
5137223
15765709
5611933
14161625
24803159
17620015
10876155
11885337
34774070
13286188
33592965
10302759
10565891
4797375
7702391
14802326
16259371
16276998
18223270
26159078
5502684
30986536
7867597
5266895
12214772
13543444
10256153
13972075
6852058
14673876
19407751
23973851
13952043
18039178
16538451
30025108
7814929
9378049
28696309
11779264
7575287
6443140
17108142
14783075
11933072
12930586
10802162
13675940
11838252
32734392
17776903
12395948
15278892
7203256
15983841
29355430
6244702
9041551
24415070
13844126
30777066
5173215
11056625
11903693
5114000
12717634
7530684
11741079
32570175
29390383
26525048
9398069
14609009
31430954
7232476
21908431
25170958
35530048
9855227
28526155
15122735
27549345
22740161
30093857
23615198
10247894
34273558
25222903
14106652
15106109
21726412
28515025
13234235
6768006
7805639
15948807
26309873
22873067
12804164
19630510
19841869
6299122
5158632
13922421
21418696
8877039
7830938
23211356
21275959
29438926
34894088
30923445
12507084
4819623
4740798
15659154
11213356
30996421
4919284
6581569
6370465
19651534
15823009
16899684
14159549
24309617
15915794
7343412
9624060
15417372
7599732
9890451
14796413
34757837
25641064
14627339
14672358
5041568
5138878
20500126
19994209
8688318
24843830
11459542
10949093
19695031
12214242
7520017
5517831
19062097
10418168
11186066
35114816
31247227
9546420
11817834
26994321
6187660
7358562
11005522
30618619
25083916
12798508
35442493
12238460
24867908
15937140
16223151
21806212
23658299
11810568
11924532
16155486
15313124
31299194
23370521
35308888
10665155
14760404
11492728
22873655
29354173
27267468
8260824
29196886
30271601
14150591
9697990
29192809
11298133
7020443
2253412
9431308
16156362
5818318
12586092
8618253
11886934
9172918
7737053
7149754
4729580
11870929
12886737
31787951
7897801
28178884
5290147
13738322
12947006
33724602
6101793
5321844
13362411
14041015
10654666
8046118
12092083
15220590
6077061
26850929
9922956
5439156
12017093
15873532
6147127
13783458
12381821
12459386
14155880
15348372
13554155
5513677
26180966
27284568
11183744
15859961
10214326
23775542
10888008
10889849
31918270
9879033
6426751
16682580
11404882
31192012
23537759
15445824
15040046
23815076
27295293
32062731
14064560
26973578
12493820
30490135
6792986
20212438
12926006
11340576
21462286
6199948
6879805
12645624
8064903
13535202
9398132
13520797
13814705
7762728
13482286
10730339
6953992
6334974
7800552
6703809
7160663
5905483
14956530
11192403
10649073
12450491
21967525
30188246
15464443
32635368
12892579
6798069
9107143
7735291
5551378
16113547
9635439
10257952
6093325
7215846
6419417
22444276
24061448
7931042
6062141
9346444
33426341
16010694
4881355
9257314
5884284
33248694
16166589
17002350
33919167
10807416
14400857
24680942
24404843
14190208
18564001
18390310
18124957
13503141
31388261
11237151
6707862
5505078
6875292
27411360
27227361
5409247
35037896
30791682
6145036
18776803
10203583
14571416
33205395
22857989
21606637
5024359
8525907
16255429
11593208
16920834
13530205
13572360
9093673
19586146
23024852
13483443
13883619
10716746
34415218
35510182
5705447
19225306
6024409
12008072
14421127
7249865
21707860
5446770
19904647
28500889
10328774
12984449
10891855
35151739
11451553
11189168
5116519
16236325
4993556
25501852
6930343
16516413
33108048
29298739
7491946
32540049
5133803
15208088
22178641
19680970
6743416
14813737
14827861
11068582
27164499
12900077
11209186
7569705
14063564
14942157
14996673
34194592
15275368
5671504
9565551
4945001
13664297
26571806
18690424
20810788
32833320
11550316
19446505
18255445
13896476
9769825
1871368
9675623
11705550
26523902
16193661
22477559
24156455
13586747
13372647
7589228
16582293
12409790
15676434
12183118
13284033
4681590
14674857
12001166
9389157
28768849
8403045
8011950
9109208
7684409
14014137
28808698
15429989
14106600
21314899
34521877
26095378
35245531
11423238
14373075
17059887
35188762
5330160
13956076
18137221
7099473
15497620
23237678
13255115
30465452
11243009
19016887
29323564
6851761
12792792
7540664
22620698
13850983
11814646
26611154
9575916
8843243
8541453
31102547
6903956
24868742
33632424
18590323
17837320
5262240
14763823
15762593
10892782
6549446
35375008
20942380
5652375
7962976
22885190
9594766
33312705
9808438
16955085
11403809
15655346
5668865
5259455
10835431
24215750
5466050
13784820
10224877
26897648
11909643
14085348
15774083
13022108
18812290
14284015
6643211
15148276
11667442
12362567
27324234
26181833
31841492
4790498
31498892
13976343
29905024
31608232
26919266
23322215
33322266
5329896
26162531
29494228
18715468
13239397
7687247
5972360
23074370
28709425
34171459
9681196
21122710
14675971
5534784
4926918
28135450
8910104
9627184
22195090
18171241
13439578
7886495
9887025
9387759
6069947
8562539
20889106
27503421
33984114
12902784
9087481
22597322
5857018
13755049
11400520
13407650
8957135
6244596
30991078
9611648
27154155
14482990
9563295
5123490
31084790
15331874
14787487
9110635
14247142
20102446
14098362
6066742
11181800
28969483
29701072
27058062
1698516
6488451
11174343
33031878
11482024
7794344
16540596
30779130
8381562
19795213
13590650
12923873
31637590
11296639
15949668
24989245
10691969
10192606
14961730
13769608
26213180
19316725
16057159
23003606
8422430
30321713
18656629
14829359
15998761
19432402
11020785
21892072
23011031
6120222
28067557
15454760
20772001
11746154
7155235
17104581
12233445
4818474
14912301
13266962
28085116
11381311
10867206
12328747
13883180
9836622
13580608
15941963
34342108
13064956
14401179
8304292
14743814
6557635
25892605
7144500
8326576
16715997
32325882
32941575
9124799
27382422
6227182
5490815
28737046
17873794
7142621
7049820
20402386
28138885
6303985
14114796
7241234
26476706
17051547
13477895
17390191
9322563
33668937
15022863
29764978
11247811
30954637
13648275
8148221
12486370
13961750
7718148
16112705
9674572
30324503
17071398
35145775
5861887
14453380
19054762
9161168
16126208
20149258
14138454
6106854
24668342
31486373
13588039
11504107
29286958
18673390
9995172
25967797
25801879
21502723
22296763
4850021
8123878
13508627
23541785
15979425
30751569
4834237
13546933
8534968
25681051
5877239
16301582
9192595
7436150
29139826
25042954
14571713
11901653
4869351
29688289
26776205
33859539
16225517
19854013
11000093
34039444
7856913
7490936
17664082
7065624
10781580
10846835
18332065
27012258
33430259
12731189
34154647
5299746
16335942
17963014
22236544
20219590
12905533
27942525
10053378
7707400
28215211
13431308
30817719
5830460
8167828
11407732
5797072
12494727
25933303
10703295
16970466
35032478
13281941
15690535
12974457
26074447
11486815
16813689
9041654
32466114
13869237
15072982
16436982
29533162
32001698
14951282
11078665
24321797
6938187
9701319
23648471
31542274
6198689
31707110
18652594
8779117
12649852
12407769
22643498
12081006
9211618
10921352
12451477
26095492
14533743
10943188
8585888
14786056
23512736
21150001
14340860
14210779
26495402
14649859
14056773
18878008
23828804
11233098
9835470
10605787
2371778
11220459
28511317
10604920
20350237
6943701
30959362
15037948
6500433
13707988
26732006
13454958
23760911
15220759
14484755
34552534
13286331
32173104
13279532
14334917
12910360
10142440
24050549
15506778
13150576
21227416
10030532
5776994
5343879
15700274
15650843
9059045
24029537
15022530
5759257
12948404
9671008
28509418
10199870
30939889
8611278
14366109
6521578
8768141
25577314
5637018
32328195
30834777
9567037
10039201
12138778
21071101
14627943
4732199
23753336
29151961
33574530
27326766
26941304
11620195
32428182
32695356
23620253
31831226
10415710
29521906
6284141
14283645
23374391
23396687
23946374
7573127
12157158
27585432
17286940
5209132
20362885
17059890
32227926
11992101
20885848
14085225
14504747
16416672
11854619
6118775
6630424
8488960
4102870
34403908
30232196
15616857
5893139
7445350
25412569
13799319
9205699
31836695
14178357
25548448
33536463
9616462
12153750
5277281
16500375
7948818
8437062
14944595
8254252
13106229
8534093
30136679
7087236
33643497
32372748
35529379
31153610
16030281
29138980
7960731
13620040
13877610
25464505
35298382
19073254
28426189
22424764
5597087
29641981
14112685
6435516
30853773
27218805
9767878
16437816
19572919
7822974
18306751
8369706
11707345
6182394
13499308
10451769
5643895
14688233
28213747
12894986
23904083
11922235
6805626
8628945
9145941
5596481
9348206
15269371
23520743
9634616
16516374
8050395
7105613
12296159
13166089
31584874
15728204
1859749
13769198
4826895
30210095
21341101
33781872
6783093
18284218
15651669
11611634
31449923
30643870
18179878
11213328
5912377
28392985
13858625
15996251
6600087
12779887
5568689
21878986
11381711
14694801
9288693
8643028
15661645
7680274
24488117
9257516
8492140
15572560
16848255
15558935
16454670
15888043
18419986
12379272
22876358
6121758
13033071
24229778
27855504
9036647
8000878
6853058
12765423
6421452
24261119
11510893
12959225
13366142
16085393
34795454
13404720
22139866
8686956
27743259
31682393
11186844
30215513
9267579
6789784
33102405
14425746
13396315
14043133
8380413
7327539
10111061
11962663
14485594
12677182
25047088
13309844
12400522
11956664
9151680
13207837
9136749
12194121
23173859
8339478
14362415
6880368
28131568
15825946
13997266
7441296
12094469
7022177
33110706
19057231
8235468
15043740
20310175
4709120
25433521
8571381
34538944
8405854
13335875
35357914
27636243
11663408
26684003
14217541
12372552
24560060
9992500
33148866
8227502
12257843
17301583
32613039
24822389
13428861
16244136
26158019
9714175
20675788
27054447
10488990
15234103
15900460
9639936
9244282
33867486
14044944
7517790
11971072
5556662
30606514
20690551
12111090
6740201
9606088
15596869
25465237
4972730
15483083
9682395
33499193
22855499
28221133
7897762
15819597
18182665
34843739
11744227
27852495
24046376
3918423
12539565
11248036
9327838
9299423
11936783
5185016
12130379
5997770
33963399
13700641
12787998
12253946
9544127
9624050
7052804
16771935
29343898
16173470
9198181
16093916
7611405
7787269
10605877
8196344
12695342
4821529
14227456
13112644
8928258
24317246
12656394
32336163
31638730
11611972
19380340
6426184
8861666
22016626
12557356
11818994
9988775
18454843
5669487
20606560
8881189
19116313
14994235
13812070
10874031
10571996
11289981
10178985
12790483
5087083
15054689
31102562
15748557
22905839
15247059
5835560
24942655
31839092
9742964
10831223
8608105
14063932
17178142
10442207
30774786
12813838
8831794
33294147
24043550
14831595
2424949
28817611
5248996
24856226
7017260
12967977
20040631
11162852
10314007
12775340
33437390
7505165
26924786
35032856
14087866
16756695
12941772
22878209
19719142
14358624
9414416
22990652
22935041
26910356
8772815
33782079
11624793
5596417
8149392
23875823
20494048
27066099
14429351
16292230
6590717
16046489
9321325
28088011
11006285
15915126
9898351
33651459
29806336
14000248
20182618
13461980
30067135
11506847
27587526
28922746
17428117
25556524
14262818
25766062
5393405
4730244
33394391
11413967
22384636
5943094
15062255
16145487
10090216
8711702
11913981
16073207
16282893
21622126
9438977
32954439
12399822
8972578
15111464
6749767
5484549
15805598
5606739
9001703
24246113
14042246
7667907
7726739
19952575
35127491
4702718
12860818
34758614
18227155
18894769
17333923
22456387
11530439
6084654
8505504
11325418
18015724
6329784
4841583
16178262
33058596
24709526
9984602
6154538
5109527
24403649
34698090
29264464
9597963
13646402
7961370
16544517
14898899
14859252
13290745
10317712
14201132
12070448
10447811
14864202
14159259
29207131
31993853
30106721
8298578
4989824
8822305
12394973
12476805
5763736
26014315
29250238
18923656
13692151
11072458
7440696
32683959
15433511
22191370
8040522
11015911
32130183
35264041
10309393
19970053
7317926
13881226
13108951
13208977
14336899
13159269
31104431
26595665
15699029
10455830
15289624
25808695
12146704
13134178
31898959
29001217
7372105
17348221
15679397
10659198
32692818
6605638
7712138
23775650
14843075
23552003
11494590
27201120
8829986
28074478
20529397
7787892
13411043
13326889
16007464
14618292
33005271
20760982
35273419
5698741
16456227
14628819
24963370
22393957
5538107
24638036
30003193
6402196
20699665
17669815
19774234
5184645
14863057
15490501
13559999
30775992
24048308
26988921
31142303
9060187
13433364
11435175
26548679
9149363
14162786
26677226
6984712
27261027
25598245
9936091
30026773
5578164
5557806
6162359
12033382
6564019
20036044
34681923
12488085
12327221
24397901
12213771
12301603
4805458
10217639
8005327
14258406
6361967
6934458
8256604
18437515
13016015
12890962
24513143
25437943
15505629
23602019
10700277
6782897
12855826
13942655
18391534
15715912
14734439
11152356
24890318
6187471
33795804
11062260
8227576
5988566
33986403
5821932
20080648
18545965
7935269
28491385
19761076
24122267
13651837
27258843
22790819
12789032
13912947
20675863
30748716
19536628
30718697
33032961
21688945
6460482
14297136
30981946
6717425
10697277
33811683
11034361
6693904
6786357
32375769
26884142
24848666
11054446
6451562
35192113
7643271
6646930
12781762
25738276
25968988
5479626
7846238
11124789
25073584
13900586
13565474
9123187
6461291
23654081
16149639
6633338
12507003
31163402
35530759
35342764
10363764
35265019
13608910
9369396
10496741
9028918
16020515
25062640
17966626
13517252
25058902
13788473
15222089
6367730
25968634
26280758
15406163
6653146
28979920
26691209
7008525
19585543
16212819
8563587
10708959
31846742
7088038
26362943
7829960
14086375
5802317
24136178
13567098
14873873
11968420
12653806
21907015
7735310
31208368
12129633
34954748
11052386
28249330
24853910
17901886
16021954
12337650
14120365
16824705
7030483
7744492
6898087
6895182
13638977
13800074
10535947
18815887
6098829
17930356
26906822
5777717
6734660
12046540
24939658
20253676
14495739
9162243
15512617
9131285
9067205
11747994
15633349
10881689
6455902
14690982
9061022
6417866
15440929
12983899
25410850
27035976
11926706
6621683
14989284
31226839
15443176
20679208
14834635
13286297
20504677
27418233
26254340
9161228
13394102
32135289
15456952
6015993
11096066
31123397
13698837
15679560
8496692
15317811
22277992
28960459
12164454
14136056
9382641
7059364
9629902
34164031
31699028
11265511
10993609
21968533
15507238
26415590
7236908
8330173
19095388
19463869
14822086
21908092
11510700
19925062
6847074
8340542
27607503
10951049
20399074
13695631
8609006
9816465
16233556
12973751
29483617
10302590
15254895
31976630
15200689
31011901
13203498
16581747
6922298
8539784
6834187
16170184
27524703
33649695
7405726
11504094
8208916
13498980
22946756
10893569
19858030
5557097
12567198
13147819
15153795
16736958
20391841
13354928
10600163
5986495
13436941
6786090
12570968
32526891
18666250
11430939
6460524
24324119
5777755
13456171
15423639
28827262
8987224
27669318
11378802
13101443
11580239
10389620
15187762
21956347
13789136
25821346
7570818
30517702
33564990
5330127
18930082
27465297
9446568
11016093
29047084
5705092
35460064
7472747
5530642
10760834
9748965
11117013
20758048
27829197
33679803
13441960
8948857
14472459
13107299
4947325
11823477
13025250
4761782
35258212
34981991
19234879
11418508
30194609
13524930
25430023
22915502
7262531
32094174
12691781
13935678
8695538
26627798
10914530
6244243
12038987
11107976
11481199
18738847
32750583
27019218
15433777
30643879
12198406
27661446
13057547
5197303
9594921
10485957
8396794
16094560
11091152
6563905
5072825
5536414
12156739
31852319
14078790
5163560
12165592
16623933
13083711
25713544
14991690
27489762
22211830
30543976
27746022
26687036
6924606
21915130
16662027
11743828
31954778
33785445
5351485
19636798
14838603
23574857
8452131
10933045
6420160
10944307
6892906
10659911
5913707
27302370
12627241
5262677
8454236
19497880
29206972
14379828
6600452
10622933
13136287
29922577
11239574
6796797
19215637
4992211
5932964
13715506
12453681
8230259
15858822
34143343
14881163
9771978
7958174
27919041
4779477
15770493
28481398
24435971
9590523
18009988
13833663
9172533
12550743
12950290
14686601
11365375
19651783
11614894
9508911
23022800
17440654
8795044
5269029
7994699
11805289
29904922
30391985
7242693
18668311
7803739
31413404
8232052
32083674
9082124
22336447
28652308
6667583
13472581
20829604
10832750
32440932
4976002
7079088
13571059
16253927
27257259
33091194
33905730
13039863
26913257
7167006
23527724
22350421
8296483
29433019
30354617
15629561
29277931
5563696
10745554
13365342
9605874
14820817
9214633
13574761
21113188
8334962
14709901
6156616
29314537
30753591
9949507
12022045
10163385
12421346
23200238
20629351
16537512
12787390
12904294
7884947
17209558
15931727
6806495
25073122
20294839
34242439
4885203
13707199
21420319
33335774
32776488
22467526
6030768
26040622
15025109
23667515
20829448
30832935
16243235
14387142
27685302
9594535
9230691
27956325
14105165
35370949
15057560
14143213
15398567
30937855
34733157
11473425
34667686
5180137
10899232
29193118
4705849
33388178
6020751
15674348
15954382
15262719
5147812
30676459
34093735
16914474
15725947
14712750
8419799
9916760
5627889
32606043
10016494
9610284
27136257
8553953
14899508
10061666
8559981
6729092
10739588
25982971
30971605
15493904
16187397
28715266
11289839
15812293
31863773
9144268
13235019
12910966
6388349
24893465
12785584
11270955
5685008
15239193
17376556
9807966
11571975
9878176
32972361
5508473
10268524
7028253
5040450
12750338
5617463
20812567
10453397
4907656
6901862
14788268
12052187
10879216
5615326
8536790
15452483
8762093
12664772
30702706
8053203
6416515
4881493
8977601
23703200
16489911
4855212
14795029
16052651
7687614
14081581
10533185
14530836
29659435
6757744
10478998
30339494
5325296
15324300
12995218
10361456
9187194
23968508
8131858
15628694
20523004
23212322
13670683
14395224
18418282
32863551
23102456
13784808
16576737
15017034
8678770
13070996
9432457
18408940
31588687
4797134
5074550
17465869
33818724
28843144
14418789
20652859
10589982
15074976
8098257
15892525
14344961
20271004
15285320
31840346
9457732
30334508
31373182
15143995
17402005
12961824
29793340
7228028
17609101
7422858
12744729
16304879
5244317
16233181
34768010
15899415
32311305
22280341
34270621
15088093
12330228
23114858
17794396
34219531
27468108
9489547
11086537
26817236
8421984
6233201
28998613
28730245
8998437
7867404
7179750
11619251
12983654
11241989
7379215
17257702
7499273
12677244
15977510
8041666
15808698
16161998
3298060
13306601
12120417
13580112
29334250
11921271
13214845
15448152
5622123
12187667
26018578
25163293
7044221
6437286
7782979
19325683
18359698
10301886
17663335
11475436
8833507
7055257
5010598
34648009
5971956
12632666
10112176
31865384
16041770
12532693
8754527
4713712
6260739
13851267
8164461
25958680
7654565
33184074
33955299
7507515
16562619
13877807
5856647
7325089
10967855
13758695
19158763
28342018
9686946
13972111
10900974
11614867
31620154
5984168
16098135
11919983
8293783
12311821
19082659
18869785
28868728
14404546
32829297
32658267
28421386
13718749
29165986
9275577
11346395
6688633
14591452
11342177
14656624
20761222
5054238
10233202
4842318
15633635
11569187
33156558
32564088
10034159
6849556
34241683
26935145
6162515
30384743
9856596
28555966
10464285
19329700
24382166
5304992
14249775
5117866
16111035
19673977
27608754
30279116
10857969
33244506
6450633
14369728
22544246
11796664
25073509
15127265
12361227
8750308
5853889
29036920
5753524
23033843
11082698
33373820
18539992
9244053
5897511
20144623
7171255
8414540
4747983
14151859
22975385
15407110
13471421
5487532
14813323
11600846
23943473
10331289
8576518
10818664
15197108
10105064
9053835
18360949
13549479
5466564
14195863
9946671
12025105
12965629
9418914
16719504
8759861
7030896
12822827
12552057
14975294
29368693
17330473
22688048
5709802
14857983
14127883
8665205
5722940
27543693
15343968
4713491
8518364
12947649
31713155
8861023
9624382
12616976
35037413
13302822
27452973
10437426
16632708
11366845
32309823
6003075
17833996
6417014
5174200
27467598
7348967
34672111
17286526
32183496
6205759
10756384
11953539
6637414
7313184
12723276
21109447
33625440
17956480
5738088
8546592
19796665
13356250
10855477
14222735
8586436
17106303
13024366
10953495
28755826
6625300
13552362
9220837
12046051
18323860
10239160
13640473
22388359
20354551
9083722
9565654
14106610
14530103
32216787
20442115
12949462
13270185
5983073
11147211
18139780
14305873
24887612
12077892
11162089
24909494
12444744
10631769
4973036
5091830
35527237
20941231
5791608
10714297
11149580
13990688
22581206
11916136
22392799
10607427
34776587
11427437
8576318
21268510
8533702
32469777
7450303
8732618
11742861
12245256
16019083
24981955
13034527
14263258
26552750
29084905
7133520
16425735
10728378
7146430
21064204
19665232
5155694
12709806
17854615
12155438
9276405
4866910
9390168
4995449
5609751
12685187
30514705
10302776
31623526
15994750
6050420
15199047
14494745
5756776
34335121
23852288
7508576
24885980
26362457
32685774
5656882
13223485
10079473
7802241
19809877
26080288
6735484
3808968
6664198
27601539
8908865
9859691
4820282
8692136
14938104
7504641
28589140
12448360
17353408
9588850
12389557
9018285
14714520
18844570
10500036
22261246
5638292
19666348
8840699
11517362
15680520
11169223
25714099
4713605
15556818
11483675
29505481
34247620
7125711
16084411
7077857
24931016
8876754
14790422
9818479
23277452
8655813
30427055
14696839
6536939
7086356
15108409
12165943
5071283
12607955
32023553
11343319
8277034
8044868
15354682
6187428
35391901
32494122
13798237
16291335
23929739
14514204
20956498
13811027
21150853
32091519
11812823
21509926
19969237
25574668
32886168
11375969
6357774
17752894
31686020
17957452
26718251
14404932
13780349
9803154
11312587
12737047
12409515
9532291
26733503
8049675
13919231
14317016
14818019
19663519
23189753
12415186
5187154
7716113
9054598
6458613
15783842
12724515
11862649
34906901
6078366
27329823
19532125
9509934
25049020
10051322
7541317
13823130
28504345
22004188
4930630
6010343
15358811
20016121
14446521
15781698
11748503
11496935
33146445
25219219
25026088
28859269
14346007
5372041
32449224
20213047
12320057
16263376
12206636
9267652
11045039
14628196
13882419
11004171
34574845
25769242
7434157
11504253
27418956
9889713
8093482
26079748
30773811
9675333
5895887
24096098
10036760
20728318
5977887
13569999
27166158
5895100
10116414
27026781
32243463
10282119
9891391
10326253
23379176
12006208
27115569
9961171
22989476
22210495
34100986
21032023
25135981
26930768
8560762
27818982
19453471
31840229
9041036
16228526
25299898
27648747
14196587
7881935
24258701
22582451
12472133
11341982
24649550
19604182
29356897
19862119
12148585
31164500
11413487
14246358
34818923
34174915
26145407
6150814
13212735
30242528
9008950
26294822
9594759
12799798
5165298
16192305
22187464
22955474
20385718
8286062
29695243
26645552
29906884
30315620
4988726
14072849
13835570
31155371
20745724
12596112
30991975
30892980
14552652
30040045
17824867
12892547
4780173
14436964
33033000
7274799
15884865
29453617
6972804
18159178
13915855
19076113
10823463
29688400
13273883
16287124
7647286
13722382
16655157
34821389
4898806
10444763
5834332
31504067
15029504
31147925
13122256
15570203
18168598
10385894
12373088
26275094
14675571
25573951
11742685
5898822
9155315
6300507
11707891
14385560
13212009
5846130
27730860
26430719
14053242
13427658
6847349
10566308
14497204
13458498
18454627
12942812
7042183
14466423
10931421
17523622
20149474
20017528
14914519
13710201
6204238
11823264
12965580
9955767
10244229
34566910
15497129
10254666
19360792
16024604
22971596
33043767
13670348
14171181
33426212
15951173
12909115
27069567
7586401
13654925
5603082
12119126
27969978
12957829
26446070
13107442
15208815
8275878
8143265
8179832
12876344
7128560
12177295
6099963
5751593
12829706
28088779
15895322
6850309
5674948
13449987
32057751
21106237
14642153
10393396
31100579
29268724
32273913
8498105
11234248
10091829
28191424
12927735
17885128
5367944
5399355
8079686
4999108
16590732
14680326
27829947
15665845
24711071
8735836
31409033
15716343
35334310
19194301
7940533
23055488
18664915
10039023
15884005
10576844
15123411
15298698
24320867
7483996
13576763
14364059
9070397
32327154
7412381
34243186
32537757
11271819
22740251
34484044
7106951
4186927
8855407
16120168
28339690
6280117
13411886
27944592
7378239
15498838
11933047
21035980
6405101
33116742
26182835
12229900
6108620
14592815
31362760
34945346
31246846
13581045
19076518
29811490
7724251
10702158
34706331
11957156
24315815
6374178
19926412
9211565
14480453
16045897
9846076
12178433
9029818
19362655
31339792
5938917
9959958
19723864
8609664
6392788
11172179
25135936
33492545
6795654
8377308
14965329
32207211
16090911
15188614
16205792
8785222
14680762
13324553
15682670
6444372
18544129
10521960
26817062
27766617
14427988
7848469
7252764
34099342
19286812
25323067
13514480
9266108
7333252
14126922
13193540
20975341
28715293
6844568
28809202
15076019
11407494
13679114
11526992
13988294
9899006
5437622
31429517
9294338
11111543
11296748
35337658
15042728
8840656
17449753
26818511
15715224
13998181
13562971
22875335
18447835
25473061
10411042
32528784
14026539
7083805
28244629
5541089
12090515
25320742
14245526
13476514
8329852
6447163
34989146
6823370
15885895
22652858
6569277
29162911
30629521
11027842
26593529
9354874
28559863
12475214
18017893
18421219
8924846
29700340
31659647
9501318
8599944
11178626
8260723
35111819
27378909
33161886
6705348
15059293
26597828
29941654
14750516
28337707
13225712
14688144
12295670
17508382
16353081
6782991
25084831
10742722
6290147
10682686
8758830
16079825
8080246
10291195
25479922
11856863
16638642
35318644
8067431
11986805
32704206
16672536
6112732
14535447
13507949
10661737
33098025
16323561
9424932
20472484
17882161
23529971
8847316
15288094
34495000
35062019
24441851
32973465
8080736
16517169
7930269
5967815
12538166
19232767
6533249
27069783
15558069
15110486
8244711
9858575
7871329
22695053
16025805
12998619
6937820
33691746
13659284
6683837
18038407
11290761
29520514
9373999
25703773
12183356
9324962
34484182
16200532
5631900
22045603
34902254
20962558
9001119
7621122
13376581
23888555
34624540
10180892
31250710
14599942
9697555
34469944
5146870
16794684
30733886
8834295
6816364
25074871
30360857
4993944
9865589
29057221
4735914
26512847
22418002
13368456
16074667
11291920
5517771
25429213
5606788
7377373
5724100
6820965
32793687
10149621
12964579
9098447
8231249
8968763
9759087
6300958
19349251
15979580
15839679
31313745
24463853
12975357
21760723
5573175
7601611
9694718
22475126
25083937
15691190
9951085
18928378
7392777
22423585
20939443
25501969
14025211
12769189
6343957
9484627
4981385
14323965
7420491
4859239
6220837
12907494
14017779
33554559
12124092
28323043
14975378
24096446
35250823
20354116
26159291
15041337
11347752
15870007
33856773
27355137
25042966
11135455
13254218
6748835
11972976
17443414
7187641
24863243
9522393
23418569
25910566
29978500
29112493
27804129
9018230
33288186
4873094
5483032
12546309
5704062
33372299
14439379
14148662
10979548
14979073
14246311
10194765
8601052
6270774
14983348
4811340
6534813
11453909
9812636
4713364
20200432
7950360
14992225
16760976
26885048
21708844
24242144
15509741
10879048
30284594
14225153
4948793
13142873
12528484
6481349
5858298
26063974
5842228
5053195
24372584
9887918
23736503
14688258
6830655
12114259
35079914
12241249
25024075
29907568
12334181
9228189
28805875
32048064
13536558
13703113
5884530
21325087
14460169
4734172
33151884
8836744
6232729
9097439
18758278
22277488
4983530
17471575
10664781
13991981
7469709
13410287
10396729
9348027
14853888
5838492
6928748
8233936
21892513
29940052
13003514
7908185
32563911
12721573
8441136
16227648
15439917
6160249
23993000
6407144
11168891
5313649
19097956
31355494
10268040
9397794
7365033
11886219
8521084
13754279
7372673
12401241
12383917
26235425
9618068
16712520
32451144
28077928
11515607
9411045
26715620
7657971
5624729
9791850
4900322
18564265
19226614
30591085
9077102
10038811
23649269
34791191
28936777
24126635
10411250
11129786
20255497
8265678
20977891
13079459
28254325
32696706
8753228
5432843
11100667
30900759
5661651
13549935
14222060
30606166
13873426
33149832
30322565
26920601
34254958
7838207
6171786
6324311
15803032
7186951
7179121
15290293
23826551
26089792
15120202
26895053
5946091
15979684
11608794
9097029
12402713
16950021
14718016
6720017
7429236
6389519
29452507
7880927
11340972
12610072
9801242
27533553
10133367
13464588
9063485
5417784
31001752
8384201
6065170
7083000
11092517
7536989
11975888
17052045
8871471
6284639
7055831
11603999
16208331
15542770
7841524
5542364
11758351
32139081
7987013
12045298
9041572
27862635
8061453
11650074
27090747
17036697
8943806
7093778
12781895
14457723
27533511
20426089
8068542
13106994
23890946
14142754
34373566
20006236
6293031
14484227
14577851
18233704
28429066
15424070
10213244
15996849
31464725
6163624
30312899
8470097
25668649
7678007
8201311
24429503
15973449
20908483
26884070
8388991
17130768
8398566
25613428
11651773
11945640
9166183
8533657
6250552
15258180
28880419
15211321
26222420
22390912
5401705
7444878
20867605
6853765
25141066
33204105
16115583
35336137
22970210
20977240
12682972
23118992
13783535
15147642
19778539
9270584
5921092
5671432
10568671
17548927
35163826
30314384
6750561
11291456
25656781
6032914
13045671
13426052
31597873
17950270
13454915
14351891
8596037
29469925
20703592
9012090
10285626
27243390
12680250
23555984
23605829
14286343
14812904
30209165
5068352
10338370
14874940
10134037
26560277
6650187
11467996
12929637
9067040
28800310
14249901
20803939
18934699
24746111
10513229
10175668
13372625
14255595
26224829
18748900
13471820
29293186
28164652
12503140
20187124
21761269
30609040
12064750
31084661
5306426
14594694
11645152
27809628
28786414
14242988
8264849
13984761
17335672
10973650
10820569
5719311
20257585
19951654
27692019
29810629
29124319
12527465
16420290
16131655
8224636
15963345
12979171
35205694
28576069
4889542
21809923
29957497
8998083
9336103
9002654
20141500
18981352
26238644
10762349
15111309
13080066
22714745
10121793
9288746
34148443
5321164
5546105
5489381
28411120
8977450
16215071
30489172
11359239
10404053
35426671
17353225
10974929
31123682
15435833
17095845
16025980
5664436
10486319
5230615
14054572
15230450
11558091
24196733
29674750
12231193
26782835
9900794
29474491
16108671
13677633
34483048
14514750
4689273
29243506
11673397
7609414
23053337
17540203
5626795
33876525
15396401
13145093
26044444
19810885
24565517
24560687
22132654
8600046
13169968
5416224
31089593
14475288
12162815
8947820
5385950
8131105
34790513
18483637
7854976
32718939
11719246
6875372
5765324
30058207
24936394
32012036
11259614
17696389
20207314
1898923
9283234
26501051
9490752
8652900
22443961
15756825
11883574
18886411
28153183
17530612
13916320
28690915
6130933
13361308
23033210
12646523
30401207
33751233
33813168
10511294
29861827
35296174
11023642
18496645
8474905
27644124
12224965
11916711
12015176
17784988
13218162
5017411
13021053
9216759
15497245
6938041
10844903
11299521
30706193
5649316
26811569
33819858
18751759
15254824
10873382
17386177
7963283
31257796
20130520
10362783
30835689
9170756
11308164
27026805
14356102
4720610
8913011
32189187
15901396
5626904
5086989
17661556
9758185
14390655
27310824
34641034
23473844
25485457
13943018
7533021
10733573
19452481
5333901
14120738
15675275
28137577
34158688
34227652
27557472
14323911
19871386
8536390
17289166
11385898
33740805
14440809
9846596
8652029
17136780
19787737
31121621
5487535
25715056
30020437
34261972
16289955
16332675
13089013
29185279
5941627
19427971
9253405
10975379
12779388
15762085
35363557
22262677
17745454
8677215
11139121
5376667
29837653
4882765
34923458
8867154
16278039
10441067
24403016
25512841
31992416
31814462
8188147
32018876
29071432
12852877
8645859
32927169
16208556
22519976
10774958
25117903
24341873
13010765
12516217
33756612
9709738
8088633
13552340
13857615
13959431
12430825
24476573
26126006
7666132
6980942
25550869
33963933
16844637
7796487
33031332
25424587
32974791
15394802
5373261
15605521
12904105
4857027
26610932
13016811
14365687
21066085
15343196
18222091
13698699
6668068
24097832
15447137
15357731
14006858
16902789
14129277
22083763
8785429
12348851
15855972
32521728
9007373
12877243
34112425
8157312
30084996
14508257
12638353
4776317
13554538
29869534
5117213
10542160
5270959
27235323
4870034
7587897
15530718
4772027
21560401
27528981
8049205
14157510
13062584
35394991
10873024
30015697
6270001
28311790
17562349
11927902
27367962
7048701
15083305
10750012
6868843
6765648
32252346
19823704
12528814
6343298
9730467
9993039
7070567
11375937
12163128
9633202
6463008
13332311
21297970
9304225
34490704
26229098
10949842
5874478
31543111
6875785
23394347
20838121
14245269
28931026
14173896
12463009
7045156
13838854
5674919
13913530
12307178
16202627
10351833
9262048
25225504
15327800
17010876
7488784
27878928
10449204
24920363
13602375
13565794
13661386
10523410
15838836
15686405
10508356
28138333
33434951
24893948
8924978
28173055
23292737
15271228
10745520
10995317
16656435
6750496
10759603
34484887
7252571
14708389
13327963
10435124
6298516
5074722
5446188
4969411
24908336
7458870
15194826
11189091
12136312
24546458
12324747
13727120
20572258
16621794
25407409
12370649
4735085
8835739
9345065
11640290
29185828
8912926
34648777
14918271
6900267
14811025
32491890
24770321
9196968
12634899
6902577
23217947
7842668
10828380
5651341
9994594
32348886
13357179
35332771
8855295
7481634
8561168
6540997
31542871
7478747
8332048
14334271
19573462
26907335
7284291
19274833
11741491
6591224
31997639
7323034
6900519
18271252
14935105
27860403
8909561
16195626
10386713
11270948
17854684
23438027
22913345
16102856
15189452
29673115
7479212
16531860
9008501
16130170
20897434
11132539
4885143
18476941
34851767
9869394
22901552
34460248
13428655
26341967
23180972
11982610
14643087
5271725
21664750
7937143
13671340
16098204
19352278
16268476
25773610
4899504
25506385
4858642
10138757
31614961
32629332
10340449
11204690
3566332
6422159
8954218
29318815
33028713
16480368
14221178
12215145
29455207
18461755
35413843
6984463
23242952
8325277
6324213
7497302
34881113
12513921
31652525
21368101
8923131
30381875
9321848
28290289
12592446
12376162
34727163
5111788
23199251
7922794
18237442
8733076
19205224
26919062
21931561
5560058
13164222
8457689
31371958
8446094
9105140
34152532
8237455
9258675
8558233
26149922
20702842
9966770
27267450
16918455
7869782
9580644
32203491
32678025
9015472
7173220
12929349
22672106
11477002
19131808
8960174
12877659
5926829
25547323
12303903
28854580
14147740
34531396
12598142
23368919
21558739
7374774
18165235
31448891
4965148
12304044
17961886
23429738
18484777
12401669
25153003
8006095
26554445
27071199
12495327
29667643
11260691
7037826
24989782
8039089
6509003
5053641
10748058
29244394
14920221
29219398
22556735
15779097
33127086
23744816
6541022
13958073
14844563
20087839
25445509
15422898
5487681
14389043
23723300
10770563
18703012
10098143
29687773
6701358
7136616
27662754
5752330
8851353
8589182
15136511
15637760
17603839
16945830
10452565
9687991
12716123
24390029
5930827
20892118
8210354
33102078
17000442
9851712
29550598
9656941
16130718
26440502
32511846
6886686
24014681
13595284
31814978
8184583
14069987
12591305
33748941
18472213
7461622
27582363
31417721
11766972
7526959
14408025
11151786
13908427
26794088
20160712
15083409
24959662
29727208
20750281
14346982
25935460
16505673
7763501
13308407
30131078
32760345
7793337
11433841
33823098
8191405
11103221
14297624
12481541
11155568
12031680
32969109
13252011
10661488
14997837
4871574
12585467
23911901
7022399
12364582
33780066
8330529
29695789
14440508
31574866
23025983
24210431
29681332
9758893
11780984
23050463
4718891
13698504
4961352
12745647
29692177
28444795
7615592
11081566
32485539
15075382
30421406
9958165
12405244
19679653
12368666
29239174
8363740
10130333
5723344
9917177
11574385
31579828
12089530
9959612
13368440
15241914
16178542
22801856
9657268
28133584
32314569
13840263
22564679
13075011
12477149
12012627
6534890
8830367
16975266
11223776
9912698
15098089
9039913
22059934
16452531
17741785
14472751
5697494
29381434
9066463
9280594
4805563
15992043
15414193
7947374
13235977
30779010
4874629
26854796
31085381
33192069
5068218
33662553
10231953
5901531
22461721
26369918
22930367
7881538
34361791
19173133
10778598
13745830
21858181
14176884
32967105
29767717
26211236
33976953
9468677
16274650
15065325
8352526
12407108
9944920
29980480
32078820
13436641
11341165
24777176
32203050
19283212
11730602
30243653
29107852
13239557
25880905
17952808
8954518
26040085
14576216
35361760
15624962
31961894
14660592
13468579
33111774
30519664
6618892
13152906
26371370
12047080
22999718
16285822
23107667
7653090
34345252
7246728
20926441
11921492
18561271
15242456
12745628
11497503
18007045
12026459
32705805
25002964
31915873
24308510
13169857
11422531
21304537
33672405
20806078
20754844
11339737
8680353
24292619
11586419
15859174
17801473
14988482
6723896
34419943
7718626
17599789
25565416
20200624
5914493
29423719
11765286
24668123
24343562
15182538
12605674
29810776
29483002
7139580
34023348
31561582
17466103
24866672
23821118
12912393
9914770
20508208
11284648
33640464
8339594
7694767
9555309
7361559
13097829
16969197
5904077
10506606
9521571
10267142
9510445
7142477
7468600
10898892
23243696
14621355
19891834
29375020
30020356
28043109
25127986
30673630
7933112
31216960
6727945
14719375
21509512
5260958
14060480
13629435
23881010
20198833
12604556
6612711
5719415
32997342
26023558
8760764
14538380
21112921
16554927
18130813
16024758
12390803
5527076
6311580
15554440
31343896
12608605
34960799
13680778
10156070
27193227
10148261
14286431
29480002
8078568
16202211
26736707
15826770
6283056
8910099
5591801
32747928
12341445
25106449
13525006
7058271
30784611
6232692
27611859
10546097
13759531
13489754
11972883
4731407
6166441
14218677
10906795
29240758
19113430
14066804
8516186
31996379
25022416
14756484
27632949
24137417
14384970
10338346
13866040
11370151
33381923
12825790
13506633
18961327
7062681
14806016
7141085
16418421
20906110
13029541
7233122
20188381
12672357
12312874
35483221
12229864
15178968
19766398
5819400
27347535
25842916
10566328
30377675
13950395
16218155
32440344
4998588
6532832
31222885
14822088
28638424
16023872
14216784
18636574
20138590
16190617
5600749
14684274
9572791
25310395
12919653
8280462
22217176
11338590
13666826
12525356
14262134
11948300
12766156
32213685
8545946
6549159
8561029
14959284
28182097
9700378
10777229
8882433
22648805
7736553
6592980
26572667
11655123
33426683
7895351
22679294
13005324
30318059
10939712
7136561
5588191
11165852
20902540
19330813
5664188
14491949
12417189
13692390
32382855
28812130
7201626
9844158
13402755
14624863
10342478
4788728
10380563
34224109
14249464
15593015
16247935
5678493
12482788
13906328
27852132
7628214
22171285
11701404
14997165
22622096
6074729
5587512
6293403
26151722
6064487
21224635
31776677
14209948
12504246
25002451
10285633
10483789
9579868
8961758
16887539
10224405
15277975
7706237
16085549
7863734
12007634
11729932
23794817
5471240
24005693
11763071
8211363
16323108
7300179
25473925
14392937
27047313
20759935
5062064
26610395
14618708
9049168
11526570
11624156
6055825
28953094
9318949
22012810
10802054
16700973
14117865
27227751
26271764
28375204
26807435
9410085
11088573
13903745
18080248
8608697
10952943
13036450
9913076
25321678
23618777
12527558
12035797
18916477
16090879
22073656
26747816
23927141
5997501
7282735
19607842
6854825
7710403
7652832
14837486
8525601
21631297
5840551
14967864
8713587
18777064
22449826
18303931
12025134
29497918
33686154
9712032
12184812
15605768
24607991
24369275
6734604
23931038
10650157
14067040
18627112
13270372
25524517
26134139
13001260
11756243
18921928
6724431
30986743
5143507
16006643
13059479
22516448
13951703
10573365
13073154
10095766
7163845
13465441
16424451
12162088
13397689
7574565
15809919
13660437
6682554
7997385
35281474
16934622
20135578
25228627
31525694
31397549
6458078
11796722
27832182
13078696
18985282
32569056
9477862
14929051
15545220
13891807
32223624
12709841
10561791
9321269
11685348
7526567
16541667
7973448
5448129
34068280
13758419
16654587
6367967
26815469
5539257
1331635
27006444
26892026
19945456
22840853
30923289
7133721
24835850
5018477
27544509
7428914
13974278
13511416
5484459
14315510
15727705
6016276
9028313
32512122
12204642
13351687
24979846
5892030
4754918
18290422
11521514
33015162
8255459
9984881
21627835
6977368
11371920
15378794
33172512
6796579
11298145
16017617
7073704
5048049
19913524
17829535
22023166
16232540
10191422
15771195
21586357
6211520
23423870
15640387
7383880
9886987
6046848
13417172
6305268
9928972
21190888
32847477
5470985
22524038
12229002
6754934
8151620
24303287
4947433
10913175
32973999
15366058
5267784
29229955
8749848
4952067
5635822
10996558
6941600
8900283
21136477
13258915
1316336
32808096
21158935
7530235
14686313
34318360
6696138
9335823
10763614
14501979
34458736
15078455
13607500
8425148
15783102
7202794
8903177
28663249
6701519
33308847
11161918
32021024
12769952
8637308
13381105
12054622
32380350
20852023
34943201
35300188
10717035
10483992
27870477
28703989
5971622
23241566
5618380
12527146
13152415
14004819
8933931
16071041
27201597
12773655
24426329
28067356
31979900
7916676
13604399
10755539
12609401
6996523
9588485
5762836
7861071
18929995
24683369
14316535
32350677
10693805
26816993
17037285
6191420
12487901
33968733
9471599
15363572
29801551
12767884
27970353
10848331
31329046
28540771
15374523
10185381
8051969
5772842
24952213
10971425
13143393
25034737
10863573
6260931
26319815
20597425
8024004
26364533
24216302
11971482
9344561
27956958
29373205
31917715
11245937
6093225
34791143
19217659
7692476
11912270
27411798
29416657
15428090
8821790
10092336
23284655
8333259
21162889
27480723
9931444
11019537
9251460
20318422
7770034
23254202
14519381
29568517
5092601
6559501
20304091
10328033
10506814
8047831
5206185
10346116
9701084
7842595
20703145
5969705
4787915
6946612
5188729
8140714
22083073
8762475
10245481
5200632
33390188
4827821
11754363
11840444
9547894
15698694
3539187
6020619
6641151
21451075
11951041
20809858
33238749
15132387
7907912
5511878
14410703
35212912
30347423
16030344
26894576
6563229
22910813
28511608
16102937
14495987
9211936
23626229
28177060
33501605
11608437
25488892
20541349
9828688
14377162
6975384
35319064
11657419
26430554
14488233
5921187
28799692
15145759
11706268
10533999
7750963
6195536
14183864
21368158
4681016
8818548
27043935
7861901
7159597
26636399
14537712
15354523
8608370
31015186
14941371
13750414
7701606
21928972
7691916
28677004
10042273
26125565
30051502
6268833
15880853
9814923
14668573
7729207
19822078
7917364
22624136
11378929
8981812
25400680
21099970
9545672
11566932
7723095
13655793
12065872
14941814
22368037
31547071
6697177
11497012
4755756
5806427
5632646
15282169
26451185
4878530
13624308
20132620
7854859
17015847
22272682
5937086
18898429
32924988
12363983
21369160
29748355
10001171
28412683
22259887
11943612
31883005
12878223
12064711
8114993
18018328
20250727
29600821
9939201
30194840
15481261
8310372
11601618
16813620
11464947
5772670
9149603
15490914
9930938
33866559
22776563
18004402
33624717
29245087
33528045
10573706
13264790
10373508
10529140
18293266
8561263
11573458
28637659
8747986
12982457
30785484
24006524
12730938
6740421
9747558
11773912
10483476
5105412
11139721
5263281
8112669
13730431
23014649
7672651
14411781
24174779
28391941
32095005
27584046
10766831
10590630
6907252
11853733
19230997
15237518
10864680
6006163
29788411
7046096
24448445
7050538
24215561
6157380
11559276
23213024
12490309
4696220
13074810
5555193
14582046
16485015
35487487
9240234
32321886
23674130
31810640
29871097
29531458
18288820
9289932
32274996
7828304
34728519
33480245
23564801
16265705
8993269
7324829
14027250
10143476
14022190
6147013
4724536
16016780
32329482
4926681
14102581
20056138
28737715
30937756
14354445
22545515
23148404
29284822
10834005
33232632
27932970
7742837
31538953
8636184
7230603
14001499
16437279
11048970
11630128
7017027
29330032
31196992
13652622
16175663
6549036
10259537
8089828
7231265
35296957
5825109
29008438
16120767
32987445
28185142
11255167
27234348
11020172
10058868
5939017
12261425
27845154
11659814
20287780
7557064
6157512
6522055
6888547
5776942
13791755
12438175
18910306
16052409
33546765
15213077
6035298
9397266
15932766
33931272
33456068
7077046
5760949
21085192
24035264
15599502
25352824
20495383
5950636
853818
9530991
8447301
21143983
4705292
7691443
13249149
24320933
12950619
7650945
35133299
17645419
34899287
5273609
16146042
15967486
8897568
8463035
12903507
13391141
12761557
23715242
20037214
16005852
6783170
30672205
15931398
13085425
12905025
9931714
11770894
9356806
28770484
15564927
5544300
21498235
22250176
4983751
5865714
7484788
21555715
5209212
25737823
25998037
27404367
16219812
7193017
15505217
7037266
13123426
11302616
15505099
13416493
15989568
10152952
26893142
12699064
6661941
15039795
26854751
7456181
20208145
33725886
6586723
26789696
13685701
5322725
23486726
5646268
10749690
14201150
5861530
32180316
11461184
5927460
16298498
6533047
20220259
29539132
12972990
12398057
8108303
29575774
29566426
11398483
30047305
10506426
6255915
16920099
21878968
9016384
31124867
13224932
5427646
16346838
13729847
28687423
5026304
25805323
7871687
5234831
8993075
27773952
9150021
34100338
24632144
7923348
18516958
7157309
13208319
25047331
7809757
26431991
6879237
14468127
11304698
9847419
6502977
11624900
13003662
29470711
6683970
12367494
13448482
11620102
11056931
24286355
11675199
20158942
10385499
16259819
11421894
22761779
12726266
12869575
6289763
11132274
12768496
16194732
8618621
16325085
15027160
7951941
5251339
12735378
8858231
14299301
31223788
25770901
11285522
8893295
29912038
29493844
9116323
11211369
25582864
14112240
30488224
12187040
34238248
11787109
12434736
10029809
33388586
15131285
5275854
9653054
6811482
7782553
7392890
9740294
16605294
16555548
13121582
32164893
13578017
14063895
34660525
15752858
7667029
16862391
15099197
9016018
7023431
8857627
34759631
22196065
12923064
13987216
16725378
14581831
30202514
15924207
8474028
34564282
8464340
14333487
31085291
28202416
22832084
21268156
14000678
35408023
21531658
5230050
16245515
4968118
16133306
30362261
33377921
10685986
10441441
10944277
33066396
26840735
14266529
4779440
7079861
10983752
31617076
8191572
15930577
7190020
24850247
19291003
27984522
12188718
29811085
1968882
7260242
34010508
19961437
16706703
10057446
4980213
34312168
5588208
13657580
24491789
14393780
17202256
10408209
5969800
14095797
11922751
8095830
32576790
15224745
20246767
4929930
11068107
28079806
21080173
12430259
9073061
15712853
10625996
16633791
14965998
12130026
14189692
4813223
6530027
8750439
20917579
5992013
9105799
25163155
5012443
11836391
10587087
16647759
11746600
18777256
8110790
12909540
25717780
22716161
28677616
8596687
28005171
8151681
10978003
10249678
11709600
30859206
9359454
4832531
12929672
30921615
19570159
17553241
12381463
14756789
6910700
6712106
22052683
11819447
18566392
10272697
19191463
6205018
25644472
31313754
24799145
16542561
12373000
14504861
13917073
16021138
5453764
14209379
6683342
22338520
7721692
21549508
16015741
12386259
10969197
13191822
10964210
29512348
6305117
12642619
17755729
12839068
11577692
7442496
5264290
5638251
9928438
6006667
7618611
6106426
28512865
20261815
12060690
11242121
26572721
4928849
3088150
17017239
22059628
10580682
24404954
11320746
16077960
6731428
28472878
8886883
35007449
29467891
8251991
15443710
12241346
28020609
30390692
16555572
11302231
7949778
21893998
24678758
6631920
9249800
4600460
8444951
9428079
10843587
17311183
25328113
17608867
13343482
33664299
22160791
14890059
21447751
28944637
13740481
15436802
14063629
30412199
29305051
14909435
6448669
7339286
11437603
8103028
8654936
11783386
33142557
10407727
3273822
31206544
17931913
4949509
12724629
7729889
6088254
15930288
14272795
17672848
5234614
7452462
7034759
14978270
15123689
31705265
31010788
8632640
27663747
8009374
6234751
14218403
34040608
35325220
30324572
4976603
12077614
18811396
10570692
16923660
5228906
12363994
33173031
15656689
12624074
5192131
5308880
25650121
8400424
15011825
5143608
11227183
19346194
29101759
10785985
32663655
13679045
14722225
11424682
9043258
8236296
16246743
24334394
30173621
12146677
13402629
8240661
33970593
8335346
15962656
13253323
8354076
23751179
3657789
35057498
4980385
23899946
24080858
12230956
6910770
15959098
19762981
14792949
16229841
14266652
25593613
4822784
27715293
7479436
10294993
27755226
15483599
21207070
5493675
9977514
6652306
14389100
22665281
31596736
35348329
8629227
14294444
19845298
17070519
5067662
7759274
10593923
7010542
23620685
26149400
32155329
15085395
14652337
16256443
7028424
13753995
33544044
24888974
17008719
33349232
6835927
20331496
25731835
14267620
7064497
13555954
16176173
16295650
6515721
13349911
15999131
6596396
25013695
10747958
14448838
4757457
11034125
31384301
14896070
4803351
29958079
7537999
26925932
15941813
7083127
24826436
17779429
15427823
28158154
6236366
24456644
8196188
35428417
29626270
15152944
23664422
23767868
16190105
12120055
20928931
13656673
29652790
11499692
26377022
31961171
27205368
24184928
14806735
5914581
9780741
25479949
13455209
19873000
12671298
28349713
9170643
7786565
15382884
6562611
10181287
12464326
10143867
9405306
5675506
14781146
24560504
20236033
15662075
33895944
25874722
16015745
15564030
6756819
6518109
35359609
16967070
5745204
30208295
6476043
13302269
22512701
26622923
8773758
12369761
19151827
9981053
12187606
5934779
5835677
13515456
32186490
16703907
16420941
24401894
31957433
23249267
19561234
5486925
22071469
26443964
12139945
9500374
8926373
26477471
18071266
7670411
13006056
6702700
25442785
29021293
13005243
14616561
8497069
35419795
28482175
16602663
27653961
23716376
11186767
22343089
15335380
11778522
13685279
15476879
31724375
29235781
4990032
15737382
13090620
23682251
7455605
12140811
15570234
10765172
9629239
8774638
16100250
4950330
13983975
9523305
18072379
26624513
25684750
31946266
10952746
4709295
11531666
11128613
18524962
25089364
12905326
33844857
24691580
17244691
5077784
6272472
16885608
32815407
32113152
7859638
19370284
10712524
33000819
11461915
26810249
24006866
32292858
19285120
26171471
14900052
11806380
9510657
11156963
8650526
9405075
11195018
14290581
12919749
21603745
5454738
28933927
17728237
11754882
15396447
31734968
23495987
14400705
11921892
22610885
29334832
15532277
15001442
14756909
30858192
9347398
16772979
8740217
9858156
25021756
21697834
8176744
33812979
11709545
11740595
20072113
11245593
6900225
33038301
21370279
8184942
24679733
20812813
10528340
27898977
7635358
15325276
15582060
28462342
16061622
18813493
6492664
7347108
22112746
12168481
13272825
32647302
9576139
16625841
10993001
10838837
14145097
6648476
10770531
10431017
11149699
33592431
17159791
5728910
24833951
14332452
25856221
6594068
11944989
9425242
17713450
13530040
6966971
33977526
13769237
11107450
24281693
25365382
12180375
11040404
33906039
10854733
30648025
4883198
7447513
4825810
12388123
31033219
23994923
8641806
13519626
14511357
30988408
30378767
20053531
7839391
25654336
14813828
12962866
24402587
11584507
15930178
11617431
6907422
13550962
8658794
19886143
25769704
13809119
20222041
11313627
33285717
26340950
8489825
17461846
31560253
8626809
25034182
14411202
24896282
29585740
14366662
17424004
27051357
16299485
22281115
12925427
8620919
5842287
11222936
11441946
17102613
16079913
22238920
8836648
15884301
6514237
10836420
7527702
22428394
14342436
12353577
31820465
15099783
17105586
5489824
27042603
6854472
9324555
8520173
31757387
14768867
9057080
1887304
12918724
17247127
13360610
11862789
19187014
11020913
25204024
16783974
22781534
7825809
12960597
6905965
27078759
13413618
11182931
16267771
24683030
23859677
26844695
34589827
15465485
12887117
11055779
6570077
10745686
5606251
15255443
19382551
32763729
8107336
34672363
11973372
27968736
21058102
13561248
13363821
14787553
10315788
15467766
16621329
33270612
27224715
29917843
13774911
6341155
30369044
10127227
14155167
18493765
13100241
14982617
5986446
7894914
16416681
25701409
14596851
11550545
4831687
11199404
7525602
29266990
9925287
8083570
25675444
11378199
15689706
12606304
28052979
6923570
26804672
22648505
4827403
14520621
25671379
19697512
13837379
15673247
14412359
31055054
25022191
15298524
12497592
9484013
11101040
8026686
9613564
8205413
15626540
12641581
6235901
7695215
5915909
6285090
8636467
24858260
22982933
10696076
5853997
14592144
12726202
6696306
19902118
33091944
25554028
17280466
7213066
20740201
29433088
33838209
10527341
6809441
24154310
10243829
6669163
14478302
14964304
32117154
14737597
15961281
9742081
16152552
14752780
13627915
30327083
21167374
26307866
14037426
14311947
7077569
24647942
18839587
5104475
12241093
26960183
15217503
6159581
9498598
19685716
15279658
7759511
5212522
9761173
5963860
5127513
12399260
10276404
8572287
12124767
33271401
13589457
11918057
10549611
15289063
26108728
16176998
34258582
14861353
26197013
7204112
6470583
14510407
13301097
7401975
35509450
6129596
7411873
27244788
33769008
11418070
7239564
10196789
12278958
18139177
9776950
14568761
30871212
35188354
7608596
13863379
7290699
19669249
35347039
6397110
28597705
31104803
8324329
22632581
13243828
10750527
31807055
9002526
26076085
9170568
35504017
23465384
22487054
9901898
10870987
30281270
15098705
4983934
17249338
7811118
16382814
10651874
20424184
13633951
13488725
5807592
12133378
35479819
24365879
16243766
8163156
34397614
29785915
15750537
5722987
18234757
33304530
8891803
26763068
34997594
20677642
8279547
20385958
13597794
17650258
15866504
32449632
7200224
11687177
9334866
17682472
7863151
15975042
24271661
6350603
14777601
7644130
12278540
31656434
27535350
12185551
24555422
12733987
9576966
13278162
19427707
10239807
15608674
14264150
22140796
20259298
29566405
28637404
15008798
31174414
22280248
10810178
34101661
14154847
13226709
18145246
23562131
20565763
8922882
23631710
7869866
15420261
32355000
15476596
21638281
5162057
13483804
12522893
32144670
7179846
14313567
26477636
12289487
6444121
19757938
10879747
17401612
27205446
12501968
11329691
14337836
6833761
4892906
3055873
34208218
34825547
5926828
29170546
32791326
24726473
13849777
8374183
26375519
26808332
22717787
10165326
20221708
14613935
15327382
23214428
14176142
11266523
17874244
35266066
34698054
29017642
6407429
33336413
24169805
10628322
23432411
25881061
11155956
25272670
11105600
8524519
13237588
20696410
12757606
27799311
11531930
25417582
4713871
17418892
28764307
9769267
4914700
15951685
24907781
26728226
5722101
27693627
5388385
19172050
11971806
22040362
8683479
13129940
14613715
12291106
18600955
9839463
5729913
5340457
22346767
5586690
12886861
12560310
35469841
9293905
10840782
27829407
8976167
8516924
11116645
7658529
30120005
21387121
12155780
29304256
22673099
34398094
5355577
10806237
11133914
35320630
20193688
16007411
30636682
12375663
10735723
12121899
14790255
25479688
25282771
18725752
3967156
15285865
26929832
26813558
8164115
8416352
20134528
6149082
28677019
10227229
7637100
12759863
18459481
6044957
6457887
34798211
11950503
5124803
33348428
14020438
12572828
11155783
12542654
16724610
17907991
26916254
14416157
19960378
35177275
13805434
21304567
30457757
11392717
26014654
6020957
7793369
17539537
7124604
15342453
15997528
27592500
35008169
11158668
13502448
8569106
14828609
13577145
26870462
16325934
8317134
32740281
12895927
12703664
15997620
31486816
29537377
13365902
34020210
19771894
9519562
9987550
4690581
35001902
31597636
28411336
12216979
9611075
11409775
27025707
28973359
6521203
13552083
15574934
31132289
7464319
7055286
12693913
11607701
33586986
12692907
12472380
21534103
19918264
14744107
8433380
21619141
19176169
9849541
14074501
16491711
17497561
19775887
13060234
8357435
5725176
30389102
35425681
5936313
26796839
29233264
16175974
29912056
25171126
10506997
7448261
34768343
18398137
10119919
19010278
24050873
12208266
27866031
26812811
10815982
6686679
5059784
10253548
29871694
6094865
34672561
1841305
11649949
10032874
21812470
15966073
6735928
21085165
10082552
17409265
33939378
15620663
6571467
13318123
4844569
30297077
8233797
5457640
34644118
35064353
10793616
15169233
16036823
32291109
23984390
8478241
7519648
6939399
26786084
12838511
8158358
9945349
35336131
34886444
23411168
25529053
8532297
12556096
25793377
8549091
7218840
13574027
5874787
28230433
12965119
15244502
7123562
12995177
11593716
29990452
7799929
8220086
12930758
6846368
11663645
16220852
22100413
16169154
12228230
15960542
21390679
9118755
6130399
29256277
22622963
10357747
21138133
24686537
14121380
14985865
4770576
15102390
6254416
12750021
11672105
18222301
15009638
5246450
14214148
30644269
11355617
7355529
7905943
34968800
9697713
7830490
6668138
6016594
32963796
30124061
5629914
14896829
10669188
18146650
15788206
8530144
29551726
30973042
12280283
17137035
15224511
27365217
10742975
24155678
23938625
29175136
9191419
4759163
35031443
24109766
13967599
18289042
5336086
15153127
7029394
16279083
5329762
10269032
15395764
20162449
2264306
28375000
18504559
13903677
6518727
29067040
20304835
15901675
26995989
4953305
30476828
13924169
21782614
13536774
19551505
13336744
19063216
33216774
15806846
15732251
14074639
5333833
32266041
10602231
13167231
14978168
33805569
32666937
15964183
32112339
13295481
14251999
11777831
21958699
14319240
22528097
23956046
13494223
6423789
18352171
25333492
14435754
11943630
33796782
10291224
5096878
6847968
9206272
9261331
10717199
5270796
11035343
18144757
15694154
20426182
28985347
8682991
18463063
21276502
35395579
23756642
34627183
8461754
15432706
15271995
8787707
13623772
27328059
18474568
10309100
6470501
19257679
9984273
9424683
31148765
15916308
14303310
15531274
11520082
11897161
5858800
34601737
12617223
26735861
19163224
27289830
4690937
26820434
3770432
7268253
7103082
11518536
12152894
24919649
13158325
12189037
15044917
14469069
17870155
16185179
7634403
16924719
5691475
9582220
8850127
7998371
16293345
18084364
23172419
8339834
14996172
25037647
16156892
27090132
6484940
8037321
22778894
24801332
22536932
27865977
25562506
28691089
9225455
14104291
4829627
11503496
17900902
20631505
6450250
7490560
24063527
6001602
27506727
31575520
10822392
20774362
7018419
12554406
10958462
8183850
27067560
10139095
31298282
16686420
11627417
9397174
12002888
5709846
4830350
10977283
13734070
21248389
12515946
20821072
13749911
28607293
15625831
24532787
30972370
23339168
20304961
12745957
5687142
34980719
6841071
23423747
15880527
4785160
33329442
11074966
6831693
4752281
12369745
14568051
33883944
5542248
15346090
7745205
20704504
10650066
27499935
12321065
21630883
14040005
33715578
13169902
33442526
21952402
10052277
15112425
15969240
29095312
11439195
18714376
8293536
12186379
23031983
16129877
14711000
33146169
9406166
9077166
26620649
4907696
5194971
6531213
15813353
16718328
11499762
4725535
8522083
6276918
18113251
9325753
12995191
8737160
11081920
29537254
23774501
13215653
33033654
5452645
31664966
29777425
32966235
7819067
6101467
12810923
29996623
13336959
7672441
11874162
1286875
11158800
22951265
11800964
7467525
21810592
24462452
28227052
6323847
5768334
14145127
13156201
13505627
26196296
13062211
26562953
7947529
11740741
8473346
12614583
10933859
25689004
9551524
15156619
14724992
30588844
5588114
16305539
7312160
33160593
15361225
14844280
26424764
9220905
29151430
24380954
19774192
11888276
29494423
4907725
23311355
32779032
25732702
33658803
16009776
8440839
5740385
15587865
14940888
8542444
16217223
11259336
13625345
13579770
11358642
7920378
31526270
16282686
21536662
8677454
6182457
5685760
13233275
23856599
31253623
14729651
21249715
5175898
21406471
5757813
20806123
10693074
23475083
15545755
14137257
9330947
24437393
22929752
17095443
14795489
10351557
19072618
7683335
6317904
26993151
15578557
4986804
10290947
35068055
28940542
8684511
1997743
12240018
7183526
13536029
16305422
30650578
31607695
33419531
16243323
7420482
19990687
11867461
11270599
12065727
23945057
15490622
20594341
10352792
8164899
29194474
9496874
9013588
23589014
5187595
6427418
14642081
15813725
12402616
5511826
11428054
7227004
35391481
18791395
19839079
6900731
9959870
25574242
5376980
34842902
13972904
25564015
32599224
32117622
23796245
9000937
27330429
25963378
17359054
13229222
14168775
34625671
16263741
9829425
14878581
15569787
15386275
8145373
15220577
13917387
26132330
11965582
11304286
16046054
30687031
9416098
6013042
15645386
25659496
18742510
7366522
10499173
10656146
33470234
20631853
16262681
12894592
7896358
30049168
22698659
6664573
26753306
10078806
10958343
7606863
33533040
15104244
20304163
9446696
33274200
8316709
31316802
11850749
15270304
4766578
12071083
7883335
34745226
21326767
24427964
14183377
20266414
14439325
13475643
12890502
13265738
11957921
12004421
10834047
33536616
14855410
26224040
4145637
9875875
15722452
31466903
7215495
7098081
12998622
17660782
19248964
30910152
25175578
10959315
25113877
12256843
5450958
16141743
24661706
7717593
10058932
28912774
9722709
11131445
5198255
5607628
26477270
34157320
7923423
15081424
11564323
11794347
4806028
32954130
29754424
25143127
7841458
4935640
6839582
14919379
32777034
31708247
5775497
10032934
5621622
14033256
14756530
18547582
17369026
13375163
26609705
12611659
17391595
11927936
29969284
14114082
5614205
10139929
15458666
18002860
19637176
12356015
18114904
6768751
24953824
10312938
34937423
30370214
6064673
14536128
25161151
8203407
14879515
11175977
8304965
9958213
13473087
33162960
8357795
33711681
22509155
12417882
34692759
13492426
24925070
7052880
10529810
8437764
28411603
22429498
20573971
7127398
16021207
19996966
19633234
33834336
32285646
8835231
5009496
27401244
5650180
6573703
22486856
11861661
15625508
16058318
31601134
11961856
15751046
23016347
7615243
13941278
11994173
5981397
11644367
6852543
8369769
20996680
30957937
29852266
17221651
10895886
9983403
15310707
34233901
10071736
12672450
31179031
15335452
6120167
14892781
8702723
20755870
33230904
35447986
14244065
35003102
12393605
16276527
5938969
29419075
10764250
12120058
22059967
15053783
14818959
5600519
17021292
5877053
7052839
24221651
34538749
4966267
6025964
11426295
14002170
7841794
8968337
16347471
15013783
9995626
10850352
8225110
12497777
34674634
13450272
11909728
8754687
9041282
14868073
11045909
32970402
26674511
30100505
6471653
8199469
13027464
12746595
18032161
25406032
10352811
16229577
8572429
13944065
12662291
14507312
12330395
9319722
20022979
8774279
11543851
6751147
5449867
33011871
17047653
9099731
6936467
9170334
6809240
11545668
8066256
16224749
5571954
6602397
7482881
5117807
12643836
34060231
22269652
25059742
12154458
23611322
6758883
8108052
29238652
10725472
15060197
17920054
8437530
7107036
24655586
7366852
18862876
28811113
25592203
17170495
20932834
4695806
8020061
14704554
17306977
13941556
19920961
5593679
13222271
32909694
11813831
5062937
18815107
11930003
14059093
30960175
21329167
13600068
23827181
13316598
29598340
21625138
13076373
32034887
27271302
33493589
22678973
30329345
20199448
11629929
6093142
12517968
9798096
8037069
12732917
18988057
11917215
13736165
15595362
9000225
16092246
31874921
17851561
5510446
15368166
12102373
35031308
24740489
25249189
25957306
29071339
21041545
8408606
32174187
4903975
20896135
4844651
16275677
5387294
16516890
6688023
6664419
9699473
5848025
11057079
11760244
13958771
35022104
30277310
30110918
11080557
4810259
14077554
6097163
28632910
13478161
5905766
6020995
5837566
12448433
6553827
8319819
30830586
14714550
7823517
11322714
35192677
15741370
9157544
13550638
15639188
7888198
26816456
13303911
13305457
13697505
31626772
25176625
16241414
31415990
20630980
19572328
11935266
33794280
13354465
26897948
14012905
25722202
15028669
21929911
23563103
12118888
24215732
11869357
28055454
4785690
9075827
34459651
6547547
31862054
19729483
15846658
9910387
26540507
11617309
5642681
13971580
10156519
26577551
34022643
14389054
14099924
20938315
7931834
26623922
14642977
34570189
19799095
11279529
18772204
5884825
5206436
5740422
9230501
12966921
32495289
30618766
11767303
14150640
9860025
23203415
31597585
21637300
21598039
5027964
23928962
5687908
14562162
11963674
22345792
13638036
8159997
8884383
12156017
11659150
26963579
28660849
5358015
9792863
13704754
15424535
18778933
9857733
6812489
7170906
5303633
8854123
31210498
25727785
11609835
14230950
13214309
12762869
13335692
9968035
5247834
12581770
20390449
35051765
24148988
8588438
8721959
6099192
4716223
30048772
8440257
13411855
9731556
11000667
12156360
11809988
14679896
25308052
15030391
13630821
35205307
15364616
12146748
30078745
8800922
6395754
10933046
24086465
4933845
22003543
7024351
11466094
16122530
6117422
5312864
30197975
12714553
34595050
29400424
10858981
7010836
35370415
34870526
28970332
12185967
15226631
26042242
27198054
13863410
7207373
8160050
33819657
8659919
12427362
7777641
8362470
15656519
4688098
34570132
14789824
16301549
19163875
7897456
11326099
34169227
22159972
8633172
8388308
4979324
6294422
22189342
28991083
5136360
14082081
7050031
8755122
15157069
25098322
12842511
14317025
2245802
31417445
20923933
20559826
14427740
5359020
21778264
21122578
9622110
18022957
8203091
12127424
28836337
17218450
14178832
7721551
15422672
9882483
13900004
27557709
11852695
16233071
7945152
35416945
13788852
6944561
9191926
23650835
7592807
12417854
28257724
9877082
6000933
15758975
13168750
6408438
28269730
14825145
24065258
11079666
13931897
21705520
14597096
32261670
15720302
20934967
7111951
8967767
21130687
23814464
33506957
32798304
21231799
12062573
16286360
27110832
8085159
30612031
22570055
32387943
13614149
21597241
17626024
18904744
15980761
21271612
16368828
29702455
25512058
8695133
14152534
16100834
33285789
31912030
5044173
27541962
15035946
32947107
29583646
11359273
7944714
22399798
9519764
11320897
14583361
13365857
31232254
15184732
16459950
8406891
19325188
5386594
10676579
9631840
11586791
25624258
5801025
4107697
11486585
7133771
13121077
1939570
10633827
28603681
21728131
17917552
6048838
6751876
5138356
32911377
12517422
11013295
9802815
8565659
6798458
14511881
15675909
20256823
7063464
6542490
26760227
12094126
33723099
9655054
15347905
15033252
9380623
25198792
29857288
7331409
31266516
22499345
13355485
20450818
7466622
5740388
26567087
7636511
6341558
31247416
32309856
11086776
12435446
14589175
34450876
10350270
31136426
10850896
27586629
21604780
10334251
7637498
4682663
4702637
12339244
9142460
22327663
15066321
6439697
12415400
15418099
10349751
11295135
33081387
11998975
19447627
24947239
25740799
17018778
7315512
14766984
7275064
13533449
10233636
32861508
34350343
10020602
13876797
8638893
32973813
29059303
27695472
8861169
16594230
6102260
6088820
10941672
6537708
10800567
15027315
13968180
10745610
31808480
9816728
8877901
31289525
21832651
31410488
21408304
15043358
13006770
12621077
12330384
8626750
15209661
6941017
9265224
27811341
5814122
15173094
12467791
10237485
23155244
12383254
35060102
13587495
28542745
11689552
11978920
9732835
15263480
17353444
11876757
33562665
15911160
20370283
9097270
8236986
19976509
12101470
17735464
13565416
5572437
18229474
13994145
25241257
10888895
23293256
5627038
21492979
20357452
15795963
31785176
17614690
15852447
29641129
35119409
8783835
9963395
31524404
31217185
7651156
25158196
19020724
33648333
13763513
32726721
11997446
20613853
11042985
5464344
24295619
7767988
29915404
11098471
19125994
29673319
14629308
15116052
8257199
9647125
8719353
5217014
30922815
22760441
11224854
25632511
8129421
6326910
16938516
13314895
10020292
13697529
11517996
26538437
24136784
4716222
13471540
6703536
14612149
25905421
15067907
16172260
35178499
20575441
10678521
19030918
17842258
14908554
13862179
5955091
22436773
11085149
31784864
9328149
22442227
15273235
13640953
5954114
11995434
14451297
16059906
15790020
8544357
10823700
10418929
5241209
8524185
32619219
4891791
10542409
29957734
23389706
17459362
6501258
34043293
13701982
5358603
6880529
25513714
12879335
6271227
5779786
29073850
7836912
34645252
19881733
5491157
33070863
21387703
16269348
7112135
8684731
11633982
13760851
16258727
31348240
8116847
17631220
5020529
15579752
11945414
15530596
15644110
14543609
8555239
5682302
17311177
9395221
14147751
6252590
22513346
11060586
22411453
14034716
32000375
18483136
18997012
5956965
5939064
21876790
7582323
13210581
13429154
12177195
10713527
10135965
14009649
20105482
35153323
26601206
26902037
5314924
7526214
30060022
7541915
15774639
7871942
15278472
33030984
11998411
7954674
4934625
13049395
18054847
30574633
18848641
35358208
14893848
8778974
27156678
10597156
7732677
10575174
8117576
30302834
11678794
14128184
9417670
15808844
11925394
13851115
13270444
16632051
5424560
7747321
32682654
7949979
22817621
13776966
9177355
22318522
31144145
9153881
15102412
13883129
8666789
27237009
7563405
5971612
9215609
21226858
28474180
28952044
30993652
13703427
6182039
13104569
29331790
13346185
20286337
10345271
33979902
11187302
12580863
9867406
8109810
5780651
12744429
6711024
14228131
20992903
34217317
13338019
13585359
18419095
19493152
28923898
31310730
13433808
15286035
22926671
11628107
7647616
34344427
6841979
28982281
22596122
17994682
9052646
21109357
6884136
16228626
29077492
13033747
4751625
32947494
6651146
15397332
20356000
26185202
19737046
5414960
5007324
13076031
14045843
31645012
30209501
8735153
20565229
13535239
22912895
17425699
16182789
18579067
4727783
10235103
12233958
12722459
21604120
33684306
5442652
27136224
8184778
17446012
32109162
20215411
12427195
4875012
18852220
4135784
12478516
11168469
31030615
33572586
5331754
13384577
14344309
20544184
15071107
14048711
24554993
7849118
8025236
9581280
20928736
6851924
19537690
15675558
35105168
5135521
16649655
7139417
5518472
27525735
9983469
9928733
16278744
12513009
27261429
27379119
16454379
6613050
31632691
8643466
33394982
9835129
8536289
30368528
25973425
6436746
26262449
7310784
32124339
9024126
20298172
14724863
9650719
15274527
8607350
4725186
30069886
17682409
30966916
19646710
8658411
11473246
35156608
13773170
4802501
4929193
31488656
11857590
14897227
25767904
21779887
8688534
14253859
10791312
9944716
21652204
18744247
7896810
15115810
29582947
35144476
24331157
10572172
13899501
8919265
10764420
6912213
8290718
8700588
15711810
9878710
31323495
31072694
23714048
10215549
11309619
14555991
5237948
27847191
22017430
5569214
12163373
8720473
22588991
12312130
9400542
32960868
8729249
13160442
9239099
5004292
26618714
33548913
11623060
6667476
10340758
34237825
13310963
31906165
5669129
17968612
30922788
13970446
26303186
31107269
15691348
5185689
6570300
6439114
18156754
10770390
30318797
15841075
10266488
19356208
32002043
26836148
27186471
26372342
11163437
17061843
12307173
22375024
13352174
6805611
22864235
34915616
13317502
11926994
8952894
13834539
27871221
31770002
21092305
13500793
16157387
12835366
13658741
15123958
15044791
14554009
28547362
24770750
15467983
20929600
14010753
23098061
3232616
6847851
7179906
14253335
14976788
7701698
11384118
31324620
6835071
8232954
23151179
21489247
8707508
5669902
16144069
8585949
6208709
7131631
18636730
8899281
23574017
5124507
10596457
31549036
4761452
5544784
7223223
19308697
9355249
19291366
8456214
31127894
12276450
32376999
11813705
19751014
10816629
5911457
8613728
22739972
32533527
8449133
24732158
16313040
16068128
17910700
13425745
7158496
11575253
35113685
16167793
7451056
16174228
34299424
5765170
12311660
25848979
4475230
17535103
13573241
35341816
25397695
7054198
15261361
14673441
17461819
8900121
22685153
7536561
33446312
14746502
12884547
5775756
29498014
5994913
5667462
9859909
11249410
21497329
12746160
8068985
35112446
5176966
11415947
9731134
14820183
31217842
29752513
10246133
11734292
6071347
8547934
18175510
10357800
13659442
7789147
14799825
12877475
13055301
26250338
23014217
35472466
34813040
16003700
20609581
7160854
21401938
11165014
20604187
15434319
13277991
6658954
12828612
29917714
6675065
9725512
28032456
11520296
12302226
35326612
22101274
15170056
7907375
6639274
12037365
21045349
27632697
29063752
7468102
20032624
13448671
20937796
9142845
20999620
28837417
16765053
9024839
29729731
12936588
6621092
33995361
11014330
26209307
16727973
10544956
25088851
9591993
13449552
6161044
12397233
10935201
5182431
28958626
23247902
23474621
8761212
13178754
12812856
6024166
15979699
6449836
26432453
20920867
30594928
11374629
34047160
33782616
6113277
34473514
12312067
23372177
10633243
16199052
15212828
25900078
26720537
11423837
21035272
30418100
13269674
7741252
26781029
8512680
27177531
8645419
15976213
12667477
6710842
8137893
28460992
10927703
22883771
16844040
13987215
11805656
26842487
7060760
10120528
6641083
20717371
4722093
5689927
20198800
14263284
9695817
12132682
5370594
10729275
10584001
14902457
21019858
9815722
12241176
8270385
23779571
17694457
14469919
13230079
32285868
23550671
26947553
8342499
19785103
14284268
8722189
25451584
6100261
34497439
28007406
32868864
8963331
20878537
29721022
15366300
13346221
11018732
11478074
10795009
17597521
14924604
31373920
23555732
13646970
8044872
14480936
12545822
5571678
9186981
27433557
10556321
12070063
9997471
7386721
16248124
13629954
13746560
22393384
12118746
30908691
17600461
15862130
9847144
16740522
28166833
16126284
24013160
19798243
12454459
12634892
5912662
6568763
5773781
28988239
9308037
30229223
6255480
5439527
34827488
33388823
14183222
29128897
21266851
25018963
23786525
6307001
8032728
34561705
5961583
8708280
15867645
26104660
24577043
9516826
13697814
30275606
16216428
35071466
23516738
11127945
7062010
5756064
23484857
14699781
28447216
7717986
7522150
14145705
8287140
12058078
34241173
12079083
26001436
30487924
6690764
1841831
15266726
30241598
12355190
14531880
12945074
32764527
14442160
9501655
14142555
12834130
19771405
13917446
14770105
14254622
19259566
30913941
32460654
9669511
20263390
31181080
25391977
16068864
13270414
9906407
17730781
8738430
17800693
29330956
29829208
17472070
24299690
7190259
33405929
6805111
23254601
11940480
5897533
26194337
6105823
8419264
29231146
13196121
28418458
19144165
5791656
7442566
24092435
20728360
23251415
6857300
8962301
10629334
9956061
20902777
15485177
27914088
15876567
13554120
6517916
14504785
34251559
7342604
7668189
14292326
16475571
20041381
30734359
9444783
14929293
16080259
28043823
8333491
8382327
30880587
23125247
26187773
8866894
7891743
31960481
32931999
23704613
10433540
33719046
10649504
28647112
4886298
19406107
5726156
9832239
15242523
25510381
12893948
24959962
35225692
11815211
9822895
10971015
6490928
21087289
13778493
13886642
6585472
24313055
16524429
6861006
5334305
13358562
29847370
6523078
22701191
35395522
13050383
8435020
33736413
19230859
10953480
15824551
4865053
33504185
33533640
34672381
15758744
11038225
16723062
9004726
9972979
12329259
9535157
9136066
33120090
11519683
11745156
5375609
11745340
30601876
24168014
10453221
12398867
31154300
17583508
5225249
34314736
27846912
8274293
11540239
33273792
7679596
10245624
14466678
14250098
23856761
6716849
10653568
35229376
24066479
8634905
22952588
4702428
6759428
9472835
8549237
25143670
35006624
22689371
28550548
5435020
10660234
16006926
15817773
30425813
8710340
5754331
12067716
34308157
7727520
23571848
11700755
5310961
13535233
5191128
33860142
12031107
20322508
16896645
22985294
15873094
10176137
30351320
13350647
6686674
8425071
10977611
34483012
14656934
18726859
9028981
19875370
5920788
12124770
14335606
30991123
30383939
7773065
8116384
11531466
4807397
29672920
12422054
9919946
16929501
10618235
11725893
34193374
29474713
12668877
27222780
7579959
33023970
30692158
24169562
12374059
32447649
16352427
14862865
10037140
16184564
5480484
32377005
12980336
11451782
32772690
12263391
13493399
15027303
10579716
24317642
13047939
7698004
12929235
8934963
5801829
11671375
35224666
10978718
8106859
9445931
11445868
14693255
12506789
35308696
17934514
8181611
22589195
15594044
13613109
21256759
34245583
20799337
30029011
21185044
25881766
4852501
5530226
26045947
15049022
13128932
32367900
6781638
13169545
18827683
19609321
6050941
24433742
10927795
19889809
20803921
23146346
8593274
33703497
7806493
4959636
13682556
7138805
16058135
29637955
6517930
12925501
5598833
5343722
11940574
5035274
5189607
32395371
6380168
24545699
21424957
10835378
13917796
7579887
6013335
32472561
32803770
24912002
18902989
7966697
5160341
13058679
13782633
29633026
11594163
11283417
34973387
13812130
15501768
10437590
16028214
21830209
9178207
5017432
35515126
26343176
8108098
21466066
8205452
12148923
18601459
10902662
28098667
10681048
10171884
21488782
7235395
11627808
18360184
10106417
25082743
26922107
16233529
25576201
4749170
30678091
11138462
6800324
10000308
8742957
12809071
24427949
12741064
17555560
26677844
6107042
7419127
12598354
8534934
33938196
26126729
15025320
28586971
22529888
26114977
24271115
27950622
32367093
14227104
9102074
32504868
25591213
5571886
13697746
12529012
19490185
10452326
4707059
12823311
18947998
24549833
33050082
7082179
9080330
26786813
19439872
30852825
34799882
4685343
11243028
34681458
14076614
34936805
7229535
8704731
14705325
5381565
9166214
9741744
12888323
6896281
25750822
5128920
10130076
15439825
7116352
31014763
12412520
25952704
15917613
15563418
19347934
23972714
23370971
9493369
19187497
32773191
11631268
5511142
7932314
9922403
33247935
19722499
12312149
29516917
14622091
9652186
32495271
14481828
7726372
21858721
6015645
23696519
7963405
10072629
6896795
31339708
8896254
6702451
33497867
5572496
8517821
34783439
23190746
32378307
19354723
13390703
5668869
22438471
9878053
8919997
10598797
18994612
28358365
31905370
33845178
9472604
6915353
34457014
11842231
11443755
12774376
15098596
10351234
14406069
26446199
14945658
27986187
10755220
21767866
6274869
4866472
30965113
12900935
11158161
8242937
33585741
5962894
6589278
15696595
7939198
7402801
14641035
33762219
14676173
9162067
9698168
14574216
24969481
9486061
12630482
33742725
16414569
23807594
10259072
6679459
9269145
23684816
15373122
8277404
29522941
4751797
16155212
34855643
4838176
26879723
28929952
5021712
15453827
33076542
22142101
34815152
5121749
11003841
8140559
4643767
14529549
13531074
19700434
8158917
26073562
7246129
20413579
7194454
12638440
14089330
6061186
8132905
35318059
10204713
13988154
30744531
34282207
13742620
7286761
26041012
23542118
12039129
6640770
16160196
15603567
6407701
10062818
12758529
30723923
5573505
27299025
14236145
11238157
7675991
11040655
28115365
14865356
9452552
30045622
15354621
20265172
12400180
28199242
33658608
7364386
6705472
13778238
5782014
29784400
12404215
31571257
12749626
33650739
14057325
25783630
9263925
22744952
20559490
6315564
9398899
7671760
11603392
12793668
15591839
26354486
26287364
33876582
35510551
26342921
6867564
34473787
16842732
12857726
13725169
19220074
17479795
5607403
30066691
29061760
11921771
4841430
12279293
30189905
13051176
7562000
17172673
28592386
19769857
6255244
21420055
34406716
25178365
17963047
12984330
24155402
17833375
13192404
31831232
15268534
13257513
11628467
12203062
9000453
31197868
11069673
4875823
5443764
17500810
24715286
33296949
6237085
7150670
7669172
26401334
21126238
5373367
14366096
10982452
16918191
31352140
6679685
9929048
7215008
14893086
11902883
8908237
12989911
6557870
16151353
30969484
16801173
34868075
24290933
15046641
11892682
25286875
35504056
5160790
5923805
29988259
5418837
7430622
10979822
8311624
8650751
15433738
23045471
20389279
33980982
35350261
14038985
22301575
8464277
20490907
8186902
8187443
16206839
17934019
12765072
34782179
21391207
24825605
9483808
5519307
10668935
28489600
18354442
6364256
5309083
10975756
6217174
21935191
9810640
6413013
26141876
21044026
15105822
19952941
13165093
12968379
6953034
14604292
6201550
15101268
10762777
7528760
10585732
9823624
31841450
32423037
25299277
9547004
18602170
5498254
32848335
7116853
9320337
19354663
12197388
12812990
9455733
28870789
12871616
18319933
23899493
14165613
8559546
6163769
7141797
19256812
17195281
8753187
8022445
31226902
18854626
13711147
9291073
21678040
24901226
29679991
19111654
19555153
4957880
6384504
6072890
5263742
12465519
9135871
12383878
10435780
28808284
27035811
23483270
25488232
18301342
4836463
30964150
17836906
15537098
5033257
15624771
16095612
15747805
12563024
19212289
34446628
35404498
22819022
29944075
27548925
22662986
2113217
23282030
31757654
15091484
13048682
21938308
20061037
10187300
11035635
13736930
31775291
12436963
6239254
5292559
13932623
30334889
18734725
10366755
19924468
14612986
29253220
6985785
30202445
6057149
6305812
11248154
5444594
15285215
28643272
6718860
31239796
8106851
4720677
19008880
11210611
24182231
6632748
8591407
25910872
13539799
6556557
5345017
21463534
11199252
8930141
12611599
20305492
15131338
14317288
11708486
8809812
26750153
30555130
17305042
30035455
8641246
6609291
24453842
11181337
33925143
5150851
10688534
5077788
1184405
10661575
16454070
13564401
13001161
15426982
7749591
16015207
16589208
27065592
14999675
15084166
8023512
7656961
32774154
18717856
5107244
7301501
14513096
22997834
5991879
15731071
25955272
11016720
13201308
7814890
5693361
13210786
13721885
28649140
6479240
9068240
13152308
12885797
15191572
25564960
9881825
35246758
6038384
11164630
15461751
34778393
13469879
12615241
16011311
26055625
20946295
13522737
19325296
6317304
7811814
29949145
6633861
6057270
12714791
11407475
26821700
5700141
10551697
13103556
11192270
16752621
13796244
5306831
31781213
20131372
28539085
7994306
6443156
26799506
7364571
15943782
4835480
5358212
14824919
29132524
4811781
12357798
28318417
15052439
8760668
5743221
9915484
20115367
19678888
28832809
8816187
23956067
18002359
8060604
11232989
26797445
10573710
24110186
16420824
15546070
11644728
13207153
5477202
22279087
17620948
6455298
20771323
15163711
27595347
21373687
11032304
27322011
11732290
6246590
7237350
6590503
9498312
7848653
10344902
17093910
7615138
22620773
12944904
33961197
14485095
33305640
26887868
12509421
8078055
10752271
23943545
14405815
12933749
12061446
5084312
13183965
10701853
15004257
25102588
33509231
7102556
15228452
30354968
32154183
35044661
15899446
10214149
35289034
10562741
23143421
6383167
11906050
5007358
9960863
24610691
7845132
29449597
26016238
17617717
19574086
9189185
7896597
20030899
5282088
32643504
20186269
17780458
11209172
13637053
6109395
11240346
22034686
14172870
15585577
8939775
11926501
21411865
12099823
8531674
4955442
9998921
13878207
20579851
5385370
7396798
30323891
12634761
10418040
23212421
12213775
7281234
12284145
13264784
23612177
7496821
20742064
5260607
27160941
6505162
8221557
16865238
9075301
15885008
12266622
11970740
27604419
15704486
17420938
27254760
27545799
11228143
9819386
8561080
13250635
29679775
16651809
16015667
8430343
7205997
7879298
14911750
25082173
15674589
8192945
18531427
33948693
19240333
23931122
2962317
6759516
5994612
18980764
27332919
14771165
8627208
9537467
33359720
8004807
13384671
15148994
9347928
12699283
24856718
25619089
19974406
21130861
12028546
15843491
9353170
10515991
14411650
23794229
16876755
12477436
15986629
11119841
25494211
9748181
14898864
26258501
32270832
10286185
22303708
25640182
24191411
6503795
12700113
34724082
31343692
7359486
6810116
18567166
17431561
23563442
14595256
21628132
7275342
11140629
22728167
5288128
17819416
33158283
32974647
30045346
6712509
20847712
30647731
30038539
8063340
17990998
28681537
8194399
34683021
28991119
5349800
8830761
8237153
7444206
9088575
8801550
15506093
20280760
13866311
26962448
9041504
32791311
11960287
19129987
25166710
19156609
7036066
20976967
5088605
10604988
5019808
18154501
33659907
27200118
7595697
19965757
31870208
35041262
23964767
35154355
15727819
16674678
11340551
26883683
11239733
25009834
25232644
32134134
8740023
11090361
26497295
24313484
31433159
10882238
6953291
16114078
12212164
12356688
18687133
16075276
15458977
12037925
12419972
15752728
17076066
9861856
10946186
21830872
7151083
6768882
8079552
20837047
14057761
13308639
12514509
15052216
21775816
9392769
7835482
8339798
24663239
8156706
14924430
6424253
12343954
5883443
34350004
30805935
16225044
15165060
14594135
17617333
6078247
11444503
9633447
4694975
4706909
8168702
12652287
13410356
5126850
13337183
31566283
21490987
13558410
6805608
8340499
21658609
15936571
5130334
14569006
6002686
9470723
11309666
19289317
13616144
22106317
19905091
30723113
10361225
8069569
18012496
14733038
15878644
13101098
8830252
13000172
12289624
14326443
18617050
5660655
33025950
23419742
23602919
4844119
10102555
25311046
5681554
35342635
15591093
7167370
20491999
5391288
15730838
31038886
23902304
16891257
23670971
11817684
13801114
10646668
21676858
11209314
9278976
15946877
15100835
6694995
11928392
6315077
8250163
12195119
9606630
11647404
22841756
10978486
5582148
13317218
14463198
34380523
9969101
7283208
13205574
6939500
24483440
2010677
22703810
10023525
24214505
17003748
9134620
26606615
13118010
17544922
27319026
19735414
13827849
14578956
34145101
11417846
11590513
6529702
9305464
13563674
6568996
5640811
7100937
25522747
20537536
7580753
25058734
11023941
16943172
21875047
11037949
10442624
16738485
20213308
28492501
14491864
30962878
10034329
9464781
15371884
32046168
10237488
7940947
17613523
28972240
10445883
12713689
9505304
28135426
32040734
32295435
11540215
29975164
8047086
35030366
26781194
31153073
10829960
7711932
6949074
32706981
7859132
21295960
31090163
22085404
8463985
16750161
12056024
14753265
10813306
4805725
8900027
17934199
7760564
12371381
7246713
35228032
31831664
18731176
6136229
14470759
11268416
30691306
12715199
23808995
4691658
13632891
13209417
10654092
11648720
32489181
15057848
24238079
34089748
15483929
4755638
11003088
7711680
16820142
8001453
24050099
10286262
5025497
23063936
31647215
31532650
29207935
8617774
26447330
15185657
22169230
14202841
26370827
10279863
26775500
14750906
13896955
33690204
30205163
11193542
5072337
5179336
9902626
16505988
4763962
17556640
8693495
6739011
12959324
34781480
4996010
19469542
11126572
7614601
15544083
8190599
11296263
24949222
31646084
31899199
30962197
16033325
27970743
26111614
25848841
32114397
11922674
4691153
34563853
10747364
35169961
10242432
5852971
18795832
5667071
5952576
27511968
12612516
5970382
35478583
7136432
13576419
20323645
9208028
13136536
24495176
12799457
5107491
14784178
25350676
10642790
7395512
24487385
22744385
31434683
34705869
9513420
32414061
2201500
9995405
6961205
9747884
11793057
26743439
22233478
20563405
25167316
17020917
12721335
9350650
19099351
24827078
33126888
7070535
15651484
20023813
5391092
11264220
29765671
8543595
13656442
24531776
18199030
27652035
22967279
13947716
30798570
13384610
19732699
25429024
30278777
4844159
9989533
23502206
13535151
5850089
6384102
26169434
26637485
34547629
22947308
10969555
19343383
10490186
11192532
14168739
7658872
5356843
20084140
10615998
16750185
31749770
12716903
12964837
7090874
19559101
6977800
35284720
8285710
14815267
8482070
25280005
20113045
10964506
7994766
34259671
24366167
7935110
29569135
12996149
33891213
16933401
9622384
31776491
5068877
6146559
11568922
6331645
12187200
25329622
8845266
12161992
5929770
24433055
31047508
14041471
15150717
7753238
22017820
29008666
7688073
5487123
16197709
31256044
4758414
8496598
11115878
15415435
30599938
4695580
11855121
16345590
6182379
17484865
19306396
13956277
7886853
31900945
31555456
10286748
32114550
33550230
13039089
8488887
12136121
13732908
31371892
15659609
5791864
9890525
24997123
35221414
14557722
6245629
10250087
16454250
12397724
6453757
26904542
9453946
18278377
15359764
34548364
15702104
7995796
32751888
22865987
16378659
16003408
28167403
21827539
30332726
8232340
16026275
6514046
13370016
12685772
13522851
14220078
12673249
7634844
31164758
7487184
6460975
6210330
15383962
7411538
15449398
7988944
9893207
9267034
13805627
30514807
17538622
25953220
11786844
12945584
10121868
14172998
17092155
25322530
18817087
27752952
29850850
14449030
32210616
6846967
13326758
25938736
25223239
12395006
29762581
12971987
32588343
14518137
20534155
32641230
26249996
22784000
13021992
6486268
6079304
6370658
34620280
22397392
10877618
11623670
6489210
19148341
29366221
32550096
25085218
17414002
10818481
8754665
12830657
18805597
21127150
15229274
24145331
11887933
6424396
29939125
29270779
6709564
10863221
4766704
11629994
6905143
6754519
9427474
14158402
26003077
7104959
24467108
9405196
12536348
22045234
13373567
11447683
7535911
6360603
27322176
22958660
26320643
15905335
19901578
19583845
22194979
7548358
14257166
21754747
20728078
29096293
10693438
12882967
14115250
10554090
23512511
22632617
20332117
15215221
9262128
6622142
33191316
28580944
20857612
21365650
5373210
17407384
7535670
10294689
6932068
29517454
8610853
25861042
15862907
13393820
8620825
27179367
14061675
32192631
27644586
10915393
9059145
5649611
5084559
6220612
26841914
30339335
9676736
18600643
29644909
10242926
26623703
8021543
26815967
18715933
16016678
13073389
32704506
12066355
11926039
8939530
13292098
22762910
11177547
30061618
10725383
27818829
13252594
34559263
5800419
15080446
14503798
26785508
18179572
12561767
10531249
16178771
29942611
6479127
10311126
7773910
7099689
32092989
19054864
10443481
23811884
8827497
15539496
20344408
8459891
13531337
13065136
26658092
11161250
8000155
26395745
12690411
8585991
32983656
18187996
24272141
4768660
9825354
12481001
22324372
31433927
6919995
5934214
6058393
17039151
31871648
10346407
12296650
9529786
12605490
32672724
21687961
25729792
26528753
14809699
16118718
18597829
12870682
7073171
15778661
4783436
28135144
31146677
9294609
20065969
14173318
7239280
8979351
23923028
12085603
9968067
6599427
7752390
6806611
15222639
11498913
15058256
10741775
12587848
19933288
29109346
16900914
4814144
5334475
6480026
14211165
10531851
4685225
14737134
6054095
13031220
14822971
20631697
31322118
27569562
11757187
15532783
8126696
16488921
22808393
5908266
28411414
10549170
6415631
16948779
5521654
10186705
5800501
28355800
14046756
5955424
14795672
7042643
8745571
7584050
10042666
10757971
5780343
22633811
5405750
35035442
10142863
28424296
28545721
10252480
11895119
7051613
5226026
13143251
5848591
27820734
13340977
8137313
13655052
7179862
32093064
34031661
12606785
4863662
19804552
26350682
13666938
27208272
11976429
9570266
8984781
12326048
4958830
15811252
11833186
15000293
27282246
28380457
6120499
8431344
13120481
14314647
12064233
12010929
19689328
11228789
4810486
13280493
16478958
10491363
18009727
15654463
7125420
32464998
6807131
8298403
7626767
19675558
29463919
6760797
32033216
35495002
26244803
22708928
12696304
13407123
5542879
13192853
12003367
23851889
26360084
25676251
8720041
5356935
10077881
18825898
34285870
9261896
14890432
34204138
30828981
15668153
17490463
7670403
5372539
5337472
5090537
11354900
22311010
8752861
6032077
6100416
14932492
12094536
29931871
5866815
18737401
10023891
10369974
33179304
21791218
6611817
12373492
7421908
14187348
7262984
7991351
27549183
9320942
16489848
14281083
9299224
7609300
10935405
24478559
9661350
25421023
8049047
31928443
14416660
31714490
11903534
9529817
17650696
5645540
10269932
25745461
15891463
22249441
29658154
35528287
12236481
10716132
13720507
7531636
16127436
10373686
10456869
13318033
13368013
10470248
25419862
31256845
13845373
26514401
13815724
11013432
31922539
32264991
10229017
26850653
25584424
15808471
8797191
6450259
30762240
16687164
5692901
25400062
24902495
9237857
31738403
11366940
27779190
18766912
13988473
16814397
34200157
8659146
8230138
29828932
9474431
6979676
6404623
8730373
10158952
21907690
33703671
23385341
33948951
31111154
7683509
7953065
22921421
10536186
16000556
11914024
12708951
11947391
16171933
4850498
21817216
33470537
28200040
14691837
28970227
20939233
9326551
9907931
23625179
34214023
19201189
18333220
20398390
11989609
35358124
13588707
10775867
12061292
27458469
31927153
34954094
22227808
28761031
7958258
25490128
32457777
33619143
11455455
12427715
11215850
18918646
31587685
30116435
7904021
25310734
6311838
7518246
26806814
8043450
11044009
5342127
17175619
31980587
27969711
30773922
5213968
28909951
29250172
11456510
33774144
5691062
22082038
27377616
14386937
5928156
14690294
29626441
7906417
34117783
5646775
13873588
6203568
9337787
5882198
10543457
13948832
20182702
26844551
32293875
9132724
9348201
19101763
12961325
25816747
10232638
9341712
22287325
5989377
11398782
8631044
24875384
12313959
10584616
19395187
10424924
26134556
6545461
9112823
16200472
13236197
27224841
6355431
12909037
15377543
7793125
23127119
25193674
21482152
23608031
24238181
26108305
21318334
7049231
6808234
13065371
9680193
25512319
24966940
18824194
34413019
14330239
29078509
34263730
15774351
19951594
13222307
14267202
9120105
4956111
20529472
21358411
7563307
16270259
28230778
5929976
32563704
12365373
13693576
12951974
8994064
14137523
28090402
12370925
15043285
12882171
10312730
11372292
6090158
14434954
11216549
8588055
13756613
15000678
13288707
9927925
31323792
17096646
7754444
23415593
16998243
33216729
9581842
6206877
5453847
31369009
26524880
6199850
24459134
7216660
6544353
15820814
6402444
9608179
5738019
12941714
8599657
10118755
9009426
13835075
34996361
17693932
5670730
10523859
15273198
6611482
13984958
30562537
14731581
28226593
9900948
19548112
16720290
4815232
9193954
11907984
26080384
19067653
26645960
19197829
9362470
26270231
25177081
15444088
17943706
14393299
28862140
18314758
16211770
11635387
30946447
13375328
12306011
14736274
6881920
7083635
26540786
20702212
17075991
32552646
14169851
5571189
9338281
6560253
8945640
15073191
6634615
5232319
11590393
13582133
13043817
10223273
15357189
31423316
11738711
4691622
15836746
10834797
14332514
33685557
14925946
28414864
9140766
15052162
30042280
9972547
9661903
13922497
16223614
17447722
10916282
14023189
15424102
26385287
11628272
6943220
24162338
15888497
6934410
8137263
8234515
34164025
9011666
17520604
35146135
17598451
8391563
4442057
26399636
15881837
19424704
7443229
5114138
15531315
11851669
24450725
6903894
7081194
10600893
21278959
22068142
15101354
10018604
11916376
31497683
29590300
19850887
20942665
11754640
28519939
3837298
14214406
6343551
14984836
34823369
7083893
18211573
8204706
31764200
6578126
19726498
35331424
12587104
9110438
27889569
14338260
14516133
34136995
30296054
4764944
25763032
14519415
14641724
30788460
8441332
14638560
12093262
14769693
34279225
26633558
33840903
13060678
21154726
11550112
18499759
7235826
16158469
16417710
28512910
5942588
10100390
12008941
6278754
6806841
11417717
22436296
14742758
5746671
11502596
33865701
32210661
29584843
7769807
10684636
6575717
6386014
17392252
7051875
13140612
23617583
7675609
15432774
9944387
32987514
7704363
15262268
9437727
32480430
22093021
35247733
11827857
12129282
14932424
10703468
6633542
7081446
10037853
10958969
20228641
33351008
26686502
12788678
6088952
11164709
14609384
12211664
14875682
15446370
13616755
32200509
34461373
15816548
16329468
7294428
21251617
15992058
20613847
4741254
14364783
32145411
9902656
11696252
16093169
13881329
5985772
6446444
31038490
14202564
14755910
5992667
29236582
11614847
5714241
21518044
14478238
13699509
23847050
27971631
6778349
12731435
10296631
7238921
29813917
13759123
8117118
8976470
33679422
6073200
19142893
27372492
6531829
35199934
14976036
11454343
6952258
16831326
19946953
34088812
33154602
25402282
29926621
7912664
5330190
5117210
10408037
8512143
12120620
14111985
5886886
4945328
18523441
18917098
13741122
5447896
13660257
21155635
6995166
23563334
12353164
6219759
19085854
12427686
8666126
10350706
33137742
5302568
6384775
6187032
8080197
15445682
21881695
12239094
4897820
16463211
9887372
12358463
11962883
33787899
20469169
11154883
11075895
7968532
12613640
5610297
9047264
21881161
5640857
10838609
5407365
25927072
23345732
32982897
6583119
9175428
28677076
21434749
5326671
6934632
6133155
5047407
14131913
11963053
13866247
6487853
6573470
6046831
14958129
32738490
15985873
5386981
14104554
7430218
28545910
21029683
5766613
16038107
7094031
14432530
33750714
13228575
7197655
18941485
28038231
14672334
26091850
23860283
15222979
17803000
13486716
29160565
15857129
7359789
10815333
8260189
24152651
20978908
23432099
24854333
15950516
10049693
15534789
9896427
4771990
17093133
7634693
29384218
11839830
14826996
6877169
27463479
8079112
35329918
30643972
14770228
5976508
7369245
13602203
6983212
13356672
15405584
4736822
5309094
28382257
25090072
15553393
32818170
23733695
35248951
23504378
9032963
16130469
26745137
26607734
9780174
12802420
10179411
12668495
33647811
16375425
4974020
15338545
11058543
22280284
8272334
8822635
34762049
17134074
9732951
19694629
7035209
8549731
25230580
26352890
19310941
16201474
15354611
17209327
26977346
10583160
9678661
27628215
4723711
20145382
14361892
10107007
5088586
12305576
19282501
11387245
7755639
15975408
14054611
34957226
12992852
11059459
30533431
5128201
15318911
19781815
13213450
29622820
5827060
9766929
21926764
15736133
12245050
8068684
31502720
32120007
12755160
6630936
29396275
14480483
10203362
15243457
9852056
13668537
11231388
13764407
28232314
10349824
7207704
32656686
26505569
33927387
5550963
14047350
10649405
12535016
17407213
12819193
7380469
6059759
32039585
6306702
20069854
34901435
7820138
15610396
26742419
10597924
6595500
10176635
7540741
14490130
27394863
1243569
14341335
13702610
31387889
15570969
14317506
6765265
5907082
10709799
6537944
15426208
12343160
26588837
6271482
14664134
28223281
15537456
14403737
22049398
16045060
9661839
9746452
6125222
15840822
6652121
7293472
12633443
24716675
33178488
16527714
12987463
11068868
19542121
9067540
10045756
33150486
26181569
9335775
15534054
30131765
7720233
22851500
10130449
5277157
33922005
13418773
12422701
8421423
8152408
6271112
27846249
33809499
29857261
35269294
31023460
6475568
30826365
24948004
21244969
26606930
13930073
15218381
23331104
10579538
7222361
5092441
30721289
10649305
33314694
21217540
10700630
12528755
6926815
22949810
23926109
14869961
19781875
19114819
27105888
17451565
30298538
13706458
30000574
24930071
4788265
12201581
26193602
35195695
9460401
10668511
21462535
25448071
18356284
16283981
7080302
12480375
32725296
8310025
7060297
18104674
25790779
9797843
22017961
8891243
24316139
23479763
24745649
5047272
31924492
23798537
4803211
14195701
14142450
8905406
16382856
25239511
12561500
8758198
14523136
13492025
24387491
16672314
30347825
5664193
15521376
14871575
18764116
5560710
13789229
17969911
9725942
31250524
6338875
24520793
30846618
6458919
15333937
8880695
11815391
8066994
18711091
4680430
29992693
14243147
7012317
16264820
29109442
15983676
13891747
9087838
29359804
15946007
12238238
28022709
10110423
9087541
29991070
6198708
11041281
5281906
32731638
9393088
12549403
9784108
31987283
11435702
9616067
8078259
33101112
9349033
15350145
33006795
15700757
8788248
8757394
33390917
20876419
13047262
16467621
2430381
16671876
14264847
7625630
30598834
10208861
4760824
11447889
8207648
13682245
10539393
5762382
5847846
5346349
9610554
12709119
33205947
4840597
10164154
7172262
21990658
25472005
11091801
33736971
7321878
30408824
6041646
26579261
26576831
19815895
8573912
17388859
10475416
13070645
8894300
6538849
11370004
10298696
22138480
32644767
14075774
6209350
4837064
8067796
7009329
14675914
30558199
9109122
5656976
7215677
10190682
5952714
16237333
13082905
13263455
13743449
14655044
16499901
22566182
22656284
15349916
20458516
13416288
14209767
16139702
15993304
10185010
11896765
5543817
10668712
9339713
30551755
8252345
9848741
6449614
6807188
32553177
17000832
27402192
15688590
13170689
30535399
27584382
13749800
13502762
8417349
9024003
12414656
26751473
27634242
8184971
22002073
20351722
6209041
16097557
11524071
27698622
13742052
16576248
18822091
10923975
13981909
33828855
22640222
8744101
5484483
5087582
7296510
5755627
9703207
34288894
13829497
7616406
9820008
33161976
10952531
8746002
14299218
29867281
20364781
14147718
15880471
10794789
28847989
7542703
16449825
8427443
9026828
14996255
24134630
5330919
22171369
8858553
23793173
31841537
19739329
31512854
5605363
17662387
13482761
24240026
5364940
24180692
29273536
10845092
11305798
15080568
27210831
4798420
16950390
6536837
9379666
20254468
8225100
11596223
27904188
8698706
15500971
29103709
29881564
13304413
10180591
10024792
8153612
13481155
5228338
23938325
12575880
11087281
14240024
12874863
17565958
6092892
13711416
20450110
5524965
18183781
15960462
12796915
25335364
30182510
28006356
7432878
15812570
16050663
21937060
7266381
17949055
14187831
1761425
10040542
14548004
4758407
22675499
24319277
18277345
34206061
14717018
18089083
9616395
5654166
13058587
9637285
5329830
6930957
10874236
29936458
23604104
13210398
33794904
31708712
20867326
22494548
15782849
5503014
9396893
18246646
5529986
10374826
30565234
5390688
8147910
16553964
34146154
9020225
31546801
25899946
13889391
32500569
14603180
11846140
13148605
8013791
11936626
9034062
6766588
25756285
13187144
8717429
9957918
24979033
19392613
12687150
7809409
11126245
7016600
4763097
11273315
17849290
20892199
9996494
15442199
12778561
9118479
8928158
23384567
14448040
12486771
10770238
5464993
13668850
15514665
6346229
15618496
11982661
21233122
11025444
10218401
18422659
29611450
23416790
23401901
24201209
19399633
33560610
14460086
6358875
13697785
14982504
8292886
6241510
14346761
25643668
13663023
14239111
9291775
8316924
27919053
16924812
11623970
3024425
12640857
28320787
26316410
19941145
31986608
31692344
11877789
8669440
5838227
16943004
15788950
10301050
15590139
12659020
5810805
9206366
21451957
15098903
22533992
9914862
29184772
11684391
3101532
20193307
17610625
25292809
5032542
12268597
6518684
5263241
10334636
5384712
12766109
14285432
15382012
19734940
6933872
15570545
30859398
20542456
12251181
34680912
11771311
16994973
29167924
14879857
14391189
10207909
15375601
27270804
11599387
25879753
18770899
12523822
15991450
9520843
32344434
26570825
32607660
7106659
11092971
14491774
14127151
6436053
22628288
26015092
15322975
5229731
7269142
8335617
16206221
27623667
12069236
25227424
8405709
7054630
13662414
15305571
8870921
25846198
16606299
23093009
13985374
14903265
24162479
12646316
18816475
13729165
6112660
6335144
26999112
10228887
33532302
30152321
10806750
20250247
6122687
29441512
26239436
11016386
11571304
29230183
6297827
19536274
32582265
5902123
8369762
6697840
20300239
33289341
15627913
8243908
9490844
14690469
14887955
27361479
14572348
7297438
21157078
10619822
14653717
28052538
30640840
4355747
7932026
3886608
9220214
8095296
13150298
11234566
10690561
16526691
27143823
25341808
14423781
15743093
5847386
5690673
32126382
8182436
33515075
34868084
8471669
14103389
33569379
23893595
9389023
28628497
12299394
27927882
25022098
15082160
6977785
16800603
23195066
31386554
12584838
14370677
16090739
14240523
19649551
30447371
9391508
13792492
32752227
27329025
34379080
8020794
7851826
33587997
13084345
6926906
7168213
15220906
28539490
32582778
8583469
31015585
7518929
17571187
33417755
17089638
14219457
9635138
31176295
9792106
29171092
22593149
16081571
7222796
14991882
7821303
14130493
31001467
11093978
27774876
6712380
16001959
13741113
17375083
10434824
26614295
34499257
4748013
7878477
10489183
2242517
9716240
11129012
8387272
26785319
11144924
19291849
10589386
8086736
24028397
22710680
13741402
5682758
12028907
9792922
2424950
35390125
8950876
30568951
28062483
12543571
8168506
13551412
17748316
16348113
12639084
19795675
19774024
5341057
21033685
10476455
15269418
29422915
8685532
6257515
27338634
14483171
25995484
9249176
11406779
22523186
10529994
6743877
10856874
11874980
11665081
8592393
10487166
15560583
9338153
16010878
7039679
28836586
18282277
11422442
13101063
17808064
5910673
9448364
33215157
27481176
9973163
12432801
21456715
12867815
10877011
18364744
27493212
8488821
11315187
13416753
8761103
33619218
14047299
34784858
14766167
5098294
5588948
20058211
7183871
13678989
10473687
7872866
25092232
10561939
33734229
11259303
11222366
10591111
12006026
15804690
30454793
28271500
14711466
11444755
4719664
27087468
32606151
10245470
9556880
6047902
8609846
11034372
12042245
13287673
34623565
10164568
34162483
13890950
12496796
24289001
32200647
6638219
12770221
25124314
31531186
7529443
31813262
5987824
33347813
5781953
15485502
12717330
11170365
25855006
15369669
34253047
21617851
10801751
8002991
6572637
10762819
5700874
5959011
11809852
12479879
19694047
33837489
19894252
11235716
14427601
9717676
12870162
13421118
12037344
6809600
13115030
12081321
10681155
14154746
16835886
16023671
6374858
10051649
6247783
17459281
6849155
25633606
23934695
10594503
7722318
3205800
35441890
25601947
9457111
15663575
20827402
18840295
28132909
6223268
27513018
31066517
10099409
11362685
19287541
34446793
32766876
13761617
10101419
10856193
24549236
6845317
16749339
10942195
9067809
12606695
21975889
7983269
13262859
18041500
25201132
13648901
9826295
26496098
12377973
33336800
30722234
14710122
13518806
35168212
14716244
29608795
22570535
13384910
19636915
6030878
21672832
6666178
28030833
35409355
24946189
29464279
7649205
13973601
8523561
6851187
16060911
20760049
25139995
15704631
9128754
11929589
11223933
13342256
8635262
24772691
4712258
7052808
10600922
16707762
12148497
25169758
7480549
12713081
13649890
4967371
14608568
12191482
35140901
12250712
33265791
9929666
14115184
19008532
6748229
14687435
14316124
11304073
9862964
5574373
11586833
10373420
8462718
16085094
13395480
35107769
9879880
12644485
20589016
28693528
6863117
17187655
16031863
22108075
2241939
6411336
32722749
15635836
21155227
13360353
15155299
10606889
10795488
33712596
14220339
12937107
34839719
13910222
11989222
7472020
16142671
18466024
6273589
18278449
8689380
32777637
35320966
7849363
22618793
22168387
30679117
20259724
17453332
10303564
9831960
8152377
11299532
12776644
18664246
16360074
20971909
6463672
5336225
29993596
28316569
15420251
5820983
16139502
18984220
30514957
7469983
26828192
30456803
27790962
14825765
30824640
9320618
33948312
13465413
35147194
27366822
10885858
34755311
16305641
4721568
10009977
32514408
23229593
6777700
16107078
5697478
26931023
28776214
4938290
9739044
10641281
6312273
15388503
8347956
12617607
30266141
26256371
8902341
7885674
13102964
33401768
23257259
11470764
8772538
9420304
21766321
11037994
29912233
11553348
5715776
15432362
6994142
25534990
11585409
5817455
31165157
26596502
5697199
4781700
11305587
22195456
14996321
16897740
8514981
7306114
15840733
33573390
14984905
26000959
29232157
16478745
21797053
30330395
24475685
31841852
9313231
4717347
6625693
14983957
17641687
9253860
26665895
34258453
19021987
15878284
19639420
23516201
25171483
13841289
28674424
32196363
7829670
15769421
11894865
12987533
20780536
22127701
7742930
13587165
8893122
5687351
22308061
13752049
9657564
19584796
25788616
5126173
6860100
13369515
11110642
13345973
29785261
10744388
7180587
35504044
12011272
24417485
14202458
31482380
9923154
14568937
9854314
28641100
12077484
9069524
21168718
24723884
5994515
19816501
22571009
9682525
30155060
32301873
25099699
24534230
13967145
10553954
11651857
9867357
20707297
12313730
6847124
18558298
12272507
14699195
6077932
23169578
10303826
9984373
8057203
5946203
32232690
7204946
12601187
15780601
15183105
15234439
6241837
12692956
8957691
32749164
31922152
14461793
7925385
5336976
6810591
12796425
22199407
30755541
10413899
11924591
15027042
14501293
5863842
14182702
33649275
4789027
22344142
16243604
8833439
4799356
9656144
24321248
16233877
5535122
20680441
10795845
18687487
19970116
10968471
12638836
19853728
9990506
34177036
11035481
28769269
5240957
6015978
13287836
28697728
31363954
28216363
16146251
5113264
14826698
6230241
27514335
22503956
15412665
18341827
15965533
9750480
12874974
13224140
6387978
18362173
8487985
5858343
19304575
14162306
9970369
11084814
25783825
8318304
13318645
19173466
33407435
17625211
8417092
17091384
27121677
34814864
13829227
13266677
5377791
11819910
25604437
5814287
34919927
19523410
8867721
9341294
32521107
16285733
14219656
6028335
6695627
13640405
16175759
15057882
34740858
34396582
15153134
6759010
29304574
23641658
15569187
16021107
22569737
33952101
20553808
34813892
16233791
13576957
21423652
6176668
13122261
8392848
34626688
11643084
16278765
10480144
21891697
5945222
16605966
9235306
11278997
11760254
19390399
5612357
15708568
4809939
5842256
14271159
15567311
14049449
28266634
10993881
6905290
11840051
28092295
11695071
16129345
13227035
31167950
13029499
7668004
14434634
15431288
10386175
16104985
35098757
12262032
17898190
34862213
22815554
7927934
13950711
15883580
6268683
31039879
25348396
21749245
19669864
22762586
24296996
8550619
14608039
35165836
4814841
9967534
26656988
9740519
11068872
20683576
13551271
13643648
7574823
23732948
10939114
26904347
6655621
25472857
15762947
23108387
6242266
7746519
8214066
15863770
12697648
31706858
30233312
9112919
32244177
35478841
10111094
8762249
29986522
6183048
28155031
11331361
12346768
29841634
11483215
4890508
34175296
12665596
10134745
6138231
20955409
14711952
8358390
9028899
16562622
17543416
19357672
35052959
10416001
9580573
20473633
16130699
5356012
19652098
14317667
16701489
30336620
30191729
12639561
27716283
19596388
21471952
25819207
12340804
12610268
11939314
10564873
8295718
7122306
19985647
29386891
18711943
25933081
6279661
35446903
17812564
15106545
6519057
15361255
12072516
23049710
35153104
12426958
14670752
4869358
4981230
30498190
21064519
22305967
27964719
8397966
9058404
15958150
21540502
11043372
16524339
26130389
9445839
4992466
28748569
14105960
9330129
14175164
11682737
12722841
13887019
6595389
9894315
19184767
10825985
13573941
4763981
12273701
28499689
13059295
6787380
6190634
13736875
20164435
27859983
11432165
18938848
14900121
10110433
27969627
15212780
9309663
13272397
11955638
13664066
15786019
2211922
12042408
9075700
7149617
5271058
8010411
5535891
11855369
14080243
5153343
13176999
8622090
7425527
17088594
17517610
17628112
8130336
6330951
33770700
12978739
13070273
12700186
14343300
6695318
15042478
25755937
32538108
33640041
35488966
12661860
14398034
33065877
12986570
12397901
18081661
31709213
17997226
10475441
15004650
23331515
6280180
13272809
15051252
5960055
9312757
29156464
10262968
14038666
18446962
8581861
23751953
17768137
5249987
13418699
9153558
24186428
32182512
2063770
14646113
29853715
7092262
5333246
18274864
7505808
23412683
12754930
14952966
33510431
5302862
15657634
10036561
33465548
27465150
9638332
35326000
27702177
7440861
30685888
11556709
29925424
33554514
5631748
23047901
9919166
5462039
20466121
34637758
32137002
26859044
13741621
8419001
8621490
31372684
14374787
9746852
13521365
5010376
14930807
5101543
15735639
26874380
19112818
12510970
26012818
9200701
13702464
8626640
28402468
21335629
28414951
22309747
10576402
7292988
8442367
18462229
32149308
30482192
5746804
8290428
11720286
10005511
28214038
31866338
32282322
5642608
10844383
24480902
11401815
33343232
10461310
31895458
27174741
21610567
15030637
6808369
10672779
21529051
12598847
18063709
20288614
14204330
20232436
11659598
27714771
12744641
13296344
7140513
22786850
25480153
32343915
16251162
19472275
28485397
6522755
23996162
23812304
7676232
11023828
12683373
28797199
29814985
8986445
26934275
25902529
11774266
28748743
10626566
9259702
13442394
13617126
16823874
22053769
5718362
16814091
6470882
8783987
11320302
14813361
14077651
15023907
29118139
29059831
10713580
6397253
16917528
27553104
4796558
27895722
33039813
14984996
33714201
13711255
33056424
26386709
24066182
24787817
12480694
5807853
11035934
21761329
15421603
15152465
33385085
11859188
28535866
32970012
24241028
32965317
10431478
7879266
12592428
32314947
23919872
10932569
7843061
14733924
13672467
7804507
14418451
11448303
32223720
29374375
12685359
29433685
8406790
6909341
24428441
16763076
6303028
30443648
21394297
4995236
20249362
21984745
4794581
13027911
30347693
23327528
25250200
30431213
11809400
15994848
19985236
26975945
19961389
21761032
32931468
15120820
12431945
5839563
21612568
6428145
31318041
13936665
14506376
27542283
8403123
15743352
19950934
7654224
15557446
6420104
8374322
6629425
19721815
29430949
25649545
22273591
27490008
11452978
24264209
28752349
31885609
21793477
10181383
18244441
31814324
12862218
32846613
34626256
4923296
14047551
16232487
7161717
9768190
13806702
13527276
32092713
5606423
34756553
21040807
31148351
12151550
12053290
17042568
7923628
8612300
14710827
6688711
34577521
12769649
9504840
14595691
10644788
23691704
33923886
31295468
12318501
31241626
34425511
32703300
29173651
5768033
21248938
17731597
28770934
6814687
34507354
12346661
31497425
3246247
18893632
25019815
5903638
29535937
9480019
27313371
32008154
27621867
27656469
10337908
30932004
34114084
12030791
9395311
15233247
8005529
12725708
24852605
7467641
25908514
8721402
15660061
31287080
15076975
27755886
18466327
35373898
25867375
25014943
9833477
10027743
10650093
8715290
4954000
13290330
23951933
15189583
9810704
5449048
29033875
10857132
5527942
33323289
11101547
6966987
7928282
15108167
13274009
10794440
14479546
26896502
29067046
19793581
7277008
9071415
8145645
14584827
13177091
32900592
29156605
10679800
13664075
12203858
25071937
13414121
13761363
29392459
19629067
9856872
29795134
12758521
15451353
30039211
15259114
11857506
15606000
12965118
5594429
20448940
29343796
30462155
26775578
17015307
13227445
13003794
13864260
31678943
5015633
6009930
32009135
7399693
19363552
6336518
8052517
10108866
25434463
31280816
28736230
6430880
34936829
10294992
13906908
25505902
34397491
27541416
22459123
8178816
6365324
25059568
10553874
10696765
11388850
5427918
5492727
17466742
10226578
26916506
23975318
8377849
5883838
9592692
26775401
7789002
35430214
12811196
15769770
11554678
19388155
27746106
35001194
23434001
31237639
12347859
24289034
5302015
15613584
8546370
12610514
5284694
16298575
23237930
4755498
18337138
9526850
6215632
14296404
24573773
17702425
9035902
12686021
6480970
34273585
5324267
13443154
6797482
21171013
14912499
11242393
4774651
15950238
7289394
14485785
15172882
25106863
17357980
5367891
24850868
7636886
32431113
17978596
8870896
15944260
8467627
15136494
15111453
5693068
12048618
11247679
30600472
14808805
13997471
13738077
7192443
16179666
8782900
12251459
4520452
34881572
16131261
34084573
5442206
12974735
10080268
18143038
30781701
11531080
10244166
31047013
24016136
11512068
12775177
14980225
30882003
11872049
7889959
28281109
11617934
12180244
10946531
30579505
9398752
15682242
7419177
10378820
32786643
7150408
15636012
12423707
5331926
20001937
18934093
9983918
9978757
9129438
22912403
14650566
24782210
14029896
5573794
6254473
15332672
8271723
19278895
27601347
11656361
14420126
13092313
11746189
19520176
12677613
20344921
17962375
5310506
9928227
12164074
28414792
10330080
14393718
5045712
17445553
12731627
9081149
8676682
12374840
31512407
31667123
9332236
29143516
14440497
18284491
7137599
9543457
6087562
9696236
34725567
10298816
32682555
5483323
13656401
26194934
13208946
15496066
18854659
8041377
9856293
14593362
8761313
28123075
13761979
30276878
24207446
7093523
34858253
34007799
14986168
20385856
21274636
29289217
5939140
5048183
10372887
27624114
18374206
34775198
26249630
24907673
25179430
9527763
4763576
13469637
30963838
9874914
34259707
21348805
9881735
4693936
31792835
20679733
6187192
14779117
17041518
19327957
20098306
31000960
12523532
5985556
19231678
10733199
8884513
8905851
33734217
33047352
8331505
35110376
9486160
10814950
13145397
4861055
10364620
21503086
12299864
16327110
6305510
5062545
24751733
19931299
35113775
26911691
6953042
5583382
8351658
11764005
10011503
8094569
29403532
16265551
32111511
30443900
14402334
8760244
16257438
11945813
14517057
21250489
9700698
16231700
13478776
35379715
13668125
33750531
9381947
8496671
4707538
26815733
17111619
5968247
8150516
33515303
12078675
5592683
29863924
7226726
14314029
16052083
14757802
12340189
15044873
18870154
19040065
23115284
12117272
27240891
4992348
6003380
8329977
6735007
12192377
11916920
35360530
8780186
13021212
14633778
20534173
16251554
21590182
6910291
17725237
18430348
8455941
26059120
12097326
15851527
14501713
5001153
14456322
34854485
12461967
8403832
28355788
26618273
26682713
14221793
14609240
10308548
25465639
16200237
16618821
20495959
13023051
12340462
28376203
9466771
10634339
9524585
7878701
15906878
25843816
12398495
23862449
25620010
17503906
19667194
35171518
8021017
11034784
12530262
19685020
6672597
14542069
7062449
30297599
29977048
23955044
29797315
16160041
15063144
33128211
15793841
8840207
15045741
8988659
11867904
13419342
27450831
6755695
33036606
16930812
8175476
18645604
6436308
21912988
34316974
18040846
31657619
35189650
23054327
28326607
25668295
16360308
33201423
25281952
8092601
16101045
13255401
8199198
17906947
15308838
15664068
5194948
23051183
30822708
13750511
33297627
12968417
4687514
5728328
5193559
5033324
12547045
8409095
13982975
10848137
26555210
9122808
13515691
7010496
10884161
23346812
8337771
16657209
15524578
23316332
7568766
6857321
10076057
8992594
26297168
8848154
6513940
21271327
17191894
10148225
13049506
34619071
7363542
9120061
33120876
5997579
25670365
5151034
12125906
4840212
21335269
17685415
30439217
24262874
20965633
32719224
31237255
13401851
10777382
29980219
24483770
11695527
10010217
9385951
13206538
29539027
12739176
9842655
5071939
26491142
31641430
29092402
25197706
34027200
31271462
12819998
9409205
15077016
9794856
24219368
16601433
7546901
20378794
6415897
9970914
5192288
4730299
19535515
9376592
34136521
11136556
29178604
13577936
7178688
34255096
25298686
9023076
33878871
30615400
33601938
13922333
11604363
10105749
7278488
34817252
9768140
24653264
31503089
5587046
5314133
8526058
6564739
11696939
23551040
14263372
16528929
4999156
14126606
16226508
6251027
16490961
21798640
13896896
9639505
13524988
15661045
18585514
10452843
6572765
33961974
23532308
9960953
10890563
8559136
27337842
5093343
10865685
10819694
29504422
34490164
15924622
5386711
6436604
21660238
6400752
15018000
16260712
6215826
16267863
19754191
18241885
4726014
24716627
11160753
27685551
15483285
24264401
8232130
14753868
6293444
6468394
12540000
7000250
9352299
7096684
32491221
10633502
15870465
33582177
12888044
6866663
9780730
6078526
10384770
5377016
28026732
33205503
10458430
11812289
7794107
10790380
20399185
22181731
8723149
28358122
11344922
9912432
30003751
23516387
9063974
26686061
14220692
30387968
14044042
4844639
21369772
12765463
31111127
15327814
23601590
24316628
27859038
8596532
10430037
23116703
24852917
11237435
9527919
22068316
29596312
7020427
24970459
9688503
20160283
4799365
14988819
8218096
30460505
10672706
9993716
8933264
33558486
15228772
14560763
11515596
7612143
34347361
8979400
28712596
9943678
12807225
32569965
34971137
14917371
33611493
18848119
14401455
8583568
20959810
8753347
13902201
15962088
15414922
12034042
28550314
19034869
8880285
14329933
5372866
13674794
12209210
5040742
4889320
13622375
30537583
14733067
10283810
12524706
19235830
28429981
7524653
30192608
6098483
10595711
28518955
22592936
11849409
16161878
28791751
24285062
11262347
35026658
10546099
9828544
25530517
7099159
30016303
6047815
15729553
18779668
30045991
7158134
6334405
15623408
33779049
13255467
20591578
11541752
30866172
25014496
10156871
6039664
15311048
12415901
4863209
6080239
14040768
17984281
5938942
6557380
15162534
18686083
11721260
12845038
23267321
6729283
21218608
7565318
24134036
33168870
25053103
31990700
12634534
24473543
26047942
14142829
14794727
6450438
28812193
9860139
12951801
26062552
12987846
9566463
11925302
16296097
27523908
31637587
14070275
6549263
7439343
14914322
33642288
6285276
17595988
7115044
18319021
16880937
19876321
31524815
23199752
30544273
24930281
17439199
11573576
17013609
30188492
27542715
15820702
16750035
14665054
12988154
28757404
23723516
10022665
7326194
4872071
10529868
6298828
22160632
15058171
12811895
6244076
20494183
33333254
10142505
6999796
9483221
25423444
15555213
9440732
22771385
25956022
11881127
20210305
32016128
14553406
10215900
14433258
5283223
33299556
20093761
15398898
30607636
35048426
15522337
17237269
30765678
13416706
28712998
13894598
32145720
5952699
14782789
5087126
9508640
14044154
13479344
4958808
16268159
7168726
12514410
28053444
5279891
34504018
17822257
6147847
9849169
32802555
14976335
14539322
30073114
12461108
8342383
10511639
10994594
16045941
13558550
26067112
27873816
24352034
6647179
7603594
15464276
13072609
19525147
11148078
7324434
13368890
14517603
4715065
12346793
14689502
14516859
11490340
12336105
15988573
7243449
23735147
9819320
15597772
9460276
8075049
8074581
7324266
19527409
4970195
16918614
12941197
14072723
9857663
15188665
15875307
16267075
5287548
13762883
34312225
34076428
32486781
12561982
6308269
8837707
5662933
21365866
11082925
30086973
16981575
31774736
13113566
33036882
34527784
14241091
28838485
10188657
9863996
32902071
23160884
8630400
11860034
13101353
6662942
5822267
10143065
28813003
17202034
15509744
11443062
24291539
4953027
5635578
9978538
11788434
7964099
13999983
15438096
14940427
12646389
5436116
19222378
15276578
9690987
34020432
4745374
25820533
14338009
28790935
33047535
17786209
9996872
5777851
15714606
16087650
12026410
7477165
11042134
34772651
4771023
33768435
8041572
31617058
5593792
6386034
20925178
6797101
8995065
25180804
33899367
16313214
13120360
15156851
11043758
32155446
16216578
14178815
13797610
13038577
12605457
11147506
12387215
30129845
23844002
15303962
15932148
9626205
11226635
12540241
7391551
12178501
10957315
19082866
29778244
4709018
31001320
15360697
15951506
19081147
11196191
31316550
30173894
16522368
11442494
15319428
5053679
24859145
15817379
12597493
22364011
27497922
30195932
11352812
11953508
16389921
34474117
7573207
23825768
17295190
15103105
15541803
28219591
16137837
10231867
16518837
13692732
17857654
24783944
13961262
12330345
11844150
31854089
26501129
4713427
24839378
13995028
9346235
29727637
15527187
6804702
11743471
34509346
15047090
22857011
30059782
12301225
28173967
13442514
14888983
6617972
26534819
4969942
8972479
5243893
24870098
10808042
22299238
5043635
29783614
23199812
26793737
7893478
5803846
14709622
22702085
28654045
25436506
17016096
17330179
35308180
7181099
12308789
16325256
33599133
5403422
25431025
14927201
19662358
15714237
8079413
32545605
13937468
15912245
7115943
13486149
22731194
4036396
13816744
18636892
14256775
13936273
6637825
24715070
6240616
12758463
24547448
15385031
15448210
13802846
7331452
12888418
28966927
11266618
9453898
13878272
20779912
9214326
33234669
24777473
4705279
29007835
11779748
24603806
14288676
9712227
19483792
11238944
5736457
34226416
8352142
34389217
15943209
15416467
33423611
33944325
32603790
14513461
12896708
7354600
28855228
17274562
32195619
29372884
9150475
14306717
5890715
14246427
31217041
18163387
17201119
24237839
28526245
23179628
13951236
13668011
29904820
15511300
32813727
11272748
4921157
7084474
4997250
32342718
10693381
8551014
6144922
11470964
16103462
6598597
15453962
13839925
13000048
15135465
14435180
7539205
5964307
22661783
12387724
7093935
4760633
10175540
5264468
31912870
33553827
6334219
17620942
7661204
32955336
19969126
13508239
10080983
31805594
19212877
28744000
28027938
9982768
14052691
21058801
9150313
34203100
10244088
17940214
7334402
19926190
27463119
14842120
32357925
13297037
30712661
11723581
14852297
15899740
15931317
22892420
5874225
15181090
6294313
13895470
30099575
21700555
19294141
20545453
6609165
29444695
8300948
11292516
22544573
15136177
16451991
8131606
7651126
13713955
18369772
10905911
15453634
32784726
7516730
10249872
14310797
30399194
16860696
21956359
30782142
18757903
19378231
9783378
20024014
34757969
22334080
6038706
17670151
31311801
31638106
10360202
35041265
24291218
14448538
8969794
14296919
5610014
23775620
13889083
5034110
12180838
12277081
28378693
13850390
31139084
16471014
29880019
12622584
20133949
20329123
13517764
7503196
34721490
5959500
13342372
14040525
9471317
33339416
34220902
28024482
16095305
20160382
11782201
34560202
4796504
9438902
10779683
26521688
5085219
22781492
28926142
25905886
6884608
13464105
31872464
12560363
15566497
24967642
8071319
17718793
8982337
17349460
16865100
6749248
5176332
13392909
19033909
18497308
34907765
13712549
10400270
10566767
21605845
32153778
34258000
21786523
15512452
6032980
13420153
4884729
12938395
16257989
33245232
18794875
13718759
29460109
12913380
7672730
17260900
20321260
15027715
6854301
17470786
18771604
27674928
6339031
13729672
9154442
24553376
10003161
33380048
14804228
21676504
6611061
18185305
13538569
21321229
13451323
6388055
25566247
28725082
13483334
5856074
9286565
22422232
13660272
16156940
10258697
14699795
20986081
9398506
11779764
30438479
24437852
5961119
6144084
8447746
27285096
15435914
31273163
16300850
14098743
28962511
32735760
18975463
28560148
16977504
34193527
14791614
21069007
34409746
10113318
6830322
19984534
31731311
11253660
24272513
5152121
4966392
30228599
11244406
24687938
10296872
31007896
9317840
29886664
7847002
12564152
13677630
20804053
5929119
30919167
11989000
12441220
7841835
23344196
30328055
8486443
6213501
30952534
17891866
9440831
5286582
9922169
9763141
31034665
25785553
9619013
23728937
18933313
14782604
32138409
15016543
31044286
35171728
14271223
9637764
10690803
15645240
22709447
7933009
17993512
14567164
8669990
6383900
31147943
33304836
6750720
22149715
14024850
10414960
24734000
5289181
7975703
5809231
8795829
5654564
13351439
6433981
11737347
5795730
15451396
11768491
21066319
18625213
12165034
15932647
24964867
22706465
33779085
17919184
11118153
15142521
20369605
9660547
9896456
15912817
14155301
12908417
12078268
33043506
9603712
5898487
31448832
11679451
20201164
7223581
9951386
14945833
26983376
8543190
4984654
8319154
10102308
29380420
4995362
6633725
35406970
12154236
8262756
10150650
20620858
25802245
7289806
6211294
5387141
7931013
33359792
4983035
11743489
18941611
25012258
5093333
13745668
25731736
35293396
13129248
23066084
30750270
6426389
19188595
33368531
24876323
23075636
31811012
13518702
13440297
15687891
13464695
9577824
33523665
9032111
28727344
35148478
31132970
10491011
11884216
11005072
13873937
11444842
14863419
9910830
25723768
7337268
12116903
12241663
24560444
12364609
12015764
7607072
15039740
18090109
4808288
5888672
34965248
21933082
24334724
7155926
11687678
31679633
17924692
12577652
10283832
7613382
12089170
12731826
13069486
8326159
33192204
12362109
15856208
34283143
7171129
14666319
13469325
12911122
12289660
30998236
14778739
15777707
18423847
27676899
15303572
21490720
22811837
17844703
9407569
8545129
8718071
7824806
32834085
7161397
32369283
22284484
33619221
12410487
35299405
34292914
11327166
15475638
8441725
4390569
15688015
16245293
26577467
32651346
30484778
10333867
15856833
5966770
29405752
11387106
23455133
32401881
8816706
11467182
14828871
8791583
9705431
12444942
33219942
8222999
5988748
7417058
20447173
7965342
6790906
24134132
8418239
5779419
5507637
32580351
20071633
20951782
9642717
27983097
7442140
9866235
31195882
13996283
31784153
32275404
30027064
21615310
15657980
11557980
27464958
27228837
8050774
4935826
34573429
6668878
33748197
7654769
10791608
7665307
13021139
16375371
32887206
16940052
13120538
8700319
7997813
13066929
6522965
26648852
17702497
7165743
13290514
5100080
16145626
8567025
27307185
5177265
7640435
8679312
14767724
6468062
28773607
14750493
34655698
12225726
9345422
26112823
6983710
10105678
9239582
26485742
16110829
30455861
9641524
12573320
8771382
14256865
16772994
18566437
15268409
6793096
31061819
13155813
24106454
16277459
15482952
12155085
12010048
11338529
29987626
9777474
7924848
6428720
10069480
17444884
17644585
15383852
27576240
13081947
12830578
5668585
7335792
18939736
11786267
16231061
22628735
12547953
5637160
25322758
15517842
20009659
11072382
22466746
4691779
10946365
19184281
21176095
13065897
9906020
33638277
35278417
14658839
5187755
13374598
15694234
19243240
10584450
7957827
4810645
5372775
16268238
7562640
8495645
4767982
17022624
14048700
34174510
11262235
34081414
11482365
7362947
10458925
13519030
25472434
8551416
4740345
18199678
31089992
6475247
13887309
29589832
9019412
34390552
12679339
15266613
8785673
28809850
11374710
29051881
21175285
10821663
19238383
9074566
22952414
6834926
7774660
8124789
11394308
28247647
11061876
9082925
6304786
21099061
34058755
34020342
18941029
7337599
15568001
14043631
26409602
7205283
16953858
28848862
5183455
7654630
8310754
10524898
5160371
9528849
5967398
33894264
10189150
21060859
33282630
4674534
7267503
26779430
32566665
13812450
31038646
9554651
22179886
15408462
4884858
6369440
14825242
9658165
14571321
30400319
5845516
30937101
10774832
29180980
28944487
9570481
27376509
6363828
14305680
14366012
15336685
10927093
7192488
34039891
13778831
23116991
8400863
12723011
7537488
8282555
15847044
13556279
16179282
6618697
9951521
22931306
11642176
31038088
12195415
7431897
9634427
6422058
18233086
34696620
30045259
11225677
14661313
5261808
31077749
5880843
13127246
29777479
14461840
15618232
12448400
10165381
30616255
12926094
11911901
5884030
15052495
27985206
10748783
14919858
9300813
21411964
7414393
8367990
14850697
3695022
29614549
24570332
14010782
34059289
21494032
5478687
9093233
8489215
11094656
14151377
8380240
5293171
10705831
9214424
11786511
21811681
6968736
30973663
14183290
5153388
8876466
11739385
16459626
15317944
7743478
13103048
6630214
15955293
15711832
12779726
14131308
11537488
10763545
26767418
8351771
11649145
29190382
7603216
15354553
14426316
19194862
8808745
10509763
24597989
10299936
12198119
19494217
23548967
13997806
11072330
5438482
20592175
14385751
31026523
17645578
6908234
6629020
9455238
12531731
27947358
7909703
19860901
11391307
22110598
8033382
24233447
7865511
13891362
33578529
24411995
19688707
10885104
10538047
14436413
13283596
14350745
18284830
16191258
15257684
13451094
16254110
26467718
9129939
8644216
10499205
5722234
24808928
12673939
34576123
10923837
5773136
12854844
33543198
5126723
19833202
24289472
5894339
13906396
26997708
8187283
32033690
32621538
20153440
21445759
14894407
24029393
28154899
10477090
17243758
12835975
6014419
5961737
6352930
9731474
27587949
17463076
14380734
15366259
28710994
5584093
6036608
14391673
14162708
33959112
31478255
13244649
13220555
14000280
15737868
12396470
22084045
7494129
10994648
33643743
31196575
9385842
19286629
10731637
11393079
19923106
34871036
18439540
25812496
7849862
30120971
20450020
25321483
12844853
11322491
11765559
31974830
9586243
11825748
32033180
31144214
19160332
17615314
5132648
23735117
31610971
6265237
5431611
16063086
9779012
7020786
30823833
10678979
10194154
27469656
14752121
16875168
19886947
7596433
6777128
28616410
9455777
34094611
13796492
14864926
15995156
21422557
19311694
5203573
26731661
13359853
22042576
15645862
19836193
15288293
14159972
13461110
5834904
8408938
5812884
9714473
9601403
32375400
27644886
5200618
5646700
12568211
15090120
16779693
14204335
35097866
21311260
30478232
12270170
15823192
4963001
30560212
23616224
15915406
25264942
9958383
12762654
14948347
12989419
14071793
4983210
26579321
6730460
30737740
963777
23702126
23492288
8833530
13069247
7393906
28918390
6534095
28816564
6607688
14797106
5617944
8519922
10581411
19026712
13750283
24757793
12314326
32997852
24206900
7579706
12897032
32844585
7328169
24486182
9826632
5967435
15063274
13043124
11379045
31499279
24722435
6236148
10374043
13009940
7213561
26445122
5170459
14547983
11208673
13541325
9496655
14953377
35333635
11062239
24073541
15674830
9585492
22266637
15899222
8609772
29034196
6434788
32326938
18082864
32573541
11377940
33473693
9582104
12540663
15742712
10861975
11711950
13208794
8795457
34279264
4887915
8461627
6824129
15953905
6015949
28514449
25041019
8402308
8568304
31117115
16096353
5273683
6077233
15902311
25651444
35479555
19579432
11380257
15665987
10360586
14716469
6127234
11814066
31307877
9436208
4684899
7273935
22161799
11772147
20707342
8903798
33409310
13712697
15710896
8573140
28439848
16848792
5274228
15726189
10377093
29352214
22843955
35454265
19153615
22539770
11430500
10014232
8745145
22984238
6911983
6057656
22592144
16116101
7721366
31744592
7843285
6631481
11893900
27151098
13773821
14767619
13032316
10989249
28218802
5141540
18814291
23774372
6587207
25182019
12340885
12772021
5052343
15025077
13047811
20542684
9991653
28743367
10504045
15306633
10115993
10050165
11146043
24932558
21771487
12968557
7892350
26703038
4752172
21774976
6390775
7880670
16307709
14738697
13603806
28528705
8615362
28839517
9240578
8882998
12366664
28249978
12989750
31328095
13853896
31634404
15957968
26658818
10097110
16626981
14648336
24102992
7131437
7778493
32004695
5409676
7087641
16486077
16201494
30719507
11502641
10962784
33697119
22843739
8870380
25406317
14776815
7305593
6501279
8693833
24682097
19072105
5363212
5584531
9410363
24247838
15361701
6829642
14252282
8597115
21359506
11695425
12815593
29911780
32354409
13357211
31670072
22406104
32884323
28803208
15039358
12348402
8738774
30609208
13037596
32761338
16136802
21896290
17438644
6408186
27632658
15413398
20634661
13397334
34817354
23592281
34602454
10854779
11878195
5926222
34585618
30545113
16121161
10681377
14367444
11559735
7049318
10131220
6825943
14729936
12275172
33076539
33245730
13117502
32525694
20300683
8683278
8993389
5289633
15519351
34560949
7409550
20992114
6217833
34969424
4809650
10402268
15492236
12621345
13272518
16126264
19695109
26939768
7315104
8094613
11870832
11204237
35161108
31023034
18986881
9473822
18378649
12818773
15432112
12588940
33345863
32209983
15842765
8862397
6310700
20578588
30624214
14424758
7507443
6097230
12207933
7978372
14807050
5681932
22805723
14623504
27223419
29165950
18145657
7724303
11504606
12934861
10808870
15130311
24264626
8529266
12832374
14418588
5827890
16206086
23129537
8099524
11693607
7475018
19725487
7533780
22003834
9339345
30727643
12354001
13563945
31809869
12560382
7397038
13789093
8811626
11161974
9770583
28616338
19539769
5659385
15179318
12943883
10247495
6523328
24217049
16407768
22658330
12511205
12485888
18997792
11740065
20923087
13316038
24569843
10524476
7869836
12538862
25481587
16261780
15885261
8827586
29588344
15874258
11124057
31897933
11178782
11891191
16336359
12904071
7645174
8267324
18105553
15266443
19218943
13117122
14046546
11275313
22414981
10563744
12215717
12753897
16023714
13104191
14664671
13028668
10785535
10468544
5635614
8805098
5248855
1933049
17602480
28529974
11573314
33143481
10387070
15428844
29347171
6416934
15003071
20729512
6936068
11202469
5554890
13251365
20464918
35493799
11096595
9430488
9681510
4793303
33232371
9202280
30738424
7185323
23871707
23919566
10155660
17659351
31625914
9414714
31606411
10975529
6118134
20447422
15146542
12220894
9408909
10531702
8079354
6847281
11947469
11555420
26083891
21151057
25773613
11662859
15423671
6531245
16058747
19500757
15963937
35011196
9377707
32869383
18231475
13474878
26550875
10227706
7372677
13503883
14076621
27265383
21800572
5522035
15654148
10166879
10456746
29114641
4851407
24271913
23790998
14061710
29764981
13299386
23076239
18247219
16663761
15114550
33217071
10513925
12266899
7982596
15847394
11475118
23792645
33712287
11869891
15985945
13840629
13580934
14340434
17740795
5136601
13478473
8535636
27738444
14502045
14449810
32037119
12998517
22254166
15191745
11394456
29534866
33510968
22563293
27178512
6635629
23121092
17344102
24576212
13921120
14445698
6746131
29716429
9015352
16208267
8031855
11543396
35333644
14315118
6037261
5684180
22729088
31888837
13703797
8551278
10671269
16987074
11877520
16938342
12376341
31096751
15067864
11276792
16886819
5310619
15945708
14487083
29003140
5431093
26437970
12980189
10719047
14308033
9199723
30282674
31632901
6306930
4966028
12360471
11800772
5158689
9363279
19340812
35344288
31222594
8327332
6950882
11270222
9836603
9068864
21968251
12646157
15479238
25172731
5470122
8804272
26776292
11198820
14034114
22810376
5357085
5174708
20136505
28756276
15076011
21642934
22317118
8457187
7316702
29158999
28943230
8491224
16360947
7800216
17767870
15331508
11886440
7663397
32413842
6500215
17200255
23988521
13688948
1655114
35036165
31620553
12128398
7470391
22009336
7879782
5041290
19220515
29159767
31675181
10868096
12933794
26056591
7765753
18273559
12957188
19456099
25127536
13686163
11315050
22925015
25780264
6706238
9851172
18569974
24644327
5704824
35232349
10629696
6893384
10532750
31079330
7301696
10151119
8947892
16140858
14158575
23919497
22602176
9933986
10584409
9465243
6873132
15500235
24960070
28241434
13872467
7615644
9995006
15597310
9687984
35462824
18610195
23112524
6910822
6016132
9298501
23308379
27396579
13607832
29001823
20971717
14958994
6434962
13667584
31160414
14263076
9872482
17179645
15026018
19005772
33293550
21218086
32324955
15476919
25372570
6952230
35253943
27761883
27445494
11731716
11567179
33818553
13258611
6218559
13783567
5388432
16210791
13137379
18830800
9540019
25409743
18471202
13098534
21214861
11504318
5005205
5981784
8929129
22141696
27329433
7102355
6352101
34561576
9103846
12791723
33496328
25203433
26824886
5119517
8601505
8223942
19009084
11399255
6351057
34244887
24409739
35276536
19480771
5819493
17966800
11575695
10238450
11983318
12197276
33140382
32772237
5820973
13598493
22593341
12941062
24089195
24725945
9171066
4869826
15960918
10317193
13363508
13412662
24119771
7487895
8671563
11354204
24641171
25644904
29219854
11722610
9854411
30207272
14926976
31146389
11124251
6728095
11913636
14359181
14710987
9087467
10419797
31875206
11087867
6457831
5511543
9371529
20399866
12442692
5212023
13503018
14220798
6406861
12536127
6144026
21057232
6160717
15880264
10679302
9948164
7428799
12066038
18242875
10191379
14530468
13628467
15215296
19001419
9836240
32413008
25156930
11268540
21050035
8641020
5235816
8233180
30531619
13160676
6208653
28565989
5826078
28096378
4882242
32054796
8034465
35106029
34014516
18427969
15708546
14193207
9431499
9152727
5277415
14056653
9385174
13536444
34542190
27510606
17607700
27469971
12539579
29255332
8716293
14364205
10758220
12477044
10393279
10096178
14006397
7917941
15975734
6672648
5020398
13004110
16464912
15847456
22872818
14647433
11064369
6797271
10984793
31482209
11022525
8334669
15072812
6422268
21251827
21369079
31240729
6599549
13747492
5371913
19858123
24088085
19988617
25895998
12798043
24773459
33197409
16540110
18638845
6052871
7019540
14517132
8169843
35161102
30368963
10299865
14730073
11672363
10793194
7754598
34169248
14296847
12944935
33055743
28747183
4725955
27448443
10270222
14054672
14777730
5660999
15727420
27557673
13315356
9533094
26236916
7543801
15170162
34933286
30061402
7498047
17316115
7713947
13046795
14702455
11243849
20812030
1897585
7410023
27712932
14360015
13853553
19904581
18891343
12264689
8254852
11607638
8737003
12279316
8393455
12728619
12140221
8125314
4997843
14348140
17508391
5059002
27186240
12972786
16162206
6665978
10262138
7385154
17559877
5301636
27660738
20262832
13962774
26483804
13141538
34296586
27563166
27162969
12715944
8338433
10348761
19514158
11034155
8628444
15890642
9770416
31423868
15179924
26134619
12027095
26848094
12399307
11189867
17105127
10802258
7715076
35135069
28381477
5485222
4800993
14821570
35484010
14292262
5049323
22012381
14101306
29639722
23662877
30756840
4739773
7290604
14680403
29072125
18770860
11094891
28739470
27250191
8807719
22402354
7487982
10090968
8224490
14319643
22522724
8898622
8147600
10386436
6842277
15262355
15670895
21633958
14122356
12274868
4915865
6274388
9264443
8025379
29792818
34888859
5165757
20067925
22113745
7586438
6743901
15104698
7411427
13893159
8023143
5995223
12217848
15806824
5713515
10624631
11097086
8093401
24970453
30432065
9208343
29630944
10281952
6338769
8029912
27169407
30168050
5986359
21707866
33919596
8574351
15079015
8406810
14962987
7502248
12548966
7439115
13426201
12044220
10950741
14482526
5116861
10448490
15707129
24322028
29420149
18160915
22621472
19102576
32101626
21007087
13831711
21111442
7150551
6629816
7818951
23105813
27132894
13653921
18872719
27519606
20034637
7481539
9564885
5967009
6093563
19587130
15291533
26666753
21501295
26611463
28173397
16190208
5924059
23137283
10547842
33580164
30055669
13182151
29571484
12309879
10023620
13873895
18057364
10542952
9075166
20169403
28430746
5740915
15633547
13913853
17629201
10770125
7751712
18459007
13119174
6683734
24708683
10036659
26690840
24244283
28976683
18932314
21798475
26784914
15907648
34630786
17899198
24282017
9321047
31935541
12279217
6983279
8499082
25030342
5757181
4688376
15492751
21335146
24563873
34029771
13907344
35105789
8678105
12585288
9375703
25675498
30327365
28208383
19696339
6347660
23301449
31943569
9029512
10349904
7064142
12022588
23942561
7019936
21014887
12459400
27067956
10013035
4883622
10037610
9274316
11731981
14281677
9378102
13345352
11673066
12485539
15472889
4767541
16190133
16166304
14465807
12770853
33472142
4771824
32134617
15038603
8935567
20745799
18164530
7830146
13531352
27556758
6387799
10095792
10501547
18275296
23024981
27394497
18510478
7089531
4811352
34856663
11234828
14485075
24077930
21492619
7493302
31729199
19570249
27080847
11994997
13513414
28493410
8577888
33557310
15005034
5239434
6111836
11105125
25857706
9262743
5748468
11432528
10738188
14549406
33784140
13034947
7891809
15153297
9757136
14095890
11154826
6704198
18125287
16432920
15029637
16280232
5807867
33024246
12269566
18618718
5441417
14815517
22357693
7688708
33338777
14488970
31586167
33451595
25574158
6911063
14379128
6279304
6601866
20240860
15956103
7892050
19686931
34127185
11740960
27248172
26216930
26852888
19081960
8874301
14804417
8515513
30865020
8947930
12313798
9636207
16846815
6545275
14247645
12941537
18750667
11382082
32460525
30942961
11580941
11875615
27860862
14753718
11084243
32675811
9650611
20781871
28083772
12887469
7340164
6934629
29540947
20034079
16101192
7196453
7708424
8808817
7784110
15853322
32559405
30155480
11388034
10039140
12777639
15352289
27989817
13630690
7523573
6967575
11114929
6994828
15861365
15084357
13660564
8277268
16347906
10493564
12906289
9336988
17233075
16169994
25067722
12244064
15258042
16282037
13404849
34750158
5915340
14905586
20948212
31900501
24646877
29735509
5378257
29334415
32823840
14185561
10288469
16221465
20751400
7357655
11192769
26470655
8219367
14016549
34352998
26677625
5290380
15376040
14090419
27714315
9139825
33034635
26189819
21643054
9093419
29265133
31223302
15453121
24369989
8888555
11990235
6079470
14777989
5494474
15687530
7911284
29686834
12212736
16132920
14780350
7491613
7115913
16246360
8829152
14084889
8611854
6887369
6117759
14380690
14427501
34498984
6046740
10748727
20663368
27762912
11936117
8069199
30859473
10347992
6931446
15409427
31114076
32775555
6266431
32614557
20701879
30183854
8326392
11066709
9469469
17150107
3480813
13595115
14840586
11200649
12267626
29931910
5842808
24536117
10075673
22122052
5864166
14939475
15261337
27572754
29352019
27018867
28179628
4750085
22839845
5408391
13698019
6720418
9312861
13501744
17555185
9867974
20623459
34238317
23262857
9207189
18506080
5309984
10439026
13792890
12261601
15392028
32317614
23736944
6984163
33325797
10096540
12004978
9605278
11648579
18157585
8617597
18750751
10022944
4777531
23671058
22017856
19312177
11723243
20464390
15416916
34790081
7285438
15908355
5957360
16786809
14384375
15993284
8144734
14087302
15420062
10107593
11987467
14366843
11054157
33161109
23637785
35189581
32572971
6552815
8813879
8751788
12135106
19319239
12068814
27422574
24762167
15313186
8053149
5345555
6671652
25214281
10547713
15314599
7599731
7171640
26056795
9534298
8976428
14071712
10416753
16121104
15452745
8112928
35298310
14222608
11903480
5387219
7225863
8927372
27137421
13604199
5688575
18614563
6789069
12522101
18092542
8097047
7287819
7414238
8737470
13731583
22702916
16269485
28614709
23902790
16273688
20671792
33051999
11555044
7252873
7235570
12995340
30354884
11993282
32155119
4951270
27987420
11017017
12998148
11903966
23857961
33870588
11666245
7026219
33940686
9013309
27625812
13023014
14420185
5956760
11284066
24581270
27240573
14962776
13584954
21726925
17360299
7689229
15477048
26721419
10017740
22592912
21593509
16544088
10448923
35379352
9867857
4692663
4798009
26320772
14399501
5761029
16822131
24255311
9350753
20669446
30725531
7709584
24942913
6375069
19052362
18030268
31802354
9442254
14073056
9162232
8093930
19879381
14276282
6970396
31467713
14849439
18409243
14471025
30411182
21447460
13817908
6186874
12400880
7403978
11782341
34128763
35089355
11029645
10805642
11222928
24387287
17382028
16278070
15574678
15830771
10954699
34274011
14729351
25510636
6735677
6811449
11779874
24472397
22445776
14540139
8462716
31596700
10431703
18736582
8949149
11448772
10846289
10011848
28805119
31095230
19630363
14625534
24223133
8703204
22170697
10258572
10726286
7783828
26923529
5239918
11771596
15321293
9919528
8605686
26761532
7513733
5833530
7765535
30828630
13435771
11051798
23496824
8922421
30574954
26981126
8580343
14779886
32644785
9717581
34559665
5480300
11087966
32683857
9986737
15345422
25772254
25052092
10892258
18497521
32165229
12766648
10284966
6712238
15675081
15821022
13578087
27468819
5616442
25282129
12520372
35136524
7240462
11693908
6731581
10827568
14992766
5463826
10574417
5882590
12752336
28928551
6018718
32679888
23250518
13698082
9986366
30027616
13917013
21261211
24357155
23910728
13108407
28485073
31591816
12863028
8720219
5214183
17449801
8278009
20747914
6544392
32391219
5478030
19169155
11545266
25245001
14588746
26575856
9883404
32545731
9498364
27138054
13255941
15210334
32619675
6184588
14853186
32217786
7301089
30272915
5237709
31748075
5210229
6555302
10277187
14359125
11640921
14800184
6655219
5343341
13196632
19683484
15170445
5666580
5891014
15662197
27218457
15839305
8879957
8573680
34481794
22709135
12872350
32881920
19964761
22821521
8760001
14491233
8089899
35067806
12949854
26488505
8998289
15052262
28007109
29088451
31932001
15713347
20501815
11122507
15118827
18919279
31793603
27976935
9600460
20469418
9556377
15920037
12757913
11376403
32438562
9011753
6323028
14459869
6814973
35374006
17783644
33539493
34114783
8520081
14048016
24385367
9915230
14190354
14187229
23341445
17294836
29247841
17333893
13883287
15045294
34126615
14925886
14600957
14050226
8833500
5332635
14182340
7040928
25799311
13989614
9137599
24569513
32750070
7685917
8101001
24926483
6411005
9503689
14813810
29128252
27415830
10220883
10174674
20988439
25526647
33739800
35438878
10245903
32150472
15089111
19825636
15418873
10643874
13218419
28121335
20266405
6455971
10462997
14389909
7801151
16222375
20068957
27931449
14270819
33680316
21580438
11820811
15586868
8249018
14924986
5832232
11662645
12183944
6814870
32324700
4829247
27561747
13659679
14773724
25019806
8329561
33211989
11182053
9229652
31523372
14920368
28523554
4796542
12668934
9636366
29743780
4995354
9447387
8765174
11281760
10334194
15783351
13589411
22197739
18921646
11462558
29311525
32276874
6610201
17576896
11938965
9989950
8413224
14060338
24760934
25689073
13597600
15215270
5013434
9034392
33085980
10911886
13763526
25567009
34107697
27233343
24795989
7683679
9517886
11340987
27330237
12432546
18788749
25512046
12289173
8924987
34888340
13846723
8844530
15269882
6878338
17787868
30421019
33473282
10678935
7297561
4351958
6276338
6185573
10093140
16079863
7516186
11078482
21319402
8651792
19739263
28445167
13286029
13474269
22507427
7257549
8978915
5023817
29888002
6561286
15474114
11525554
8236551
28166422
27697905
6297118
9115430
26044831
11506249
26773316
11544444
10802502
6245846
19685473
7404796
10454045
5095301
20006056
10695248
13822589
10508608
12806457
20427274
31639351
22561625
14073334
24501794
9943074
7521965
11091873
18777211
14709245
11869264
20470186
14244150
15347493
6506416
29038261
22395589
18588898
5814375
9682896
8215663
26411147
7062100
34771499
14360251
32325711
4750410
33045558
32056704
29571448
16982361
11467157
8403605
28226299
16634040
11661033
6973789
28984858
23589923
9932040
33429518
6281254
15226321
12232952
5208770
9570820
16256555
34375426
12680073
26824958
13517108
21252355
29846896
32065950
21456904
34398556
14000585
24942637
28389391
9138713
23507651
10619923
12659852
13089499
21337099
13097289
10800104
14250661
6560958
21876502
9161589
12475855
4942557
32352591
5363940
14996735
13850319
32120970
15829796
6502429
12954316
8773535
19574158
10363359
11093765
8871306
33450848
10267742
18202324
8546750
6667816
19110148
9208240
6840430
10708659
10892321
26458202
30326138
29403040
11706266
8090271
10147547
26755802
12577990
18229663
13448458
15155341
31307586
18584968
14071417
15693165
5584444
19719175
31511324
28668364
25807501
5313777
13619838
13265072
20832994
10988304
12251064
7822251
6324804
16142453
13616637
28900138
14322605
9768381
17597497
26553416
7933921
21838057
25424314
7203596
13822451
34228588
27767535
8057628
23895683
10814227
11148889
15466502
16859988
28413019
18061918
25785889
27805932
26558021
26342237
12708475
15842248
6615895
26146781
7628723
5549962
32303274
11275381
16587174
10812926
14288364
12487562
12218284
20446669
20926927
26886053
16227089
30766422
3055920
26383064
15433988
14820060
5595200
26086372
12028273
26381432
16325679
13851341
30096731
7593659
32740350
26412986
12690836
29544871
11400476
6299272
12256666
14314876
31874753
5498025
7767537
24484376
16141299
6171265
14945364
8748722
13946096
9841991
23842268
12672985
9542131
8460691
11792285
15236011
5031939
28380859
15746072
7019112
9996296
30677188
5069520
9061746
27197301
10418533
19822837
9735707
30701047
7762112
10803455
15239632
22186663
31263469
13806891
5718193
16226336
23274224
19167247
26572076
10768771
7063563
7229424
7161133
21125179
23994464
11329733
15348573
14649569
9442255
31669334
11708941
8744053
31808072
9523580
16610238
25573399
19758247
7471726
19852945
35172994
7680700
11727049
17893495
7827279
14299139
8926132
29065519
7082748
7603358
12503586
33756912
12286839
4748443
31544959
9160160
5316366
15060321
29993629
29846956
16607454
9813216
11753626
12646241
34132396
21990013
8869599
32557092
5373509
19399552
6021761
9680034
22620821
4957824
22062133
6958875
28098937
33355526
26810843
29231074
4688967
5492084
8240039
33159312
13583041
5478393
24370010
8590555
22610306
8812782
7544896
8200333
8789780
21996985
7638154
24142220
10492247
35362963
12996070
6550277
9859532
12136286
32500530
8471903
13546379
14805892
4781685
28565152
8544845
13061443
6755510
6725414
10144789
15696328
16218803
31309761
35021705
10970018
33222924
5488866
22282840
14947840
27580893
15598815
28584637
16001808
19738648
28873366
7022165
9146684
15889064
33255807
33352331
8453961
6521879
17870452
31261831
8278180
15723503
30628495
16845438
15327545
13755954
14956846
16123351
29780416
11173382
15741385
20204488
19440307
5712493
16001765
14022486
15922646
8887717
7190667
5909396
15473374
17653009
14195693
11862662
8424412
12846142
8793864
14769904
21284221
32504679
6480017
31321938
33846138
12234917
28571101
8065534
8444944
29153458
12166048
10001255
32345910
33128307
7997960
29019022
16891785
8637784
26404706
10113215
14111562
6142624
15557132
21588508
3046209
11354543
29566873
31275839
14559047
5133551
16907559
25890781
17012562
14483475
27327699
14527374
35129930
24880946
14242955
14410003
29019184
28832362
9592548
8144663
21491455
30736495
5983798
15761840
20891230
5631009
12991727
28583743
8540963
13991739
14483911
32229795
9819129
26272661
7387522
10453819
6683002
9258887
10206446
8841511
12864787
8205002
5405828
9734018
32216916
8410819
31422287
13342885
10787979
35416153
16115287
14642325
6558801
15790684
25017805
11621748
34791215
34873070
6431220
7094958
6641608
25219684
30271598
8609498
10829680
15856952
28247494
10675623
26390495
22830947
7500303
11503417
14834473
18674983
25648108
12906938
16871520
26934515
29954596
11842071
31301105
7987489
12294569
7474082
35408254
33933906
9138008
10763921
6298519
22563128
6906868
5602735
10818160
24370433
11704486
33944205
13580058
7076083
7274885
12706929
5363641
9430524
5773404
7771340
23207531
5682735
30165857
8734732
6046092
9073671
16007598
27995367
15270455
13029632
15166214
4788514
10640645
14372298
11445827
32255313
13705884
8420784
10590165
15703486
14967815
11358504
22880285
14824429
14156763
12115434
9683091
16621251
30054778
8576340
19514326
12341828
14770740
5284471
29137771
9714678
10291182
6449885
7443716
9055579
8163948
9065258
15521480
16459479
6735959
20716912
12215463
6059165
25786927
14336108
28838029
11288161
14636223
12667894
14360730
20128483
34032744
7441497
12591967
8098804
8075622
11467575
9862735
5208329
5331924
4850187
4944678
14260191
11273320
5872939
8791496
8465528
25916317
24855104
9319771
7989442
15162232
28198321
34604290
8889916
9295339
33422063
14734986
7038144
9784823
14977151
15106413
8335110
8582585
23197301
4768358
5245450
13409946
28997851
8600073
9309609
6216252
24542345
11013799
8363199
24297689
20891419
27989781
7011352
2395539
13041948
27411558
11489769
12874878
29010148
16766676
12551550
16136571
14874379
15761371
13944996
8108359
8413629
29481133
13948693
10261312
17575870
12175671
14142424
14637540
16163064
32023259
22311025
11880819
8842770
22583330
6432124
25662991
12798598
12401634
12452649
14379434
25018255
13941899
5213257
10597225
10302203
4751727
11222195
8030452
31365667
7072145
5835878
13541778
5375897
9842303
13758843
5034299
12890584
10797454
34932986
34278115
16278486
12372179
14733686
13104533
20417230
11807724
20152867
5764210
7723533
4685753
22679651
10879624
29932234
11932655
6491643
10307200
23592986
4815818
21385717
15365557
13317187
5186583
11701024
21678676
16018018
21671620
8365310
32177037
13167421
8979660
14903102
24334853
12555872
12760510
15161563
15825311
32921670
6239151
30612907
14191395
10261798
10336861
13080591
15706928
16936386
15727007
16138246
8694467
20472238
6310151
5653582
32962038
11957322
5630173
9620415
12097274
6335927
30393593
13164484
33097650
34623745
9787910
32616741
26885372
32891724
35506267
19713970
11669151
5424177
33977049
5166366
14184864
24625517
29598058
34245043
6852093
10591415
14985222
23709065
6693312
20178199
25760074
6320036
15810809
10251866
12669112
17461201
20897068
31935283
32303283
11506957
14091447
6918860
6696284
11115700
13089015
8140562
30653632
12471894
33482357
14323294
25300723
11274751
12126232
12790379
33028389
18670450
5749223
29711842
23552393
12252055
7689905
14218875
16288606
9274347
10185023
10013733
16091777
12999044
22698881
15270055
10753341
9393090
14637873
32093343
16693038
12164091
18709627
10284812
6565737
11824200
7196108
8899392
22504718
11192286
21521143
8327859
3013748
22249783
10248417
14466806
7860849
6024557
9179427
21934822
21947023
4840482
28818652
5050858
13025907
6866884
27041667
33820929
24735209
16575516
31481816
10598549
12969066
15524749
31555381
10662533
14805990
29466976
11786869
30612181
10234913
29232772
32093679
15858374
14706447
12461685
33536394
6627145
19314466
18528142
33277959
12452842
13600003
11144618
7071678
6355208
7010386
11922639
25023112
34637836
29370667
17922295
13772296
15654914
9728790
21577204
15528015
13481774
13062110
13432633
12009806
10132494
28753318
16050342
14158861
14475420
6975063
16151964
7637143
17881606
4710708
24848735
9126211
13099728
9812853
24550571
9215237
20298937
13823048
29966710
10587559
5735744
13312972
30599584
4986821
7382161
4765763
34428880
11740907
5054863
7889092
17615770
17979484
5770928
15777447
17057868
5335362
15838877
10224328
9658719
28908280
24457541
34288015
6256769
13382431
18247162
8636648
14216894
10242313
13910647
5620555
21821953
11557035
8079800
35330230
16705947
7525699
12827630
11665968
4904581
21544297
5531706
13260709
7326992
9251913
10032451
29682958
13070746
6024140
16920888
9878147
16146029
33813732
23384159
14073779
9864540
14864078
12980149
8668147
15191904
29016742
5770187
12364699
11778393
13076975
17248489
32138745
12875503
4296365
12675382
8512528
15932880
31064264
4723570
11252947
29769655
12833445
6132457
16885041
19513447
7784489
14032336
5297844
19108219
16044803
12887965
35040881
12030287
28941373
9916534
14565809
5767448
12871127
13455408
8334501
9314458
9681946
12051176
7916829
5379147
23562317
28954000
22038934
19931602
14555459
7671159
9723625
8040871
31704020
8891182
9959500
23168858
26432012
21687889
11266009
18652726
15630270
15357217
16418757
6894654
12988816
28650193
26530796
8908693
18375010
27927804
6556053
6464869
27274965
15209115
31227403
11579256
6434541
17956990
1162793
11792303
13929458
12470475
16588116
11856426
9981101
19686259
18298405
22239019
16947078
16034945
30431684
15349020
15395886
12640809
23004077
26538764
6998392
13793614
9310323
11150577
35217295
8974657
16151496
13189083
18776374
16229003
10096805
32984958
15662322
9854116
14280648
21835909
7093030
17841112
10439964
9223178
28254295
30600487
22936379
13223561
14662877
10691583
11814000
7739787
6460798
10513864
13201870
9237367
11492057
6344557
15160467
9193816
20286853
21651526
11804851
10225415
6036904
33963030
5020291
6930800
20295406
15611663
12394851
8016830
12630424
21308986
14381621
7738837
20178523
5811585
13608877
20409838
10050499
7447253
28998859
17931184
22924904
5548766
9451498
35466592
9965477
12154066
10661178
33543729
6112300
35440261
10320167
13181173
13053504
19622113
17144743
27227202
21245167
11117108
35362957
7509898
9246045
12625727
9326254
24161759
34281370
24813383
34121491
6119378
14018664
11633543
9996897
26332424
21514921
22588427
30822387
14333672
23158181
14236413
16184486
18348316
18624343
9738875
10002245
5085775
24366638
6219884
21112225
7330227
34606777
25679719
13271267
30531397
29778871
13379193
20163937
23027324
5640087
5011861
15133033
22872107
12513898
3008663
5914686
34717320
14669129
5476384
6647403
15326547
13279613
15976938
15143861
17304784
33895386
22095694
26333387
9514077
8169425
8473329
12252674
8174419
12515816
4982296
6884974
32005871
11723251
18664897
12648860
26841473
25018834
22874615
9195425
14819163
31283426
29406286
7741261
30994501
13957856
22591418
14247494
17420689
15946116
28770937
31059038
24713309
6798893
20194522
9828630
13047046
32472432
4788540
23883323
29611798
25476496
32877789
5505345
8413018
21251956
5925751
4887128
4842143
5091997
18467125
5580126
8457805
34254184
21273601
15627690
18638650
6604603
8887238
16727793
4802056
14925447
23211776
7164438
11260178
11052787
29636914
18924100
5368808
10573494
20692921
9450950
20451691
22067566
7782549
9126716
31281884
12060110
14503832
7956860
12621906
15312764
18812818
7813761
7298377
19889773
6007023
9219152
6981741
8624948
16102448
13332375
23199497
28861336
35353120
8005444
32910957
22670168
10935724
30652249
12653643
26865938
21493045
28603255
6805708
12604131
20134723
25672576
13862265
13199815
27549369
26512103
12308217
5032618
8281485
7294630
30154025
14671966
16058032
12406785
9698587
6070262
9134891
14366921
30069874
5270486
6859743
1887758
16839357
29663476
20057905
10462923
22766894
6261674
4960255
14362776
11330220
13502768
14874156
13580473
33546321
18436999
16921944
30595924
6631372
28177522
30271682
6739650
17345050
10588687
7008984
8876185
24150977
14455483
10357920
11109231
7458974
2195374
12267189
10093997
29104276
31412357
10237694
20789359
11711208
17500273
6525522
2134663
33448217
5625048
28602400
13507851
10485582
23844896
7899357
11568652
20578423
4854475
29967322
24061877
11026273
13138118
16030729
11436776
8575708
26478110
6205855
8329673
16096469
5667490
8085138
6156132
14494119
31244893
10089445
8437628
27749493
6725726
26330447
27814302
9972566
15487997
22027006
7642643
9087847
10742486
28046736
12946932
11010275
17284423
13930744
5368144
5781492
15055056
14455799
7181032
4941033
15953053
32751789
15945210
11947361
35316043
11904749
6778506
8453711
30401132
30011083
31822457
13245945
14525067
7295431
18544402
24459005
27327657
10135387
7147610
5457782
21048976
19908025
32075547
12688602
12413588
12000725
7565865
12419179
7713626
5676624
14643995
5397302
25470307
6096338
11139867
5018101
12255795
31775339
10294249
21136039
23364605
8876579
19601731
33175200
33928911
8370589
7440995
27103665
11595049
10697413
31928404
12185838
10768113
34573726
10027704
16819701
10882462
35357863
11127485
18119212
25253395
11041258
5837236
29574379
6332489
9709470
14516715
10981164
9649314
20578198
7135145
15869624
7653124
23809337
14814832
31558903
14213807
5939486
4832022
19211878
11729751
15726019
7309559
11308635
15292179
10522829
6714828
21851692
16545147
9068341
8173330
14578194
4765399
26120567
23532290
28396756
13579434
18984127
27198405
12709843
16971582
34398496
6312498
14626555
18968962
5043941
11156632
34314334
11186111
21661771
5048060
10944688
9154488
12795693
11408078
12336784
11314900
22450195
22980830
4909164
9664377
8249818
15371891
30463445
21976600
13671799
22159387
14384905
4854311
5503684
8243641
11778361
8558560
7528775
9431840
12342737
24864581
34006029
12841014
21539167
4691528
28906456
13734165
12515844
22279951
34340863
26760062
10602792
29670979
5862210
17386885
16085552
6219262
29360923
8007993
30208181
30889782
29032414
14533977
7248920
5294138
17420413
11680565
28468678
10000802
5698396
15783261
8378439
13794606
22077262
14124529
32865081
16137176
6618976
33984186
10330446
9115313
23503094
27454167
12823380
30331799
11559841
30157250
11484792
6618896
6071724
24547691
12784060
4707900
24978766
15787357
16201553
32503623
16304166
34013307
27265536
9980556
34444690
13329950
10414632
15856879
19839649
6510933
8542905
9845944
11969088
5520582
30050668
29579866
28968313
23541086
34092502
26044102
5863172
16186313
31979081
31854356
18385648
12819090
6771536
28272556
15832692
11228823
6192726
7152209
20972860
7583666
6892796
32455071
8337998
15787999
15934899
31142783
21718636
34393444
4698447
18975421
34618612
12166869
10817891
6326234
5781664
11825699
29920177
15171461
15492360
11264183
20745835
5978235
8021949
19298758
11843956
7116625
4872102
12973663
15412528
15359881
8399499
6775443
8542983
30301502
28192945
14694449
10999199
11987140
12398099
16135023
9006049
25141477
27540516
15991098
11604343
31193137
27320673
34535944
17105055
21116086
22008604
7414105
32347728
26876042
27828897
5801657
19471645
29118568
10594271
14000785
8980239
30581347
7809249
4771149
23144615
8177871
12230731
34697988
15467772
6724792
23358635
28671190
6353554
7932133
8730339
10997355
20566408
13651188
32219841
6610015
8382682
16601688
8630779
32960430
32372793
12448373
8621357
6573679
19020715
16536018
16165154
23018936
14249332
24110771
16600521
9105307
17189185
27121596
16268298
9072614
6171469
8458481
11310081
13416819
6982006
32421171
9766471
12618388
19549726
14581555
24910460
16695780
33113940
12357076
4734144
12065458
14908595
8203269
9441041
8722893
11682827
7691616
16264082
10452010
25562101
26078911
7746417
27277236
20982139
10630334
9415790
34712781
9786074
22782227
20626681
10505800
24885074
7054923
11547795
15646424
25421599
8518487
14127928
16212760
13225468
5308861
5114877
28563574
31039891
31459337
15232883
32079405
8997534
35132534
11367132
28716232
10724923
22386313
29388088
9382713
17582059
11466263
6648564
10136191
23960876
7951782
13659136
7041625
8237578
20084998
28740616
12689001
9658900
15463967
23020388
30094097
8919385
9825964
8804384
15491997
14574780
17963800
4774016
16866795
14827368
10540698
24501881
11724252
10986635
14611217
6307394
13591088
11644500
31109291
8229253
6786644
5902180
17320306
13166263
34319464
10907842
31062629
7168107
29975944
29966416
14545582
10662509
15328674
28117528
11653675
11857983
12388301
6533723
5810384
15418440
10008725
9175206
14547325
13643084
4726569
9971381
12489375
10925690
9882766
13327679
15932899
15766318
26872724
23446442
19090918
9281064
25175278
21310897
8710100
10587741
33657063
13937898
23952137
22594919
17289229
32405541
25215091
10128328
10021995
32849019
29620738
31451564
32179407
26929181
4781342
6321521
24408704
12645916
15778438
13371632
5494281
17062944
11919834
6078337
30589792
7502644
10846092
18969805
21223888
8993972
14497709
9851044
15518623
35376358
14706617
15598936
8676306
8278446
14953078
35346301
24024314
6541581
4923904
8062369
26740589
16041731
13709554
7097701
8337014
26792456
31023046
10369298
12873839
5958105
14275785
4900581
12718931
7148759
8582891
14025310
13573252
34686396
24697631
11342702
14781202
34233385
34948391
17229676
29659243
10631084
12339602
6299890
11656210
12316402
11424299
6036529
8425797
23256140
24575666
16185350
32491611
18728629
27235503
15990487
15308772
20036863
13125945
6811406
11904423
30157721
8151434
23430116
12216960
14552136
8213675
30742862
31275449
5582743
11630155
33237963
25316206
7445479
12491773
24748352
12528447
27344109
6132078
30260879
12980276
7820146
24882635
6140177
32962995
5039180
25889464
22963532
32782881
7361496
6326507
7425489
27841335
10577457
7071763
16053447
11745451
33367961
16024350
32994348
11305063
9476477
28533796
15123076
28059093
28185334
22571564
9733636
14085349
11360321
11170347
17654479
34313419
29352640
8604444
25697956
23834411
5010489
21012925
10000102
32064153
32750460
13974005
7368433
9549191
10889867
23891021
11270529
16193281
26355218
33160761
7428236
12665306
8045194
12339798
27104841
10814085
11221338
21268075
16922934
9835149
6958230
14165595
13045139
9581381
15913715
13118131
8835483
19477066
11550293
28574092
35048678
5106360
27204714
34412950
6227057
34494499
11635221
19448917
17845645
8246245
6086307
5790081
7435640
6209359
24151001
7014375
35052077
5867533
6479489
16361163
13117928
13437538
25615480
23060261
8190339
24151910
4770927
21590674
17691190
31121177
10313320
13088616
18530494
10569032
12398957
12203130
16241158
15490461
31282886
9254119
14524931
9096314
15685491
24231098
19325314
12479803
6498053
14250786
5766363
15600837
28603474
10137501
20637799
22821044
16218074
10402691
27426966
33266361
18153859
15437979
7701683
27796068
5867151
5544938
15053455
15308247
27568044
19200049
21471811
14682567
13209569
8447965
28289716
7285216
10633528
10579348
16071105
32620575
25913044
13385514
18830302
17777110
9963125
9582210
10869520
35325940
11182523
12499777
11190242
15383976
28247803
15144009
5420310
33275712
20961283
35178244
17194690
29179267
15816198
13537410
13195186
11472895
7653998
5882010
15345265
13367001
12603775
17454955
16293750
10350009
4678005
23999468
14790973
21940180
25705096
6955384
11619381
7928540
9582447
9539866
8957095
7953483
29107966
1627456
28631500
15242360
21364876
27763530
12405301
11317622
25879804
11067984
17817718
26843495
8287281
14881297
5460932
20834962
9888747
12662982
5479476
5258654
14315734
8312163
27834354
7485390
12806343
10557545
28073023
11248799
14993703
23172809
31614406
11052247
7973408
12856858
6206234
10151187
20744857
6405469
12192485
7975728
5211019
6115997
33365804
7750588
8139843
13553461
17486548
13316305
5043478
5673957
15992982
27241299
15276401
14059040
24540521
28651270
33767583
8554877
24154496
7913484
20980723
16082667
31075760
5113756
10120790
12657786
22050841
19792183
15356556
12512754
14500179
15547887
24717041
14434096
16780416
20146879
10187254
16134171
7112991
9290689
1927803
5539217
16149335
34257349
31807229
28727335
13923381
10109128
7452455
3814220
11166273
27039474
34217968
33199197
12189738
8408245
15804101
26289365
11347969
3254664
15302170
16854798
26356457
5894154
31149227
5205954
10257334
16943265
5485048
13076476
4933174
17233213
32180568
12676181
24976042
16036593
12173720
8617025
7421760
23915321
14453566
12943268
11006001
23446697
6666921
28202578
34891058
11628524
6798720
23623040
14872424
13574873
30573157
10984217
27344451
10155150
9065748
27428763
32077293
6619065
7175392
6756758
16555623
13712128
34981763
5881032
17663056
10212295
9299645
9333175
35535091
27165033
10055286
25463791
5376812
25474414
15570017
5100918
34819124
7936319
17042433
11782987
6440914
13926196
5136580
24961354
5738385
7370524
28569775
16468704
7209318
14562986
31011667
9449982
9117035
8333973
31489388
10761290
15540338
15028786
13380642
12070997
12069755
14361620
30232589
9922136
13393479
5002867
30621610
12437036
9834762
15479428
12846654
5848498
25896274
24667250
10967870
14602857
12727253
17947372
31335745
22974572
31139435
34505908
33511514
16229576
35421682
12642864
8548362
27930606
18396289
35178910
15906322
28957933
25872109
11303887
14481525
11433093
8222417
14654840
6299532
6259500
14518447
11468650
9702821
6436793
13601675
33292233
15820802
9258827
35531683
10649025
10310743
12990188
12187776
20020879
13131655
31693079
34155292
15689030
33526833
29577721
23175365
10406015
8256260
12629822
15150483
15672454
10281178
25014094
13581625
14582345
14040458
14775054
24489356
24253094
27339171
16071892
11503765
16255211
21696439
7478558
15709323
13861260
23747063
34489339
34965839
12138222
13073150
16874976
25283842
15998024
30716684
32334231
13781555
7734722
4866006
7798705
15568487
32863761
4942628
34340053
15280620
6721614
5376727
8310384
11636970
4965880
8766776
10313999
13474180
27047766
9160115
18572194
8901991
8237726
10138396
5946997
6040345
26652503
32782149
15902329
21099418
8905908
25510840
15689104
27642378
7585197
8175221
19928830
14409853
19221706
31392635
16901172
7392499
24619058
13537467
8168716
10144690
8688038
33459272
25171540
10707764
8521127
14191237
21484054
9665712
21051421
14254021
11110361
26619740
13855314
10080559
10622060
7742787
35439775
10443600
25003894
12214489
11047151
9680564
15139779
12940567
10620209
24041345
13602515
30645514
27973917
6614620
9961911
5160486
16200100
20709529
9833547
23196890
12209901
27975858
5630060
22518116
24258800
32101674
6132947
8694505
12053483
15007425
7437245
10842759
22890071
5013965
15135012
5049443
30283508
33384482
17135763
14213105
16363095
8435643
12044714
23513042
16141778
34939475
18038251
16213323
34672423
14841136
7281921
16046627
27390000
6573111
14719891
28194493
7320498
31039522
34759601
15223535
6220494
15896817
33158823
16227754
5331601
8227306
9106153
18910168
13158849
18135055
8256392
4834285
33367799
9031504
14059435
24126314
33056031
31818188
5930276
9802244
13928586
11396302
5066194
13132157
5452185
9850231
10561768
7659481
14911908
14284816
16830993
8872214
14203332
5499517
5433744
13606464
33460967
18586714
16179263
25944928
12705729
9194428
35452513
29713717
33327039
14393235
12679736
8390012
13397513
7899170
35034983
8334119
6672485
27933339
32916561
4741657
19261810
34379437
9828854
34383220
14787855
29912683
5447893
7165910
10756565
14305613
8845138
26675501
6987118
10405361
15517439
22080709
9313777
5945560
5686953
18970477
13723933
10638734
24414218
31249870
6458365
14478275
16872840
24018917
12749833
12099425
5557136
27381780
17474284
11836121
11132855
24296813
10378022
26421800
15241218
16276927
10021323
33173070
10296303
30576085
11719989
22906022
14809605
25366081
8397820
13504596
27189534
29255206
25455490
30061468
33644436
8257104
16167608
9280829
15151344
11981271
30521629
14924327
5596950
29303461
7034888
7817701
16257400
17696572
6294763
34023759
13832739
23322350
11837980
5649822
10379029
4787511
12768860
14910598
7425937
9173431
33194232
25139182
32604603
15571115
30043420
25470913
23600462
10908546
8233534
15976850
21412075
22661558
4990542
11471503
31808681
15769750
15559654
19426450
14524619
32401284
5883392
9313023
4709822
29705077
14305811
13814571
15152078
13807087
9797952
13113119
13722894
19156027
14025871
8203267
15329887
29777605
25798654
7393127
14947660
29675437
12549791
32173266
34276006
19763956
10074960
9695556
7897986
24723728
15632428
13725828
11247993
6335164
11631587
15480550
4707598
7960201
20692915
12795288
35152864
11483638
6626438
15959380
17036811
27714345
15319455
35040692
19910530
13215085
13297067
15160934
22228915
23225450
12877597
18664969
5276058
15704426
8339225
17567014
12122189
14667152
30420188
9434619
15609197
15573512
18567679
7231505
24582656
28488076
13710110
5690234
18792118
32229660
10481421
35350231
30058729
4675814
5948046
8091258
25176829
12920511
8062756
17516953
7761376
8641320
4687804
14563404
12157925
30642385
19400374
13831887
24371327
5435622
13874527
4794875
12785980
7067457
28492975
8568262
6348080
7431129
6906354
6455090
13696649
27718053
26300195
31241569
16163193
31281485
29150809
15374804
25215946
10820001
9918065
7074207
15763702
31453883