33868935
10386729
8006582
11587262
11972959
5788355
8157031
13598145
4802057
28672183
14425922
15582718
16764540
30548056
24404078
32388246
13264966
9202194
23355182
32118936
32887587
14279944
5765642
13606898
13850976
25761808
33468152
24823322
32621346
12323743
5593594
15716339
20698405
11815033
8706877
11466319
6594644
26720843
31000777
12691399
11427246
30588211
7783293
15753087
12790637
30734998
11753841
33320472
9468600
9747109
26544932
31833356
11345331
15966561
31980257
30880275
15959964
13038962
21004522
30329360
12989256
26362727
26762957
14295934
16090733
10243528
6650034
15623189
5469183
31274165
34006110
11520479
24888353
15002124
6158588
27358629
34058053
5621871
6970237
13734279
14054836
31791281
31764803
10858708
14415141
18500590
25462294
33780978
5070235
28715980
21041566
20459014
26352542
21704062
28682362
23749541
21778939
8197574
9964269
25163644
13557715
28689121
11124335
6762083
5881298
11948210
20109130
29772676
13834542
31657826
7395883
11199702
8468754
14032146
5877767
5511388
28775119
16103040
11568393
7883317
19313125
18220798
19342459
10217747
24964546
34127458
24899087
24595133
11009662
12081753
6344936
10106336
28073782
15955098
12412724
21798703
13241092
15856084
6122697
9246370
21708529
20095201
7229765
34362730
4708814
31175968
18886306
29106385
12053261
14529493
8570067
11098337
8984269
15214606
4999909
6027262
12594758
13150399
27184254
9174168
35156737
26490116
14301725
17750500
16964718
15878475
29840917
24347744
11492838
21826606
8854079
25202122
6496089
29118859
10925088
15231994
15434509
29555545
30282284
27396591
8857830
11360595
12711592
5080033
5276598
7272007
6053134
15209448
7220292
25743883
10833921
11459261
12400902
12868103
10838271
14236351
26548565
10660781
33583218
30918690
33499724
7353518
13610507
11403603
16355619
15569944
17853514
11585739
9994482
35048660
5270778
18011551
9958607
11825707
11226740
32611866
6122448
16065997
4453783
12420552
9149459
9496399
11673821
6291226
12839047
15956629
6384243
16288174
11724034
7198856
22380937
15670256
10914595
12736485
25196551
9209658
10760676
14939384
34711185
6417417
28784653
11730780
9998143
35400784
7135275
17822467
6244306
31541713
7638202
8436065
9298709
16510689
14298767
27848076
22968182
8379511
5295571
12751522
14138996
14313336
7172668
14969329
7275839
7725741
6700919
10544983
21476773
23787905
25658005
29064160
4915786
7698067
9402568
17678557
34537801
8726033
7413699
9582609
6123223
10430773
16726365
29371840
11034834
12257762
26705909
4830059
6623668
5381841
7327366
13761605
26596859
18832216
26456303
9414619
11319019
6602003
27451032
5592150
7341962
15959538
20367592
28212751
14971114
9847315
10803326
32244579
12544170
9654960
16048474
30241322
27490566
29263606
8525248
24641639
24984250
6310422
14874694
29401057
13568767
9588500
13111627
22556675
16253615
32344269
8495182
10353746
23146220
7845308
14217808
8629495
10864239
16207539
6121496
9921994
9983070
13509543
12782663
13540959
10572616
27994842
7028614
5743793
32386908
23949944
12757254
15224226
5097438
11395237
29756131
7344299
16753881
12849457
13051519
4715240
15746168
20720959
12762220
12554077
14159952
27166221
5375732
30970531
7910425
22904036
10384590
5044185
29649895
5587286
5486353
15843482
15511069
8015264
22194412
33936831
10672737
21087421
9924543
34402687
14330025
10931719
23201153
13325666
11927016
15261313
11685107
14411559
18468109
7387757
6596833
6899579
13472296
5472635
22750343
32340480
5310909
35247307
7923463
33192750
9676638
34569016
11259373
4699149
11596096
33927567
9034986
23802743
11192740
14193935
17774839
5159049
15143451
15512284
15862870
9427391
13362005
8518726
25274779
11027560
13774521
12982891
9259975
16275931
14132862
18041779
12306488
6633466
11912860
20364433
6262144
15733828
7743778
12118010
12205576
16032033
14791447
22332523
9011554
14284181
16310247
5221181
15438103
11066059
9293290
12868405
8569289
18398626
27470196
5126016
20400217
25551133
5772463
33514673
15185504
15549479
20247124
9458909
5462392
7486699
19981810
8745749
15136736
18752668
27848247
35294203
14983803
21859669
7452824
24603563
31091933
6034786
8668463
21193213
30503623
13841787
22978985
14820105
26084287
31738529
32209452
30526141
32800182
10671771
9051340
13541836
5760610
8605434
16368753
18890689
12577656
20145745
20966605
20877130
8249123
6949977
8973441
14722543
12800508
21343582
22995164
31331284
7942430
24970933
29930977
12029567
10145999
30833424
29833471
7609574
12036775
15225684
34145914
29110555
6233547
13405762
14896219
29503543
32847123
16690560
5103482
7862119
14143775
16092177
10195489
34809041
5601372
30459491
15285994
35259025
11685394
11026851
21815671
13460090
32509740
10444461
6283233
7745135
13211416
25014652
16078500
23442653
23458196
21358570
30798900
8680721
23352782
11887683
4837923
7027448
5794260
16396038
7306633
16135698
27707292
34839881
12065568
15431001
6141803
5784788
13903569
7746478
5771977
8512380
15565870
14948241
12473553
15224074
15196457
13835265
3877964
5372812
6999062
19478296
30207251
34901264
20954518
12320156
28602310
14527442
16318152
12033830
21734014
35078063
15341938
20435401
19512067
25311244
7230653
9152627
26516624
32603370
15664568
5241940
15306238
13987658
4891832
17628379
32070252
7616866
7749766
12535998
8872941
11333468
13691540
32602206
11554718
16095346
11691722
21254566
16084765
8535914
8039203
31483613
5117138
14576297
18483652
21460357
5541389
10996515
12967351
8382117
12100889
9153409
5798269
6612246
17004141
8791962
13612820
14831154
6341476
28508710
11629843
9586715
30341267
35138210
16241642
21298564
16761993
25579012
26125277
27313467
10321264
32260923
21609022
8304716
24650963
21332935
14882881
32755785
15403212
11747879
30480986
10523061
26787221
9483142
13761810
32640573
27547860
30143054
6148153
21008860
5439100
9419748
14451007
10416629
14883487
30033103
10268443
13362586
22759661
28803097
15855285
12897291
10748763
5664337
9274718
12234168
12003072
23426942
8471577
23863742
32779776
10112236
30420932
10094666
5573941
12653108
9509074
14668165
5768392
23347157
13910680
11007236
9472616
9231312
19882306
24566954
13036936
4689844
20568190
26226035
16075372
8877085
19752406
31414715
10085107
32372436
35215291
10407976
23666498
12253162
16212785
8554630
1827164
6525559
7073973
11937201
12786142
7881385
8637775
23643809
19238731
30190013
15348590
31596457
6527923
12544722
5783836
18903967
33410840
5614505
11913253
12233874
10234795
12997040
13654256
33063993
11789317
11241838
12436761
5837820
5645431
24404279
6305716
7605134
29476048
11543803
15527535
29103952
8415069
24868847
8150106
4908360
12229105
14326243
8063823
8071292
12804617
12954947
12720989
35021816
15112115
10202813
28227187
13493785
32995458
26307680
15672120
22737392
26603339
13284210
33776841
4936899
9599418
10426820
9753918
9723628
13591954
20700307
21456373
22253407
30160544
10973052
5077173
7205862
23440781
16081362
8766655
22909655
11861549
30321269
13785123
6033021
33770526
7389176
14206838
10458732
27120027
18997246
11344980
12653846
25065160
5811543
7005221
34857761
15492656
5382989
14257229
6865514
30562753
20557015
5059556
15993877
27265716
11008042
9757371
14152071
5363074
4881776
13620413
28650406
8855347
11346612
15970084
18930412
23045243
15657349
22952156
35417620
12724741
25301461
28406752
26409926
19840540
6490986
26920580
11981044
6871207
14288791
9866669
17619856
6100373
22063051
10647414
30491089
29799805
33551946
5166669
25230754
24503447
10880566
5375751
15805728
29155492
7498685
11404413
6771746
28279417
5969628
21002977
8649309
10286082
5364523
21082702
8504182
12465192
15295780
13654325
14838939
28340488
10962596
34393939
6536637
12973247
28431079
35023619
25304569
11547916
12210928
15043446
8125249
26013421
7076868
8187751
14980689
11114361
10492363
14162566
12928639
19886329
11750903
14546355
5049630
5749461
30457637
7897821
9606663
24379409
11752750
13957058
9087135
26069479
14354211
5059520
7994396
15432769
9886602
34103833
13705755
26616260
32657088
10018234
7433319
33180054
17767735
10870887
29741518
8549204
12427874
5655501
11148274
14509433
5453916
29923432
13529879
5712022
32784348
13399618
11700181
21033499
35249593
7865225
8488644
24111662
24892775
31128098
30062389
13634429
8133877
10479825
14024414
6336202
21642229
32560905
4917965
7202752
25188667
6175411
12608371
32383206
14626024
7551190
9922920
16248910
9045957
31263331
11632961
5500320
14703923
30899412
9583499
34971524
17408767
10708106
11499786
10002073
6690107
14246468
5895261
10644776
27802527
34518523
7096809
6908306
22222258
8858601
8465831
13581305
14557961
30234599
22401535
12882992
5216924
21602953
30378947
6442583
15720951
11308228
19040017
31472018
30265220
6047265
9111156
13501484
12180388
12612873
12643893
24189707
21503011
33248277
35139383
9560793
30589594
16430202
14241399
7625518
22384174
5500282
8562289
19371211
24036752
26177480
11902037
6051809
13943375
31851143
26025304
17726287
27265095
31532230
12080895
10709770
15924966
10839421
15106811
18535204
17546152
14908369
18447238
31711283
14514164
6069911
27373386
8971389
21647074
12007029
13653632
30115571
8982116
16928862
5670401
14970164
5612353
6994532
8910060
14215760
6398402
9848634
8524444
7217159
12598642
16125045
20986855
11452931
21473566
25198060
7222771
8553838
9169884
33106974
4733392
11188257
5001269
4821472
6061036
33760347
7668991
29252029
13598908
16120074
32873937
15346742
13667387
10031806
12227603
32152989
6669675
34902329
32938314
10059901
24391280
28869568
10865646
26077126
28505059
15876553
12803133
6681027
16160553
14995396
22874849
22979183
16304559
8473318
17809576
7669111
5459323
12257628
25520017
33013680
12599214
22513739
24052007
28698115
33859806
26158748
27336270
15058884
8454647
19896925
20685277
10128486
31028620
26117213
5144241
6043256
14308006
18845893
9938479
5537171
11816515
11639573
13467534
9565057
14191663
9946040
5098974
9852265
27338319
12728002
25263241
12933492
14294842
7439346
28954624
6502147
16673211
6190562
23701925
10408676
14613667
6488857
31996505
7331996
28033866
5289760
24393257
8681864
14437658
27332301
22984529
7990006
13679015
6964071
5454873
10459777
23306213
6440781
13099048
14625797
16107778
9494438
7377174
20880445
6957457
18709864
23972105
22621850
14698799
6287530
8122218
9941026
13882325
26521286
32230002
29942278
9517766
10998793
9422115
23813501
24165791
15021182
13125710
15819105
16743000
9502265
16164755
15451234
11550384
27862179
4737884
31253326
25491829
15177152
12547175
9272288
7650045
21249229
8194363
8207552
10146788
34585774
12162776
27149571
10117241
14892070
26944304
6425373
31269872
14657576
13207857
34970537
5077367
14551421
15560960
15784629
8780146
8952745
14814805
32651583
5788321
9939394
12605484
13036014
23133149
15313144
10666985
14205395
10211024
10806811
14557896
24908501
9758071
15021208
5203645
16151480
14939014
32881533
15387216
27032811
12526824
5224835
6037790
8187281
8700167
9256743
13040769
6140643
12289621
6616762
4697083
23182655
24018533
11260197
13228083
11275357
29149996
21816598
7220879
11090016
13349241
24671489
4814861
24040769
9638729
15538502
17373748
14641065
5119039
19950700
15035327
26395145
9860946
7403028
7207194
22168882
11577472
7717375
11247797
5826892
16505232
12021195
24126923
14284919
30590956
15215043
6372922
11590247
17241919
11017881
11809372
27947898
4854895
9182145
10269549
34080388
23684984
5186356
4709396
28034262
11385486
4686440
7266704
14954582
8787255
18783469
6673212
11869282
13773500
17965726
18920845
21874177
3821267
18031078
6740858
13557441
7851529
33394739
9290174
14446420
6161009
27337353
16305841
28330216
6226136
10325651
5920627
18904087
5928101
13058113
13448973
12485353
15097172
17555551
9651086
20821120
9723234
10226120
5837815
12291619
19816585
8460298
28080334
28693684
30105422
31389389
17389957
9248539
26866367
5345393
30329255
16038053
20255788
5113056
8985299
9813397
26246297
12272339
25314895
15653146
14298798
10367745
5565285
10677491
13547098
25819867
9592366
12173463
13344886
24695030
31636303
8944951
15073510
23922512
11573623
9382349
10108999
18049309
16930032
29712157
8822512
7444757
30254240
12816024
13555907
14997333
11419757
6755192
7406261
8684949
5344490
26118650
26914802
16803342
11837512
12961377
25888912
14597195
8976112
13614285
11406273
9550428
15175185
15274603
9062462
16363416
10661442
19271335
13562740
9733695
19135930
11485360
29140237
12863665
7635847
12458388
26783279
10703988
11104290
5894465
9840426
26537984
15652795
8013419
12586336
11254967
12896434
33338819
8805322
12542350
15473234
5078545
20078233
26012248
22042411
30299279
14653486
34685046
26158178
12735035
31306365
5791940
29345383
17889994
22964636
9032869
4976942
13888465
16155535
20175658
9131422
8381816
5592437
11885356
28119685
30566179
28039383
9033642
14841369
10781554
8038345
5658575
7047447
24618590
26446421
15771673
12082092
22870148
31402049
17868022
20047579
14450371
13577168
9304501
5536556
13149961
30015049
28644334
12705201
5530035
33993171
27837291
14333177
28339708
9387303
5817472
11672547
7818179
14329587
6450827
8798573
6808453
23283995
5034112
24239699
13795999
15257973
8669470
15541485
16513251
24641600
27275541
30141902
9586374
12693743
12193947
16048539
23959643
27022059
7019241
7493702
16445214
15104934
26063941
12495819
33191766
32260872
8835306
11670179
8768313
12777433
6260954
29769787
8468180
14387435
22872056
31093331
19859632
16485174
9484189
22218733
8644138
9049485
11700866
32799735
13085722
15117840
20519170
12537440
23596100
16217970
17578186
21332050
5470696
12265825
10762587
25976803
32577009
8689928
28724536
34725177
7962951
9793873
7151278
27789294
16460949
35375101
17500186
7600727
11120020
12180605
26866022
28334488
24532304
7043308
29628421
14312961
16189100
6869493
8123923
23602142
34438915
27415572
7791249
15167725
29589970
18186988
28636957
33168567
31930099
15910563
14410750
12733896
15056668
30471830
12650531
27055257
11794654
20850526
12069731
12947112
4118361
6341442
10691638
7212322
29855590
5028450
11922808
16400871
23776784
33110922
10638375
34479616
9256356
13375176
16891260
8711341
11461355
5327729
20108731
9526634
28698622
5495620
6557390
25665874
11509360
10307108
13055703
27337599
29791183
16897605
35503750
16057859
5249303
5960247
26134406
14467975
30328685
10270503
14996203
18348946
18688360
33023793
8243891
12370981
9921505
5922148
20797429
32662872
14090803
5629847
13724920
26349215
11081041
7266788
7638454
15476876
24014789
9066489
9176089
31581976
4739051
15194873
16931043
25964809
11597773
13222715
18091852
8903815
35064689
15766816
20086132
13256602
31464863
6327851
34114540
14433882
33347846
12992868
9608828
16192334
22457755
7828574
21635683
13598495
32139108
7436473
9898669
26030248
13127773
11115098
32890017
6109273
5174779
7274169
5697862
14450867
6398461
8113867
34432477
11737044
14239238
18797212
30815130
34034703
1686501
9325360
6634305
13801558
21899026
15428452
29909239
11216079
28531963
7584262
7506660
10597610
10384986
5967902
11988846
19246612
14789378
5966505
5374176
9746067
23143985
5909935
6106029
5325537
7489496
12427665
14429031
22708235
6866350
22454968
24043448
5939290
14817141
13559278
4766150
14497058
14738062
10380292
6989780
13003428
15544001
31237438
22814837
13419949
9220616
11985732
5106347
6192678
29367121
28367641
7337955
26328746
15814562
34833152
5366483
18282736
10896366
7513475
18426427
11322272
32514171
11954611
15236340
4995106
13207975
27892344
15278519
9644992
13763656
6003707
19095613
6503834
15535884
13100857
17572210
30256370
8445432
9489965
8391705
6520488
30210458
13129991
16118254
7428262
11372870
15967918
9520287
27738282
27221403
14913572
6603411
15076141
16155248
19591069
12951016
11782908
7355786
8005026
10145960
13423911
23026169
30741025
28672846
8837013
11097262
6391989
14478133
15387579
10770588
13852619
5658946
8187868
14872035
21471124
5525960
8838351
9873250
6321943
17501929
24272045
34664509
6364319
29977945
30785325
33964539
26733512
10598322
23343617
10609950
24027416
11809032
6499230
6989370
24650210
6159335
6969148
11348074
28770802
11029079
28868383
12935939
12501148
9303514
11152606
15715514
15541563
15479147
15647900
23340824
12680051
27823788
16731618
15320049
25397737
24254345
22983506
6539320
16736850
21992605
6038956
6675085
27110163
11408940
9933006
14732505
11027095
22962053
8209016
15578609
26539133
11469868
27655206
27853686
32940228
13046735
17313241
24073208
32220471
5559302
24260198
34512589
7375399
5252932
10569171
15984213
20074561
12306592
5880753
7388286
35217394
5458659
11377235
8104077
7824846
11024437
4875787
11160131
9854807
9874977
27531543
32619255
4713632
7034982
17825923
24170519
20068018
9059673
27354954
9994821
31291001
34060108
6954072
9083863
8440583
19011190
26726882
16027695
30130601
11172172
10468046
32180124
7528888
13406576
10435946
13602856
11122202
10830407
20073007
24344861
35288794
7145839
11510734
8617568
27136776
29622931
6473010
8633419
20958085
35417530
12170404
9134053
21562912
4836412
27015426
22434643
10645938
6864488
13093524
13798236
15476019
29511529
10454170
14034974
15744374
14972973
30799275
14506550
8411595
16066612
17973679
6969947
17277241
5107511
30800673
15957551
26064490
23883983
12361148
13389573
14846233
13588070
12986710
33834552
12472165
4960917
13789006
26247992
7588667
11155654
27896031
10443664
14901368
15338463
12558753
13033200
16039296
18413002
22181110
15678683
24121247
29689804
28352890
21098329
17416723
28659391
14252157
13423385
32552412
23687288
5312672
7385305
12200936
29034919
18587416
12721820
15526842
33793140
5214645
13191972
21368179
6979277
23529890
11464925
19835956
23478536
11690303
22376620
18438646
26010130
6446258
7856435
12697476
5254811
11105582
12314682
17318704
16818600
10908638
21454930
4970622
7161431
35059166
26887298
26599526
20986624
29702290
10080591
20908963
15391980
6437851
28192762
22930967
26801150
16957371
26422901
15084280
34030755
4753381
26745032
25809226
6279834
12538637
11662203
5647613
11825562
21244783
21989191
34444957
9262254
17958445
14226813
30720038
4761687
32584374
7592082
11142860
13385875
5197258
12133125
8770972
12684567
11697760
13118100
9382271
15759207
9877742
14801887
18909772
15472162
33591468
16445688
2961816
5055072
5157626
10972354
12002806
28034454
29841418
10067263
11998185
35181064
15588625
12041810
26052520
9692746
12581172
8582277
13496205
12378660
14053459
4702681
13812996
14973208
25284388
34565554
30883674
15004523
34503718
13216971
24593492
17189764
23679293
32794419
27698028
9423610
7443233
14988800
14950520
9412435
10826527
11022434
11603815
13986727
8041205
10531489
4748832
29712028
10684093
20749108
6507381
9329365
11960104
8325987
11161071
17672854
11765883
26294837
10339337
29638063
16255642
15073443
34435378
8297689
7839290
8628033
14532655
27947118
9780128
6295441
30781410
33711276
10136247
23367764
7074880
5699047
7131720
8512994
16141238
3297324
12134866
15716970
7973681
21600865
31098182
11686385
15378742
12497093
14480135
12803970
24217652
18526924
14021590
4701968
10685560
12027129
26384330
32083656
33762837
29411041
19727719
15955652
8191524
11995194
27673920
12122470
14288655
8082705
6430411
21735439
27237237
24615209
16346457
23572841
20097598
13097191
24571781
5549986
11424040
18181879
25893640
10347818
23042933
28198471
31493174
16872372
12165718
5195787
7629397
23716073
30545089
14071465
33335495
16767120
7356134
19146427
33359483
5453891
29842390
12705894
16960155
23733890
21105052
13562886
30546934
9092606
17886247
16001478
20973301
4939143
26112937
7864793
11367956
12524773
13105381
5642139
14974339
35149105
11603780
20948065
5329342
15736445
10535900
5991430
31846391
13155666
14173854
8722351
16520601
24500432
6650202
21337762
27527436
15835340
14323089
13965629
4751553
17737501
13863278
19720288
15973151
32479878
33672720
25994485
34799066
10714100
8490294
30485549
14876288
5416154
32496135
7000569
8842700
15086282
34499734
27849846
6311480
35409892
20462053
12500551
13767518
9734147
10835660
28762132
6305665
6251394
7313585
30503422
13967059
8859031
10086871
11059903
22154245
35320186
25734196
10466667
29960383
11714854
8708676
29944492
8068969
18021583
9101722
4903289
23011670
34418353
6783461
21025651
9476761
13599473
9103155
11643350
11204488
19194781
31086002
6943834
31118525
6198918
5306091
10812501
16287070
25669333
8096242
16116286
24316478
13448016
32471853
8391249
7819750
26701442
24285764
14091819
7669796
11937796
16063979
8360518
9184493
11239705
23279183
7813726
6641715
15879103
15865472
7876826
14650951
34344409
4902772
19777507
15336932
8927230
6747531
9931511
13214548
35123417
11331000
28111153
8048234
34982423
14724610
19435690
14657681
14420806
19856815
32343156
7276763
30632938
33097236
13781756
8128633
15652226
14117742
5537370
21736171
5168521
15382624
29247211
30250685
16311378
12194542
17235853
11906954
9613902
10716041
5951254
5764788
19206835
8879716
15266643
10316913
11441097
6462755
27863733
11072375
11720317
31009771
5079304
26363666
14372374
17386027
5529588
9142954
12529890
28519861
23516921
10598037
4708964
12739142
5253797
15395596
16072953
22224235
9244482
33935910
13572813
15553079
9947188
21051034
20957857
19354453
11142784
13131731
26879966
32143938
34079473
27906294
28262854
10316268
12948490
15183808
16098970
25421104
26923838
21750337
19621114
16758378
10919236
13178581
5985645
25772842
15901518
26499404
5568347
32168796
31466516
24011696
13223407
26263343
30575662
18210382
31766114
31837310
19768930
12982550
6278601
9436024
26188025
11064438
5866823
8278686
6491994
8179956
8366973
8372763
8334746
8423225
10071399
12186657
15706543
35395432
18996448
14842286
20601733
12342428
25215511
5255591
28475908
19095292
9226676
5072362
14841667
17997601
20500912
6601277
6546120
22042231
24603896
25750786
8573033
9161344
15128380
14660522
10031255
25563028
11746412
6597114
8392819
28240420
31036282
35390449
13853263
13186080
12178236
21188581
6628352
15813833
26333630
11917139
16478310
21677845
7442763
9175923
8655706
31157420
9658569
7737150
9932772
31122494
34615117
6777650
18577714
17914615
35047907
19191199
11601336
23028215
13754906
16032950
12995484
14667111
18079000
4945713
12345047
13077232
30411245
10525315
2265163
11915180
7331009
7040854
25984504
14114354
17656630
19040770
34250218
17180428
4394551
15805578
33496778
5102720
5861433
6329390
12676110
14372236
10177064
10356859
28687504
16958961
33331680
18034141
5784810
10836831
11531818
13435417
15114588
4717985
6649326
5909769
8807681
4837630
10429989
11907801
12607527
13887874
30847218
6921151
18110260
13906218
24550283
3294058
13373910
7046178
6716561
7456918
11192121
17989147
15490007
6814103
8580905
32815128
20445847
9029700
14076965
22338604
5590659
8146794
7961204
19564276
32199225
15169504
16753212
26611343
7387180
29637064
32457324
12534583
13628373
9360620
7854933
25989283
12615881
31987952
35201329
6527391
7197951
7384772
12561443
12653712
20818855
28251592
31032277
7217802
6884456
6593116
7677134
14896676
32442144
7878294
9126798
9258516
8590708
12610063
22807676
12203485
9329053
9173532
13256099
27312093
28360828
19404277
28835002
17902702
31869788
11709877
9654199
5140332
26241575
31858595
13779705
7623834
14536928
15832348
26426735
6494748
5011375
25880875
27491721
9723685
14916175
10163068
4978530
25606552
30112781
16151392
10545014
5836063
22487873
7954238
34053484
8160780
16287506
8143182
11627187
27399990
33737268
4943455
9352475
15026469
9608358
5057972
5049780
11196223
15734594
17765566
9439986
15902603
11487826
5510776
7466366
13497044
19277014
24953224
26767217
29459224
10956618
30472091
9191915
24622721
11700085
23426186
5100250
14223814
16303749
13947607
13345720
25129597
33926754
5318761
22726805
17955994
11746938
23023910
34102990
3561329
13087583
14666990
9277576
13625902
6876731
8318513
9060886
24342305
23675810
5296784
11775181
32601249
32015402
5726784
10303317
19901026
25706878
29463133
11126357
24608345
6551515
13187734
11275116
34325080
10412254
10628858
34241722
21037267
11659207
7583218
11921491
12039798
7912371
9551492
35337220
14233656
5026154
5635763
29208211
15975833
11484196
34171276
5688256
14819045
8014069
8666697
10431743
11812115
9715437
8327651
14964455
7809600
18600112
32151312
5867508
16513875
11937101
9940153
16155667
28885528
33455474
13058583
20597770
8181704
10138366
14362337
9594868
12405990
19856941
6181039
8151414
31023262
30533455
20875786
34091152
10076247
16458423
7359362
28935796
15700181
19518478
23328425
9961473
26986655
15103229
7943731
11906437
15259089
28490434
10379585
13442521
6619066
20090023
8266102
11599569
18228655
15034793
21977275
6014015
34213729
14255425
19442368
23566955
10823138
12760199
23784578
29995453
12965511
33772131
8336790
12864834
18254806
20404129
10702669
20383216
20935864
22725869
33212982
7938846
11178155
18395104
10870199
15083289
26795321
13505126
6921354
10817548
14383438
23425112
15832193
7923729
18898993
10287128
23872379
30963925
14080836
7736542
8169112
8352872
13191909
30231380
13812445
8684170
15742899
26850455
32905452
11641740
33423269
7876431
15703994
16792854
24705323
9461392
15525181
10583342
10507464
5800250
10920968
17136351
33872775
5638405
12030621
15744070
23452928
12271740
10204067
29571232
20059798
24177869
13231230
14747193
11320397
10014680
19154143
19481035
31566067
4699489
6845816
19707025
10366705
9063326
33664191
12886566
7210188
12702763
6990308
11121091
31806548
13049741
7250665
6136239
20023474
15421700
9913358
35016521
4970009
28106443
31823651
11168170
12508678
31640155
8766187
15056804
35288845
18174190
28039605
14165559
21076420
25213957
8309113
11915517
12891850
9106804
15747277
26221838
21243148
13347651
17304223
18172174
9091850
15602084
25172836
33040605
11886761
13030715
31810277
9770061
14918124
10213581
10847989
16350780
31658729
9563532
12813443
17351035
28933114
31617889
13777272
15502066
10937484
22414243
5963108
23456504
5371797
6196993
12086100
11808198
12214479
13928180
14094903
20422579
18102742
31067192
5269213
14362357
21238345
23192045
10361844
19352536
9713551
26124779
34436104
10650666
5589199
6590055
30285164
13190220
15698541
27147594
11731145
27782277
5441419
3399889
9831041
12025757
22517654
7406801
8085347
31671308
9511079
9593174
23628266
31646747
12182473
24169514
16099125
26603021
19249369
9159546
7892403
13907658
13786319
28449346
23823047
12025620
31696823
8022607
10290624
15474816
10971142
15889770
15617751
27062550
6642075
6874837
14970243
8506466
4972336
12235450
20018800
28861897
22463566
13299430
9904389
31157462
10712546
7034701
10373023
11913398
9925857
5423096
31238731
33095070
13403509
34189585
19106443
10164879
16722852
11673112
19729963
6212515
18597184
5339460
4711572
12328254
13038994
5923658
35275030
4909529
12775061
13838926
17531680
8935648
7575476
4801827
18170212
7565066
4755875
12248532
13972686
35308810
24125429
13365188
22948094
11221079
27497610
14597854
26639825
15524040
12357894
14620397
6449596
6209821
8669211
11510617
5139334
13320287
14475335
26499539
33020001
15182347
6851513
6488960
6597635
19900924
12549336
7488502
33536001
6855110
33190752
9314641
12336992
13769996
23008865
14308842
24834254
26272514
23752391
6932246
24940018
20969053
33059838
7311335
11475621
32799300
17272576
14628973
31824476
13653346
12727520
26084449
17685055
29494948
4680277
16813506
24259931
26852249
27175827
25845481
30277772
7705697
13053130
6271001
12145003
24174794
6294916
28426081
33677664
5664892
8111318
8337105
10587052
26921876
7274731
29460940
25980469
10601359
20062537
27026247
5765205
15455549
28958212
11977332
12838904
13748586
11731912
13521919
11895683
7066667
27560448
13667836
20230819
9487047
6556617
11497833
11672398
30229877
13251231
33535935
10268491
15599185
10281081
7958054
12093280
9939002
33714324
12076154
24014477
28964140
9631813
16299614
14232812
12904328
31521530
5423023
12894315
24762014
33934671
27370266
15245769
4791810
7009965
18665902
14323317
10299856
5205376
27396711
26465258
24308804
15426316
21867361
14404181
9304011
28264981
6790268
11650779
12508511
22769024
12567210
5251269
8541049
7980492
29022847
31389521
33015126
7808932
6136997
29895736
19748944
16886691
31882735
34633504
8807129
12407518
30548146
20243089
5862206
16672398
34838972
11900112
15943854
21555796
9934570
5116257
19673482
13760583
15332347
12311162
3715506
32241633
28604905
11261519
25557349
30278927
29348701
16991400
21914929
15078745
22885271
28161985
34943705
5630085
7156846
30382838
6295915
23168747
29277490
15285445
15574671
15163233
21641272
13183912
24163211
30670078
16843602
13490031
8244127
13681615
7744592
19035547
10394263
21059413
16474437
26537675
16477254
11552267
9847920
7782919
11350273
27390087
11566032
8441682
11324875
9017332
17600821
30039475
7460797
24747803
15677147
33911160
4867072
15545192
7163696
25401946
4811411
15941361
28030347
7837424
30644914
13087138
23821748
7936087
8025627
14436844
13332965
27525324
15310979
25093036
8455948
7308561
9970943
11534865
19707106
28757854
12366428
16443438
20905141
26470034
27841905
6094053
6076405
11068926
29349514
9330518
11229187
12678514
8855751
7154190
10307088
17499865
8067035
24256235
32301531
35425243
12312528
27348927
12842189
13415734
11967565
12691965
7221305
4852533
5071529
6183293
35495404
10489328
28212865
5220023
30286817
33416621
13811336
11567915
4803114
9349548
4794056
20411131
11850540
14786011
8008118
5799771
16885737
31441145
9940368
10563314
11801564
19346575
15287397
15149783
9863569
25226242
15593262
33347393
30716180
6316485
32481099
13348334
17523400
27414345
7601410
26311001
6808490
7963833
12862361
25649314
5298629
22415707
18257398
10311836
10653191
13385700
19245145
15417199
9631256
20267482
25966657
12686406
10924596
32129646
6129097
13815727
21475111
10187841
23197367
6088369
11450711
30882573
14507087
27396624
32500710
8899212
8382449
12291913
5087066
16827912
14318980
27139233
13201134
9089668
6824142
6325677
10265250
7037280
15288715
6797518
29201200
15149777
10479296
33681411
11692548
7990934
23333066
30561664
30970183
6056585
6630435
20837566
16488009
5148214
18215011
18113044
9324140
12426644
13323148
14433623
6628288
6237689
7715375
7921533
28767958
7695911
7153297
12948834
12237633
31775270
6680583
24036749
20310649
5334666
24747455
11015631
11109186
10590458
13829646
11556089
28484548
16175433
18440212
8601122
16274569
32755848
13863868
19725154
17457640
10938426
11285218
32725065
35485843
25710826
7538325
10432425
12052353
12388094
15964366
26877278
10423908
19641865
28112089
5707171
30381743
32536335
11271995
13919566
15509799
16276785
21875995
12056683
11491345
15928201
2047221
26678669
33449159
35120570
21892033
7767488
10111355
9976777
12764678
9240297
23731838
29336113
12419375
12750325
12501121
7268228
17755336
27000498
13180156
13613304
27524514
6899753
34159492
31759610
13581115
21656677
13390636
27975675
12909704
26772818
30851832
15613583
9079258
7734584
8225311
6731522
25061296
7008931
6988530
9622966
18583648
20657854
10496873
34861760
22203565
29167252
12624004
28915711
30100502
11905633
24497945
9594719
25597765
12375830
11864469
12189786
30829782
18012166
29126413
11862154
27476856
8823013
27329655
14012774
10905657
12919818
12204408
13996382
8651650
9284698
14278495
18606301
22459405
7880332
9878940
12786286
25089277
26104924
12946245
5502134
34928483
7312728
9060262
11264866
4829823
14428170
32921622
6495163
17128992
12952350
15343039
19160458
21586501
8600961
15148854
10474257
14251723
7107503
7699063
9184971
17540812
6038568
5716709
14898180
6558505
14367235
7501845
30334535
31921882
32062185
13146106
33715578
7291078
6050754
6129969
12768370
8289435
24184196
13123298
23220665
28794640
32051481
14084473
12388536
23295365
24034277
7809025
12053392
33569664
10503748
5686299
11509410
16477959
5683695
6007148
6582668
29388577
14047586
11633422
11122916
14123516
15726108
17140648
5197018
12585509
19835848
6992768
24389741
33470297
20713594
6403832
24204854
30556174
31126250
13542071
17610994
20107762
11369577
12728479
20853178
13809315
9454954
15069898
25347751
32997720
34918739
15303208
7232054
11283025
34638268
13707017
13422621
4790745
8300598
7665927
9741506
6914012
29895562
28613569
21427795
13095690
23676071
8221711
10201788
14914201
22053157
12890204
24423314
5980829
12838457
30960985
5089261
22646741
16288649
5749317
12308341
26725217
4831237
10547434
4807687
10515969
9301861
8628771
13052783
25119310
8908822
10238061
16101523
6469379
10859512
21239782
23065100
33644739
5028936
23925269
8104698
14569731
23429789
33378416
22528967
35392930
7789938
14090535
19988695
9914131
10946261
7534628
18106012
19930489
32248377
7545124
27754077
14661968
26509682
7909686
5894170
4922817
15875398
15920248
12819935
12200252
9882494
13506913
14812250
10232529
13099749
27588186
18154423
18974542
9893871
11040634
9680866
15456807
5246077
5742825
8890733
14189195
6672018
14900536
25043785
25678711
19719286
7441394
35057990
15859213
6128071
14026528
22386391
6878305
10372872
5259673
17156047
18151735
20595226
28703143
8718971
33189003
10284238
7833209
6205702
8913661
23769884
7608129
8644133
25593211
18880183
27683241
13150439
31201753
11370716
14479192
10789836
12609513
18522187
14582699
10806487
11179175
8920283
33630033
15694248
11791638
23400287
8289887
28156246
11689690
33815457
25324027
18134686
10508779
7575025
20287975
9626684
13743124
13546504
8819584
16483296
7610871
8757178
25477489
8619540
12819462
10057685
11619064
18838930
34534258
8787761
12996468
11133989
17869459
34164673
21225229
5764018
26484479
24037406
28121344
29862022
21705166
12112755
23311703
17974465
9279465
12274350
3253124
17671453
29309527
22540949
34424386
14166919
10239250
14110249
15282500
5162205
13701191
12456557
11570336
15841765
5617443
25673146
31468670
15346990
21095029
8144769
11120338
7822224
10603154
6820809
8803588
10400522
14574514
16686447
22612448
31189504
32000057
18384505
26016832
12139692
29897464
7390485
5096100
6660243
13846257
24023336
8227358
26681609
5297958
15566502
30315299
14404373
32261064
11065332
15653110
28328845
6243708
11585226
5629639
9975372
26807678
33857274
19399762
22180186
5479623
10439480
25195402
5340802
13406513
25751284
18932293
11405156
7484058
8691080
10061096
19694530
9120585
6525865
11315642
9672302
14244476
11025096
11097731
10088793
11202957
12970181
13189152
15509046
30830676
9335603
32101443
24823367
22512308
7172951
15587767
10947644
12953980
14825618
4984605
12675440
12249268
6414541
12941079
12507713
21862951
14907184
9508578
12448057
21564181
8098306
12995055
7258143
11256134
14545786
12781329
30992617
33076323
33163230
12166487
8411056
8931813
13193234
15178637
8743862
16186880
18977194
18725797
9154207
8085961
16801170
13553747
7149890
13721969
14638065
33621345
15304916
13465008
6326694
8954721
14079618
6521741
9896823
19472692
30055300
21017707
9796549
15961139
9519185
24483473
9297875
6815254
35348224
6129078
29042479
14037691
9123056
7261285
8675360
13757411
14336072
14812369
26513828
4884880
13739311
18705076
5142473
21107275
8977218
25744573
29024833
16290578
7191796
21715132
31866881
29819122
7908500
7292666
31680173
28098553
11513806
10145244
16180066
10603602
8782850
16499547
16537995
10263464
18320071
8213098
7804842
15557453
15774509
6647923
15800887
15205348
32841036
8824323
11865327
12191859
6712559
5865835
12524203
15490837
23913047
23908010
34526503
8701291
10606715
7973770
14029726
10113833
23675663
17565418
27798123
31770692
18120412
10288748
21698779
15552437
20229181
7102412
34233382
5584327
10400127
24947716
31121792
8998303
22818782
12362468
12381866
35191426
28218199
8299099
9202486
16775949
8761043
25042432
28189045
9607520
13064111
35179084
14505735
16104428
11571132
12587566
10063572
10820468
11008975
33622134
34054891
35525392
11357101
15402950
11913652
15367234
12282469
5436444
11412748
21710716
32907195
18011011
13421009
16766865
16333113
27482301
29629663
31668794
33045567
9110202
33407501
25121629
22956401
20140345
11698038
27902130
6392723
8641096
13659036
11791919
34755785
27394023
19184686
28342750
24951886
4815645
7678280
12314714
11622092
4675153
6206884
6858727
11091749
31542535
32329026
24503123
14509148
5342392
6199563
7519979
21237322
5906875
9662686
4818653
15365151
15801723
7661340
17995075
23320319
5803279
24642974
34688100
15313620
30091079
7003765
23590721
7971739
31861136
4943445
18231196
7230490
13245451
15025345
11898887
9827001
35315458
9337262
29744122
27511752
32832345
9000541
6167813
19709338
6711497
15885101
27018006
24690515
26259017
8861654
32007473
15374640
23369942
32906841
5018561
12683917
9786967
12579608
26138183
33125061
34328266
15019873
30632191
33040602
34394893
9937725
9606731
15302566
12625950
21543808
25403473
20871982
10812085
9756569
11364442
24690377
11755224
5960070
12333110
11508947
11208743
14418225
4991183
10057531
12836460
20349352
26051950
29069620
5488175
10404919
26558099
12809673
14418092
16193977
14325305
30908658
34362910
8467397
8749965
14581360
9498470
30159488
14815315
5801682
11573548
27153087
27153711
33614637
11706931
33914490
35121941
15052762
11458817
8894855
10497754
33820335
8270167
9034709
7970304
18044206
24729092
16516197
28487227
10116314
13436015
13719983
3325972
7931693
11381120
17977864
26179364
30224006
11186041
11994781
19119193
10528713
14407210
11850208
27452505
23751698
17966614
5805413
14490646
29138743
13726735
11540112
26573666
14599062
11308873
14559976
29608375
20916010
14690510
31316550
16225164
19992973
5354586
14088430
21053575
12553700
30633373
14573100
31997894
14046794
7384000
12562421
15846882
20432845
12318005
11914961
19676104
24778181
6795650
12302708
8265755
22977659
6672482
18478996
29124409
7869397
8205362
11572796
19169860
11837946
15778720
34505509
8517682
19651609
22184746
7938832
5618651
19093378
26577170
6592762
18069286
19237300
10830437
12855810
11198872
15536996
13239834
15080630
27879336
6785535
32419155
35095178
7824868
10827270
11926600
5700950
18660691
32832306
13855008
34262815
6097571
9237615
12894721
9602563
19631803
8340603
9390758
15414982
5501202
7563513
18178636
14979836
5622322
11438288
33367598
8690033
16975794
5278423
15221318
16395420
7019780
8045595
8899493
22732760
35283100
31183246
7899760
11932209
23185661
25152178
31877365
8438766
5510417
14130180
6391218
6596825
13354513
14135040
14968421
33291684
7970539
34259050
7705129
22950023
11613549
11517446
15669525
14589706
25479313
19935271
20676739
8845108
22736750
30652291
32225523
8421896
15416620
19574248
6881299
16851960
12017942
15732528
16089915
24748127
11866733
20539816
7411710
15290637
6398066
11579257
11727090
24705848
26836613
11731931
12395573
15014244
11889947
14886919
22278280
6976336
13018378
28199161
30761436
11004321
4842996
10003467
12547292
12957809
13268661
25860220
30414101
32396877
18248296
11465809
27584385
13627217
33801522
7155666
7008791
27790212
31858325
9567758
14258607
11874411
34797419
32250795
11580897
32756001
9495786
11757447
15099186
16127541
11554206
15857090
32641740
15060804
33659634
28190092
10133481
14927707
10849512
10783083
8674918
14741408
15482131
12814804
34117147
8588745
6624002
28501417
12276055
6671935
12519962
8338041
11787062
13098019
29608975
23484347
7850560
12043628
18518746
13532583
15460322
16077060
29411005
7919182
23966144
15262359
5311657
35388847
19004221
23473862
26481239
8033153
12668336
13679410
11021086
15405238
25462642
11207579
18979702
16245590
24474638
19804381
7456733
9699381
24404255
11529146
28072192
26900090
31089338
9619268
11657749
28452172
17995765
13221649
9143638
13434745
10858837
7961909
15750911
15281888
13215889
17845879
24198095
27071799
5807607
4965848
7587557
31471250
34182676
6651671
10969702
7613508
8308064
22961186
17637394
30735553
15468453
7219708
6710380
34572181
11859174
25006042
33869013
12168999
29028703
28909381
13306480
5505053
9760818
11348231
11346462
5086906
15275270
24860750
7990566
9945953
7661578
13784486
22664813
17754724
29612818
11574818
24338135
32600757
11762453
10878728
8061720
13412154
21889441
10632017
11180395
11670001
13066776
15698461
6711653
16084316
31827527
13791479
4815179
4907836
11071041
31202875
11904506
14991548
32791755
33001566
22721312
32279214
5018943
31033177
18972517
18518230
7634288
21464839
33277647
6677882
1598074
5536028
16062480
5181164
27520578
27521727
6781296
12564280
14352588
8929240
10585163
11382767
16148596
19669501
27814467
12486349
18032758
5691419
28820758
8522918
6552878
10875908
12809490
9494389
9565984
4805075
17815579
20634790
33790536
13108853
18677383
7808635
27587865
12428214
13581170
17249062
5285903
31430705
5072961
15220465
13760178
15864101
14529684
16081180
23430302
9919825
16547916
10970901
32191776
33751092
26980859
14374987
25177759
23832062
13634633
13668653
16111090
28903183
8314371
16030782
28994941
32599287
34773665
11333759
15183503
9428764
5080807
7893146
15621868
7333176
8364922
26939867
31454237
9154504
5641762
18110371
29654056
4811786
14815987
11679960
10292173
8669149
14735876
5067191
16730547
17162317
17553676
5714975
9406832
7364965
3538839
16039659
11282245
16662090
19344925
28028697
32676195
10011324
27149436
15394402
8875725
7534404
33536868
7386752
12935352
7111673
26180765
8221118
14406567
20040265
10677113
32799759
24204461
21480355
24656681
4686774
33014460
19546378
9428750
13961135
13164079
15414815
12331821
13145646
18775057
27882150
11050480
11118859
15639773
14125360
18746851
13288422
11064557
19825261
22778939
25896820
6973273
8114251
22055413
9010272
12926957
27568152
5510039
14669954
19003534
20038855
15417011
14539722
4954049
13828318
13307383
7816693
31321245
33130623
35272213
11366598
6167209
5847874
12735994
12923605
30200156
25636711
32121189
8805009
18173371
10510706
30651034
684606
5355836
21514429
13566219
9792584
5989952
7040064
11372354
15125280
24474572
13203533
7370421
25789807
9829631
34238134
8955816
12018876
27229143
6232199
13569153
12607365
23867270
15417075
34855460
12620635
13190058
23320595
6099819
14750524
5296755
34929023
18746263
14870158
5122377
7646701
14205192
13730062
13401876
17885572
18153868
9563670
20342818
15868026
29571265
11290452
5209406
8438144
12713119
6415945
17498140
18301678
12486390
12645871
5429552
9065639
5286639
24827375
12027717
26114704
10420380
32966508
10854256
13792354
15646838
5237571
15857600
14443053
15369046
16117358
10150394
14700507
21800719
19875214
22175866
32370345
20902276
27928998
15204375
12569465
7983381
8377865
8129871
11125089
16484631
16222602
17317552
25882993
32015834
19878067
5699631
20783872
4947588
12477430
7500808
16770975
14554777
5475637
27377664
5210945
5674186
14159912
13363959
13351162
7642085
11097884
12373150
13637389
18700765
9935558
22745921
31852958
7439162
10295862
4610921
27296139
14094428
11761542
33956175
5610217
25374406
8836319
6852428
14510847
13670100
32969961
23633279
27385602
18943666
25274341
27731517
6298677
8089749
15825852
18149446
6545918
20785540
21663253
5881586
12843647
22656656
26842292
26167934
11918892
5129703
9753308
14424149
11966737
14097603
6347804
6438016
17300455
26245556
29783242
5587425
18007528
32462451
18413425
32823690
22680863
34207606
21603721
12473280
8586269
13404274
6201505
11127964
11869009
6114322
12892556
13475503
14736650
16582173
12944046
18326410
30416015
14135372
21179812
30728504
9509739
27286344
19972579
32546877
16052242
7671907
13009843
18084631
10714868
9829046
16900440
19747858
8492647
7152108
13592672
12793339
19645948
8512601
13848891
28415080
10949739
14339593
7572589
14817686
19413256
20076346
20806456
26203400
34279879
12610163
30478112
7001900
33920148
24952108
31951343
15033233
13760922
10990544
10153933
33167406
24640574
5053926
6501225
11154478
12789954
17999308
11875807
24381977
35364658
6296174
24576833
6137975
11458618
23055440
15464829
15432777
8323878
28440058
5417274
16000415
28932688
13421297
13443797
10338453
23603924
8563173
8344812
34251694
15267630
4188671
22776293
20083687
9970699
14929328
15655162
31091018
34977218
15483085
7216824
20150467
11958220
34871699
14004282
27224685
30647212
6096226
5758946
12333716
17806519
27612684
28000629
11203241
12439404
8445932
18565723
19652632
22676945
4755997
10582497
7395975
15141742
23973176
27032217
31617598
13153643
23461439
27736437
13959775
7102828
14008323
11692859
28072288
12753571
9833881
13139691
35089832
4829463
14071182
27894678
22020856
7213188
30711302
32697975
9711033
8699914
13984558
15232246
16947069
13868386
31598206
23407304
13794853
7815742
14592278
5574325
29766634
30736582
13525701
15904909
29002255
32843427
7390396
11062285
14325545
16086397
30749772
15494581
10328334
26453144
30699226
7245074
11602803
12868061
27871149
15006516
14472585
23319149
19454131
12538127
25408129
32624115
6217955
17812621
27473550
30339800
13631570
14130410
32353053
28367170
8328912
12016947
31668974
11109570
12454929
6612007
12409273
15288971
12447527
11818610
10634713
13410399
11486405
8547032
12750949
8246313
13106177
12229118
27613575
9788549
15708946
5257184
5129682
7366788
9396144
10836695
14117416
10255874
24558752
32485956
9912354
32380164
31601455
7948763
8156748
10082298
15923432
9729068
28044855
9165264
13002379
18600898
10492671
6041249
20281747
30112196
16346184
24810227
7715531
17918677
15054850
15522505
30560908
8294412
11330599
15078627
25206502
23098928
12292172
14795709
20988775
22660766
34721163
11171917
7132911
9565228
16102520
5871527
8835794
20026912
15350003
35413555
16333755
12000340
26043268
28689496
19265776
14654457
23316605
34026084
19732870
12661304
33983016
7307482
28451776
4707934
7662670
34115812
6071037
5533940
32746950
14146951
7517922
18714397
25999813
35160073
6128129
17494861
6254400
12193070
10220036
15379889
12844306
24226805
4805521
23694518
27901023
6411863
30142520
9116236
11883293
15070235
9911845
9121982
24343292
10991514
16266936
23663726
5290662
23208770
25088644
13676984
6923212
26254433
5664302
13057415
13801069
8131091
30936006
10773078
13667999
33660027
14572036
10434542
14141681
28549390
9095149
10971605
29449771
32099826
6481410
15958153
31301401
21891787
29898514
24932918
8297306
30679894
5296222
9474794
8587762
12047702
14677596
21803947
23025941
12135701
34686519
35398492
8235311
11924070
12820399
25069150
7056829
9707345
15227381
20443534
12430755
24586187
10507056
28222483
28940212
14085018
15942362
9345244
25682461
14369373
30923709
9304896
32213952
9210890
15604090
6119499
7933778
22656959
8317225
6982507
5852275
11023161
19281229
27327183
22524188
12318639
16246854
22818890
4854541
18031417
30420071
10651233
8786612
16085419
14814679
33360959
25988617
8710953
12016528
5647651
6107615
6432378
9278388
12448882
29348494
7527765
13658838
28963570
16212914
9867817
14457709
11676044
35125403
9548284
12569355
4772107
25186036
26591459
29259820
30448511
8156385
10064498
8335489
5471143
14179047
13345411
15571860
5145769
5065286
19151440
29674075
30527992
31052897
6255129
15198356
31183690
32241507
8372032
27724521
16011000
33772875
27358692
14406315
6374705
8649634
32482281
21904885
20017201
12403028
12095908
27412266
9714747
34080043
10737718
11451873
33038136
31300040
5959942
11892745
4877240
33582447
11767363
6785902
34418350
10248102
19180405
10157223
7626205
12470388
27109539
21221116
6775668
18648505
19212073
28187509
12320674
32524086
8525857
34826357
5452272
6709233
34949045
16075789
14503319
22522301
10127239
25404346
17219224
26077894
28965961
35046797
6654504
14536733
4756238
12868131
35432005
22592366
5797414
8710819
13494640
4963804
8335124
9016978
10052327
16103833
34174102
12075705
8006807
10095041
12287362
12793466
16693593
24976315
5120389
15986429
20304418
5427795
28152901
28953577
9245093
21819115
5071785
11375574
7040133
12402292
30513088
10548371
27423681
14474056
6633071
13858815
21045826
4848933
15874814
16028495
28119463
26335748
30534043
11573423
10473150
12334197
23096351
32320566
33108735
8374923
15355342
33477062
20256907
13501466
16112339
12205285
14290230
12735057
24283907
26602769
29931838
18676753
21908512
7423682
9206181
16195252
10580981
12951148
9821430
27889572
7511023
10296537
34045594
15824087
10436959
13396703
21192916
12401316
16785528
13125083
31976228
15529125
15060507
11883541
23567687
10157019
17612638
15492013
14987207
24902252
21979741
9066244
5729907
7504308
21964156
27330771
9794744
9655425
8520005
12251800
11221396
34711398
33486098
8357882
9470220
26663819
10090918
33330081
14103377
23255183
5076800
6690459
12049262
23676464
7411519
4978391
23043515
26033989
14426455
8348844
11046897
4911766
5963020
30675256
27784011
18662902
27919698
17235748
14413053
21841984
13699723
22036060
11207910
19421377
34082806
14877885
7393767
6182960
6895894
11649074
8692229
4788978
16209541
23993297
30277898
9794128
10339703
14073503
19127350
8457115
10674541
35217163
8093104
25478797
5732366
18154414
16154696
25198393
10775362
12500974
34915415
6207478
9787424
5985910
11851685
30441638
34282054
31505123
10072074
34684458
12486515
12055687
20148280
5155995
7353317
24458078
10030337
27519144
4675982
9858612
9223884
33425639
12402124
12127124
35508667
8702891
12618234
14546405
17193064
25767883
23678615
33701118
24100655
14274276
30208940
12033662
12458038
13875887
28043076
7260319
13765184
12571191
8109515
11840303
6823301
20859169
8350020
34394962
12988198
9896992
29836330
34916921
7120906
22420522
8112765
17357206
10293071
10405299
33043095
10953729
8642146
5810251
25939879
10899137
15893838
10074568
5493074
13012714
5335354
29421427
31853456
6072529
18207064
3262526
13890108
15880276
5570792
22009888
14196820
31520768
11003921
32901132
15625874
7521703
10119732
9458229
27834264
12736274
14823726
6924139
15463824
10655186
8351006
6588502
25260964
12768779
6673595
34345681
11400995
6486168
12504968
4732190
23701991
15402624
7417546
23213963
34856384
6573610
8731327
11412228
15121756
16142408
20099791
33087033
9597596
13211819
33698676
6563091
15839636
20908420
22237834
11570833
5129942
7133314
11817377
13297950
19799758
30212234
15505955
13623990
10634593
32675166
11856108
25256539
22928285
12264461
12342978
5851691
5464782
23023043
9774583
23757632
25803523
21340216
25933222
34579834
11377674
7538257
7646813
11989973
16555380
5494736
27421656
17741020
14069614
5550354
33325986
35049815
28403125
16873317
5408045
8762584
32015057
6033287
9666000
7579577
21971332
21774658
11880410
19157428
15428386
29663608
14712782
16057590
10198136
11635511
7760217
32158560
13411022
19457344
11343115
11734229
10388361
23094128
30863187
34581295
13872701
16461459
25387426
5814729
12651971
24790418
12014010
30077800
5812518
15338289
29611606
32704488
9276657
19869505
5473223
5618090
8783258
14362824
6126421
9802487
5482864
5601953
7029128
33529893
7242453
29177803
26366384
14484838
17438854
6644733
15700413
14426940
31011874
8045110
14496244
5002448
10387086
7224537
22078696
33329457
13035981
32621334
11373454
32106831
17473951
6843987
4748210
33049107
17956969
16053917
30992917
24681791
14535802
7732851
13685946
15187011
16055943
14546481
20095261
6005577
12591773
22574978
9298867
4914255
16264164
6834713
9970495
30617596
31693160
13864513
14320324
29205472
23933339
15710475
12338212
6894855
15803202
18419914
6238563
4804967
10918014
11452759
22430137
27133287
7460897
21108157
12489726
15890686
7202226
9148687
7390382
18398086
33064455
27345837
7330736
7054438
19567234
13197826
14942159
6896246
8336297
27165657
15669775
12978301
18045424
18702805
22195372
11157700
6535846
12714934
32587833
19918399
8582859
16043867
15061814
26323400
23790779
4924066
18073840
7036380
7415638
15150211
34623211
10981233
33574080
34436590
8130693
16059341
23787281
27742437
23562581
25260589
14480672
7772300
14414739
13719770
15384083
15513927
19603354
26548142
29378182
16276568
29769406
10187986
28206841
32301026
12859812
7865667
7244863
9458234
9598912
11269505
28381201
11721013
7416232
26488073
21915901
13075183
6831311
21903565
10447340
10129521
11536281
5313470
15755228
13353919
19718557
21032899
27428820
5938245
31353871
32839020
16022834
5902295
8462700
10653198
32976537
13247562
11079949
15598489
10233590
11477696
11682676
15176813
16305112
11708036
8730752
13566810
15680970
5229295
17891551
26215115
13899734
22141474
29328883
32816157
14223670
33888948
9697603
14358025
9725255
13942621
5697186
13011805
13312409
15358447
15403348
30100292
12259844
13865977
13904388
8338564
8737590
9526281
18478375
20959522
23043353
23782493
7123116
25049599
25975330
15627908
12635883
12738460
14754561
15731647
27597345
28359568
12494238
6962926
10550465
7831879
12454920
4787449
20862148
14120110
13115925
14140906
22030621
34965632
9171613
10551195
12563412
7891355
7473575
9505362
6365043
17177266
4876211
5065054
7509078
7997836
10404063
34152982
13325244
11449265
4454614
10031932
5513515
14418633
7295229
5138213
15985859
6343134
14026624
6541697
27720687
32440410
14623730
10527426
5556963
15928143
15425449
12123231
28639351
28104670
10784198
19075237
13904864
19611748
20489533
27093417
6224063
6039914
22027927
29741821
11927057
12235934
5186830
13427881
14904439
29539393
32050281
17813080
29648173
8360165
8543457
7268033
9721435
16148110
4829239
19115299
9843727
23065457
27992346
4729696
22371628
4388573
15031130
19651660
9575060
4677969
10215857
6545286
13735874
6141782
11488696
30827811
15267749
25016131
24290771
14032577
8139244
5221231
15494498
12618526
14920855
32180127
11313280
10069388
5236022
14501403
8967177
12928406
14406000
6097276
26324726
6700573
9913034
10710027
34375648
29790703
31413821
15223448
7371219
9708413
12619630
27389616
13439332
27762954
31252015
22945613
7630574
8083474
11897392
24025901
33231864
11569046
17942131
16625742
7614431
9832313
12366592
7260969
5308022
31555228
25958824
34479679
12197113
24184322
11378087
15330260
7214982
13881767
9538588
8838075
5290430
35153761
7790241
28017522
7604131
29417629
6749294
9764493
9886040
10306749
35449453
14985315
13856973
4719048
31021159
11822753
5397075
18858934
6614841
4722383
5155319
33896847
5602794
8467201
21359692
32509074
31832549
30488215
14827059
12692152
7107082
13004050
16181666
23315996
13200237
33856857
9033824
7668750
11644064
15324602
32516715
32151450
12313883
11255107
33128913
10030782
5655895
12573237
15858932
25280389
14607743
25534915
16293514
11209464
21947038
9515292
4748036
19136500
9967051
13601687
24444719
27288906
33481598
11941052
12307181
12594648
7954849
7608686
13668902
16667151
29693053
4345369
8300162
24863120
13859609
11997738
12887863
14246328
14314249
31253092
19183894
5248000
6177823
7484059
8215675
10595139
10744866
22856624
17973754
5606331
6525489
10088009
9842600
6034487
27414948
15562055
24586130
3614987
21145483
32384385
35370973
29117236
10903257
6991839
6101360
15089730
13264322
16470072
22607390
7077372
13693488
17959843
26684042
27657465
27981849
34074532
29102164
11539886
7639617
11579569
11510093
12813776
30241805
8992335
17957227
14339761
17268946
14865237
22692740
35010053
26681240
10931349
19499482
11455368
26627453
11570400
11470872
15689612
9421404
11036533
3345099
29445424
34103227
7453307
34962719
9015317
13782741
5788087
22475051
26445935
6869004
6223865
10997559
19632709
14453674
27582999
35164483
13623395
7877256
11822853
14515268
22780406
13612310
26044135
9500709
6641153
18990454
34940450
10289306
5785940
19023568
10989258
12424681
21983098
22266253
5126249
13136208
10070367
13430063
5329570
33542241
13755819
23399333
14011109
5658001
12622391
18692242
11434992
14561658
13718237
29151205
14842795
7603034
21492715
24961198
11672615
13693246
12606642
26896616
29722282
7891624
7368296
33312279
20000317
10012055
15370003
31309107
13226201
8145734
14004812
12380434
18697006
5205648
25320871
31161017
15124207
27659697
32666655
8675862
9632181
16966194
27857763
5643986
31103594
5666861
15991826
10139707
12721830
9521252
7554142
17444440
9687196
8720073
6844301
12262770
6618158
12232540
19049404
16737066
6457053
4950581
8916226
11440611
15416081
5820936
28816534
12094512
14565952
4679606
7187893
11440975
10464845
10772404
9180133
24470147
11053032
14715459
25188937
14863738
28705834
15061034
18685714
11160386
24718124
5986525
11661920
13775614
19399855
27606120
29693779
24743603
4782046
13228512
8575064
12532705
8036458
13453532
13574358
13786347
25305070
7273695
10456754
7403302
33857019
14060215
13542744
5434269
8470002
7320687
8711571
8187777
8089754
6574614
13085891
33396818
24983482
27227832
11782335
5138887
11270129
10571048
35485534
5898416
23513018
25902814
5391634
10608030
16495806
32733111
14396545
6185590
6532908
12902698
16411698
19869805
4905436
6074630
30125501
11652534
5051335
5367646
9172330
28663102
5478060
27589053
4952496
8823982
7352148
8246433
14080614
9426272
8213472
6763170
13045606
7779517
18403063
11560087
23792750
7000224
11102506
12173162
10980183
20362879
26353688
10977927
14685890
10929527
28669018
30790725
12424514
17611312
11790431
32981574
8160106
21707677
27617778
6521585
27099204
28508104
8297248
19689889
9286092
14887860
27170610
10348051
23750717
31865681
8470586
15822761
10740260
6671585
11967243
13671959
14794939
22812881
6586424
14027909
8729371
12449461
11300137
6922082
12909391
11205450
18989401
29689027
34443331
5269405
15777602
6934846
34015158
5468562
28192204
11465926
10246936
12375989
18748843
26622785
18722338
13288359
15887222
18294046
5004859
13798969
21784780
10061883
12016678
13670754
16126969
21687358
6018570
28053294
31520183
8143341
9585865
4907085
5028729
5916828
9844582
15338069
8125454
6562324
20970802
31319076
10824566
5747413
5758258
15968368
5021505
10987854
9476251
8122367
9708280
11993965
15247032
16027795
13991785
23841290
6658557
14412465
14738944
31888975
8846784
8385736
9937357
8863784
11207931
15861003
16571805
16777749
17375533
9945107
19569535
10751256
10510933
29576449
13946449
30408794
6164074
5421053
7786991
4704374
5151216
14726288
30212687
14553740
4883158
22914668
7481491
27439500
12116015
30227528
7269362
7425888
24609881
33103296
12569298
13515433
4894186
30942688
21853675
28920022
15818943
12976055
15178774
16336848
5109127
7588360
15849209
25981099
11785616
15306913
31765604
8765730
11837928
19772152
33036561
9087448
33407267
15732730
20398870
27138633
4767790
13113621
7276034
7604680
9084068
9780004
10021872
10447926
14629155
17019798
31995395
10614009
5794450
15925076
17437024
33623061
13118381
26563607
28411876
6395901
14732862
8396461
7808796
15982378
16152661
18787405
13207844
15938361
17878747
20400109
29240809
6326661
9137046
22405012
6491998
15462885
5990219
11950621
25283593
10203041
20615983
2257498
17079969
5440312
20173339
17544154
12412753
33421631
16319403
5029180
4847879
12910286
8424862
6740805
16646571
10656349
15071753
9995531
13051091
28799170
16901907
23339735
12754483
26270681
11765625
23553266
23635748
13680499
11267254
18042946
6225424
8450954
16148205
5134693
13861599
22318486
22259191
2092651
29998486
11165699
9636697
24014933
26365139
21186136
11798629
8762259
5222684
17743501
16619493
9785686
12412962
14301858
15947666
12585068
26536940
16551576
8971747
11275003
25010887
32123199
13616883
21618070
29463085
32974260
15350459
12649125
20889319
14572987
7651665
14934066
16190701
33150942
34551439
11851391
6453271
15103951
9447049
14925013
9916020
32651745
23153237
8061074
10959991
13031439
30346853
4738966
8464963
26731664
4843107
5859896
13514275
22670525
12700417
11123481
17067930
6522963
35386003
5641045
6339560
32312085
22435927
8248410
11877510
27514290
32077080
9062587
19165840
9085676
16244335
27399189
35347744
33268287
6471380
9036016
12763577
11197023
32168607
9186144
10044281
18491848
12182920
14831914
12039034
8836550
20839723
10807344
34927574
9043502
14523833
6212081
33674040
25342939
8982406
10195544
21510688
7887118
12967932
20032015
16022482
32261571
13177235
5057366
21386971
31859228
10360899
15464299
16018463
28277920
6961833
15523662
31485668
13304107
11799792
11516741
8160858
7672412
13118600
30124853
8316007
13334268
27940719
13025358
11940814
26079802
26536043
10201163
11685159
26008165
5572836
13207417
14508024
20435770
20584327
15336806
15160171
4944295
12991716
9382774
13596034
14569216
15631785
12149522
18484708
21256141
24030119
25577899
9533508
6738395
5739521
16422216
8739657
24865652
9099407
23288810
5711938
31809860
12921177
15280375
34407466
15263329
12257638
14604511
5644225
15834180
14462203
28732906
12827032
5014942
14644057
23520557
34876808
5585872
10142331
9681066
8859639
15935608
31703957
29264947
33720294
5298001
28966885
7741505
11977979
33711009
17643523
26182712
33518483
9901203
24242003
6911754
10824264
11292777
4960409
14559035
8620809
9835299
12853696
7847271
16695600
6692177
6839362
34508197
13247773
12329467
9805919
12308387
19936609
14285085
15722856
8637867
10621744
5509300
12147829
16496979
27812166
13147832
32189754
9299101
8995345
7779459
31664888
30255530
22430419
28979134
4991699
15630299
12251161
11008142
33302064
26140730
13699393
31847189
31932166
12098888
5544749
13563165
7946923
8916798
4792806
16002132
8567589
7325715
14890695
27176454
24687794
7188020
14232592
30690313
15376969
12461044
29844982
19959850
11315146
6089307
17814427
9631646
13392862
17656828
28710913
32968563
6661831
4763988
7285349
7359249
24088928
13217681
5879818
15621386
5930776
7087122
13138584
15382772
16751694
10913187
6425150
12848426
20469502
17479318
22308700
24055352
12323096
7435215
5376986
8666237
12364807
6610032
19026889
28577767
20378869
12760791
7239376
14881242
30216218
5667105
7719051
4914180
6724181
8869984
7552844
5453057
11567778
8295577
21751174
15523009
12616149
19991971
6939193
24929165
24061733
35044706
30635137
6480826
10270147
13852664
7476084
7863905
28170040
28899001
9560054
15600307
34763459
15260882
10635452
6861624
14568895
22700192
13514794
15798816
17686903
11596671
32459247
15104872
16276750
14362619
13768915
22092913
10076343
21765211
25141444
35250697
6313864
32780085
11160073
6112690
34192639
10698958
15685504
34521280
5623999
12984933
5624630
11539438
24022484
29027677
29757262
12987809
6011148
5419739
16177677
8077963
5385391
31717817
11859493
17910361
30134489
6460964
9885646
15504371
12661270
13376622
5642315
7489341
25058575
15190108
4775502
5178423
11161724
8387237
12304481
35327935
5171192
15968969
24562679
6444969
15981443
13438164
33992796
13074356
9916605
8622584
9253379
6009656
9343745
13069623
22793438
7011484
16779108
23246090
7288874
26641025
8826098
8598745
7224934
32069847
6343030
10373638
11418474
20174758
9771565
8779186
6554500
20053963
8943484
23003942
19607968
22295080
16830897
14052009
8891361
20321296
15564228
29597944
12190883
3827802
7117674
5956547
18789433
29110489
27377778
7771721
10406534
10244964
16651500
6352491
8492005
11885418
33590973
14189198
17008923
8633513
15682676
6356779
12613536
13902094
11502485
11569019
9697648
26703875
9231577
8213347
23481629
18856588
6710736
4789914
5260248
13780515
15359191
11684264
18987019
11865627
5080632
13682055
30676435
15666107
32825523
10709262
23848628
686706
6839596
5479859
6245192
8238123
13533329
24245951
24938971
12757939
12809306
33758331
5679870
14250974
32757426
6342040
13714597
14324834
15230893
25249702
21999298
24522551
29998324
10385171
15967640
6545402
15825153
5875984
15317791
32326614
22895681
13503109
24764171
26289662
15888990
17692945
30918129
13438756
20169622
20543329
20312785
6773930
34168141
11618419
15641678
9997274
7546638
7757358
23175332
13409345
5539405
12488801
16901472
10886093
22162621
11998466
18677575
17587954
32789643
6099008
10399478
21192757
8597917
5647667
5720315
30454778
16918695
12051692
18553021
13638209
11244937
19410199
31950452
23931095
8881386
9739368
6275538
19528360
15825963
29783953
9459815
14099862
7299085
14014931
6100694
9014807
6035425
8241529
14585698
31145648
8592811
7372595
7326950
2910449
18637414
31334059
7187721
19112248
33652548
22324906
12178576
12663115
15964716
4825633
5895232
13809475
15918212
7850013
11139675
11742581
10378039
7791019
11721298
31475027
5202503
9942317
30499405
9533479
13277389
32651712
30817920
10506685
29421544
13572694
15849830
25190449
19144288
34816961
15891314
29891377
9039618
17687653
13605117
15300145
29772118
5726103
33535884
34498870
8183503
13566377
9881954
14165068
14297534
14803713
9512620
31649609
25401151
4708816
11579550
7320069
17491414
5262179
32301774
31029394
16057724
22287253
15247141
23641547
12750923
12636598
9012561
6795798
6690205
18077452
29799322
27317934
7385857
10517861
15006353
18537793
8492724
15826376
18668599
11836726
9688605
13048206
13584015
14119263
27198618
16111083
31564102
9952606
31739564
29786170
11613730
11007314
13328932
32284464
18841279
22599446
34326124
12706869
26920406
8095546
5122421
12047876
29291581
5628497
9687976
11064892
11592579
14690891
31791674
19406395
8889608
8608681
13446389
28604020
26514143
15371066
24786779
28684189
31279253
31611754
19584010
13759171
25006714
6463146
9124512
14412046
23274989
28111972
8480224
25479937
32599902
5116895
6331766
5556893
14404125
28785391
14761533
14140112
16819041
29207053
17479723
29219674
27329769
6946669
9997335
6210537
30217493
5396568
27626817
14495265
16134905
34878326
14060030
11047595
14093653
29445241
5330335
14607440
21506125
5238292
23666429
33767337
14885132
11647693
22083247
27583290
6263110
14753009
16521753
13453324
12575324
14055594
14099565
6765090
19599376
3544139
11967165
7510976
9471634
22128235
12580582
15536548
29699749
8215464
26533082
29635018
17822911
29543239
10992404
13794792
8389416
16630371
24029144
13529066
5181468
13773197
8881148
25876360
13343977
16181846
10150519
10339027
10916051
20815021
6503357
12181559
15108186
8875844
28377262
7381177
5982257
6386178
6383103
7860531
13818968
15955265
6572924
6634588
19619857
30937387
7685863
11896834
22196338
12733731
9515266
17658163
13088206
30811332
14259272
15258681
25943146
26489981
17127273
7585251
13347714
23763626
5681037
13342117
7530694
14973456
31715789
6897146
15232378
5647449
26889575
15484602
5299484
14835765
15336515
7864163
24675119
5867862
6947593
17268385
27710631
19763674
12104416
16236534
4799331
6580944
8922613
7237439
6344672
15079123
18071470
13266944
11229316
26469455
30062383
20738371
10108164
5915246
16036023
14554705
7017452
23847695
9356718
6956962
9252838
23425124
33666576
29417179
4706972
32519661
9063480
23229206
21638107
12490567
34481125
8821967
10760837
33799956
17732818
30966409
32787198
6144305
12130976
14657940
23843870
13358228
29242855
17771278
11028565
10035491
18239347
20099848
31840121
22740881
7150298
7846132
13462281
34518697
5431822
23158214
5195140
29063923
7671558
27870663
10576967
17742997
23288483
22216819
6914528
35287237
8301510
14633393
35364637
30192884
6612641
27849606
31921492
8788717
13380376
6195179
17732953
4719793
25063231
25139011
15575508
26451263
30637258
6657455
15506964
30683674
30547213
7220064
7742666
27356808
18459064
10159197
9083173
14475869
6339884
14566543
13419452
9237102
12164451
5199536
5628760
6078322
15344520
4772465
4684954
26096146
22708250
9671821
12033610
15355821
15828621
8241652
8484792
12832589
8337282
10083599
9008504
12373707
25752187
6521915
7999687
15019414
18788236
9042994
8783418
12235196
10303953
11478348
6263532
15314652
8919310
10099816
5772735
12458651
15610807
5384383
12895616
18270346
30054433
29801230
15341223
8971185
10462802
10976032
15289002
6859720
8815049
12536048
13484020
13286506
14072686
14562225
16224827
18970009
31333792
14737675
32853714
11854555
7578268
14156815
23614334
1218297
4940738
9615810
14459955
17480278
12211170
32643663
5510210
11865410
11365774
5357262
19460338
5581406
12698080
9790938
22480499
8669825
23827187
9071948
27120024
15295776
6231985
7114604
18801091
30039754
7608642
34336168
25385074
11142788
20425453
15901201
6798376
10327958
11070349
26029381
10071603
32119710
13001512
9695312
14288494
8569637
12750316
27783891
30831462
4969179
6146878
12102916
12531033
35536000
7244516
27634866
7229285
19245214
26376722
34463218
33294114
12264728
19771270
11488808
15416198
21605527
26105560
5064653
7985207
19992064
23553680
29397340
9870062
35068466
8822493
33308199
14606803
9392751
11505069
22629281
15046254
26243213
13604419
6981842
16880139
27198546
9314006
14973700
7411818
8121585
26555981
14249957
14652173
20631178
6013092
6792274
11711271
30899538
12253536
6946385
13073745
23005700
27023550
34668868
22138354
16068720
23788076
11357371
13953919
7239796
6138007
11213769
11972633
24211061
15274462
29604349
5768212
31687547
33845904
22424644
15149627
6104886
4689702
28128049
15108866
11439522
14212300
13750726
32332680
8747103
8094319
5869450
12822387
17613508
5068878
13712343
25998532
10513191
24330638
13075045
23091311
25685179
14134530
24666644
7840643
11261946
14471623
20551081
28015026
12160798
5764813
8778670
30959086
15609397
12002508
14428403
15666070
20595577
30506911
13148063
29240128
26932544
32463888
15799457
30188621
18005842
14859126
13748616
30387461
12758223
10369714
24745880
26921900
16977408
29465002
23335262
14828969
9484602
6347267
11295658
12730554
21120310
22575044
22615643
5007791
23753471
10600214
14774168
5056809
27624651
34534135
24396779
11280622
6040277
14120763
14560986
14758661
17921509
18611410
33584304
15021459
33052176
15435109
24140657
4901207
12781297
18241045
21556690
10479230
8907133
9097717
16116184
34864757
34084957
13585190
14726051
8449257
20989156
30862548
11539370
14834354
15129396
24425771
5058016
4788426
12293040
6257483
12796259
5261327
7114622
32779869
7655865
28032213
7318741
12214762
10092477
14575953
19314862
21356209
19757635
11093172
8806394
9263023
13553811
19146877
11305464
28856632
9008047
11153432
6012209
10197901
10453054
13435680
16046411
27311790
30304610
32216253
5803893
18154417
15244353
15790876
7379720
13713624
8916366
11526862
7609353
13821338
15946542
23202203
27964023
30560695
34276480
5881529
12602222
15100207
12984407
31534429
3368283
13796332
7336575
13932920
19351168
6650257
12217427
22078945
5635923
14130539
12392864
15635910
24030455
9751441
12914934
25142884
29608318
11646790
11054178
16377180
12438706
15345538
15369714
12961547
12300449
6225569
11334014
14752512
9212341
11230416
11940985
34463527
11501635
7038198
23490707
29843560
23973356
33016821
14003847
30995242
5078199
8448035
8670558
10807408
30130478
4831913
15556277
11260246
12811732
24338174
11883564
4896295
29063947
33382139
10232131
32628084
16503204
24861542
17829013
10865269
17859412
10880293
10590387
9383823
9991551
16952718
33206589
14832163
9336270
5291738
20943328
14169259
9492021
6667203
10312836
12472559
14338400
14628833
5084407
7728771
24677135
23695766
5856800
22225423
5396658
22478144
8575147
17323453
5064996
8745255
10052635
12985742
8387171
18846163
14464358
27861114
10181764
28337767
7048102
12067184
12402857
25702399
6863766
7140276
21533023
4741998
11712304
35339833
13529403
31062038
34745022
7199213
18858343
19894579
14987673
23659511
23259908
24408821
10762978
6913461
14211484
11302571
9390882
29440780
21594040
13823927
5579805
10230922
10015021
9765871
14172654
30294503
23210690
31004728
5835831
18387442
11713458
9074319
15660271
11746402
10565018
17721862
7538733
13299293
26834693
7736050
13784151
10927010
32008190
31913038
8616543
9563420
34471138
11679481
11174990
12952500
9338740
18919957
10691375
10866114
15544133
15884664
14041389
13648166
5182579
8995995
11779036
13320657
15163388
29843908
31287821
12846225
29589391
22233337
14533730
18142714
16913766
32299379
34325488
14191254
22965848
28838074
8527199
6143964
7021975
9201240
15113838
11781729
6984961
13272915
28207048
6391987
18982987
14687084
10670808
35086622
35495578
13065508
16835772
31992638
27475956
28424527
9396428
5731324
31382870
14031780
4310778
14277987
33454838
25976182
8746657
8265118
27590808
6899605
13790680
19147825
10918055
4700271
12038740
34965071
6386418
7902609
32857722
9044765
9689953
24085982
10689249
14327017
9395625
10141740
29500462
15442749
13050506
13146920
26502122
27939060
16109896
11153411
14419765
15776273
21206554
14984630
12064332
6038153
11875610
13714789
27847608
17845897
7781144
9782106
12413424
30163127
29462899
15728842
15477950
34578511
25901203
28416460
8136361
13706319
15451039
14089512
15440520
34284235
12373931
22130629
8183478
28558453
12866240
13693593
10699624
10339547
10306440
17870584
16801146
5601107
16114251
13373078
16146767
23416988
28037418
12760837
14381373
13545018
14556376
14578192
5950550
10525545
8529216
5778733
10737675
15959597
15766727
32643261
11130589
7386591
10166277
21709885
9528236
15135295
20247697
34157953
5543432
8006188
10548444
10152851
15635484
30973465
6751684
12103585
20463568
6558000
8457331
20766151
11199502
10684188
6945269
9078122
9074192
10441138
17644924
7972058
10531981
9145228
9708743
11457143
19026919
7090691
22265482
32262627
14103153
28930702
15956214
9297271
18014716
19161901
4863972
12719787
35124917
11196804
11506975
6866959
26618441
13104946
16888794
31911028
23794592
13976843
9872363
19649023
4862153
5293205
9682910
24809345
11588549
32416779
15084857
17940970
11687260
27432357
5083275
15188072
6590356
13456513
12213529
35009705
11510610
24797585
13790977
24889967
15454412
26622668
6638339
33626958
15852052
27207468
14014053
13270737
24134576
33273297
12453216
24708974
31400597
28188307
15670165
4975922
6969462
8624911
15338788
13057752
26746898
28546171
29748463
4723409
25423753
15034824
12322483
10752153
10194973
29924983
14240046
6411861
13679247
9869370
12076003
13803781
17838976
26358356
26982818
35490850
29185777
7643152
7685112
17583271
11571030
10191774
27054600
12876957
9574015
21957040
5463940
15948504
18458242
11781857
10164502
10955394
8842261
15625585
14379182
5252797
5784066
13824318
6288907
8595485
24425090
27661572
32215299
6944734
21017032
4956803
33465554
4934112
33921267
31344235
7643703
4933203
32426856
9566306
20504518
7961653
7544435
20323915
13246399
15419361
21109975
29741407
16023818
26805440
4709202
31075637
24112763
20374024
7529149
9740821
23216987
31503881
31356439
14265496
8600751
11560955
14642186
13408422
14933215
4698597
6631882
15360342
23658305
29890573
10134535
24390866
1896554
14723488
21822622
12959200
22594067
26083720
4799461
35140292
7609038
14365052
10969666
12382098
33880413
31799684
6915404
12116025
25587850
7986542
8764335
33689793
22824887
9032642
7047171
10056626
13668130
16098027
9884467
30994192
33861372
7939669
12650508
5028399
9215874
6312023
21374941
27750993
32580912
14956896
29462656
31188433
11986914
12625300
12629669
17038041
14911496
29255791
5066685
12164514
11767782
9117449
13667251
13894357
30507763
8423111
13324943
18122251
20187937
24626861
6202187
13835086
9679769
7015258
12518998
26631170
33512066
35218765
7228859
5492838
8353299
9881049
14980262
15206379
21335497
6388053
14395256
19043806
33784029
4741911
23198699
32938446
20662711
14158966
10898822
9457611
10178151
15805967
21632710
7196652
10896725
11460171
25027798
28225339
5903877
26915141
13653685
13773099
9753877
15748995
29244136
10252805
25870993
17236960
12383869
25916374
14157944
6228566
25470886
15395905
15428883
33256749
34464433
32045232
11880995
22218565
16061281
9370470
11746426
7053892
7741317
9608949
30963121
6661331
11816404
12019138
30486601
14990448
15692637
19310050
30711830
5302201
6376738
33074064
20124193
10777322
13933904
18657724
5990603
17199796
34193176
6081397
12550143
8161289
26361248
30949417
8957967
9821276
13938411
6095494
24574784
16089009
5686085
19234573
35498041
14847938
5863524
25397209
10057340
27515526
9774332
25126111
9247723
9466316
32817303
15348334
29799238
12676222
15143613
4967699
21257098
21887227
7425733
9970954
23907656
25051270
31730444
21861826
27622449
7867954
13112079
35237713
13329478
5685428
7638571
17984914
22351285
8140025
29467444
5466997
21785125
27077901
11673617
15805658
11766992
6866878
10337154
16859685
24482603
7623712
12466070
8859490
25858759
32546037
11385819
8953578
15937703
11992127
30332741
25612189
5908283
7229978
8574237
30182858
12937674
28815175
10173482
9426153
13674914
15015249
17486908
22591388
5118034
11217459
14747235
14459135
13962054
10480406
12293861
12283466
7059320
15111061
34418110
5769583
14216627
28030095
13921779
13121625
22759025
7474016
5457787
5235492
6671199
22227601
15969231
32548251
12742202
9870403
20537650
9511698
11243534
26787983
14727879
27446358
29203000
25017934
29628346
17812741
13767029
14341124
17310604
28987162
5521797
14148181
5407928
14505378
12928606
11630018
18855967
5771527
9891720
15040155
13247078
18316378
30580399
32331777
9665503
10196737
7913065
35332843
13407918
10552409
30082668
22105825
31704251
34346776
16214500
14959163
16788630
31653779
12686917
11816755
10178303
12253575
31505978
34508830
11503922
32325468
20423377
28647616
27949206
27070695
6350204
11419537
25939951
15412675
32261124
22178272
13121236
22917341
33654759
8815613
10650906
13617962
23453267
29169391
28187098
22617887
9576073
8269813
8926475
9325420
14563124
6271754
30029068
17415706
9463453
31331635
16514772
12455266
14832956
20962669
26958800
27943008
25627093
10291404
5190361
6514069
12283470
5484947
29382556
29728726
34178029
14680688
28363828
31422602
13579648
31631305
11295650
15905126
20694367
7267355
10294527
10693169
6880299
6363912
7736093
11176753
14635079
14787246
19810243
20294617
9990611
6144871
14237270
14557816
5213297
7247374
31728158
9490852
5077484
25146937
9137534
8790977
23703911
14135702
15147992
5764493
19561210
30928671
9418550
19174135
33083253
6244761
13323086
16161377
15563390
23346443
13033211
9520212
15848054
1331915
5821074
10970781
14654848
22809569
6554271
30296528
7897606
26527049
18295531
5447440
9566074
28105705
15707614
11078540
8670411
17403682
7284276
12984967
9016660
6743764
22841102
25715731
8531632
11595824
14541341
23454929
5220540
30105152
23367233
8993920
23865410
8794388
25617577
13814012
5656708
12480092
15613396
23294471
8203758
6370451
12830782
7970892
21232906
18954748
16910826
32505402
35197663
9788516
11991202
10027526
24956386
34275025
14005012
15374565
21012709
5358880
31656938
33324924
5334295
10887060
12140631
7514897
8329390
11816308
5862631
27672594
12958389
5994522
9167859
32536797
5429028
11166686
26486222
8091020
13449464
12301430
15865747
33200499
15969616
10653289
27660531
9853597
14641420
11745113
18701365
12770222
32438769
30685207
12875751
5631025
10840791
5633611
10752774
15375059
34452025
12958175
27775413
11263416
11783095
5441955
5563477
13480151
12951666
8367862
9935719
8391379
34364794
13154715
15020050
12062715
10163047
5064728
20427826
10229729
22255165
12931220
4635506
5756123
10953703
15695961
16021091
9355971
14836607
27519564
12596340
12926538
14931700
24911135
6570879
12913308
22914998
13116077
23329787
32324670
34383454
23022491
33994428
17673262
27894285
8178398
11702288
4664784
15815272
30709877
32072349
6055276
6311687
9722008
33853203
7563875
27078558
6162366
12920491
11914756
12688347
14762673
17557732
13056204
28981276
6423528
12643258
8019997
15388425
19303117
14665511
33876408
24720560
8022693
10660335
16292092
14174945
30500005
14584020
25075819
7230569
31905151
5701290
12581820
8111997
21067738
6475232
24508334
9610973
34846328
7922817
14125930
15171043
9077556
27129837
6035625
7849759
9742489
7499442
8971114
5387128
7174967
14272401
5732244
11144561
14423046
13098074
17981305
14096411
7886109
5337637
14049093
14584464
22352380
30655393
35298493
8554961
11480031
31138250
5904311
12916362
34761545
6368764
9288514
12714337
8040620
12781091
15161392
28354210
7766757
12020986
21585064
18999241
9878910
25180546
29526355
10219378
27777705
9871526
12103683
11411927
8763685
5214827
31105988
28132393
22370356
15552662
17868427
9262975
15443770
23086028
21854563
8725844
5968364
20179861
12427505
21853570
8422217
2113217
6802428
13239094
24418772
4619981
20287627
28978507
34684440
8875902
10333075
17291857
17771665
31871921
11421225
15491764
15726499
25499170
19869343
15306490
5597777
15446957
7720960
12665662
26497793
6095343
10960744
6453524
25434187
13169772
16784493
8167531
6451171
13704802
10159057
24161615
6693543
28694209
15887292
6333709
20797021
22922954
12894109
14293264
6877715
18756841
19471417
7569061
15880218
11537892
7806801
9698022
5471776
7055109
31871735
19750612
25795678
19910035
8977129
25165309
7000796
19615705
24617624
10776718
13722067
5244024
13900093
29662555
13104923
16072984
11605750
13329776
17645101
14648363
18969367
19514137
9647641
11203534
7814355
14326332
13756614
4980227
5694328
13639740
18007489
11468793
4789342
16530648
12234755
16123573
5132055
25980964
15128372
5034202
32930166
4871180
35027291
11902740
13285975
34737330
32202549
13170555
28597861
7397686
15820547
1087397
5958237
12252045
32944113
10020362
4664486
19647403
21512797
9924402
5932503
11758218
12627467
25395595
6112484
8252467
17781463
34857029
10811443
30861774
13835075
10040880
12592118
7275593
11430265
12470330
12867279
7395294
7738257
8141220
14977346
8512782
3737378
14657498
4836555
16405110
9618875
28007145
31189696
9454447
13713132
23445959
18863350
7703894
20056150
11084769
9129256
9910167
11786724
9291108
5197828
30662785
7032645
15144827
25016620
7579500
9187320
24886652
31977227
5072876
16277134
18873568
24105740
13240442
11723900
15062400
21259390
7946545
24303578
15499719
5886441
13386176
11883099
13530270
15580699
17598586
5556846
18920179
20928970
23076974
9566630
13602782
10078135
11245427
9035210
18346813
24087863
14716427
23980637
5680742
35485093
8661709
5687850
12349437
12034992
12433082
19167496
16873929
27249804
29903092
15051061
5883346
31104197
32850714
11496984
29517319
27584454
8701961
14858892
20710390
15992605
8012769
3754510
10492145
24707573
31669832
7833772
20032918
5484707
34232338
16295457
6030072
32236209
7743512
33347075
10197569
14376187
30468518
10817213
10563014
5381559
9826597
11384791
7914806
19241638
10704672
10308728
20168098
27926397
6155790
6265680
13068583
17811655
17185339
16719384
30700534
12770906
18506845
31364050
23249015
32784159
14853027
33975246
16183934
8099810
14380236
19563049
6126710
12497035
20849290
14689332
22533575
28030923
13431528
25012711
9957930
4949836
35324929
17914693
15727528
17628913
21363886
7409559
8206705
9159238
16198221
7551023
11083392
26593148
12830049
29543512
27229899
20347015
12104796
13332015
9981137
17838202
8866298
27444120
28961554
34427884
10390621
7705198
5342280
10324635
11008011
12406586
22531427
4971274
28947130
11337330
9998344
7865988
14443860
16816356
16751793
9773229
5457468
14220478
28661143
8693545
6286121
10613107
14393536
15532679
16362957
26443109
14622293
7764359
23971937
6597132
11969065
18437083
7059949
33865839
29620789
32432286
10105267
13829747
19710856
13804821
13342841
10920096
24836168
5014103
6192396
9911893
13441054
13776003
24260732
33301545
13725808
33298263
21021802
15964991
25897702
12256703
7317113
15871693
16095500
21405301
16070563
5877012
22930610
6155144
26289110
20961790
22583390
15395607
4761279
5533322
8188640
7847004
9156038
11394208
31112057
5053324
31086053
12852624
18429871
11333570
29562643
4907474
25249774
28264246
5444755
17991583
21662554
8515438
11166513
15701754
21622933
12623165
8601893
23218922
24473780
16188662
12975133
21899356
7225172
15111479
32645166
6455079
34121581
9405319
4745746
15464688
10880234
16157687
5380698
13318520
15108672
5452036
9410202
30271454
23377562
10216647
26824997
7168976
5566993
16839507
22788839
9876100
31063655
8289752
5666029
6931164
9350091
5966693
10754375
16206062
7996993
29555554
16624737
5144043
17579785
28311706
8456722
26117567
7348226
21557413
15377297
11144567
16058295
7593109
28483015
11886876
13503412
4712696
19413727
27014694
28833943
9930147
29398468
21454747
34769222
34329460
30811539
21958021
9851875
33601446
9099540
19615102
35294404
5257963
16016971
23280002
32897151
13636123
6181472
23473259
30812007
13460949
29612095
11758661
9048193
25116193
33651789
10988412
21714808
11309508
27112743
5368950
20131852
14153705
7810640
10180371
22348519
17237719
7486937
12581964
29512546
26245640
9352229
11617771
14467998
11925138
33608805
10180507
35101130
20567992
11387219
19455853
8741914
21748846
13149508
29432143
11875933
4719067
17932525
17276524
24990895
24530882
11068297
22489025
5648605
8580669
1496362
10980602
7971563
9708730
9700980
19087915
31503560
17459548
16265313
12606555
21893821
5411581
23874989
8085458
12490867
27401103
31553032
9802036
4892046
7065305
11384145
16289133
9897621
7957196
7188592
7639942
11403597
11519098
11618519
8023918
13135176
19224778
22719170
7550105
30220328
13588304
14821659
22878818
15789770
9769124
9604955
15158385
26341916
30130808
31411862
31859813
19243849
8588614
24799199
30167138
11834728
33558756
34649467
13430862
9967928
26695037
15688321
7141909
9353399
9610941
15157942
29470537
9969879
10297693
13680317
34796570
13549396
6281422
6787855
15650680
6185404
26091799
9001790
27822828
13411331
30025174
33742287
5010762
21950863
35364592
22051966
28475743
12934859
26317802
6640400
10726866
10564400
12667941
12824082
15263670
21281389
32073201
15639646
24341795
13582541
19145431
24499448
6420131
17214733
12173552
8125492
11290507
11222205
31615162
16218242
25953079
12892590
25465591
9344670
32475942
34251853
13829911
9189678
23844377
29400076
12576283
9923428
25587709
9679696
14111466
15917175
20582104
22333579
10453824
28087681
5759902
13867082
26102200
21250933
15916857
13061348
34950416
9532870
24970150
13476214
8327196
6187761
28223731
12912102
5260865
5685372
6309217
5430452
14940153
6378683
30939256
13153250
6147668
20111842
30607531
14926270
16246325
31786295
12366124
32624367
12796788
16433775
30121583
26466458
15669809
9283450
9558690
5819913
13981500
12770920
32306052
17883619
9673658
11335591
10627722
12197391
12652251
26436209
35281609
6145808
21678805
29302870
29894068
25246060
16270837
25842724
33310005
8952753
15092510
9979901
13586591
26975255
4821418
23840918
4897284
5037911
19959361
13971068
14705831
28005078
6219373
10836474
7283938
33006474
10168480
28954909
15758226
30470429
25803871
15956732
6266246
9629885
14224942
28455550
12902876
15336073
8032575
21137215
33079395
14176876
6640503
9710086
19642846
15073913
4714798
16085507
17320678
12353310
13050684
20467906
6970889
10618376
21301528
26903249
28913488
31909609
34872791
28644415
5978787
26880920
6541042
33033729
4826170
28423024
15554663
15027181
25555045
8225830
15178202
8957182
12929528
10258433
29662030
10629706
12914548
5607212
5759413
9543349
5329504
11406526
16505805
31727741
8105271
13689263
5096585
8904090
14614196
17976361
9652932
19610581
4684446
16043396
15386688
5946430
24992218
9777806
11099967
23681483
6480514
27858675
20810812
15246912
16156374
14197887
23373521
14997761
10436334
15889919
29454127
31181764
12938001
12770523
8527168
17065827
12802952
24775559
16158813
22554740
17095194
16284619
34922639
32915241
19995889
7201200
10406376
11381434
10287839
5872199
33625701
6403679
15180341
21681235
19772980
18807370
23247317
34476685
11271666
26094988
9012493
15508806
30134831
21897220
6042822
9048202
9178342
11244617
4731296
11590260
23676659
31598539
14753692
4793934
13883550
9275104
16183227
35215144
24240131
12307029
15522772
33459347
16146583
16694271
13677557
5681851
11849709
19897345
19604038
27429390
31065422
33765339
30004381
12327806
21917272
11011660
34496284
11480644
12188343
34992425
20411572
23010218
24505064
32064540
12250201
30493861
8999895
15819219
11214547
14485137
20350729
31211533
13650887
14380238
14811801
12809686
29657269
12133185
20668270
5148236
29110474
20322229
26177573
14055766
12727354
15980191
20296159
8004564
13774403
14501496
29566978
18659479
19822288
17087856
14777547
13672483
33369395
7150852
12595307
16243126
32495952
13968541
7824203
7422199
13913860
14446215
10586564
25856317
12587672
27074157
5347554
26326958
5448948
4990807
33012102
5131899
25942933
29911534
7786701
6985618
6362561
27478506
20647771
5746289
14291413
11981027
5609354
15479915
15264352
21971077
6286312
32698146
20996065
11657577
28954876
25245691
29980393
20064202
25257301
14423501
23720510
28247884
11935247
7529760
7025688
15084258
20701069
5821722
10747755
12233187
27310968
30960529
24500762
25300012
34128910
24445940
20325451
31113557
4772476
9606670
5615089
26211173
8098502
24461861
11323787
4881271
26813999
5656857
13989334
16101716
10749966
16147581
9207205
30979231
12317811
11357671
20271016
9922979
4734631
5653068
12047177
14946373
10545769
6856785
22173271
28105918
33410570
16988451
6254805
7450520
7525652
9324038
32492460
8063319
34594375
8695992
22002283
7054650
9083736
12760219
15216922
16493064
8594638
22558415
25227724
34488685
8795983
17501554
13738085
22628864
35052632
5040743
9770832
5667059
27220719
9148756
2111144
29681761
9171201
14676012
6539476
24172277
11349988
22494488
9350744
10784473
7261120
6202424
6955595
6965510
5388649
12689615
35431180
10414911
13938844
26842805
9489674
31573819
5711833
5750800
13485435
13561889
14779138
34646710
12426431
13282563
21001333
23026127
29061802
12279705
13256897
13845687
21148648
32248164
16085145
32286540
7729880
23641088
8917986
6504918
13178192
16836885
14045309
8088111
13708441
14324254
20996905
13083538
8943156
12955574
4790810
8728460
9402614
9758285
10534667
27881139
26757524
27697950
21768598
34337161
10290470
15887638
31567624
8300194
13022765
28453570
5812887
24806729
5991458
14259368
7699828
25854442
11727540
6961410
6212002
7606208
11112870
12604104
11597309
7490941
5254094
20801929
29490097
31461032
18842134
27853446
25222363
9790859
15473076
16863144
13158214
31402625
15076395
33226839
14344919
6728351
5075939
6729464
6234234
8098140
14370088
19269493
15259159
14453330
24142442
4991366
9890394
14893462
10442245
24391721
8778799
14048204
25919764
33160032
10016676
24804137
16703343
13014045
24883409
14834854
35434111
5570535
6876200
6609149
8441594
13438727
14889674
11102338
4840331
8945642
17339086
25096273
9412311
5622572
5825314
26862653
34642849
4220938
6565536
15505977
7081904
24155732
12428154
8865253
12808985
15703165
15033109
4594468
23912942
27076317
33205578
20294950
12379368
13245819
17802853
12120294
22177444
24455594
12584891
6699901
12519120
18515818
25978135
28031622
31154330
32648628
11734083
13007985
17724115
12535700
10850114
30870366
35406967
15540355
10681087
5231133
22438942
28461217
10871961
14253683
9143304
15843333
13395032
22146352
29125051
6843909
12046647
11127754
21595249
23046425
7277978
11685135
12232038
31744550
7766860
33532221
24314975
10665803
11070997
12695774
9433559
20715298
14966305
32085054
11605669
14884189
13184355
24034448
10240849
27881325
34669801
26474849
29328982
27350979
17556241
22931525
11660384
24235979
10912070
26521472
13059363
11858352
5587541
6075565
33142683
14815444
20481904
26622632
23249522
24371210
15435797
6702651
12695641
10273380
12867513
6720543
9580596
14907198
15337489
34919963
26691557
18832738
32386119
8486190
10897609
33621252
28695397
15077738
18512446
1670984
16123604
27656403
10613181
2168877
14877797
26286167
4709339
10698129
33805218
12643752
9793322
9786562
11958358
19899277
7539781
14847545
15311119
13521636
18976807
26585945
18512056
9925532
14117593
17244199
31161749
7366032
20495386
4891846
10424934
5629161
9533117
15003963
30527179
9501430
8841997
15782370
5469874
10609942
10528632
18773341
5711372
12874207
13641697
13695578
15036241
28517788
6382588
16294743
11346680
13632586
34720671
11525236
24260135
35437075
32712936
6288501
29778247
31379861
12443114
16284215
12459882
30407954
7052709
7995011
14796937
34693653
14099258
11028256
19678288
10905077
14420194
9287050
6494703
10191358
12933470
9040711
9387774
11427236
6187664
14324168
15730551
33060144
9879988
16308546
12372842
12367262
29725468
6069223
7129283
12938513
13736632
15901864
15054601
27609480
9431705
14657213
23392619
16227788
28839979
12000667
19087381
27507276
13391414
20083555
10367985
6333306
5510587
13396369
18084211
30490930
31562089
7439948
6203560
7990358
13992462
19580257
21317476
33837408
16211201
12756720
5341981
12297798
30221639
13999214
18867397
8539241
12147774
12567445
20401999
10421550
16453755
11978262
13728370
34955972
15625318
21581605
7674621
14674310
34838045
15518471
8648104
13169844
14210758
18790054
11961846
7476695
17633137
31569958
32620737
8789085
14677850
5892236
12120393
9414625
20176552
7859859
30109982
28152337
15786685
6302090
17429884
34364650
11723160
10411494
10317330
9951389
15672043
19095148
13022105
25097272
14576254
15615832
12953835
35514025
6243405
12423987
28062843
35301166
11520373
8712852
12090078
20344315
23757932
29744755
7575216
6988475
23704070
23473325
11288045
14561531
15133550
33571917
22762295
17175607
5208027
5518404
18923566
33850230
14782905
14248503
15756772
20880553
10414811
26998041
35164834
10198415
8641276
7482760
8481269
5871521
9577716
13054933
5969001
17042295
9410737
19501333
19573654
32121003
22296757
8820652
10454162
7733246
9911093
16843956
28255177
4770800
27587409
17139193
5192801
8373325
6438507
13395619
5143035
13292185
16383282
23403434
30787836
6664397
6666481
35089997
13151109
11962131
10405835
5285473
8802086
12642585
12218810
11364359
7672970
9023910
13877806
15337031
15892949
11869488
14115862
27538401
34294561
17728327
8641407
23072909
9576648
32528397
35468380
8532166
6072593
34932596
5008575
29119516
12826432
7587122
30961393
27165669
12742020
17066985
1569284
7085791
9470962
14003733
20698543
24876455
10521679
22177825
6754216
16022172
17341693
15899997
24433952
22471597
21209032
13958857
15562220
10178309
15201085
24357596
25206364
13934064
15306494
5948063
6386212
7859210
10880004
4896178
6953319
11134894
8097657
22059370
9591747
27473487
6738161
15630848
5987889
13180411
7162502
23235392
8096174
7512826
12278136
25500430
10912616
21154522
8547569
9745750
13307034
4981624
22413910
21842593
13284351
15670384
28398094
12333329
23172263
7323961
17570587
6601579
12956737
21365620
29807236
8833818
9062180
23247581
14834545
3938109
13257219
8069902
11215930
30125093
7240996
14845927
6538779
33363815
7914856
13792428
16305166
20030686
14671796
7815009
11462188
13909078
12248601
31701899
9104604
6413258
19535194
15023712
34663912
19776352
26352080
7138693
8924840
13183044
8083927
18396814
11493857
19633891
12950243
5368313
5875102
9424458
14161393
15692410
15703088
28659421
30036013
15158476
10294643
13130504
9361975
10590592
24769064
20207842
10035606
5243745
26149049
12113541
14884459
24593948
9002953
22536182
9155270
5464311
14971678
11413859
26156942
9119543
23268188
4765499
31303950
16066115
5831621
24640145
30234146
19069408
35366143
14457714
19076515
15240560
16467516
11457836
6927227
4898553
8644871
27940494
35176903
9199519
6308670
8017274
31650131
35006969
4713740
9172033
31950287
15662729
16205196
6135822
15614880
6611032
10135992
7253025
11082434
11701958
28060437
14924287
8721338
9833177
9861056
13735679
15629677
16299140
20784634
14948042
9190295
27464298
22891562
29893201
31888063
10762019
25790860
35523889
6302848
7593386
19292872
22489298
7746188
24404573
9557216
25908088
17357338
7255120
13470749
8264558
12074311
15121981
16206027
34034319
14550012
14550392
10791489
20615089
29573938
5669990
14955506
18617452
32920572
12055256
5037470
32038802
18420532
32751132
14812100
22450687
11078960
23030645
8007393
13952166
11882401
11444079
13340073
19815958
15486745
5537183
9285150
11568337
11683120
12366148
13058351
22553861
23513225
4804338
10657216
15854413
21262960
28256647
15579781
4878984
5661618
14032627
15017252
8887667
17400592
21250474
26927690
13590114
15320131
33459389
9222011
6123370
14308852
34648537
34165318
11685881
14271709
6335058
19314457
8733759
32115357
8632390
20106145
9687897
27347613
6736322
9766949
15250231
13410814
16168193
8235676
13623896
31052966
31288526
35417128
11004319
14916295
6284216
15216113
15705662
6679990
13623413
9118455
35461309
13097832
6213155
13210413
26794418
12440724
6970456
25849297
11650184
31772948
14247156
12759194
13916502
10456400
16154771
30578494
7987882
35160496
5078681
5415669
7940724
10287459
24562376
11283482
16934283
11781051
28792312
14833233
15316475
30301763
30556249
11437848
26324528
13929716
24570374
15930809
6907130
8135422
15195932
10943062
13038852
29083747
11656089
8858182
12396893
6733552
12960840
15210736
16605096
7702390
7299372
7978359
33124398
11075734
19680931
14613656
31855634
18988399
7401031
6733069
16596363
9763181
11328675
33204750
5729118
14821399
31503536
8225481
16180038
8272952
15297025
33231927
12516745
33712380
17604754
29937475
14234548
33727749
4863639
6218733
11010055
34514452
29900950
13168993
11579858
23445956
15905661
8914559
12464612
29456566
15484771
22989719
34956932
21039124
11341257
23836991
13124400
30828156
7194013
12951971
11113027
5806215
22976285
7062589
13939608
22667663
4744551
9677233
26796635
11230034
6471759
25173016
27323496
10097861
12946104
15226589
16021627
22643423
16843347
14391926
7813007
8019784
14327291
11913882
29200888
16238582
34642990
14476622
6231497
20106544
32306007
25618753
14027315
7846789
34138903
11968363
30604936
23036093
14869051
16890864
5533191
5272012
16487496
5775095
27438969
12642506
7443198
16412835
8869927
12523062
25581295
10389428
27913905
27870324
25420252
33614850
8402971
9018013
11705669
23041481
5755425
10895569
15761064
6731627
24265979
8611182
33676926
31029250
5615412
12233983
8943380
17488387
32958618
34425331
13307821
15348734
27428568
8034431
10833724
4929639
6405443
11563416
7170877
15323326
9035284
23405291
26951399
14469119
28316974
12507665
28360033
32742720
13344447
16134625
25802953
7396827
15896428
23995589
15588682
14203766
24571061
10016008
15326550
22140097
12131778
16042133
4752954
11614174
9925689
13220385
13916116
12838819
25388857
13168448
16091947
29002687
12333238
13446093
15238544
11646875
20472706
21680077
23963036
25477345
11088019
5216429
8380244
5145670
9198109
8403886
13973518
5578349
13148107
13609657
13919401
19243267
12452173
24565361
9906710
20142868
35358520
8376745
13375093
6246176
11346830
8408051
21191020
17778202
20800396
14610512
10038904
13196417
21191005
14490979
15097069
21936637
9560334
33241755
8931222
33997128
9438848
14707897
34384336
15037267
28197415
13841389
6823265
16216027
6479699
7477617
15525380
27411744
34080157
11652300
11452909
24930029
12454089
6355746
33557424
5666668
35062121
30928689
7233404
13723726
26535812
9684836
14839717
14298544
8732500
12320582
15615126
18532123
10793515
15691715
14230861
16178779
27937680
14520791
15157392
4771619
23465501
11055060
24774986
25969690
10815126
28826965
15219141
27549558
16002871
15305087
5397184
18173101
8549034
8031805
12776168
16514958
6916061
9921318
24920795
12533471
13713042
6329049
13520778
32852946
13314909
27807807
33544128
5921579
34107991
11548846
6034357
4526340
7562376
31168664
6871206
22406785
10298729
6996425
16110979
31602361
35345509
30596968
22024705
30287624
5619111
24393107
11582772
20464300
24276026
9971199
15274300
29268961
34204933
5852190
12210204
27103818
10602708
5860360
13603451
25500556
5907853
22875965
8303618
8186705
11636096
23975147
10472701
14775157
16135179
5084966
21827005
4697478
7029665
30147698
19460071
10879017
26871083
10442382
6113950
7069274
22344499
15624881
10175428
16978434
8527391
32689002
33834153
7736929
5167010
12048519
5098076
13359960
9926494
15633343
15457646
8199202
31709015
10058667
5007698
27930576
15477368
25052350
8196227
23807837
8031942
14704251
16870992
27307020
7792902
8829650
11875142
28697854
15409296
9065598
23388575
32153505
30129566
6899947
12528744
14691071
26309927
24048131
5231508
7485136
7695429
12444380
6145551
15811857
25579687
33714747
6200498
33304518
14268190
19597234
9575038
26816642
34614079
34841795
31736252
8045022
12507139
14213659
14188151
7264532
15786672
26406314
13477782
10235344
11773174
30013513
13887252
22515899
33019689
33697779
5124867
30853398
23119244
17614510
30202856
10928460
5386212
4897068
5260250
14216412
21468973
21474760
9486780
15893695
29239864
34218886
5968086
12572200
33530220
21659884
8525014
13299354
15266338
15767117
8498820
16483842
15372859
7496206
16982025
19609195
33878187
5403551
10422383
27410445
31528966
13768462
12414040
29057746
6554552
8249911
15830735
21456187
13203869
5082300
8791936
28430725
20185957
10824445
14059680
26011666
30407732
7855845
10130412
28931743
8840124
6983694
7284182
14903778
8689729
21255730
2164658
10520038
13252115
27921531
13887419
32279721
26558669
10318317
12204015
28456231
11935376
9189249
15807260
4702295
8259090
14915080
5336085
9853476
16221815
5180492
9807283
23150087
6010944
6074259
6717043
10079381
11595519
12255630
15054704
21430348
32077173
6691332
9664003
11293759
30349739
20025157
33824136
12836542
15865067
19677751
35368348
11379351
7850976
14338822
31660838
16391406
9558890
18469174
26469656
13445811
6931689
25816648
33387155
6021453
14023230
23655356
11556912
24148820
30902628
25937395
29647351
28529497
6586972
28289413
28607947
32596284
14258565
5481689
11481766
9613360
12804159
5591564
32036024
33734211
13277167
14130768
21677614
6918904
8906073
24439205
32315148
12680264
5570326
6335394
26258642
9399793
20414713
15537511
18281728
32737812
12077856
5753220
12394631
33278055
11947074
9962594
10653003
15693430
17053731
25824907
12510616
14946936
11870753
12125352
15135411
30875118
16578261
7700948
14935566
12285551
10638265
24920072
25685791
30933519
17768818
12304489
8924639
13111732
10745864
7021512
27709593
11788445
7771743
17293948
20975734
25179805
33107874
15852611
16854330
28863487
29916358
34900415
24925088
18716002
28110679
5625232
7167592
5603179
12856643
14932941
16171626
32030888
14335598
33815016
35000540
10042534
10417270
4997385
8811381
10253645
32332776
25339474
25230493
19849144
11605489
20312041
7741822
5440950
18110575
4689119
9704397
15520273
7674841
18416992
14524940
12804857
5898665
18199366
14098469
11763799
12430606
29938675
6645492
10980190
10481080
29259709
14609161
12640009
5185000
20735812
5830422
27806508
4856938
8535417
9077478
16057922
17046687
29355793
15993732
21745219
5554677
32783370
30589330
33131634
32625138
11293603
20881201
24761774
10338490
14458072
30603595
33778167
25789321
30800133
7462255
5148463
14351355
22747223
33562710
10042944
10900425
13940339
6419118
17318212
4958915
23518880
18892537
20507524
25918096
13375775
5931567
28476025
34936265
11583625
9166407
11677412
19238320
8095980
11316247
24796244
35502466
3454546
11596344
15358653
14642528
7335227
28083787
13626632
33568494
11369146
4837106
35253670
16290428
7479804
25342516
5997081
10121663
19238884
11170566
13866873
10410855
27475617
8750198
9512622
22250917
23348429
15757858
7781067
28197187
19316470
11842869
23326838
12719619
14261095
13293341
14354652
18973849
23613851
32031128
8512277
8659542
35015462
12377951
9155911
12576659
11608189
13126146
6058489
15334575
8663532
7838543
8067647
12892931
8744537
11446208
8242792
6421395
10078996
12446088
27413733
34571347
6662197
25578265
25279933
25768786
31234084
6205255
13114749
5840676
21996856
5736288
10811963
7161540
27703305
17832616
8574907
33039750
7233348
6714686
12004618
24001274
24289712
12383320
13754752
19302910
15926639
12222176
26834699
4803169
14462307
22296727
30363365
7362689
21158668
11681623
13368130
12483913
23247659
9056319
5674036
15812931
7867770
15471184
16534518
16953033
29896363
9697250
19211446
12824969
16988874
27393906
6851836
6583951
11674489
12775404
14567840
5774750
5905074
13553537
21266986
16240224
18845125
24774590
28589569
28579462
1182304
15804887
32190924
14755163
5172604
31614676
29751460
25029115
7013534
11971571
8514938
10557806
22193326
12313059
20370019
35107685
24460175
24942664
13249440
30794898
18068467
22391587
6793313
31454129
13790517
15287910
35023052
14917332
24622631
11749615
34919036
18421681
14020594
8270995
12057207
5546065
11137200
16270446
35205919
14233785
5181579
4842439
9003003
17724205
6671413
24396482
16147509
35433166
7296815
19083013
32861226
7876046
25026052
7994495
15985295
18236941
14835753
14181948
6621814
14650779
18213226
22066021
16492557
21356173
7349856
7400332
28812805
31711508
28253215
6646611
13022794
11036510
15007278
9443153
15059152
35105705
14398890
16468563
7531126
12221807
13403274
8486314
12963931
9549508
11188321
14305541
30448208
7330482
8513026
14042072
26476586
32251893
7280432
6562018
22180144
8542293
16259246
16811292
33780708
10807852
5979258
13130647
14041323
11394156
8062890
10057347
15562702
8738579
27367947
9671006
32042967
11034276
5329849
16191796
25174069
13574757
12549435
13744480
18754528
26750378
27163170
10922711
6037241
8413650
9582614
27818100
31241392
12118369
5494950
34800653
11175751
8522588
18158164
6095188
23571845
28524592
22359133
31351285
12703725
33926439
24421067
27572772
21360397
26087242
6539546
20790847
8933620
27604350
30383837
14242736
23044313
31836536
10406213
34615639
27422889
33952728
15777055
7316987
12529703
29250820
12402057
24572924
6515195
8646198
16770015
30175034
9496733
31607479
8010406
17194066
11077241
26404025
11130394
5364788
21993502
10404171
13134733
24570749
25260721
6427567
16469196
13952688
13545161
11701625
30914814
6393828
35204770
8335622
10867278
12705037
16082588
15585655
12298188
11198080
6334686
8011294
15343589
35281048
22613789
14648309
20132545
5865887
7958270
9992863
4832424
16317639
32599407
12971288
13931622
23023568
23673830
25330945
14691567
10507025
7834026
21599383
22535618
13959808
7298071
3664609
24313751
5854736
5862641
13394398
27814755
18839623
11300633
10743604
15218766
20197219
29973064
5085643
4869905
14731247
11520076
21377695
9501682
11352709
14957489
25166287
13323200
8342289
15048213
31968317
34361362
8343992
15864464
25471204
29231569
6097500
7122000
17693608
10537433
9737094
8389148
15743174
24319139
13958987
34861415
24929441
16032018
8661814
13816562
9818919
28783831
11243116
31258435
6958409
5167852
11909605
12030034
5118261
7194435
27118179
12052248
13591817
18516118
11401682
15995527
10528425
13782278
9056144
11579223
16730106
14611037
11874562
11077741
15469898
15570548
11133259
14863531
23393807
25049746
35345494
4850675
33548190
7650644
13151132
13871608
25353346
6614649
30129629
5802950
5556354
5959049
7708981
7848185
11640056
31579126
33826371
4922261
20583568
7700325
29561194
26165702
17017449
21436327
25619347
10716811
7253668
5537957
18954913
8502828
12511893
33581169
12806710
5796935
21659983
33872820
35039687
6815820
6138917
6091082
7534575
9350243
18187021
11449941
16257744
33153405
30582688
7939692
11215878
16680174
17070309
18478516
21774808
8442422
6829965
7384647
19108015
25637989
31427969
34067194
22914656
14891658
16793085
6833201
21000604
15418153
5643510
9989495
22463197
8412292
29765899
29899198
23042528
26274902
9396447
11881470
12490324
13105711
9778051
16197795
20764369
24953686
26729243
11737000
10592649
11486983
15547049
14974734
18844123
27425154
30341426
16520829
5700846
29176177
15490162
27048996
30752976
32490348
18583285
7593194
23896493
31012042
33177993
21171487
6473973
9696973
4046497
9783769
29108890
8198070
21908068
26732894
5840104
19960465
12459301
15114139
10590143
5274808
22886675
20727253
25869856
7959289
10004980
11103112
12001611
19677112
8188835
7059974
23165546
29317312
20149309
13764205
15674849
30140801
32630340
6779355
24275606
19440790
5675575
35223892
12410813
10783026
13007870
11293425
9233237
13120339
23063621
28635730
24016301
27239949
28101901
9258255
4794576
9657946
4873573
19495471
5646764
10965777
14938596
28775398
26659229
34586710
20173186
28144720
6246437
13285429
17529631
27816498
29312569
7861925
6924568
15459014
15928171
6515841
13787927
23578757
5795160
8476191
30040669
30950821
29999341
9365414
17121807
7843727
15727794
13129630
11333632
32944863
10110709
10653960
14466594
8260584
6553894
7830049
11782400
9795973
13856830
27771066
7200381
25473958
32979723
35362156
15933713
35140865
13094314
10377909
14508316
8408658
16915388
8867877
9143260
5637662
18141121
15283407
12107220
12575847
27008097
8604844
30139271
7669640
10876410
14034362
7076144
14508539
8323891
13732843
12084911
12654421
15227089
29156530
8493798
10920460
15883878
15610473
10460874
32808642
7479116
14571432
19100722
26882573
9786388
19716316
11187747
14969489
34741827
11172863
5010905
14418812
35156929
9201542
24387416
34231381
33192198
6644096
11403129
12079382
19668649
31604719
8444815
5648075
5885998
29081959
11041359
8248512
33807048
26021560
31007473
9459176
12280203
13744583
14672614
12254601
18880948
19735234
12448124
6994561
21942301
28841650
31540053
9810567
33728424
6509655
11778074
15855642
8842070
35230120
10660786
12373785
14200660
30147758
10379729
9271289
17561713
29674522
5646660
16679142
28823566
5448809
4783901
13743943
12241064
13170900
14733256
11381295
25142860
9054756
15615723
33065658
22083886
9146462
8463949
30824898
9893172
6305738
14234487
15734842
11594193
34425946
29360185
31227211
18116263
5225711
11430918
34209580
14058613
29612704
10831966
14724255
5477081
13029998
16258389
33167511
33699399
9049180
21177130
4701511
15764229
15227152
14041609
5491486
16674189
10541856
29453371
13941007
11711469
31249438
8233195
15940213
22450771
4932841
30762282
31107047
13469757
14918375
10132271
6288611
13170337
8047820
8794594
15298519
6202241
16647699
29239378
13983737
23007767
24517247
15787074
15153607
20617471
7267010
5212506
15763373
9136504
13731576
21278998
4851908
11069045
11279019
20096755
30780606
6559259
9376585
32101482
31095182
33271050
23572376
12583761
8406591
23711759
19310845
6275361
12282742
21518200
35475724
19920286
5945877
16966065
33179397
14517707
4942222
5739006
18612850
14926888
15481837
9952564
27236049
31696070
35307955
5168556
11000427
20877541
9019910
26274266
25724479
11247708
10861791
11354617
7202547
10609749
24005186
12749661
34462816
5718708
11620484
12731227
21969472
14982407
29616070
13708524
16311027
8266589
28722013
17749864
8068923
27829875
10966238
25185238
5658213
11918266
16186876
11592192
28906168
17263882
18465937
5965263
19138159
18380599
8374149
27591084
8012459
18437425
33175062
28069198
13507775
13007771
29813374
22070629
4986580
12807099
4799458
28815034
34469122
22831412
8201108
4834611
11514582
31774436
33680061
8974650
11130431
13153719
11341422
22589681
9365363
33145932
33156966
9919020
20072173
15073154
25348762
9909600
10926529
7898413
22992302
13919135
4865477
4701485
26937416
13948767
10433829
4801166
20506570
30517855
34100086
20422102
9819278
11987103
11110830
10776817
9405209
9132741
33981351
8183710
30532909
12291736
5386266
33260676
16284494
17994289
4780490
16026447
5306392
5858399
17025489
26043655
7858196
18381382
25312756
12333201
28546870
8924047
12644593
3306003
27935121
7515455
11944867
35438362
32896725
13811990
26468561
8776556
29555410
18597025
15672419
8037920
12048733
13079435
14726385
15092449
21507565
9750442
10743746
8501618
10473728
12069508
28506424
10335011
14889658
15570587
18779893
15653887
30641284
33875793
10437963
26593001
8645022
27572211
9796588
7831861
12061944
9496516
6616095
28034499
19837288
28612702
6712748
13909301
28982365
30617425
34615669
1265794
9756521
19133821
26813549
4978332
7623255
12698099
24487292
7873339
13427518
25270363
16418349
22182265
7947253
11279044
30973984
19914796
8745202
9537584
4764758
26978033
7180058
10884432
6630177
10425736
11588020
21474115
25074925
7912410
6823168
30566950
7684518
32345997
32446632
15717570
10788381
8823795
26433272
5389948
29237413
11437581
33328593
9739859
16366908
5541423
29358619
16231620
10427665
14556166
15036767
17902900
26232800
15183629
6944844
24271976
27275631
28514647
7429764
9676577
17259829
13998587
18611842
25893007
33506972
14492997
13106371
5819511
22142170
22225786
22239625
34175659
5804180
14104265
10351969
26575550
13256316
6973086
22128421
18237820
14798170
19490605
12444164
10033184
7892330
26824139
8074312
6358672
25539202
9743570
10216951
4791799
11060561
7744153
7819970
12258683
13001622
22396345
6300980
22548269
8466452
8647839
14145591
29980078
9010425
5990814
11964554
29447368
13101066
25801579
9911180
8058207
11580179
12444474
15859797
7822720
6200823
20118871
21912577
14532093
8133606
10513563
15368803
6393624
26698178
8137999
10136389
9122627
13978195
11648344
16026109
5449970
7810142
13233397
14656879
34928075
13143099
7456121
8513163
15985668
2030427
22884749
11451986
23591513
7991846
23130716
15120773
20940781
11052570
24377606
27895701
9312524
19669504
13199691
14047846
14341909
11494758
14437119
14704541
22490594
18949360
24275990
5236926
31111316
17925538
8769689
14163065
29506582
4972628
11766495
8722089
16079873
18388288
8966085
33716283
6912490
5186524
5336566
12580022
12282111
15625010
5307439
12208660
27844797
5538506
33063090
34568347
10085095
34320664
30722606
18568054
11556250
13319806
28158856
16763877
10198421
9628147
6663357
10124858
12176153
12763093
19970536
12106002
11951061
12427358
26166701
27586275
30778329
30819093
11470299
11695610
26312141
10385725
9516120
15308460
11315484
4958456
5408151
18115159
12157344
12644425
15932674
10587412
8450355
16451025
14748019
27831309
13862029
5821099
17902474
27889356
10061580
9819933
12913183
15318997
27923982
22901600
31010374
6347083
33918864
5590158
6094264
9559536
9774776
10859303
15929666
15349959
27271860
21224689
30794175
20448163
34103905
8094832
16121663
35104202
32629125
32651115
13934297
11157222
5223608
22188769
11497872
9262714
5351174
23468087
5693037
3606422
13714129
14833123
15857040
8337165
5372515
3563921
32006198
12306945
6089430
14278363
14274197
30730580
31836755
31600780
32082312
15768949
16166047
13924554
10953782
20408281
12792524
21800746
6954265
10578289
27812511
11777130
7388459
15586283
20759548
13127317
32057664
32463357
5542472
5680689
6616709
10083333
11528002
34492387
12033316
8869074
13594865
34729581
13422266
14428259
5735448
15865825
7542736
31118078
33707943
4678026
9288846
10042153
13682335
23984804
35281186
6187980
13194233
10550085
9937017
13466058
30544837
32649579
19097650
7868484
9127062
5254582
10562210
14107115
28001898
21590821
9225712
6942538
8018197
9993197
13978270
24576461
14490508
5311356
15157915
15582505
7880322
6740187
5608671
12952683
12281068
8760169
13378299
13336132
16610313
17281462
13734226
13691777
26892506
7836487
10717079
14114121
8951314
20423746
13440320
25657090
26570612
26933942
32443494
11902918
24582173
26574983
14925350
30906456
24669500
14045539
9977361
6239067
12762390
4964142
20416831
28723048
13916422
23170592
8533780
13975832
6030652
9848877
23825804
26388395
20541418
24881417
16112598
15524041
31279718
10864829
27065289
19676053
23785622
11558940
15055769
15964944
6333798
13485097
25696450
35102060
22452868
7623621
14542077
8763765
15392069
15797292
31599034
10005183
12164096
12980515
5051981
13289672
15956864
10658899
15278858
6619069
29684209
4829665
21076837
27125793
6353749
31689830
6992243
7993505
5334165
13921153
33659448
8089582
12354032
15718172
23307047
14213701
15331378
14059381
14867198
13642968
7852230
7703708
27413667
25762090
13292206
12010287
24478268
5328981
7259390
10213682
24561266
19192828
16624545
16188352
14264380
11754080
4750414
13281835
10646385
23551535
5498997
12667758
10857063
20870278
5308286
6473085
12536708
16786575
12645134
8928226
20809675
5744795
11659762
31654295
9175525
11633049
10035073
15474882
10462358
14034736
15416290
14532226
6686124
24257456
5523754
4739069
12564558
15152501
19777447
11827335
20338183
10058159
12642634
31040359
27552798
15596909
32560110
6740074
9057786
13107686
14622464
10563108
8394214
8093523
13535321
15465211
12704571
18446251
4828229
26460485
29263231
13765498
34292845
16190391
6276053
10703155
10350184
16800024
20331733
12103169
14242254
8478993
10874434
13641744
6207130
17680075
8886982
20668039
30873465
6091181
11114593
32930604
33394913
9097744
8148622
8384092
28480258
29732218
19383568
32381469
33980337
5197553
10975600
8731933
13362338
11337506
6738478
13688694
5917251
5260922
25379653
27913596
10933357
15832989
17977543
16049837
10948599
10987142
7265169
7269277
9530925
9574225
11110208
11100375
13552656
15712138
24934838
5126020
11474171
33967605
8763251
26299442
13039475
25795282
7368784
29645137
4828852
6859626
11479684
26609825
33117693
34074331
5273890
4696685
19945135
10506269
25508683
15390546
12164813
8555481
9543459
5052946
15107298
6375255
7244892
25010314
33156828
35171740
31531927
6089621
7200525
9052523
23071151
12501608
31793774
14383090
10146431
15288836
8986109
25714216
15579098
17380165
8883319
9978765
10499347
13655715
11330484
26371319
10080589
5063953
4844542
26108233
22302517
11313561
30768567
5705687
7604145
5403729
29221054
10757621
22402243
13962362
5864567
6925687
4879577
23301125
7312606
14557690
7507042
7864286
12397061
7243908
10044750
6494749
20961883
22837361
23246561
25683256
26746667
32655213
9127513
35429821
10871415
15295663
10687290
13698924
9958425
18400345
26010478
5800896
5178228
29806744
6793911
4370839
11301153
9865725
10442297
10256330
33615492
7863620
11049968
13464460
28525441
12944742
15412710
29681362
30220811
4798910
10064248
14749808
28311619
11822301
24331241
7287721
20484121
33509681
34247047
24464708
5659094
23119460
33530712
14478307
5817360
1325879
30108449
18967384
7125069
30940210
7185916
29767555
16835592
29104684
14375713
7353256
8333160
8120826
23784401
14046010
7308681
9470344
9968643
12949214
8917002
14780795
6782209
14278182
9662116
11557561
15758752
24293321
6516286
8750220
6572957
15195316
14258500
16089642
5413191
16112857
12428692
7669788
14138513
34922705
29976052
15710857
9177161
13425224
28927474
31918591
21769972
16427940
7813303
14620692
19749646
20778625
16044301
25175521
4973497
8856970
10777039
26257442
33552207
10300617
34723353
5310761
30800841
13596975
30702124
7281263
18216925
25981348
5456372
19657945
33489314
12301783
34203763
34928060
18339865
30505303
14224606
30439532
11707036
19719343
10645758
8465089
5278063
9677807
12902523
19826710
14133020
20900212
11930523
28836730
8867538
22702346
15324174
18853435
16449672
25045687
28843462
9709773
2468745
11306911
14735114
10649285
10888540
12011337
15551377
8770505
31815356
20848294
5513510
12328411
11101860
21206827
22678121
33009135
6152495
6536475
10528924
33503141
5566806
17211562
5698403
7764414
8212716
9388787
5795899
11523360
7060585
34191436
7467752
31686338
5316508
27131922
9579461
18818671
8915453
9990339
32179701
11822063
13712545
32484228
26451128
5669598
15998896
30080575
27300186
17451655
9514656
10218660
29162176
23898263
22701545
29846269
6861612
16193567
5753664
12120727
9857352
21732673
28181398
9029134
9886023
30264989
15926419
11201624
35286073
21594412
14373969
14845208
7668030
15193915
25006147
32678529
14690188
7234945
28646671
7758925
34716558
6943410
19887100
9629826
24482534
10044971
9993347
13004393
5913053
10347994
19920841
5254421
32779104
12234900
14752894
31232023
33116361
11722094
13337535
7827000
31772456
33779628
12255104
27043011
16245632
22917557
4948098
16010015
6827083
10657647
6452023
5829460
5206541
24642581
14861228
21156910
30793515
6190283
10075354
13212938
16696206
13506945
11705653
8109014
11445872
13670691
14557029
14813490
13470375
14821654
24295571
26807726
12544525
5092603
23141288
23915087
11069080
12775684
15859004
13373205
7402687
29528629
5078988
9037578
6037324
20625598
12278992
9075281
14981271
23843636
15150109
16071101
13325324
16441647
5581984
22326922
14916849
22618328
28813915
5663421
18552604
29241535
23981876
32536830
25248199
34502512
27045543
27490278
21960019
10266039
12036688
18326584
33055593
30118352
11624551
9953186
15286876
21236002
5720657
10620945
17822437
27119940
31721099
5746473
15128246
12196562
22229131
5269414
19337167
7219569
6416262
11695734
12817421
18291868
25576198
13398195
17321044
8076519
8448197
9295701
10529111
11505097
9768461
13684560
8656946
16157131
10697145
5023780
10404852
30896466
10023685
14555677
29200669
8322209
23547677
25710034
33760713
11370673
20590882
6509358
9259087
10220474
32185017
7475428
10400577
28912846
11505891
7492575
7097762
8462478
8010955
8444571
12864750
12601158
24874733
33215553
5760478
7373968
27231378
5735120
22887716
7968407
15537331
5981796
15423493
13383244
12859838
23076998
20131348
10110722
8427544
13308024
14006328
20078176
24856820
5335188
10164712
20095003
23660597
6272025
6805920
15334672
13745958
10047659
13394662
6662557
30235313
6193520
6468925
10614573
16901700
30952555
25104358
11037963
24397721
28498822
14923573
24849944
29824423
13712020
11388812
14302304
20960725
15747966
11829021
8442915
12377471
22871804
12220193
9538598
23956586
35089052
10952300
10779079
12353182
9740374
6917209
14812720
10662084
5119331
18580363
15806218
19851115
13965800
16059701
4858854
6009263
4042768
14857798
7912888
29726467
4987613
18495616
11670431
4768058
13875187
18920350
14751010
14610151
16678374
9816735
6790495
11426695
6547825
12423875
10978607
13098742
15571198
23989277
9239668
11458102
8541075
10047257
14320022
6593061
27733050
5603462
33634533
8899833
14299018
22917623
13049140
11871363
11023910
5193446
30442652
4907676
9030644
13329837
6745692
8800782
8947939
16107791
32473014
22201573
15770470
4690209
22172314
31046686
12861388
35252530
29178838
10670287
4809531
8450177
22423756
33281976
33387164
34226524
20593288
19747228
5166255
13505128
5064500
16144304
14814341
31050332
32797581
11594535
8829371
18018352
19551526
33227805
7474562
25574755
17002236
22512074
11311150
9531444
18778336
9555934
8545720
3850768
4815591
4972449
12915197
14496985
21953950
33751191
22473911
21335590
15642138
25056463
14008206
6095950
8769333
16452444
5808425
8633926
28482370
21153985
27358293
5636118
7291652
15272718
8298165
9244540
14255700
12185841
18317377
19854001
21950683
25236196
8572619
14666292
6381849
9529223
29637742
16072072
11873438
7292406
18949243
29523373
19455991
21794920
22567457
4956696
16070938
15109101
14271758
20368969
20856010
30094106
14515923
15091974
26242445
5571062
6707473
8897752
6151560
8119393
12211206
24611156
28165138
34597393
27369444
28864900
15192693
31156445
19047823
25751302
17736895
9304267
21338281
11275360
30779745
12564681
13600285
7685325
5824765
13761778
12984187
15035864
20443063
17711572
28783579
21326860
5139779
7538177
16703364
20472859
8063817
7808299
25794487
30652432
7874128
23944343
8822934
25635976
14475713
27394830
12749313
15445194
14600260
26943476
4785128
9565212
16677162
6453854
28619176
34042996
14542978
5740057
8643619
34279762
28196485
4876246
11733314
28832605
7822517
5612729
9702174
17031897
16915698
17904634
33725589
4808181
22217431
13083959
27086175
5548286
7093021
17910946
26308190
10713060
31892608
7463527
14112750
30255182
14401744
12738596
9427707
24301667
26172056
13783695
24233378
19342858
23722754
6404370
15052433
15523218
15339789
10888403
11987809
12945576
28932775
10045510
22404769
11013773
8147234
11581793
14551880
16024441
19590211
28996270
7467735
10104969
10238899
24996079
5215560
22543712
31121204
31993691
13525879
33618867
14252963
13860952
32898216
24998329
11701727
12753815
28797187
10549928
14857766
9657588
13790745
10668753
9757701
15782459
19848112
25305802
33158124
7776191
11976946
23428493
18719761
10292793
21928318
6159959
10141954
13337877
8008405
10422559
14559830
14941818
20722489
27714120
30832932
35421268
18817522
10796299
29684161
12674518
13409556
7949352
5184468
12434845
6833017
5313537
9426662
23118215
14930609
24834569
9018807
6558994
5955908
7192334
5185931
33242127
11415724
30341204
13417664
9001072
22782722
29751400
13255745
6539363
27326673
29488102
33190704
10039151
12368882
16859895
26351396
31401875
10052606
7877672
25882645
20967949
10253146
14110379
35485750
14694862
22578632
13683351
22726436
15516186
15571840
33460337
7702677
26157956
14912390
5265420
20845300
9397582
12413228
10691956
12053862
12814130
8023386
6277081
19781767
8723099
5961313
12838550
9175972
22348453
4675669
9659102
15036662
4702669
24883154
8591939
10871367
34855799
15557932
9539299
22400107
29299012
13342452
6188535
29124511
27020994
22421047
19658344
23995643
13479410
10427863
14704372
6109061
4905609
14998696
23128352
20047102
33804234
6403090
15797125
25748176
16235069
10522250
14133554
15034927
13944332
9865993
4845179
8757510
11311538
13411730
18155761
18266938
21874222
30387194
18184921
31659590
5148405
10358274
12077535
15127973
25349041
9953175
8325153
25362238
29395777
4749215
15690110
14410777
11513883
14187060
31854155
33906351
5107002
12534112
15569312
5656521
12479959
14306010
12874319
7030735
9988963
22421782
11756623
15732393
5904241
14418455
27619884
7285429
25790377
7769635
30476627
31934788
33394448
13170247
6593651
13876240
15023915
17021226
29511796
8527897
26211410
21961987
32105622
16292663
5260911
32340015
12310935
10034930
10882729
7518578
4889926
12536470
30944728
15090835
5958692
9624045
5976817
26164403
6882556
14963535
23990318
14538700
14992731
9862881
24624845
11062354
13272752
14109011
21365560
8161670
12803506
7556656
13324938
5161474
31763768
11737081
10064693
7898699
14332812
6576895
16954629
7106776
15106099
8541169
12329361
6197182
34614556
15350151
19168594
13053074
9550171
15659972
16281286
7819249
8046319
24878258
30028339
18779929
14290575
12920617
5056606
5873548
31174687
23899913
7441053
14595422
22774736
7794108
16066753
13361879
7627005
14333664
9012765
26107687
28378336
30725153
9559624
12099024
31977953
6087194
29173324
9601696
20732380
8915018
14779501
23363426
15624167
13535420
32428587
12097534
5849733
14331425
28740346
9775548
32123058
16237357
29640343
31883899
33628662
21494179
29588347
10224945
24141470
17761246
14181989
33468851
35161204
11950143
5227586
9061955
26539343
6929419
13044422
10557499
15532097
16027168
5629953
12513475
12787163
12807933
14417988
26770262
5117260
17445703
23193818
25282009
13434465
33582837
11617001
9030296
6030853
15400800
23314514
21424702
11681239
13648374
8311788
12156605
10659531
5399274
10954372
32887098
12170804
6495390
20238865
5353894
19848349
15937238
11789098
11656028
13437919
30364280
21377443
34917122
11417491
23471036
12275005
13764807
14515305
25677838
30078865
10776648
27640506
10112241
10311909
12701364
33339668
8792030
31111175
29168110
35407267
13881121
20861557
32504805
9357421
9760930
12988573
13349123
8894941
7294776
14434605
30412742
10085807
25806064
34751235
6486852
14952897
13437761
10648205
28210267
15545276
13068833
8375770
12802632
13436675
20093677
5786922
8307513
31408862
16909092
5477312
9017016
10904731
22007725
35481325
11270640
9278616
23132489
7606093
35236531
27262386
26200517
27075939
15885625
14063283
23749373
13737411
16077866
31562482
8601550
7963067
13526161
20606308
12654978
25858090
6261329
6654548
13130298
27790500
9336986
12476956
24349172
23052422
26342894
13366981
26003677
11265577
34983878
10386192
11828467
7208556
16986771
30714425
9860261
5102468
28065195
27763008
25473211
10504557
5494220
8830780
25556908
26758925
32738079
7262155
31495940
6457525
14250795
9732743
11357677
28456954
25368601
33224094
6028512
10014136
19502455
25150915
10471027
12908296
14315658
25189399
4980394
5405655
19711585
10145588
17818561
6989080
25481029
12179611
31797707
14778244
22362283
5967931
10564360
32589468
16286848
22191049
13515744
29773792
7458848
14972016
7576528
35479831
8736053
31771163
14175855
15520826
30095981
6112716
5310660
6108248
14576632
25239565
18350428
12346050
15929844
13339254
7490309
16308528
29161615
16454712
20799481
10688798
6841755
9812046
6445467
15289412
20396719
6217858
32089671
14322569
26309837
33370382
10603656
30048349
33304146
26637536
7499238
15651592
8312584
6296042
28036539
22787039
31214473
15726889
23672297
6952679
13361125
23474144
13944377
10054587
7993744
9313332
10728572
11372633
13473170
22085194
31530757
4855310
7571250
12079245
11214590
29628823
15728760
7771017
18614806
13880610
5589441
12257422
5613823
7561055
25507516
8782329
5705254
14091899
7741576
27825708
30853830
31744151
5889169
9351301
10801302
6938082
24519677
13569023
31190269
17685889
9419468
16116202
12473924
6715320
6949302
9072496
11804202
15981140
23169581
7631302
21758317
9961825
8957711
14386716
5725538
14956748
11701384
12128631
10977599
16271911
10293186
6480083
4957193
22375543
27606519
29439175
17044527
6343256
15946657
10456069
26451368
5646874
8828332
10740979
16217742
11580142
28469263
5846197
6596638
5929729
17456584
18437431
11243090
7697348
14209081
15254254
10540727
15123482
30900321
5265295
11712351
6304917
11960272
13329682
13561602
7241959
18988006
23457287
29346970
21334399
6844975
8266740
9503868
16199310
7787391
25141933
16850979
11854487
5768005
5920175
33585096
8490604
10498970
25020808
15091353
8012615
5781966
13266998
15671013
31207459
12259216
29202022
6913662
12010898
15959631
25694221
6902839
14194901
6814958
17863936
10407973
7754416
26077501
27708210
16927149
22738238
25026568
20371570
10603564
13316143
29350702
14293911
11228095
14541476
16850142
7305488
15848896
20348920
29214163
4902403
15336850
20595163
20426242
14292276
6878503
10139829
28217224
34272358
15693386
17691661
18046678
6019601
11402417
8020721
15017756
6543194
9781945
13038328
24769061
31176925
6192718
26627495
10367820
5868152
32299673
5949771
11358889
15953279
7093664
7665509
3380769
9144920
11534760
16751517
24400670
27813585
7930150
11896017
5790493
6147520
14942846
21659209
9835784
15902571
12233677
22762001
32553783
35405995
13737878
8897666
9056066
33641472
8687140
5206444
14738311
4935104
6436593
10290982
11665402
5824665
5289164
18312262
29716027
12577142
5554139
12463757
21341047
10857437
10002473
26586749
27570420
9023881
19084744
6966106
14441702
10452141
26308370
12070823
16454982
22606829
14891191
9030524
30323312
14193071
14183916
16039717
34060903
30476294
15416982
23266661
34876556
13853980
23992391
18940783
35158354
14396988
25215754
4970254
32781150
12912823
19280134
9326264
6676824
9085190
15977440
9927095
33378284
34865480
35108801
16860450
25913902
8279967
8678504
7954704
13072554
18871855
12569183
28430251
11096842
5345398
11528847
18379828
21073057
18386848
32322156
6291197
8223582
16378551
5000021
14673343
23306210
24702437
14678215
9048278
20583538
33023247
25297312
15125301
16345551
12928969
10285348
14640345
10421205
9382072
16300090
7024880
10713997
20013334
23599118
27707343
30086661
15507949
28969936
7212546
8043130
19053805
7424359
8889596
12755185
12944850
25121248
30303722
34212547
34329226
12319689
34863521
12165949
17993323
23396690
14958043
12803333
16121889
8130350
28423264
15104130
4883789
13855484
25602655
27109110
19859887
27385836
6004287
15256310
5495240
7342761
25136857
15951625
18207181
9282612
16822422
12959478
34970858
15583864
15904786
6900918
33844407
15637930
33735438
19450822
16770372
29726281
20267842
20357224
29929948
8630035
23703965
7488756
10861859
21188095
12699960
9413144
29601577
12593919
8110773
5369006
28366576
9589442
31165184
12635921
15267778
7154932
13949325
14218903
5846589
34014894
17006352
24450065
8228312
14790027
30576226
27431958
26345402
23608529
25200610
33773853
11809190
6764605
12070243
4990861
9685206
24222989
17165998
27312054
16077399
12574478
16818807
12028273
20162107
24658601
14895084
11879609
16051641
6093037
12135931
4074332
8398412
8444010
35072900
13876030
6942200
21400831
25790959
33024948
27985491
12189335
8051941
5790547
10955901
22558541
7351579
30232055
8877584
20542399
24583037
5067741
6864278
10108626
35320600
8043636
14232601
33806850
11041635
19822741
7702585
18369760
5233469
9060449
23921174
6976624
25099489
22344073
14588173
32090793
15796040
16174786
34398487
23913536
26866430
5832018
15550519
17771788
19581448
28745059
33304599
29408416
16471320
27628419
5489086
6486509
32857041
14416491
6704195
6772687
10049068
8798616
12783296
34093234
11872799
15587212
27885753
17110962
32396178
14879843
10332374
15255498
32964585
5174246
14497601
17301796
8982842
15562717
7315862
11927231
16101363
9654845
7198855
11487821
27730800
8318093
8567648
8041251
17932261
7511835
30363260
30385634
10830763
8927981
29010901
14102083
26565965
31424822
6840049
10848313
25641283
7772847
7764502
11110663
11594984
9357813
12033848
14725048
9201555
4900389
9915211
11457972
14361138
7074896
8309398
20421361
30880320
9671398
14030282
17875828
26210981
28565911
15735064
33492914
6779447
22687178
12249806
11144016
12165075
7389116
10337472
12612694
11898497
12641442
27051807
29702026
31986395
8892647
9973069
11137021
8376803
13009598
13724159
15975739
19731631
34604704
23268521
8868054
7852788
8731709
11503764
15455732
22064239
21396580
25077988
5972563
11167289
21392413
9663572
12754264
15772814
6092466
13672169
25167586
7912038
27320253
9395847
13185442
8787151
5688650
7867382
10776194
33137751
21448648
19660744
11247908
19316929
26470358
5355943
30491560
9529469
13772653
32476518
27965094
20332996
4783309
12547116
23542037
25872385
27044253
17078421
27085464
7703590
29260240
32884464
7908508
7944008
13175965
32614608
11771873
15484916
13678226
11360452
9035994
26294573
8638740
27975876
17025564
15483703
12071467
24752996
7873426
10144443
28398577
30467531
10439315
5312296
27045705
33478334
12722116
9745807
15134127
5522247
10411376
7763895
13907135
14086218
6925458
5309401
13512911
14231445
10628832
5403210
9838971
10698081
11377077
12947387
8635568
7989311
13900726
34459504
13739266
26605829
10521467
8489485
15944900
9594613
13772821
12132729
22678922
12987937
16223112
6635784
30787872
7120245
8599672
6807358
11423123
31365841
11009152
24036953
18407161
13219483
6632911
17038212
18163903
18606172
32777094
8484635
7148377
5726312
27663378
16810629
8260438
5083141
14890448
33400487
6405507
7623740
26582195
15086436
22226476
6150461
7998681
15405973
15132594
28941193
32831598
8703208
20653939
35402287
29806966
26391032
14052814
4765429
19937359
4983027
16803237
8994403
6378055
6776519
15703302
17349295
11664216
24054842
34831979
18128635
4026794
16022291
5471269
16582599
26407451
18844552
6186611
10279650
18710617
12053309
7262897
5797998
16088033
12637835
18798508
33668559
12941917
7302183
32658363
9349824
10172598
14481177
14862550
23580638
17445352
29376616
12708429
17555839
27936816
21044260
6228451
16382145
12572643
15416308
13742936
14793693
12116466
22897478
11892450
35397430
14128983
16349442
7324958
10196403
35267431
7304868
18520609
14363108
29920630
33864735
5250614
6328872
16247892
8752698
15751373
22565507
15600457
11104954
18914413
23424038
25740871
27234708
23499623
12795014
9333958
14516632
33510374
8427732
26574437
23223269
31847618
25204195
11594246
8004483
10355000
32304252
15976620
16868601
21922291
26156360
8159534
34141522
14038889
19030849
28513051
18264133
23464898
6583471
6315064
13644722
14081852
8302040
20822782
20037706
18897841
11210504
12390007
19396045
15031757
13134168
13140241
21464857
23353916
24750221
13734105
4233874
9883180
7818811
9290712
10233197
8850779
20204011
16239917
7741515
33347321
22457776
29412598
12811249
15712476
14746379
14476033
10390657
13723273
26632913
10073336
12201418
17405656
15630261
27286158
28517422
13034395
31245292
7237653
7360245
22720220
32084043
32102388
14543607
4292919
9895572
5945932
11829686
13582449
12029973
9825562
14863773
21632245
29593564
34877777
6100608
9054861
9065197
17515330
11323459
25696162
13592966
14262407
9357095
11455732
20136910
31390565
11972603
34748310
7397706
33242490
11755076
15709677
6254668
15860968
35042792
24680561
18052399
6279752
13837798
6956731
12743387
11022932
25678258
12904565
9120316
14712398
6291022
11839217
15898472
31581022
6519857
12757237
6531941
13675827
25060969
29690698
32100726
8688441
34580959
8246734
23745689
14733323
4877847
14377720
5296558
8522872
16735611
6044860
15966898
33815742
26019565
8701608
22168873
11668748
11685150
28261852
7068228
17004087
20566294
8861360
11092021
11505778
12712305
7174850
20544622
33580878
8071684
27758688
15445972
32291895
12939701
12623542
11250525
14459993
6422542
7725436
9287244
15111911
21652681
21242566
21942046
12269886
13370785
8917234
12320055
14463465
23655320
27585177
7489046
10677727
14627871
6024741
5957738
10259292
19252027
14258391
11360679
13230791
15442876
17832118
8934194
9020266
10752984
14467064
15905868
7645366
13336133
19849201
5653724
5707414
33769872
15481305
9152529
15710209
4715853
15007519
15452490
7902307
11484674
8856903
13288147
16058439
24188783
6348114
30153467
34421146
32071209
5781962
12210299
14861604
20158852
25187194
15130095
5648333
15231429
18552532
10411499
35118713
17345173
15704275
23297573
7720889
5364166
22734260
30757764
2751492
5102535
5930287
34713879
25999909
31513094
25738432
6605789
15511416
20778892
21715954
13947401
5979125
11862852
29358586
6606206
8186507
11230429
13488147
14385138
7921672
16027062
11682861
14591580
32848944
35477689
17563465
13067992
13292722
9675604
33371885
5583922
14962098
5840400
15278801
5682490
4709298
7525216
12115906
16630830
34774496
28311508
8049946
11387081
31048691
5919086
7105615
20617915
21824419
3504639
11534950
6518809
16298263
18679900
31735268
14455752
32873175
9023580
8458566
25427098
10288612
13024746
28923610
29140348
33965766
16789110
32582394
10708458
15913192
5508862
18091873
9184757
14611612
25658230
6470200
18271291
14148447
21099094
15385471
18087010
30760992
16015983
30233642
6339192
17861065
30036532
34830968
9103434
11318754
20432119
13431614
34227070
11447371
11583755
6914300
5820394
9895669
23895311
10841279
12449015
12855524
15446778
20394049
24512309
26339921
26715008
34635919
24671336
28990828
18029926
7268688
29806444
6146849
20358322
5162773
13910771
13820116
15773904
6759180
18096106
22316563
5997511
29884570
6442362
8134190
12330513
27417444
29773186
19849231
11690159
6639392
10922442
6295488
23471936
4695703
7339692
7925564
13618806
5393017
5103528
10962361
12023616
27330669
10645515
30434522
10435106
7474511
11989460
35158396
11954719
28622404
30245141
34023525
8426901
8936874
25194487
5444264
6202883
9672314
11244139
12763232
9606542
7274557
19473664
23629046
30327335
12669416
23369966
7724061
8294482
9778269
11684242
9108007
13214973
23569517
30048877
12812515
11594408
30835800
28364482
25616152
24142127
13371595
5296053
12306148
6275541
26759885
16228006
23399723
5069223
7008417
18149125
26340308
24353408
20511118
12512440
10067077
7071162
17557324
14866707
26081632
13819081
6079386
12242494
8505344
22079980
11954401
9809162
13746734
15091981
6277338
12254151
33825870
10296971
21702898
11947970
29355376
14967695
7741299
15479549
18820609
7789186
14079510
23979443
15406032
16052738
5068423
10396016
12693890
12418387
15782976
7250423
15329657
16102804
6353580
32355771
7524761
8804033
9015194
16727379
21792409
32474187
18047455
25793140
22164076
7151181
5904358
24593267
12863906
31700966
31899577
17062809
6677963
18511801
5759187
14688147
15900819
6344224
8459809
19113502
25533499
12639013
22162318
12624669
13267109
16420023
7195287
15617597
34038181
6029952
27185826
7172858
13472160
13980012
15418861
10985017
29624146
11285493
2060440
23924834
32062881
13925655
22273855
6896334
7845032
10833556
26532602
7859282
8837062
30264035
11270801
13930688
30561436
34935782
29622499
22266634
24026420
6568001
29013631
10766327
15842725
35313820
24104951
26198519
31284161
28733881
6249085
13299011
7246507
11340568
16732011
18796138
28967515
11795445
10630561
12445250
15104360
16340319
6202303
27002931
16231605
13982427
10548418
18812353
14659785
12762686
24202208
29743399
11578556
29816548
13700863
8047927
7252795
7212823
12630648
9128075
7734086
7184395
15290295
8808127
27612597
32155368
8926417
16031609
27556200
9904975
10506281
11737071
16547913
19679887
23057390
5976859
29860732
29293981
15112954
14402844
29164489
7011630
9328147
13372945
7304607
7745986
12699770
10083626
5547480
10540732
14545584
14084157
19550266
28775032
10347444
15276665
33924828
8224719
13532054
12672345
13128947
3779536
16499985
15590688
14698632
14112050
10940636
12032428
7499832
13574479
28334911
33182628
34079665
15462697
33993939
16593984
17465668
25305343
5798416
7674372
8561673
6084283
8996942
20767084
28844473
29429944
12226391
23739119
29530954
8089703
17573560
10301980
25196128
12254720
29026885
6618908
12922916
8663154
13515220
14472362
15730743
21719377
21754927
28105735
22188106
18207718
2145685
9785184
15734268
14784789
17751589
13915214
31762121
7376370
12700979
33288348
10740997
35058761
23439449
6346307
7029130
9213921
7562310
27990285
32625393
27596655
12604622
14600788
28857313
33550737
4713568
9911531
27840774
22397377
33193602
29566708
32882244
9542734
18181801
10256543
8181705
15893866
10115780
12531469
6792433
22822472
11587709
6025605
14303574
20612269
5149184
12824413
9676278
14989463
24174386
18896458
15715202
14834657
23524727
6288409
12436285
5077287
9799148
19327339
12156822
9295824
22405873
23230715
4925594
29498683
29652784
4961791
24536819
27257178
28451581
24559271
8970556
10114470
14503380
9057717
24656654
11640864
6703519
14311237
31989365
28047423
22821149
6149596
11028313
12768560
6930315
30069085
35334487
7227695
13278634
32030423
32382672
23760260
15784458
33827466
10830736
12213450
5575307
4676130
7158264
22470019
4956436
7868143
12213639
10958840
19470295
12210023
7797269
20455843
30560479
16220158
26048737
13394636
26303888
11202979
33420104
21568483
21563344
21090706
8918480
22423195
7354287
24250781
16955622
6259365
15524139
25372684
27806844
7618102
9915826
31680329
35392954
8329993
14117458
26759879
8939223
13558776
9539814
8121763
31346605
12922080
14971920
23020601
30782901
7002236
5359367
12173510
13777307
10833012
12545032
7421995
17457001
22934396
30191348
14491996
10667736
15428000
19000882
26611346
15710408
5085053
11834566
11226027
12907571
5601426
26690066
14760317
22901015
15686733
5391926
10891285
6895242
10039568
10352483
17166943
17504263
6153797
11944250
12786056
28823428
16012133
7302589
5089548
12687895
4908658
12553356
34266634
6381024
22672172
7765245
18357535
7234629
11860239
35220085
12125982
8785321
19400911
20799457
10718161
6354005
4732799
9143878
10181655
25673473
10364818
6517403
12724212
35440876
12149140
8306601
8608619
20036101
7352641
13673088
8684510
5109227
11736273
27927384
18736627
9575194
16377555
35189716
9790564
10473704
14908729
5929564
6099965
11719943
19980208
15645243
30676642
17027568
15300050
7890496
6284087
7236600
12831166
31949042
13912393
15732392
5864382
7751435
8915405
5926533
13278285
27677067
11902882
5529079
10221356
25101373
23381693
10760433
18105373
30995470
12342168
15437832
28476520
17126805
13751094
11447902
24601061
35307535
31659572
11796155
16111288
34268098
10603273
19966417
14517388
9693972
6511138
27290985
7057488
15998789
34469722
13461128
11784810
15327323
15435587
11448365
21087385
35342863
26435159
11396526
8162490
11418575
13957272
6051044
6685546
7685729
12375217
13707899
14452931
6751354
14170980
17093391
10173834
25282108
10521687
13146367
9708047
32098035
13115061
9556797
9414970
11146310
15021592
12940143
7014105
13476971
13972311
24504530
25714549
7417978
11435478
13410925
13920353
9700676
20425399
25017751
7433114
25693237
32213985
18430933
6277120
6608653
13300505
12860011
6215349
5480190
6691649
34401382
14759356
8722825
30845871
18066517
13325577
10658709
27700452
9137129
13394467
5841166
22210498
27104832
14353469
32951973
13443686
8634031
10724789
15738410
14709959
33156993
5309676
5044118
17241463
25435528
24395717
2794575
9189996
9617694
30495232
30242504
3579462
16929192
7152820
12200713
6454129
33874974
13742321
17013288
22862555
13967042
28985656
7571421
7998762
12428628
12539247
20399083
28900753
11975073
7200325
8375909
15747109
23161253
9726224
16035785
34622797
18881089
32225826
35459248
6916114
27643317
7574329
13598232
30990346
6874143
35375848
9287196
11222652
19352911
15892635
23352860
10718486
16295718
9317029
12423719
8537827
7514313
19506439
26838746
6059582
21986455
29938546
16263610
34010325
4787986
6917174
13146781
13874275
5510636
32673096
25180003
14642482
27019776
5549514
14032811
11777834
34764851
14181422
20898442
7509384
8264688
6279303
8419360
33956529
12596570
27070080
14264676
9857696
13745282
22367398
10893223
5315094
11836145
10734544
35235163
18894127
16457889
34878920
9881838
10208430
11537259
14657926
16112162
16693785
9078511
19417231
10879126
34663399
6479719
14884749
34260517
12999626
32276055
12581598
12781861
35112449
23256101
9235368
7341167
20019730
24322658
29268004
25196950
11801776
14114440
9825519
32723838
28972186
26226569
10058670
29624821
9432279
6267257
7432879
9844391
9932611
12103614
15775958
10547099
17940175
16292296
27485091
14082579
9854617
25853401
12419943
15781739
5321292
14086674
28190527
16230627
22201120
8816565
9310678
18138724
8980448
34025604
32691348
24096215
15119073
22730246
29462422
15641845
21162817
25053814
6474170
10342037
19765195
26094010
27082296
28810555
10344274
6181329
21043438
29186212
7578290
8595188
4978067
13551044
5690313
11151310
13230549
21250921
27334302
28049955
11794701
10853826
15585322
9962583
32204436
20846152
23400272
33355601
8151959
6894754
16882113
6897134
10004016
27682047
12661995
9469889
7365540
10937308
24241769
32710824
22297363
8038765
10202116
6149885
15110254
25736236
26968631
16160023
5488763
28047348
32883717
7426292
10819245
5567288
7454909
3133694
27328221
7537413
8572243
12093744
7356218
14225516
6095475
10106469
6495204
7511274
31530943
21168334
8050081
8186889
28356472
8919207
15893684
24102383
5286346
24344474
15077845
28688092
11255133
14401759
10355805
15806986
4679654
35084879
27089154
27779343
7497020
15270651
23202680
9981350
15869734
33201654
4840998
33263835
33231819
11525196
12069334
9375972
12685814
14663695
15571897
6897686
18289639
29577583
24746783
24772418
6790188
9205996
12176365
19082539
8188995
10838543
26886824
6128273
8463770
6047431
31721327
8633902
19796479
5444504
27174045
9669191
6038374
13505137
17234656
6601744
29005186
7458831
5250026
10552142
21005638
34912250
9177231
15330760
14401288
6814838
7999950
9151608
11984065
11359819
14184034
8034074
9824422
8205548
6626899
10065546
15999895
17368168
20423347
7903791
29185936
29918170
10943860
7948850
10895342
11186368
12696722
8734874
13748336
25090648
29225206
25513630
14562606
16288005
10069500
7065028
11808256
19520830
25329391
31079705
27143403
12376808
21504892
32347971
26369150
6928898
15272917
16032614
13060173
27851469
12478875
7428050
11456243
8890932
9895549
10736577
9154968
13441180
7711351
7874808
11144649
21900814
22222417
7480952
24839390
26164520
4903501
16467723
12969536
11153866
15518644
25286245
22548911
31659452
5226916
10404721
10756913
13066992
7429813
10018299
11532986
12970408
35225935
11447426
10280479
18756229
12276789
34422661
10620447
8177066
32073750
15405851
5486767
5722571
10649309
30460919
33678885
6763820
8160032
14988531
14198104
21263116
22017166
22403005
9027464
31769387
32874936
8922322
34062235
10979628
12293962
33292533
15839674
13509854
19139068
6695949
8295146
28778128
10177904
12322513
15902105
4882148
13999443
6653575
13242285
25145950
8159294
20457844
12680533
12914424
7919035
15026128
20005456
11241554
16166770
28990531
12138580
29028508
5918578
31410569
26221829
16227293
8825589
14986550
34091431
11005136
8594213
7395399
9410979
9436213
16185295
18402175
15092040
10661065
5466914
22660754
12539899
12216141
20595361
14420817
31577920
13660199
18775903
5346289
22469218
21393508
13442199
28350067
13022798
5654974
5885732
9454532
28324207
13813696
7288193
15112820
9282628
12721539
17564623
26260292
4819357
20874214
23436161
13343620
15140373
12271655
15782293
12696477
29368531
6751316
26265128
8201021
14029216
21405280
15999039
7123171
12630947
32034683
6347532
7894715
6159752
8436776
10044078
15907527
33587280
12534614
7045519
5202373
5652215
12471943
22913135
12571141
10764776
14251245
32287173
14511215
26293121
25751113
12935026
8951751
12200879
30739555
14741289
14841359
9896250
27217452
15824717
18646642
5324541
9657779
24955012
13788874
17483992
29533507
32879616
9614758
11562261
6064602
8171639
9274874
9376263
10556522
34066780
27742428
10257527
12436353
8670352
9614288
14161036
5895461
23980640
14921361
11609191
27908247
7806345
5968581
15318497
12925037
16057166
5607542
19316164
12996300
12743945
7987918
23519684
11388124
33764322
15945878
14789553
15484615
4756267
28814827
10949922
12087507
14731121
15409218
12237335
13740359
14695329
6112577
11708178
23896196
4808693
15448807
27453504
34154572
14795995
11568627
6267314
8574893
11494859
10366921
13713059
8622347
10546110
12828802
5433048
32654973
6932169
5476090
5697055
15779899
22410298
31049495
21267367
28370155
32268438
30461702
31581304
5573126
28062744
10524860
13808843
11209527
15101172
15718740
33961830
9709292
8238544
33745992
13119884
16130989
26747618
32089944
9240547
8831188
24432113
16316973
8544240
7667727
12911765
6019375
7204036
7272891
15083168
13200291
8086734
12302311
8193213
13053594
31797395
11492426
35409580
22439854
11600071
23565689
30954103
34007064
6308585
34725459
33199518
9026738
10507403
18412189
15873445
7357595
8578883
11909336
15745728
19570681
20968774
21608554
32912964
8907842
31269575
15053038
12755001
12908413
14507233
4858194
5372013
6008313
12996257
26036596
30047428
34369972
7020000
27773790
15006367
10430919
15294979
11100034
11577250
17765233
8117437
18758188
8353631
13245822
12977159
13954885
32435706
35011100
10450373
19684729
12840836
6470897
4867889
6444991
9761656
6805446
17956315
15155731
8996271
8927325
15107477
20228797
13766270
7621696
7528900
30375755
6603092
17193412
8442597
4736879
8081351
13924970
12391830
14948572
12385021
20461657
21939310
29083534
6742592
5149826
29377363
14308984
28503691
32065986
15415792
24640931
7871274
19258351
12168464
11885577
24292493
10439332
7331930
7146483
34242124
7687626
22491317
17039175
8051816
16141211
15091753
22221226
9764720
11778333
26549516
14364492
25003654
7579361
27007140
9661113
6566839
7884207
8398524
16514835
7081995
14602296
4998904
24545510
13245843
18996553
31692809
4826113
11839582
15262764
10604164
11466546
11904953
27941592
28920175
29597500
16292775
5718336
7721378
11918621
34503421
12832960
10905209
21551776
29967370
9151265
9170749
12955192
15330214
9716783
6462077
23732714
27667530
35244538
19559530
8460917
9401955
25907365
11949633
6750840
11205482
7450255
15575340
31149020
13013696
17535763
14753011
15179520
17074314
28928029
14080409
6735140
26440457
29628439
14159793
8766125
6332841
6719999
9508024
15252210
7234599
25150948
14178686
9092682
22504112
12777588
8879320
13224206
32945361
11702456
16007643
15962870
10772388
15895284
4679327
13940842
15463760
5327256
6464346
8842621
9715786
26036998
27502566
12208562
13925484
7521020
10640174
13218259
24542168
15329723
5816981
5645227
20214628
28502971
19432789
18119326
18877912
29268079
17094648
26618093
14884710
15184843
21374497
12425363
10848595
14979302
6096931
14473439
13760417
14234058
35469442
5293923
23073926
31651967
11161592
19722832
27922416
8989267
8360242
10665733
12131922
17995963
6688784
6368653
5210900
14591706
8633342
9702845
28392130
30714734
5427843
6522768
16683666
28970719
7504406
20871226
11622438
33844089
33106611
5777459
11751785
30093848
34304137
21878023
5177595
29983504
18208792
6175930
5464632
14292552
17702338
19420489
23329067
34684092
8863755
9946962
4996766
8881782
9656176
10263849
14170857
15259675
19249564
18644758
13566806
5315990
7249608
10299643
14040393
17099403
9023581
27061812
9120363
22102186
28474348
16654317
14283018
10263710
7176880
10570419
5354484
16981548
4706902
4982094
34514662
5456667
30803403
4760570
19856764
28528876
18087961
10883336
15278185
29245852
4764723
19600288
5064643
13895718
16280741
30877092
25912384
6762676
11348664
28933978
17162671
15969304
32517753
33227877
33992964
11306218
28539019
35384842
6947114
16598454
17358169
16078063
31812179
34081984
8232382
21058720
13626683
7450835
10300851
14272428
14840278
12488888
24160931
8139598
10614515
10967816
7308004
24791327
7985019
19210546
28686259
12267979
6795604
14669261
10251328
6068258
9899893
6983180
9647510
10480585
34788827
9660021
24728882
18771556
15464448
5735980
10378613
7672484
11790429
11679708
12886067
23431289
6682974
19324438
32861904
17829136
13186182
5845791
13046898
12772007
20941975
26438753
29299081
24411695
11280591
27820071
27971733
11443561
8688632
6580039
11276296
8782974
33832992
4801249
6840969
11983160
25650940
33683385
14007405
15918026
8179778
23912999
33010287
15507708
7677677
14090940
9564517
26373638
29722795
12170364
13121861
9373763
13752232
10236311
18171583
14662586
6716078
6357657
12296769
23991062
10630318
22268098
24486290
24843899
13348663
14256152
25375309
8380698
7264746
18945379
11389156
15644306
18752692
20586721
16711146
23885525
29869417
34971857
13812944
16904025
13141642
14156628
24029177
33364379
15868077
10592535
34046785
6247708
11245357
19626517
29897866
6264718
30552412
32255763
32242605
15462869
16035370
16900191
4432705
8522664
23620181
10553365
10977411
33500441
5738969
10257646
20987839
8110296
8876319
9955422
12170918
27369429
32696862
5610388
14927528
30874953
6662539
8575206
10218611
12671389
30224255
5113614
7271889
9740238
12165582
15672678
28890547
10554291
30705236
11855246
7828740
16235539
18357820
10174581
11330724
15416725
5189362
6184103
9882974
25303912
24779936
13881279
18249784
7241535
12676023
31419572
15901519
35217292
14020773
14640936
8738639
15451171
34248226
4981000
7813008
22268971
29923261
9551087
32592405
32944395
35251165
4760182
9765023
18140788
12928004
14358410
13892678
19027030
6896598
28789285
8852260
32190336
12776354
6715448
22597139
22767536
5684198
8022997
5478111
12414888
12503311
19534972
28643749
10027645
6787870
15309512
15941008
12722665
21610957
16026348
24909656
12988410
9862303
8793237
15000717
5742050
15923612
10201677
15994796
22142788
12131389
23600957
24242474
16712178
35012276
13974105
7833347
8039777
5142950
11943631
6060806
11308921
13310819
13502486
19315228
22015984
30460301
34769789
14338442
16810215
6438671
4999270
11055096
23980526
14214897
6648239
16260127
28503379
16004700
5989048
25741327
18367249
10415182
31048423
6979953
15939542
29256886
14967484
32006933
8303383
11105142
7507481
12272424
10253405
8737952
12246689
10610788
7097416
20275129
23292158
20041969
25745650
24362387
25047289
12930484
7201315
13691578
7760897
15467992
10254188
15129807
13801895
19614922
6626516
12760901
15166399
26311856
5232245
10412201
14418304
5441698
20849674
9573761
10206675
14354106
34749900
8384524
13789163
14213730
23973926
10754437
12062515
14283742
21156550
31951640
21042661
14043615
9636018
15853531
13730162
13940866
9082984
12027778
15043241
27605253
8962452
15044550
33358538
24992413
5397226
5334642
9220349
18793432
9138591
15805389
20439562
29030767
22626233
25780213
15280661
24391055
25254742
27204087
15633309
25410661
9808763
17070564
12283271
27856455
28546681
14055382
13432355
14414411
9559592
6827103
15638545
7398140
14433997
23246687
15968207
17159011
33722550
15858923
4733943
15612351
6739789
9729673
22278322
9201243
15557438
9331246
7438538
17915983
20858623
22023028
9972210
28430875
5053763
10230728
11255895
13555636
14712619
20894854
16758021
9638963
34804100
28708039
31773638
9167770
13294065
11503098
33353999
22204033
29883904
12054096
4968201
9296800
7653370
13957538
33811401
24449291
22101934
15860905
12483525
10439041
31798724
9430432
33130197
22217662
11198105
19106527
13759223
5875965
20588680
26153960
21124894
8433126
5492798
14469910
13710439
15402455
27110799
24589751
7531667
8826703
12664802
4869958
28826290
10889999
13412545
15014663
14129325
31446986
7222398
16613304
31520483
12958245
7458999
18452935
11916200
27892380
7070893
26837600
6885093
26847605
34077727
11462719
11080875
13104216
16642683
12809772
14326576
31246711
28115212
12122334
18464383
12303492
10382329
12654277
5210386
29354158
34221799
17512723
13313784
29904874
16191356
10094215
25135879
16854570
9072201
21683542
7610687
12157384
12278132
6375009
8887943
12842796
19954009
28490176
9454849
3765634
12438011
12473793
12424933
8503114
16653711
17210329
30518461
15998401
15125765
27227646
31785035
6807342
23561735
12802830
15129330
25409164
29265670
9213161
7459037
13014103
13958276
5225674
15839604
15850452
22069924
9532040
15329632
24873497
26741414
35046299
30219344
14402045
26503928
28098841
12544319
25989544
19463476
7512121
10824491
11114120
5412017
6310839
12948670
11470489
22334206
5514764
12726068
14354616
32520021
33172152
30652855
10988015
25343260
8579108
34790402
26770958
34764086
29732629
13396826
17840986
11746955
23648165
8058254
11376588
12075708
9916801
23138996
34502398
12928571
9190080
11458641
35246314
8401906
21527188
11596475
6654468
10763025
33190404
11405794
33109170
32745669
11606571
9389170
11888130
4981717
34969745
27250296
33197010
10786237
12125506
12858489
16382502
34011801
14098405
9709469
6335362
30671842
10063199
11758916
5937471
5226658
9480242
12054017
15976455
34867748
34030506
14553290
15028992
7493787
6799641
6301944
32193156
8979957
9409650
9656599
28016811
22754822
23663486
8755743
6936973
12873438
11614600
14853308
31056713
30931263
11650044
13979986
15987895
26736485
14847878
14379583
12309892
4752386
11496533
11123340
11257616
10578826
26124191
34646353
5645076
15737020
15846622
7482517
8372935
10428859
19326472
5356105
14594843
6241141
2458301
13617482
8900203
16283846
13652548
25249594
4863877
25027765
5353672
15981354
9980306
9404581
5850763
6648727
8740415
33917568
8512981
10595287
33123081
10021878
16715052
11847452
11051403
16185949
26798921
33483656
7117792
4800356
1352968
13562641
15229607
18821653
24594902
10701442
24102812
28911424
7643536
31316874
5525341
6313710
12371535
15936990
6731433
8396531
24749963
8074811
15373600
27203382
16466523
9097678
26234333
9589880
15283669
24826700
27074259
5912570
3627014
3764540
31357897
10153301
31997138
25073470
19004557
14114642
9504497
12555069
24504743
4788137
10724167
24263978
9255490
9414864
22246564
13259226
15564295
7811214
33121092
18438628
34147669
16307916
15884401
5227951
18617407
3920334
14107777
21625861
8014532
8252384
11373854
11670608
16012300
9088427
25107595
9124340
9548995
10250411
10637872
27135822
6780652
8676037
23170808
20966869
33912858
5805632
34269361
9665506
12314086
11148502
20445676
6670524
11509170
12720281
14351136
24269435
31787582
5637413
8294298
8797383
7412108
8893305
12265246
13131417
8196785
29796373
19657648
6598733
29158585
9146903
34603993
11881085
7768227
9723933
20653552
27814572
10248768
14643254
11640747
13724388
13753750
29389111
30053812
11514152
12811979
17851615
29521162
31254871
5727327
22881836
4879478
14205084
28762267
35307010
18535345
29572903
23304959
9967105
5694138
11496721
8076836
10077803
14829920
5097850
24671936
14017243
1037623
10735144
27189336
10916704
10107389
9155558
13037437
32165832
6660387
5682035
5443223
10581641
10861376
29703211
15641919
15159802
7122172
8698076
33886656
12368161
10010144
20263654
15561923
16441173
4897220
5767310
10776204
7051724
13859165
9577340
4955824
15351107
18543160
23078264
30895779
7011386
15645785
28467580
15350269
7532376
9000412
24285083
22769579
24103577
35216185
25005346
10049548
12204776
8936401
5956348
11414962
5853589
7374905
11465585
24518747
5576386
13552296
11846551
11975744
15676601
15323111
26902991
33513578
14928156
15849594
28853344
12500994
20532253
35177266
14331955
33172263
32177625
9663963
14606176
7038654
10298854
15841081
28524550
15218583
10998263
15592397
7555568
13816025
12831327
15300098
15307486
13908503
14989536
8183653
17163757
5840222
12679927
14259051
14793380
33250092
12777119
35426860
7527455
14814521
6903211
12400854
28833751
30622984
15308897
13880801
13567002
14374031
8000810
27562095
28109518
34311616
4730595
9504717
6853842
26507045
30526453
13943757
6498662
29645623
21258484
20527456
25282186
10651952
30286709
18112147
5524922
12844155
4843183
11095106
4996429
28003701
28599598
34665430
14474471
1878648
5313572
8488280
29443321
32808597
7406151
25665283
4937358
10428842
6999231
2367545
6094683
23357903
14995508
32578716
5418061
14081676
25232263
6069817
28128325
4884979
14272567
21150994
8492242
23110223
9824221
7147080
9191457
21088546
29816878
13839695
14836187
10236285
5954032
13658503
11563282
7523372
15913581
33315297
11760628
11462461
21039652
8409384
32112423
31223725
10542195
26966372
31422422
29373787
9138864
31432619
13039603
4901744
27092532
5298509
26908178
15756399
7762631
7310249
21923809
14323167
28531546
12780410
21438943
12378825
24372449
14142242
15629500
5187235
5285514
6288299
5548909
28842571
9406189
25512013
8822330
8505209
13390590
9891154
22933880
16289591
4987661
12792894
8385934
5916680
25032508
25555144
8985232
14209228
21656023
5124360
29569408
4931975
10309956
12135687
10610058
10915300
30933546
20782147
11658743
10032460
33328935
8921946
30062842
25104841
8530174
18583525
9164478
27263709
29245879
33309351
34837112
10205307
6708211
21601321
7391286
10902953
14821348
15872943
31705835
24907556
18444709
7228837
5671295
12691985
14439388
30384623
26681516
19409356
7156286
13931189
15258830
11135362
24074753
19861792
13601615
8840855
9410793
12620942
11073883
26512061
11626182
2568431
9630269
12708445
20255092
12800552
32266017
30613762
12104325
13226662
35077433
11110681
4794242
11466369
17607670
9488180
13339984
6625570
28908016
30961762
24737483
5548741
9739369
16057377
8183290
5380212
12309672
7284981
9783075
13010605
11931790
18129844
14281735
15858489
19824883
7466873
29534542
10611197
10762754
14003676
15309084
18350473
20562556
12954544
34423180
35470636
35536243
12887051
7066139
17700298
18416416
15612438
4915169
7168315
12409695
16138501
16321998
20076118
20774311
24083156
32939319
24868196
23257163
30419027
8786384
28522201
13242811
8273768
11304674
12718513
29501851
12462333
21372613
25305163
28233076
9414675
31376005
10912545
5721944
17174656
26460236
8963481
35105540
20064400
26926256
6374140
25599685
14120619
12915693
13730512
33550167
7214559
9217298
21139036
27997869
21159841
7958325
13369962
12868340
14891095
16036330
14657966
9261867
6904007
2221734
11757076
16290557
5762693
21624250
14552179
12372418
20386594
28607173
9090014
15570474
27692883
25572511
12136375
28655053
5198471
13545098
11561951
4938228
32241243
13554751
19226908
35296741
8545642
14416470
17624263
8845516
21507532
25213912
5762062
12464948
17011305
30181874
16545033
6147620
15420447
21919444
20544133
5600837
8349820
28308079
10559274
13133489
15095790
35515072
12315913
26758016
11868704
8902208
5695203
7515519
15619627
27435966
21070768
27556125
10867943
26116763
29863516
22324531
6048485
7777622
18865102
24382907
30196406
28668688
6296309
32154564
30563800
5358647
4735939
22761788
32998806
16005002
13003117
22369186
27212460
35171887
12098443
7169125
11806957
17554357
24376727
5591108
24592580
27303969
32305173
10636979
34268446
7358259
6310554
6349185
7873826
9398524
33692619
33864369
5260105
13993539
14300564
21196267
13819744
34353265
35328445
23756675
6989157
4943346
11884677
13366969
15155415
24977095
32781288
24573854
28369144
22672253
25758475
23813543
5410233
19874614
17596876
7050081
10685332
15965215
6911574
8904119
8336540
24042338
6002196
9595704
5624090
23322044
34127191
7084771
12183346
22736747
14195225
6901197
23868551
12012780
19737799
32745141
12250385
12927464
15622295
12866930
9044757
11203214
15264557
19612591
20007181
5965847
7587779
23660858
8372580
32532708
22444642
6616817
7371449
5131999
8715914
34372150
14077721
7725148
12028246
13936538
20983837
20910973
33215835
8679531
10735075
15097486
34818665
4720320
8249740
11820564
12288373
20265424
8454449
13969824
16069009
7012504
11214440
10925867
18308668
22695065
29376910
28897375
34586533
7290417
13010704
34233355
8699429
33452453
30715724
27162042
6902040
8114586
14348334
9727140
27095592
4750606
7602364
27144966
14830865
27255099
26595374
5176939
10020048
10630453
16062387
8365358
18294319
6057061
25624045
30774807
24084197
20735608
17345821
20871082
35464285
7267925
22624973
15808475
18672343
17029320
7707803
14393206
16294204
25738930
27688512
9584235
13145029
4812835
10916355
11766840
15481404
10101677
4883293
13577352
15766496
13461795
13580602
34634572
15403710
8240363
10154625
6475711
26222126
6805281
10822109
10898663
9352166
5579593
15516486
10825514
12506691
25098262
28144594
9360193
5919422
6609807
30497470
15149449
4830410
6851078
5810796
7814645
8360035
10400497
10576191
6952092
8977694
16055309
27109839
8829033
32754129
8911711
32057106
34789010
14998206
9904241
8419486
30861402
11245204
12040067
9737953
29408689
32008958
30409388
9105982
7864805
16220463
1887304
24067658
21649120
6697828
11571238
5755460
8801649
18726124
19149304
5041106
26571470
13352516
29221321
12141237
28565923
14559222
28551298
5332363
18537988
12519321
11598350
17296789
18537163
9636146
6286517
23750855
6958784
13108835
32388354
25117288
12810407
33695391
6389457
15399204
5128876
15473793
12489724
11727030
9327692
10777212
9084489
25895890
29852407
14615187
5239751
11442285
7508735
11100625
11483620
13097818
13295124
20614420
32472507
7498550
9941489
14350255
5714375
27206733
18006607
6235307
19393564
29778517
15931500
8645383
13182234
20724010
17229886
25850254
6041971
33281868
6220568
16062283
22854044
6472084
13226605
6202868
8685991
15790888
31447508
8323244
11686377
8781542
11024627
16029596
34972967
9191044
13344920
27290847
12576794
18766468
33516884
7356237
29443291
15733669
31695539
5830356
7182788
6444663
12554914
13128096
20756017
27907647
5106298
5114985
13463756
21954979
5449352
5931821
14500304
14719557
30350930
6748804
24830885
32080899
15383895
14537545
6828995
11425294
10748309
12031383
25292668
27972087
11473583
19922509
33305883
6866760
24698546
27005724
11332631
7709164
34384660
7320218
10394769
30395039
15181618
28768501
14921220
29154892
8646559
26934500
19586329
5899051
6135788
35349532
6314257
7032812
14899254
13667907
16203153
23589656
15291022
9746371
5071671
5893957
5250322
7092049
10280400
12269379
16717422
34127323
5144452
6126460
5382338
17495176
16121149
22881218
12782615
34126531
8968473
14641591
13239376
16357776
10408983
12454412
15750407
14974076
7406049
18583510
8587974
7394860
32084331
14873728
16003022
10665225
11758208
13378949
8408948
26227982
14439879
26513495
21421276
15939795
35012210
21203665
32800740
23561414
5306705
4893808
11008740
24999637
9319875
25964233
5977804
11472669
15745034
5570336
10244705
11328532
12223391
9023249
32217645
5557576
8228177
12141940
15809402
6640729
8904499
15981171
13190384
11763307
5619143
12198174
5825006
22687430
14157203
11032918
6869911
14081096
14295784
18470701
35349115
14899937
6351601
8157820
21722680
11540471
14718308
12366424
5906059
25306042
29556304
35355760
9171276
14150147
14424044
21135406
9888888
29650030
10399960
28616239
35069963
12122570
12512435
10367675
25017406
25926148
17456152
15119312
11113272
14110203
5171572
33128106
9541703
8263115
25369858
7887584
13886464
12115541
7302679
23883542
5487246
8337639
9475154
33983916
6864524
7175944
3714159
9897640
10032905
13018465
16168601
16607028
22610090
12748456
33146583
12689810
27436488
15946996
8208911
5108901
16660764
17239246
7168374
27044880
6983999
18009388
8513277
4674648
7940667
10238292
22115674
5178620
27128259
10804963
5252571
8232601
10262513
10036892
10631286
9695948
12602693
6407466
8929047
6571284
24339635
28572676
26872859
7749978
7920731
15061894
6963903
14106955
14619704
16283671
5990047
5544020
14463650
7675624
24325361
8293497
34038289
34786301
14846253
16643379
21812056
32781924
17425981
22263028
7542544
9047767
8266296
19863958
29857609
13324073
9280601
22840298
12988081
12831110
11838308
8844088
10979252
5074453
11261555
24984202
29318956
30304349
5577090
11205973
20987647
15391176
12275425
14773092
15499192
9759220
13717729
5862985
9408208
29005129
9244644
8058056
8808477
15935316
6612856
10010180
26150324
12736562
8706126
6159377
12031344
12701057
12640872
13215198
23410364
31383500
34995938
14109790
26054464
5273700
11401556
8754113
10654338
22443736
16077098
4748897
5690981
17398240
33640407
11752891
16174563
23375345
32743125
15303936
8378403
15694468
25587475
34522480
26161226
8196548
5250497
6798772
19886311
25995313
29914231
11244793
17806969
30587959
32253387
16221717
8533024
7970262
9612832
22963757
12851376
8791396
5914157
23064215
11447324
31708625
6432685
8341734
9462586
13159171
14503403
16298110
22065142
11950987
29072110
12973314
10655848
15183099
10644299
28793857
4682400
21305425
15601334
24820508
27345990
5388639
12194134
20564926
6570317
8219976
14784220
24264416
31338007
6470362
4755759
26182709
27859827
32979126
15511660
5465599
6652821
16550937
10418712
19229257
8713789
12446022
35496847
29877331
30329072
9328673
19827664
5652241
15206271
14689927
14941162
10306762
21105628
21875044
26462396
5828068
35012984
12745015
30208073
28563499
12101612
14385818
28122910
5939656
33544575
15790683
11593334
9218022
27123993
35399332
11868273
9938682
14057825
17558197
24283262
31223554
5816651
30931815
6582626
24557687
27103602
34866281
31351198
12935276
18963964
30987259
11333158
18392872
6188433
26821784
18902863
5480254
10110315
13624956
23928179
7243169
16337754
20218366
32973834
12826204
34396525
8538577
16134185
5590295
9326663
29714668
5879091
15544830
29580262
20182498
31314405
25410436
34730757
12285330
11696059
30884580
14509290
6530353
5731034
13796018
5053380
20729872
29211064
32199786
33199941
5135265
11692702
15876327
30150326
28784335
13919775
14548704
10511258
22760432
8468046
26025667
10368316
27099039
12946179
30043645
1361420
7125495
12746562
27823932
19079470
34089754
12522410
8078549
11331674
11830279
17843716
12156682
10410053
23443853
29748526
15709561
11378941
10008670
5663412
14275982
5286202
13542280
15839681
22749971
12072832
4902822
8707794
8611377
20980300
12938776
29809315
34198804
15059686
5937293
12499102
18012001
8183335
9481484
18545725
12988505
13018786
14354901
14557212
5050087
14439876
28220851
13132648
11163924
20337496
21207610
23658752
12659627
14417325
7477113
7117631
9221948
18410461
30613708
13567252
32412507
11611018
13340426
5600253
8920795
10149039
19899469
2263235
13283774
26487074
30529138
24756644
11124244
15970366
28777849
19288981
10083471
33350336
16673712
29280289
11587510
15150731
35089367
26142377
7561167
7934192
13758498
14990505
6641129
7182079
13926624
12724419
7558219
8674089
27917796
9008793
8565256
5231762
19315042
5423927
17733496
7654091
9905652
9343341
5536178
9019853
15368375
13894013
20972797
21919201
4816453
13940530
23774252
28141246
28848994
29686666
28098514
34030464
5479502
6005911
11851797
25713649
30474155
7804634
26348813
7449612
14676908
27637128
16524462
20540482
16203355
31528945
34109557
20999920
26613170
5747010
6926321
14445194
22733096
11695671
27869127
9511931
9848036
25371976
13262864
13584862
26685446
17936881
14323148
7390596
11508267
8144283
13994950
9558959
15077750
14211299
16237912
5947314
6525057
9010463
12732470
27919842
14960160
15078827
14177956
20384509
12515920
9864982
12417685
7810992
14134289
31261447
11771157
14167199
32798322
31040194
23676632
5757408
11069909
16886229
21369343
16027071
7719659
14161303
33866364
7375936
27177828
27338994
7926798
18037876
15380492
9193764
10315167
28652497
13234074
22815929
21178081
5906486
14858173
4436250
20938903
5503770
14420294
15630636
26901572
17152711
8696376
14296676
23350355
5085827
7587837
18694540
14963451
10192281
14607428
16526544
25592683
10561906
12445601
11197078
7764328
9678696
27297618
33385085
21715015
31102364
7435165
14199018
14240857
6159651
15523417
24468266
35004191
6196596
20408290
28370677
20740840
10589397
15995966
10322277
14599822
14765695
30967786
13726650
6456156
14771590
31461248
33573582
12239933
12803428
14754612
31756460
13560946
11918779
15316840
34302340
28999243
32347686
32356821
6225033
9509305
14344084
5689628
5067289
4949900
6156227
12288790
13711742
20481196
15539080
8758251
13975316
4233918
33090453
6005433
10069710
11560671
7187714
9539175
14532747
14945723
5024302
16096556
24616583
25276732
11478236
28837705
8950481
29135188
34886684
10512731
15112834
8667932
5517086
6429891
33410027
6303809
27665781
8019060
15437165
12427338
10362379
12367948
10541213
11207274
14156063
14508023
5442037
14341879
10184250
16985112
20481214
6002120
23298740
14162245
32490060
30869691
20755747
9696782
29980570
5009824
19939051
5624901
17062764
13768615
22996349
11046023
16204267
25789684
12185086
15049356
14084899
34302688
6620291
6166935
16529556
18536404
10965911
4782875
12698208
11781994
23497259
31824362
6681535
11754504
15708776
24480518
13233562
8553619
7551309
24597608
12819063
15442767
6003313
6294433
13169396
22747316
5398824
8404792
13453242
31790981
12029845
7607988
9486155
13765205
14244530
21309313
32653125
3921027
11548147
8416150
20409835
33398993
15410603
15968010
31158665
32435904
19247776
33595410
8013998
5059440
23639480
9250579
21936388
9666446
12998894
6573535
12188674
12686359
24488531
25193359
14065281
4115682
13406808
9986488
29038897
8740401
32092902
7638654
12405483
7383570
9146058
14421845
6676755
7088079
9882776
5014301
5834009
7641986
15692536
6603948
24626297
30668926
5935083
15724304
32148072
35438518
24466382
14524000
16358283
21355855
28208635
33180165
12627838
10895887
5070564
23230112
13482270
13211546
11840539
29322133
2247515
33312069
6293747
6806770
9678111
7730246
5259941
15940081
21726325
23444117
12945377
33733875
5637995
8222058
20733499
6303642
5791045
33025623
34742535
15402521
17407750
13633584
11275057
28194097
9934306
9294075
7705597
7452387
6625576
15669821
32790147
4854360
8791721
12332778
12621425
11635779
13481967
8391826
23186108
18930007
11955999
5769842
10746444
20960020
25564810
30074599
11509052
13588926
26892581
34880006
5459500
15943933
16144739
11843219
5764802
19209316
4729290
5920495
10401271
18715279
6643912
12803774
6551274
15932117
20811277
28629256
10641560
7118184
9630423
10680737
12223286
15465751
30138104
28912621
10787337
16363830
29538040
20618959
31291763
14561245
30215195
31703882
7370315
20065141
10068433
13952576
19160848
9775132
11836740
30179747
20941288
9761171
15578155
13595436
15156075
21504883
23984729
32108715
15192031
33366233
7694491
34236256
14259325
12354110
4695021
15459058
30207716
29631193
9037848
13444746
9973011
27302772
32506950
4790111
12736906
34622749
32031581
32112255
8616084
14026861
10664575
10257497
22539941
11390573
30840447
24407399
13780830
12937400
25703899
4955680
34486051
7274843
9178183
24329030
15060415
13464547
7774201
20278357
24457040
7113591
18535330
14620389
26442770
10762769
6160675
8389364
20300410
8744172
24762518
25942879
24255647
24868055
30399101
14076741
4722497
22058005
32587797
5807529
19008208
26911970
30659563
8424339
6581574
14634366
17563309
17964136
7329668
9994164
8327775
31106342
32840046
12536683
33299337
20697928
14812477
28627963
10906031
8307558
19694161
30519799
20563588
30666403
19569574
10553847
11413737
5100068
14949889
26038660
16271752
25263799
6892778
29937568
6048655
4953853
7330479
25862632
10249637
16239733
33296433
28405111
25591441
5383620
14582630
14859446
7992626
34561684
35021495
8415820
28086601
8318523
9654636
34692468
14362557
7020715
7095647
9683431
12768343
14132229
5499943
25859161
29840434
32629626
31250956
21928882
9172804
13193676
31532764
14290613
14530327
22379524
27457803
11184561
14946730
24484202
10661106
30992809
9667590
28230625
7098817
8807976
14689117
13067040
8770729
11472905
14442733
19147480
8905713
15082564
15829584
34518361
29928133
10537360
6431732
18138229
4784945
7807030
22161877
5003511
14925546
14491483
17392858
25592710
7459337
14038068
9645855
18963496
15270823
24416063
33211875
16686570
26840078
7962106
12460070
9904262
10838176
5387215
20012806
21708400
8996336
28563793
11101409
14424571
7358748
5742621
7447149
7920965
10780104
6155547
11008586
11553998
12912168
4944317
11859715
14003065
11258539
15114083
17133780
24626957
15578965
28658716
35524780
35077742
7882982
19166524
17362399
6527851
15262401
12106510
6743558
10310447
28707007
19472509
12088969
25853386
24462362
8518585
14683356
16916920
33818901
28572409
15625110
8826044
29326072
13732469
26044738
9508736
5962558
16520076
16891644
25417207
10591091
6060545
30671062
10696368
12915574
16048900
9834202
5564325
18046330
5614136
28767157
25297069
8143287
16195406
15856323
9240730
31027795
16040907
20563180
34407163
26868512
30820155
12890101
7290721
5132626
11170089
14113854
15584516
34325401
34475881
11143181
5729938
11963104
18076312
10787676
11402280
8614109
14317868
14504185
23054156
22983143
28536406
10526720
4901434
22748069
14874901
23393756
21987283
13141439
7517845
11311103
14074180
21876892
19900846
34834361
29525713
11041250
15482290
17613565
24398408
9743905
9938177
22019590
6976310
5651687
26378480
16311978
14683370
16302651
31982960
31989134
13140018
11506606
10777558
19274173
16186665
35488402
17218975
10285726
26578709
26457212
5742504
34134925
13341424
14396612
7231738
12498096
18214987
13953605
34108063
12259512
26310608
24167519
16197138
15892205
15505169
33864540
12084109
6504660
12634145
5091972
9784219
10236315
23013581
18836680
13584586
5239051
6814216
11562999
7381851
14417705
19227868
25544530
28833109
16066061
11175667
34073920
12888136
9855059
22145707
30155150
10625811
11503899
7698323
25046833
32541552
11391177
32366331
34325506
15697384
12754618
6251819
26067235
13348109
8204425
14884697
15651858
9108584
30932562
9642357
5297400
30430004
15159373
8300057
4671364
5373430
10986948
15516438
23747051
29311951
20411920
12770772
5045178
16023580
33464444
10462228
11217071
13563882
18729262
8915773
4951995
7903236
30948529
4682740
15801264
34893851
21539410
27684066
13087890
24859883
7527368
13140739
16902501
14596809
20326288
22108753
15033907
9749781
10368057
23548469
26453543
6469315
10415345
7239934
6515669
15400684
6955596
12489352
29203369
7779277
30536074
20566603
5901998
5393058
8524695
12046290
12989402
24373127
28451755
10515324
25729825
6669637
6803508
14763707
15426291
9599422
32608548
34613644
9148265
35460490
7587561
12183320
12375732
15753932
8056334
18550462
15923810
5570837
12703047
28532116
8002950
6212939
19476403
9633715
14444428
21175186
9173443
11739111
12225182
25741522
28517800
6619870
8971806
8193915
19850356
6712428
15910464
20684527
10754343
6647758
9579678
8296762
12119009
15261735
30857976
9671476
7848723
11141860
16276263
11617518
11495605
26078830
6595602
11963565
16579347
11891930
11800885
20348917
4727339
13192155
6099636
26983922
31812335
12263002
12368812
27180393
32213091
17392276
33723783
4732454
21539146
23786477
4878232
15344317
25167013
10696103
11030645
13978948
32337240
32969799
9739334
7234776
12489360
35351278
20332021
10430392
21159976
12708201
5994668
32470536
10037926
31804142
20868703
8556072
6574014
7716605
10203758
13010441
7299962
15075054
34530016
34400467
11504955
7515807
8351405
6723051
8483102
8585775
34233793
9307457
15701471
5563375
13402898
34848038
7967260
13075842
13975433
15630101
13299240
18950254
24678893
25107388
33437513
13997436
34499341
7494826
23140838
6630635
13810576
6202601
7800585
5095121
12190955
9668376
10886006
12774357
5527762
12722584
14122508
14239701
17968195
29634499
7787774
34066723
4701118
8932005
7589197
12108648
11224063
28052268
8089624
8872736
19687591
12156071
27506052
15750480
15549714
16241157
11347255
17957077
19625575
20162158
29664253
34114126
5409219
7711413
9562225
11494910
32822478
12053360
33120252
33434312
7338156
6934772
23790377
14336823
15154971
11484718
8096495
26943371
30945181
15946650
33106995
5882549
22271209
18154807
8577696
4865814
7764389
26769449
12032836
12745941
13300438
34047493
9408715
1246934
16217712
13536526
32086077
4694299
26982665
5190398
8756426
4887170
7391549
8242995
27553641
11864892
32815743
5699119
6730856
15879983
10342524
18884848
13380229
14092365
33482375
6834446
25471660
7275264
18078241
32150697
29678413
33673938
4681678
12374652
32808519
6239664
7235875
27868104
32993670
12952009
10866996
12882260
20794753
23002178
29551735
16077584
10683855
15651539
23354555
35440783
5376595
18664327
6079047
6173426
8465354
20880712
21191167
28223509
12680958
21089938
15354587
25790854
10932260
32637630
16120306
16036003
14291088
32724714
11348196
7804682
32236227
9119811
6404796
12454982
8863539
23147948
14632603
9785732
8681511
28545076
31521242
20461447
11918159
7832755
10753554
16193467
8790257
31861736
11085323
34366441
17321767
6858389
9741705
12347749
14535045
18137551
17705752
13441552
13540694
6629489
13226902
14763082
11926902
10017970
9039499
30735601
19861126
32569575
6193554
10501033
23884919
12661567
27278493
12518380
28751185
13099299
12462555
26519615
11653356
19093369
18959833
5216608
15228680
11620846
23398940
24266738
16521333
24817898
6003405
10856308
32757006
5314428
9805786
13820284
14678811
23018603
13316730
7592843
11486671
29309143
30268556
11665732
14324608
6864999
7952744
25734388
13794373
18651814
11298113
15441174
9730271
4682850
29808973
31148666
26309948
5112414
5299497
7283309
5023666
9237175
6330999
13795038
14554379
5458375
14219437
25507876
11469216
26798780
14753568
10594690
28513372
5018459
9601687
16061272
9249457
5160036
14993183
6974054
11155064
29854084
6361937
14656640
24928922
22712219
27591249
12258434
11127516
12009063
7100895
35470552
28052589
32294250
8702561
13314630
12308078
13845083
13899987
28158976
6527533
4745286
10759988
12166196
33161805
8027450
7742376
4714898
10629633
16977639
29199295
10122484
30731162
11545986
13535210
14958807
25086361
30622507
5325198
9522928
10221939
12383491
13104119
9249050
16040376
33508838
13109181
5235292
4736161
4961802
11173575
5353600
5954843
12542287
10780749
14965890
10663555
9422663
11396262
7080123
13808588
5527356
12237037
6200474
8836608
5831373
7022234
12725734
17125506
24408602
6527315
27160368
13014866
23405822
15464249
15601823
7564678
15783740
25105819
13593196
35298322
5642621
7376332
11212246
26672759
11828292
32909037
14628840
13665083
5784978
11609854
22181443
12138871
20820940
11886772
15629966
13327687
5542709
13988299
27561099
30836157
14036557
5961937
7032543
23127410
11748318
15278927
9770346
12738297
13010483
15330492
9125784
14061039
31381376
6797596
5239297
7313547
34143703
11622705
33040002
17622067
23963204
26538968
6196835
24474311
4865239
8845402
17225848
30782790
11817344
15726305
32706693
22597406
27482739
10552891
8412509
8454570
5915084
13985342
11079841
32933610
32921283
8234175
12056880
32559654
6042460
4967793
20297863
14276199
5079474
8949185
4847719
8668059
31307160
7191838
10841393
6411073
32548266
1631553
10181970
27948081
29828371
10121446
8832029
32731752
15288435
23757086
32050704
7165747
9113071
11732338
31761221
23933279
11718795
11925390
4693193
23335355
21937978
18424654
7959824
14740243
12442411
13703452
14259700
28192108
29138689
35468653
27440625
5032330
6249034
25403314
14469476
16165964
21100051
20989711
8805674
26364923
33920832
12233749
21451753
27137160
11162783
7202497
12043805
11716512
26678348
34622911
17775508
8247962
17761684
30506917
32603646
27938619
11691397
8079267
8101736
21301339
12786232
5941249
12304735
13287620
14325169
20606629
15872992
12182083
14109618
15671215
23671565
13517264
9135765
16092910
21627574
10230676
16204952
5524661
32591139
24429536
5538054
16040138
23902658
20761375
21305635
33097665
24427463
16728324
26308121
11753813
15509758
23693855
15257978
15691680
17318884
6966014
24520412
34437733
10391916
15260663
35128679
4746424
21554863
5632432
9176142
4937178
12219659
4811932
15783504
6158761
11796276
16073877
27147621
31513709
34896782
34979120
11734193
6723142
10086502
8387398
9241945
25524172
11843379
6889744
9054477
7870675
11532493
30998767
4979749
10039714
29444308
11930341
24060827
13473909
6345544
5788420
12372053
2424383
6499878
14279454
21719413
33537087
14182224
30011737
15966177
17160043
4714425
11718877
26784065
18833179
15065764
8199509
7561598
30739198
31329523
25481344
28147216
34850300
13694798
8315278
15691739
28150759
28724992
28485889
35125268
14593322
5184966
12242719
14329437
7986927
16123797
18844015
6338428
29188153
6279041
33220044
10640235
24297422
15608045
11163867
12212000
33376586
15710311
4721374
24256649
25303303
24528293
13774457
17464105
9356245
32886264
12564921
12446382
12817789
10815412
13007459
4711611
22228375
18404122
21506146
22733105
25412881
31036288
5747007
6839469
34397173
5654867
14400311
16515597
7393750
11065692
13600527
5734578
26528882
30914952
10675844
33804720
33068268
8318652
5358636
7248936
7811030
10118463
5896250
5093306
5555379
21560155
6404455
13079867
6361133
24576506
6485831
31753358
7235720
13105488
5250819
6686410
14486772
20216380
23934197
30333461
11918813
8656504
14958167
9894088
19308016
13499876
12900611
15977072
5512652
14273642
31371535
21603160
6447577
28318519
5991219
24714092
6806814
7784147
26189312
14820010
6217023
4763956
24814184
12374261
14196327
17074563
21853576
6144277
8414622
10471332
11223328
11564721
15863845
10392494
19361797
33359423
5034910
11885218
27350772
34884755
35049290
9130845
10639790
19397590
10411717
7458308
7748289
16133572
23409356
14921299
5566578
5430308
25398652
29062390
14768309
15016005
27799971
32637606
21848896
10483875
11201533
21932989
29896513
15264369
15986949
6694391
12201110
9655683
13511843
34327627
11965843
11253007
19667224
14383587
6380796
14378891
6329344
23984369
28252627
25939198
12144216
14649161
13132550
27586218
31607401
34730271
8352379
29630794
30198557
23625311
17137651
13491990
13877626
10858365
15486938
11573587
15812061
8490435
18367777
16354830
17774575
26398730
31471910
16145578
31760333
15379479
6011071
22797287
11683555
12459308
15570523
28476199
15506775
30367409
16227637
9928736
9621344
16040874
5055191
11487219
16104999
17899726
21875365
15502054
21280174
35282968
11668331
20864071
6504631
6888112
11820150
13117268
17930008
33062454
17896777
20654812
34746735
28929415
6285525
8842709
11127336
13902792
5019241
20153617
15454180
5459068
6639581
25352734
7396019
17544442
18146338
19003753
29739223
15708893
33643089
25579486
11399257
7234655
34253995
12464394
14978534
31590823
10378536
13825414
26291501
21411439
31671914
7988788
15536978
25000558
11199863
30066181
7290255
14104580
30667993
12204087
19768348
31350517
11437942
32261142
11724032
6930978
19218421
8569844
31890376
12216731
5469668
6787159
26790449
9525423
23017412
7737242
15367045
10730077
6170869
11895842
11938921
32031926
5752444
9351279
10888160
8286777
22022644
13747204
5976729
9191594
19250950
13795045
30762987
23663201
29420302
10691094
5602341
17017440
24650366
16965405
7010055
15315562
31535068
35204449
12843267
31388681
12417728
7519103
27696588
14849875
13962368
29499595
20475082
23724860
28169620
5218168
13737763
5384919
33163809
17284609
22021912
6385402
12107428
29231278
16458225
15889746
23294780
30700159
27519012
16375842
9769783
35051312
12741706
30018151
34222171
18630145
21368455
11703700
20516893
9343882
24688514
32186364
35412091
14389267
29895565
6915259
15784329
5303794
25390771
22605275
31134905
30271115
32990478
14316658
5005075
15820123
17237374
13696835
12950732
24104900
11573846
20753152
29243467
8265653
12245602
8992778
21758890
6916807
21664900
11661074
15527860
34357789
4981858
29871994
24917303
4794074
4735286
17091600
5225355
17173708
8740255
31702493
6428112
32448759
27874275
10936294
32285559
10540479
5275374
32306331
24351437
13204499
14346644
16060913
27008085
5654082
10623756
10544527
18350449
7124919
14267104
18000535
4792870
21617479
10312176
34315825
14660736
34925546
8545799
13038325
15300294
32788977
18481627
6634895
12934419
5983572
15172727
15285158
9131746
9949918
12978628
17595463
14580250
15852253
10443949
16072131
31684214
10589478
8095687
11485703
16313904
16212095
10669112
35321677
12888446
13202552
20495278
5857668
25036456
8980635
16019977
12753136
12627094
12212529
18672214
6591114
8395407
13279184
8143195
12284884
15631133
7515881
17286784
32376324
1104483
8943936
5976775
12782119
13779690
20173402
8111977
30804300
30327500
30977014
12247344
30105188
8056663
27282390
9646014
30345704
7997810
10381018
14524540
11573991
12711638
14232009
22172824
29244877
16004473
27462075
32767116
13720877
11444854
27221319
16665363
31798271
12639305
19435345
8517365
32425347
29667685
33491294
33679809
15977449
28549915
6118284
12176593
15435706
6538386
6949702
15013273
21579046
33400178
28930432
22877201
28639549
27395841
10212609
6041911
9084270
13247883
23772059
7061062
10455909
12067129
32212371
34676608
25310671
34207411
16516623
8834611
34466236
14875674
19311910
30832542
4859718
14895302
11218142
12148806
9950891
8248800
12468418
17843323
6065445
7632262
11278244
33309525
23189213
5651342
31951787
15071744
23703209
14873940
35457415
25567762
16004110
14213416
26738030
9456368
9288373
4707414
9174004
9872572
12960713
14298808
6891805
15757171
25628563
34518226
10238426
12687820
27114294
29395072
16260676
13206553
18910327
32637780
5810223
10459240
32832285
16718703
33682833
29367385
5976652
13824950
7324711
21420514
7818088
14943698
28136347
30781683
18915844
15304126
23936828
29850961
32766120
10625024
15151365
15539155
23522897
7595665
9512479
11002219
16093193
30383093
4691506
12762962
26877272
31431614
13472794
15541367
9934868
30498172
17825194
25676455
27457074
14788482
32995239
12198119
21014215
20281870
14577683
5304558
10856065
30379460
12250145
23912549
10102689
6457130
24441713
7880446
8407850
20159680
35438131
28117180
23778383
14562976
7084544
6737116
14574222
17680717
7886174
21573634
5949023
5062592
9397779
28956793
5177668
25685749
14293777
10569172
28693552
34251910
23079371
14363119
6663027
20802730
14569060
15157285
31501967
22771667
12272187
19252063
7820613
12892039
14113754
18388261
32976087
10711001
15819412
7624562
11994343
6750958
14346660
21317404
32471808
8785697
34706553
32018147
9998637
14817811
14835780
30080293
19513954
10145887
15721383
31296626
5772892
11379796
11224191
9671840
34715922
12570869
12022702
5770222
8572069
10157352
32205831
35097095
8716028
5843536
5130782
10321433
20200951
22239163
7858412
24713345
19126105
5621783
4949375
30443360
12260017
5394945
10422981
14704954
18222196
10139876
10942665
6407400
7068946
18242929
6087672
5159074
23475518
8232467
14681439
9094160
9739395
7837154
5986351
21152524
18436012
23127083
10127901
13554943
20282407
18396082
30681625
7167149
14863081
26780099
9174146
10125508
30536011
8145127
9486159
11267672
16284044
9865657
22863572
25528288
8511880
15731074
5950297
8158135
13558314
6701345
31010911
31091738
20196700
35137229
10567904
17254594
29744263
15732401
34822331
6372329
18981055
18176548
15434514
18073885
15583056
13828832
23329313
9350544
12608797
13359935
7326694
18642082
15821746
5824508
6962782
11544095
31304520
8990081
31609351
34924226
28975804
5177127
8550708
32574687
32907642
29951968
21585142
11360355
13904188
19320028
35427493
31866605
10495525
22521929
17003061
9159777
8040864
11495232
13776206
15277935
11383134
6581991
9833754
8348778
15409535
22034470
8685739
16161987
23043911
7431857
34227811
6232749
13209418
9320796
8948206
11358567
22718771
12448173
10813277
22767800
22993496
27329988
28790155
29374495
6039562
25688212
4314915
24267755
24970474
25091755
13668342
11599170
12195251
10461775
4712827
16287197
34385515
33847023
14036284
23056292
22342183
14820469
23532539
12208328
21381877
13940760
6281747
6144677
13123916
29753104
33638556
29502526
10604682
10352243
7934991
12156574
31161098
28666759
33536988
28739311
9112416
16099562
8845592
9376488
7571336
8172910
20760760
9091097
24030476
32058630
28170280
21300772
20257300
31935565
26196329
5926274
13184172
13056392
17195584
34750752
27063654
5567041
29430229
6145501
33209082
23852711
14963555
5944385
5898481
12797723
12920918
10243826
31612591
34884425
4895003
15657795
19150276
11999971
4765930
11174439
15417233
15535995
9960964
23802593
8273684
9823327
30973168
8911569
14257982
22488401
10229952
8502484
32799576
16784832
15989113
34937348
6564731
15262738
20307562
8455565
9520907
34941923
30392972
15705291
20091490
9014748
24840977
12074328
8151294
15345006
29172817
7653865
14363959
9109507
13571414
14665908
28983013
29457070
14426598
28096087
7555355
10101879
4756713
27949896
23859632
29399947
30107924
9136773
24542372
14785085
9335837
12948347
13581249
22274920
30306572
14559527
8996979
13371915
7566580
19246999
10794579
22066156
32302770
26950019
14768926
5681378
10152965
11686537
15222439
5350991
29066875
31375141
15167611
16387944
18363691
10560180
34178440
28481509
6383293
18849160
20475808
10120967
23549369
21798631
8308956
31555468
11953253
6388535
22707782
22855100
26673764
13084452
13581153
15289820
11658374
22453894
8884177
11286011
31416329
13275409
15947576
5058535
15762070
8800548
10377488
14427602
32166234
8452288
17113650
8529708
11650950
12906636
16454163
9390508
10392804
7113927
6036194
4714975
11207112
6744470
31618762
19483225
27221685
8075275
8106065
14330946
22482455
29795629
6859903
28989517
32899722
34356655
15667382
5920817
11837520
13708095
18547273
22771076
22813451
23316260
25814515
5753231
27882279
1180702
8537828
9079492
7132218
11532080
22608029
30552910
15868514
26573147
12800357
7305910
25311130
27182979
25000759
26726462
26849063
12351815
11425624
32968515
9501397
23490662
34490440
23553443
26190035
5765645
11171918
28130902
6030986
29884135
10914275
5836750
17852794
13187468
29312383
29315065
17144875
21306016
8161868
9827315
12798361
16015716
18638365
9847859
10328321
14687874
21127888
28545115
32170230
11958783
12321475
33858780
10721919
30207797
16304023
27609792
5180525
17779030
13866708
6616562
8778463
11533340
12032843
14865279
20791717
5583257
18015325
15499746
32860587
33888654
6378210
8509992
23625158
8874002
35263198
12622183
30772353
21250945
32174994
6847667
6353558
32764896
11396695
11452656
15040746
5381540
12674369
4680837
13462395
20305747
33054819
8523293
26177342
15643641
7456566
14301545
25587949
6194287
24617711
26541317
33526317
24638801
10714983
14665660
29512843
4974590
6773309
9730127
14802635
31537534
31112894
7810642
14684776
11893382
29528785
16789116
12752132
35220556
14911111
25110406
10718680
9619462
7107145
9595496
8904995
5087603
17987599
23430536
35273266
6068472
5106493
6581508
8645457
11953400
15598592
19406149
7949453
31156196
13752509
8645697
23127845
10157875
6959889
13884303
21708844
24393329
5547085
15975915
33094818
9069942
35113940
17672161
25689841
35371132
8101791
9351319
10408008
30330185
34950185
13175425
10288797
22900097
8664173
6744686
9860120
7089461
9974649
15924888
23835830
33146574
30902634
34481488
11114313
8959730
12461867
11785914
33695943
12937442
6304834
10328870
15742731
5361210
5375828
12566001
23697815
28484404
8219663
15540298
29469424
29828635
9126642
6033364
15602913
13579165
23688365
23722196
8583222
1680275
33653523
11569985
14840164
9217747
11041832
15125479
13351481
15438747
15617205
8459152
15504721
31949417
8036347
5739529
9883495
8575193
32685168
28393564
4815791
11054813
12237415
17233942
12773258
7073160
23357999
5473949
16005239
14961081
15496234
13794217
11091178
23310497
12961773
10855682
19761481
5630939
8162738
32562942
14956343
24787145
29097589
24872825
7598252
10875888
9906602
10375172
12886108
15609108
33368006
15933905
8505009
14257947
13240636
4768376
10123393
14133138
12349586
6525945
5414182
16229150
22518734
28232635
20985451
26093884
5982718
16020830
10541888
8518970
8221789
12532477
10300430
13407157
17644165
8996444
13853560
9194499
14710342
8799266
8629139
12542820
8328187
33871005
16409829
14395044
11891298
18008902
10713194
28858528
28932364
5300992
5793115
5917036
26744303
34069204
34960169
30372110
10435059
20367088
14902128
12056068
15927524
10994977
21383566
8080841
13090122
31589251
9909772
8651729
15383857
4877989
34622716
11495797
15089165
11843080
14203665
15009483
19335745
11681363
12019053
12845406
4874961
9186570
28078975
33775674
7541501
7534634
20883307
17915005
27832749
23684336
26748218
19685902
11646587
6453046
5254794
19884508
6807087
7843926
7952414
8271501
8988211
17651866
25694065
11185652
6150319
8760194
33160344
7856446
19627093
27134130
12708146
30827820
16223880
22233856
4938252
27879915
30269258
12583965
21090994
32043168
35035757
27939351
27969318
14934652
28818463
12255776
9152844
33438956
14160731
7247970
11148713
26870222
6047011
5684530
8782283
21216580
22119901
4854182
17568001
9251619
30038764
11579435
9349518
14547236
5917088
14563193
7831477
13377577
24690539
8564203
11452814
15495251
6908386
25241590
5681065
20966743
27970224
14126878
22977392
12122816
9239735
14615582
6375412
7729897
18146893
20179819
23350346
26832683
8557403
34354432
6918833
17516422
20443648
14850344
4920391
17753353
25182793
12572371
8036670
24878561
16265722
10867829
31351033
31418849
8034926
9102457
13613061
15088724
29766064
16245919
15324800
12391009
22627511
5960936
17141065
29256703
29643805
33357242
5521458
12281860
23074952
35074214
14079667
26136131
14854872
10989478
22327147
14641956
34003980
20534929
28827076
9652464
16657326
21169300
8944877
28680775
14633934
27904230
14795522
11857798
7024846
10661233
16761858
29400889
34862054
15719550
23930810
32175930
19551097
22863656
12759783
13667061
14829374
11026326
10660262
9112529
8000724
13322537
9632464
10930874
6340764
15027617
10254940
7392484
11852863
6071249
8975548
17502028
24952597
35126474
14157112
26219441
11185929
6972681
26066161
34270891
14579255
17568031
35051297
8936707
12793476
8443532
832491
25057072
9542285
13657251
7267121
6797250
7355242
10919966
8885855
5728034
8138714
13704209
23814566
5179134
14099189
18933022
7289863
13120744
22485554
7165131
12047939
5474548
28429387
17570176
5754760
12131912
7614276
7909303
9690677
12898627
18566923
11697938
8415988
23450744
13392547
32453382
16463256
28414729
10789457
14544883
25953226
6233661
5860536
7776976
32337486
7925300
15065538
8628294
12466883
24023114
6188366
11281516
33030627
9474709
29650645
33572820
16952967
11373108
7762221
33274674
35485027
15535041
8027224
14675062
26028685
30582520
5015790
13787448
14623064
30837834
5083164
11209204
8396401
13133658
19040185
13578699
13207873
26706893
32829984
8861918
12127538
30119780
22920920
11602266
12963863
15946020
12460620
15907459
16861734
7282563
27657345
19689496
10484455
8611219
7800971
25199752
29082022
14938350
10914007
30849597
32597610
9332172
13450367
32467611
5018258
16550061
26794130
30913530
12542488
15702322
21974716
12518796
17220787
9286791
5343465
19396792
35185117
8692283
9855638
10313254
21488026
12324869
25699210
31973012
31771220
23532002
26500880
33300807
10607850
2839569
34933001
24323927
13792724
10782292
18447556
4863921
5944403
8379707
34292443
11296573
11035823
11763952
15692186
28440514
28510474
10847096
16839570
18249361
12032206
22146391
7115303
28492978
6428843
8517092
10558693
12981137
14643410
32817525
35347162
9890887
9630954
15866119
6773374
10380185
8542352
9061674
6993000
14107384
24518801
9005260
11750549
28107352
7486480
8985700
12455014
12605738
23856869
25467262
4930548
5964941
9092837
7858864
12829364
6195482
14686424
9190142
29572243
15550993
6498852
7014460
7258883
10709144
18667222
12738091
12694977
18242989
22993115
24086594
11434329
17083896
9776779
30299000
33124431
19578385
7625879
5541543
30807324
22090078
24368537
16137417
33693060
12531289
15183210
15040074
28157311
29351227
8242405
7808920
5776656
13056894
27359670
33860982
26950838
5225850
10661930
5150162
19411318
23032073
26694719
13720955
9486811
25888360
11296122
12046477
15878906
23711066
28700515
12042250
7223554
7933569
5457653
11794406
14007344
15942635
13600760
10408191
31948451
6874059
8638475
13762646
15863632
11384974
6437809
22622900
15522883
26602772
7308139
13020709
19623385
12427086
6437024
30382823
28082338
28093327
4803951
7050781
13173225
12777582
35108867
30264296
9374934
31608175
14794517
8028865
13034272
15119112
33335507
12762430
34223887
18050665
16027746
10178865
17900086
21915010
17039082
5650713
22032493
9846990
25999798
4842231
6904792
8289107
12758312
16957635
12966371
29311333
16250095
5857285
30462245
12872855
13448358
7906490
6203435
13403270
14759561
9065596
6145553
5261074
11431649
9231452
13762087
34610089
35023148
7469855
12193097
14273095
29201176
9534916
33833559
5882215
5052871
8092729
8320550
8946669
12673141
14529787
4903766
11923169
4891127
14986527
17715910
26785928
15177941
15634350
28432729
32872803
4799555
9432914
8092555
10219391
11098968
13067289
16993275
17765368
26247995
26351471
15698581
25941172
32459787
8465259
9314222
31968278
32283801
10343421
25650814
11166855
11962471
21994933
15622475
16293946
27299139
13140963
11225767
16647684
25851997
28507018
12686533
31109045
32022776
9044397
12615266
25908589
10231305
10249818
13649184
34888967
12060041
16528296
30551170
11264600
6567457
22250266
13295243
10198477
11713193
27542310
7807720
6703844
7886225
14693082
34737999
10750712
25607509
12000552
10875098
10241892
15886061
18998287
19066246
29426212
6104911
12859165
8734568
6508608
25206829
20120260
34377145
8865305
9026535
27423372
20205028
8619091
6577124
22979477
21429736
23210021
33663612
7618255
20689255
14198118
16793523
6828559
7263077
12100784
17915353
8880723
24823382
28558531
23921777
12034604
7920936
6488352
12682630
23082131
13636119
31215799
31240642
15988925
23832032
5340152
14438372
31385402
12810093
6121803
6702247
11324835
15098034
20502697
5300293
14189673
22421428
18940660
12173719
24956236
22988432
10678811
13778509
7048401
26009218
34121284
25203247
13051541
13515791
22499897
13879682
15311985
13133920
19738666
32126229
6357619
24386552
5243203
18871672
11167657
1567517
7590484
16831374
21376648
9683752
16742835
16782633
15044828
5157249
15695336
8793284
5419156
12893057
15832629
7414893
17252893
20933563
13398720
21798583
26049742
34189228
34333423
5792299
7332070
7806054
17896513
30561550
12569672
9628093
23183948
34841750
6076946
6688401
5911857
10157494
24311093
5029904
30736426
7602162
12075559
9880805
11301445
7230726
19922281
14408313
15199402
8149935
11656814
16139962
7315714
8634221
9561011
22774196
32701908
5854633
32744616
26836151
6693559
14020312
7373204
13080414
5969840
30286439
6187904
12042897
14755649
13720202
32406123
16925253
27157791
15454804
4977061
8457813
27043905
6594287
29326579
34940567
6254852
11739410
15255918
29379412
22739759
21616648
14076551
14573422
8495332
26836208
26773649
14135238
10119169
12589434
11853438
15957281
24984352
26528951
7152133
13825638
10396265
25573288
32053890
14975250
23929106
27055767
9160267
18684031
14866655
30147944
24428339
6132516
5528954
24167912
12533324
6347755
25962853
9292427
4821559
15127027
11239897
11965744
5293633
6497255
12967578
6600350
9577265
12443458
20382778
28361677
8285035
19580920
29522293
28511101
8944841
9896189
12408785
15903690
35521423
13639342
25655116
35435710
12500873
25817797
13534862
4708592
10236226
10098931
8837155
9218399
28959895
35181607
33866490
11289141
9042185
10769622
17725696
13632067
29108821
11591358
24399167
28842259
33082941
14538748
16063076
9951666
19312312
31259377
9534054
16074884
14699569
5020670
11493588
12231267
6169188
12324624
15045529
17116749
22315378
32049024
10096741
18105124
29920051
6203157
6298701
6529410
26851250
27215433
8026176
28056765
21463066
32158782
4968043
9368776
12652339
9109109
17191453
16169014
11076468
8964421
10190100
25859992
32935431
28333894
20830330
30530971
14519692
8217682
11930001
9924271
28704550
29374888
34355002
6793619
15751260
31921171
33962499
15943088
6664943
17074818
14888818
5127132
11769747
15578288
21483553
10907391
34808789
12487795
21969292
17135595
13782613
11721786
26803550
11389614
9559353
33846900
33209142
5936771
13448667
28268644
7093847
32356311
33219561
6312160
9063184
14261581
13734400
27787368
15475454
4827596
8199487
9394799
11617500
16063013
16717896
6320288
19452994
33687186
10669815
31772042
6698854
12995681
13362598
13367867
19460290
15227322
25119442
16555404
7220232
11704930
26732579
27716964
30001624
34302418
35103686
5725136
6805930
8341243
10608142
11149954
13293618
34082500
17247907
15354554
7204018
31663859
18123028
22017406
23608043
5509114
4790791
7651496
7081606
29924494
6919962
5074004
4911957
12841178
8481507
6809912
21712606
6195917
9092627
30630841
10384121
34662493
5321177
11765285
15440460
15587847
5093813
14502030
5359680
13391820
31647812
13396044
14343133
5502168
5017137
13048967
15062404
8833697
5505524
14467144
14643985
16978287
10893297
17117760
11768891
22847045
8462984
15240289
19567039
4824572
8122575
7004956
16159892
19542295
9226719
16011487
5120217
6932902
7163998
21624979
34069936
5748510
27472167
7990628
6470810
7254933
17651032
25763569
9587511
11206841
13594099
9023098
4920944
5483229
32608113
5731753
11320369
22237249
11203733
13037293
34181707
6144102
19464157
34455700
6796731
3315470
5313780
14962792
31525106
13654917
31366228
11184764
13640389
12975577
29623987
13348490
9344444
17810209
11080301
31240195
17836027
12935997
5140368
21948334
18743779
33699747
5303315
12246112
31596106
7287208
34545400
8558717
12661578
9329828
21456706
14831169
7425169
14942550
6421671
9247026
26271146
7603048
35025575
7610825
30598684
9880436
6550912
14706075
24999469
32585622
14760264
28270705
5883047
6565694
13269707
17507386
5741939
17479237
14112176
12817769
12130132
13640453
13586965
12254549
21474031
5476738
5876815
6591076
15295984
12768724
16148983
27617361
29134663
10992828
14248341
31578310
6837965
18492355
10868897
6205120
15105073
24346976
31860266
32245299
17487739
11028830
6336317
20857096
30446753
33664983
11986714
20780233
7666821
10683579
10251110
14892225
23009333
15462328
28310356
23786183
7937287
11867088
16036099
9870523
23754863
11938970
26412932
12583125
12592276
10110711
8219664
7256766
15584131
7504634
15734033
34430350
5918605
14120221
19843369
8257668
6245634
15868047
11888403
18180922
16190284
22843754
5759134
12043947
5013285
5851834
9467183
5154071
9243513
9854075
11536141
5805438
20604121
7282566
9386430
11937685
11388950
13804822
9138034
20785096
28153540
6500535
6867054
10617446
9569901
13818888
19975654
12697254
14258419
7117169
15843645
6188879
6111580
14990118
30202028
33675666
31112486
31547824
6359410
11914656
16040645
23700368
25848808
5856312
14053759
5749555
6006376
8999479
27729615
29246260
8782124
15899291
33833805
31570408
23074196
26542796
25811287
33343979
5090776
34370362
24000728
11459227
10118473
5504885
33043515
9320738
8182036
5293729
34308595
6200931
26325482
33589662
8164546
5666867
13905621
27955572
32906316
13192732
14505051
26757149
7533616
25682146
12748113
8619815
8112530
14265254
7564804
10564207
16954143
12363206
27627624
10341642
4973116
12370174
14924613
25347979
8226921
30710861
27230211
6791256
14137230
29980180
5801905
31479785
2092643
15867037
16148972
9279305
11564847
6334964
26966375
13547507
6684091
13683420
23492252
10801773
30902820
8428462
7828765
18574090
11076207
12438722
7134160
16252011
31776200
24768992
7973508
8040657
22234852
14383315
11585081
12999014
22539698
8079869
14188320
14282320
12721687
22392625
6450983
8926069
17369461
30666040
7827342
35245594
16189962
6534382
30490003
21252508
14390421
12226601
9146226
22289818
27060741
9919745
24889808
8964380
13042839
7554682
7415468
11922803
6972246
24918074
16573017
18669925
19988410
14309788
4932498
7236339
7499272
13662779
10089249
14644788
23080145
8883660
15980661
11824067
25110706
9925415
27567132
14718669
15539423
12974221
14982866
14469990
6254231
10042697
14608267
22527053
31546531
8942769
18061924
16954788
15744704
9844279
12817941
8800671
29375941
10057110
21223105
13874293
8023336
7908957
34381087
13610333
20119441
12028500
28556770
33479042
13188932
14239254
24492926
13195482
22888352
15732701
10799142
10439779
29005576
29352880
10431408
11632277
34205125
21194521
10974627
10440457
11793072
14930549
18264613
31373050
15799478
7038500
13941338
15808713
14372160
6264962
7785629
8848439
27966654
32683644
26755988
5038501
8839080
23673089
10807926
12005374
7923629
14894084
9495405
6617556
6826135
10989142
12701033
8654702
7324136
18110056
14847717
32049675
13053728
16347276
5821470
13667786
14311267
14145387
11971296
22274785
26571479
10824549
12906170
15815235
2424938
5490976
24181646
11431539
16235905
9895175
34578754
25793449
15194396
6008350
12808794
25621396
16289581
17247496
8661300
4824852
10514482
9407795
10052407
6897190
10249481
4912528
10727639
14764347
16317633
19696048
20924674
25629514
32752725
14023584
10132188
12266827
8416866
30233558
7612651
34963979
11217089
7935617
29961295
34148965
8571748
7960507
19513357
8062895
9831709
6085034
7535650
30739669
15983493
14478432
10055131
16185064
12511604
8255131
23420318
19269193
23240816
28942351
5017675
27676437
29820718
30262286
16203468
14174527
28531645
30559366
13798655
15296896
28747324
29447200
7555671
16217034
32006099
14391394
8829888
33435797
21759484
10598987
4996509
11571156
11707250
9133715
5991104
9246812
10951445
4909003
5436769
5353747
5295425
16217880
25500436
26243015
7870298
5114719
12110329
27809556
13330631
20803735
6334220
12113055
13025345
34131448
4877141
25212610
34383712
4785137
28550800
19471114
14487775
20910217
22389343
22698446
32830440
15318108
6521305
25388083
20502676
7695042
30292520
11735212
8407199
23665235
29494015
12862980
13123683
30545095
12801839
33961593
7257389
9042654
12847202
5263828
24005432
17704417
28974727
33629292
15514039
14602363
32369628
10564046
15537754
20866627
6303172
11203186
5651496
12496765
5826757
11708050
6313459
12102231
5570665
23586527
6437540
6874195
9708224
35190538
11635008
18087118
7043009
9581753
17501836
9001232
11426770
6737488
28027326
33825153
25779013
15530889
5645942
4930815
8928932
8097693
11860182
20223355
24373862
26795039
28966276
15928451
16998045
13161832
5247903
13334032
30540397
10092460
14576788
16146402
34167757
34970963
12757767
14340698
14392145
14007367
5376599
6153280
10542272
11135816
12303497
23223485
27540096
32464641
22391644
7286816
4826578
7810749
12333429
14485723
14086328
27199728
18232921
9454176
16137414
10638110
12637014
7186674
14295299
13661809
22615514
14992592
30265541
4866603
12731798
20553385
15625266
5543417
6998268
11445180
5178738
8225063
15646833
17636971
6553390
28430878
9733862
26987856
23350787
10790577
7478495
13239105
30618580
9471700
14582074
5687637
13723777
7239544
9832794
22895396
32244456
9608747
16106567
30330302
4151999
18455518
21384151
13345403
27667761
32661945
14991518
24193787
9785742
8629793
6190989
7322464
11191447
5497815
3420597
6906666
20518123
12014490
32844588
13765256
28246690
27321426
5467029
14654528
12454394
22239523
13583851
10232866
13359765
15337035
7869728
6620218
11394919
12342975
24983086
26958350
33370754
12471299
30096431
8216652
4942571
26907911
15671663
4841139
12191115
13892940
16126550
11830171
7174352
6228366
7631414
9154712
16300157
14519459
5411144
10439145
20406418
15667770
26598977
13181407
12001293
15555323
10922189
16921779
21574408
9883926
14949715
21883168
24914603
9566616
9002247
11591569
13701455
20232100
13668473
26249264
27045276
5551612
10681892
5846526
13763593
14240771
4946149
9409336
16161834
7868066
14422270
28070461
35189956
7063932
12732289
18158389
5120162
10717841
13925757
9354467
17263540
6536984
13975130
12365762
14044494
13408097
8637289
5257270
7880530
6847007
12474649
28698076
33174120
8050967
26286818
32595339
15370701
34797866
28983574
29598631
28818826
14077344
8633609
7257517
35320018
30674023
12554313
28987738
26395367
26868902
31164059
11372728
7189396
12225335
14204912
4855622
15318857
10099499
13554375
11573078
14127711
20235076
4973676
6210705
16284850
21279064
22014796
30630112
8109026
10997105
11182020
12776819
14934152
22897805
6336189
12416929
14201947
22879343
7097173
34412641
34548448
7291493
16713681
8577359
9617773
12705734
26241440
12232725
13335415
18732472
33686442
30945073
10159787
16210118
24795380
12964236
16161491
32832039
7936922
8117340
14705335
6427223
7385611
12932799
6469818
5612808
28750648
9272238
31246438
13255307
6021062
14768374
10012279
15218366
5775449
7645295
6153725
6957524
11206801
11917703
11927739
19559998
14024280
32019728
32052741
11721486
7102827
8932464
5803007
34449526
14461496
7781596
29927896
27506742
15949846
5131672
20264149
11352220
30811329
14548597
7172394
32802018
14512020
33630081
11831205
13819881
34096555
28363432
7628124
32813160
5375007
10671758
6196092
15241065
19179517
25317814
23070122
16199097
31287125
20277964
15564186
11759256
13640682
33472124
9250871
14419478
14942327
32851014
10444005
32730636
6856808
25974229
16020455
11818065
30916434
6105917
13612257
26363435
12455015
34668991
9129745
9022390
14219550
7746015
8978671
9081787
5373577
12266273
5540215
15150592
25105699
32799411
14573525
19524475
7710733
15787297
7222512
17405383
5004487
14962112
7556101
9004043
10224481
11286465
2318376
11992350
13159059
12740716
13667153
15807243
15887445
7490476
17816143
15550988
30393476
7573632
20918797
17361043
24589841
8692401
6249121
20127265
20336779
12735151
24641330
28959898
12618939
5447634
23556767
8365532
4906255
10010793
12541571
9747150
14638645
1701811
6801420
10219919
13426813
14969132
16148384
23626817
24125948
7077201
8392646
12823330
14473091
20628754
34356580
14810657
13428028
7918773
6020410
8486102
10591780
12336785
12622262
8770093
7268125
35526547
30903969
9728880
10126644
35475172
14489912
28912084
7924708
14206153
14305528
5001433
13267975
10355868
10585616
32061585
6963205
8602404
23620961
6183127
7033638
6419871
6753281
11553511
14768315
13537080
15395002
5950468
28412506
28756510
13207325
15566395
8178263
27132420
11837975
35106884
30241673
8012061
16942416
20005294
32376672
6462504
10804812
12716004
9056113
13724444
32429079
8655330
6523701
9730506
16326522
7809820
16608861
33767880
11166690
10729042
11564764
7882396
7549870
10123866
15906806
16089727
17461669
34651876
35440249
13161480
18680008
4809360
9052688
18522280
4760227
14856132
5121410
15066342
4854228
6003479
24547460
27320829
11710330
9844180
31849664
11589493
16494429
9200226
23012078
12203739
16181152
28181722
5640438
31544113
12574706
13455225
32946333
13531805
14371012
29469988
12126899
14511462
14333534
7493179
11035309
5581338
8226223
15555285
23791049
24413711
16732503
14130994
7305991
17564857
16143622
5515649
9108688
19011613
25690576
9947165
9729204
11844167
26286317
7423344
12618574
35474800
14727206
11439397
11454486
22120837
8713664
14328491
14670694
16840233
12332574
21463894
6025763
12218496
17353339
31791083
15616166
11319372
16080040
4674776
5022508
33463193
18651160
9018594
13705620
25446907
7259072
33198777
35414467
14345534
15181383
4830364
5475272
14702437
34682127
17071572
30505516
28681702
33276588
29246680
13837370
8609259
8369617
15542535
34350106
8669714
23250302
15764899
11879167
23618228
26746244
14938236
6903918
7148087
12018528
12259770
14420095
7976301
11643659
12683924
16226181
30014242
24475547
5454394
9344354
5187493
6467296
13564232
22460545
30268157
5245120
30319742
26536274
5312501
6371826
14665309
7487097
11369407
11640358
7033572
31119794
7242893
11251083
12369335
24699350
9746916
14638364
12015478
15082702
21285658
13430552
23556050
14440452
21644038
20834437
16102784
24928874
23764904
13958734
9308739
21233080
33412487
22980872
13625216
17854183
9383960
11522648
25623232
9692871
21910015
4987089
22632968
6652041
4930573
14538050
19271650
8996981
9882455
22882460
4823116
8980822
24447104
33956589
34179352
12294100
33342068
12954782
5718810
15261624
7729790
8736023
11687318
8537786
16680180
27559962
31693667
2810181
14226285
6082816
10376688
6171703
22232233
9239976
30502108
6243328
8039326
7802934
1939530
14662885
31479833
35350222
19959760
10419434
13543967
15298925
11031346
15214390
9837116
8368695
34370503
11699856
25060933
21904918
15085112
10340613
16192756
28854592
5909577
14843574
7200554
32619210
17626711
18081742
27567882
12561376
7887909
33308559
15261950
17641702
32874177
33927315
4697843
7018522
12927221
6658293
13237551
5855993
5291576
28771132
34173439
10945963
9439179
7610390
13270887
19295035
7145482
6732849
17604253
16601151
5339667
26316269
13549181
9398445
6344507
6510226
13682759
25183366
8695451
18688405
7921951
10560535
8517075
31645916
32872455
20571505
21975931
4781973
22893335
8825390
21883459
31143857
16636806
5693532
11176604
11092910
10088702
12307419
5663190
30829224
10969172
8857610
9685843
8146680
8593482
26348402
13099637
12698634
8233808
8147878
4942690
25975024
9441354
32817213
35226166
10144855
30782565
35406388
14873173
19733698
25972585
22198921
12475163
8500428
30676891
10453894
6539994
11486033
7388001
26701796
7137805
14647950
24445748
11252377
12611616
7806511
30974374
5166570
31748882
5589135
11958390
7557268
13259677
7910222
28062141
26960903
34878623
31082159
3080540
12115374
18709765
22733357
26254613
23746646
26162804
4721830
13370222
8788567
5001248
7180290
5573960
12312756
23703479
11065993
29341939
15687618
5859464
19908544
11706206
12758917
23630000
12395287
30710477
14221644
15423667
28082359
32848284
7988863
7766352
11235320
13958271
30006979
9035445
26153087
7330705
17945953
34653400
30022405
20982733
9622643
13313683
27497541
27908553
9390951
16619835
14345062
17187043
5867913
7644709
11540048
7676682
16251780
33721284
29320396
15100121
12793211
29857618
31316394
27113886
6456822
6117041
31831934
19413514
11563058
27932481
4691266
9363808
6160950
7132638
26204255
16159945
9692866
13906855
34064524
26283518
13113833
5949970
9688162
14513606
8643058
18048577
22751342
21036127
5007041
8443425
11107070
25834675
14768012
27677667
3504702
8687873
5432129
29133073
5286973
14219923
18859036
4703444
27246264
6122566
29798092
15717511
8685884
8925229
8299986
25237300
5165277
24146480
26242787
4689150
12347935
6589509
11079801
16652094
13830954
16206877
27517635
9459327
7930341
14716969
21398812
14154129
8240589
12075483
8663345
22182535
13176081
25430029
29326426
33866592
6369755
6267543
13448656
7425935
9460975
28066618
29834620
13803556
4877864
7514615
11671658
17388835
13116467
13462152
9150047
27328329
15142652
20672131
4767851
11716973
9240798
22587764
15605178
6455480
13265946
20286541
35194276
12697033
16019589
3700455
29721700
27468099
5846900
4793169
34421176
34865249
28272403
5808294
32339031
14219755
16244855
14479824
14010543
20495128
13739119
15661176
31259080
2554921
10828443
7388790
11228460
12433981
14781201
16375890
9662418
19036237
19901755
6767231
31095269
15103623
8828410
14846821
5432753
19976197
5420114
13177894
12748348
9717713
10393721
13658039
10514159
4824838
19443184
31553152
15104486
19244458
13826359
6091286
8643271
12681846
23139326
11270843
8866377
17464891
9430861
8136719
7386237
20564815
33068382
31701521
12001888
5151274
14403972
20864548
7113921
27104109
15440307
6321666
23545004
12257393
16156777
33113037
8381122
8200535
15056987
11008959
18154630
20142160
30652717
33956937
18157489
15963223
13726188
20053405
5436603
11197018
20787751
4840247
16612977
32939535
23665607
8622278
33887391
18520873
10236085
35090096
14616716
6643419
19002760
33042954
9059123
14390780
15977375
26343206
8917479
13904157
16228065
30437117
32267991
7087846
31946401
24512912
26147168
35512210
10054546
11391429
13319719
7397464
12183188
5685408
6950825
4808303
7642632
16085881
12194936
8708915
11302228
23462867
11586929
31515665
18247390
26822234
7002221
15144984
21460735
30210761
34323514
8294001
13933226
25557286
4701530
35342551
6895720
16006729
13686461
33038925
5933014
28986088
26146655
5576203
7785037
32068806
35094929
33257562
5379788
23432186
8367359
16020326
33008121
9525229
14278426
5937890
13538334
8572439
22412488
26047159
8074616
19773484
12517551
14743689
9319842
9168205
24810122
6717007
13791190
29592670
23578274
29840557
18355495
13743763
14284413
11855981
14468763
20616547
19757233
31340599
20232433
28859962
23821556
8852477
17574535
6782955
10709148
14783679
21704137
12033384
24977476
25052356
32691123
5261356
28747762
25131055
8499035
11109088
10394332
8372551
35115509
7856308
19663135
16619127
9947572
13824464
24510503
11581440
30257321
19949338
11633030
22481891
7580510
22755194
32139570
6545418
16037334
30229811
33111171
8066346
14312341
27116943
14343294
10059499
15999434
19412389
21190813
11892156
7119384
25718020
27969729
26658053
4823885
12711862
11647122
12852455
2012427
11058440
13873364
32593839
7694805
29363539
7119100
14229201
30380792
14173336
28776886
23758379
5149221
7741525
14012628
11096090
6729624
11527566
19514602
12026678
6254125
28966798
20691649
8907705
9029852
20596732
29244997
8429214
15888071
23701394
30811500
10281153
9554407
6034604
5392463
15286893
7510207
10036671
11375637
8182967
10453458
11782479
31950212
10794055
14830694
11858312
10342194
33748731
7445424
15120007
11007331
6518028
4826421
7479742
7600353
17641933
15130108
16169158
13895695
8359877
22796309
14463138
30197645
7063442
8124456
12885492
21397900
11349599
22489565
5634532
16030436
7592106
18570769
9274057
33076839
15734256
14721930
28981279
21966646
14953113
13114967
10953372
14173632
14518826
23304773
6467329
25340362
10882327
32023043
9062492
18173563
16148671
12504064
24552038
29601550
29605111
7576720
23537036
6316188
8772226
15116975
27401661
26317022
34294564
22831844
7886716
8624700
31592038
31787234
5519183
34008636
11695804
7024250
18750397
29493982
12645837
9951475
8155926
7988780
15217607
15331817
28661815
13474005
18236272
6513099
13264942
14529402
12333905
10767407
6400189
11272571
24720503
12625471
29114323
32418849
13215048
18804319
19287628
18489517
23769779
17341777
12830671
24918983
12319212
8930719
32845248
8401886
9910270
10194276
5699965
11131530
31976054
6624343
28938139
29762578
7465451
8741878
24928451
15888804
12874235
7431068
30853437
25199893
34646809
25763506
13608639
21880867
31541554
19586851
5369123
27452658
24146228
28080700
5888861
28772554
4724346
21376084
26119535
20574643
6430600
13298379
35220535
7034900
27819720
10895572
19217029
10417029
9743000
34953299
26541221
18497398
35134022
29631850
8757425
9352050
11883111
21029365
24421193
9320681
24049046
10026764
17033190
10165000
9107096
23608514
6996422
5275926
11593518
8365504
13066027
12203941
8272192
9047406
6305971
13441389
27236667
32255025
35435467
22296013
23472140
10537225
7571983
7783223
18526450
9241246
10297856
13580405
7069107
12840559
30695974
22211878
13986501
16171799
9867711
7779106
19474876
22731107
18866173
30480455
11858978
26916695
9881959
5388497
13265465
20876089
21389107
22555856
17157025
26195813
30209063
32098563
31140320
4864164
15163958
5426849
15613217
5616234
12621256
5769933
28763347
7485553
26860910
4767016
13229878
25456831
11190979
13520071
12408197
6482503
21746401
9961781
6584902
14503605
27416835
33550032
14263875
10700413
7255141
22102615
33042312
34597444
13629724
14973129
5012322
8239504
22801400
24205115
25009909
8796124
5878475
29042203
34876748
18100267
6149095
8463099
12410384
26380466
7800660
20957461
16097686
14705366
24845801
6026537
7344384
4712811
19100374
10667686
33275181
13161275
4993241
6144572
21957241
24602888
15734527
12052741
12236246
31132355
23832506
31748960
33132306
12321335
10000831
13204214
33743175
5227315
14782194
21211285
26796062
31847009
16885053
29991475
5392099
9456092
13355753
13775351
32612640
7054634
33380459
30621301
6531923
33443612
15622754
5724910
17201314
28830364
10450196
26244980
15650394
14878852
13765889
16826001
10303649
11334015
12271866
3276027
5247561
31970174
10840070
16880415
4905325
5896452
21104497
26946068
27796266
28780600
14337886
15302978
13601638
10386253
11185854
16561803
20069740
20087251
16565541
13947830
31686725
22711910
12597778
14823039
14873236
8041602
11895368
12487972
22294948
8873613
16242623
8303277
35363527
13512362
15381745
5493069
8798851
10593885
16740417
35199724
9119862
9040510
9082943
15917194
5700641
28155073
34923662
30159359
19696759
5837482
28784962
15978276
6577247
16045894
4749961
6398863
11724885
5311722
16329420
23954108
27024897
12994586
13074330
31275623
9442266
8666952
26788631
15068429
12469605
27192444
12415597
12598951
10879196
6748971
9254259
12122297
13758765
15577078
24093050
30625342
8285624
29619487
6582640
14476938
20349583
21882385
9258333
8396482
34718817
11469808
12817005
28750984
26944655
15480344
6467828
12191861
13317412
31204303
33098304
9565635
17138092
6020356
24300878
21846142
12815317
17785306
29174329
11719206
15329790
30335609
12970666
6992283
7630077
13134427
6765994
8862671
8972849
7666536
9205326
13529999
13965180
8331239
26914907
8182065
28051593
12581133
24806837
5515684
27212703
11466867
18731503
9325306
30282239
13972450
6063774
6122718
12565005
7185816
11143021
8462423
27648192
12654311
12977359
28046346
25521703
9618392
19508824
24515012
33194439
5030095
15127603
15513333
16135110
18341029
18755905
20354425
16671048
16753455
12255005
34195186
18285025
19783141
12922143
34996853
8158642
13364263
5127600
9248512
7580521
11672157
14917505
21326356
32516187
9167313
10952895
9985199
34412701
9254427
11384347
24575030
32260590
4813437
30882816
18998614
28977628
7269071
10798080
23550542
12497445
10348193
17343214
6129976
27084921
13570422
22422712
6521957
12480354
7278419
28007742
30798309
31874495
16005320
35495992
7875010
13609450
10331962
13929191
15927531
7361009
12786801
14915900
19778362
8229112
29287540
14188260
14915059
17222347
12669321
7839794
30227525
11788614
29460874
33245337
8016254
10489048
29745154
16016513
29561902
11657366
24121139
15493875
10084173
1838200
5629433
6151443
10099551
6778325
6850593
18065170
15112448
16358010
13274020
23145515
13875839
11539197
12778385
8910482
29096557
13751625
15496388
12938046
10663223
19229200
5308729
21244567
7805549
12429772
12869045
33403556
9205151
12143961
7246306
15732835
9011142
9129979
14289208
10853006
26058370
26869766
35427682
5842679
27040500
10805809
11541423
23797466
6874592
9805545
13467792
13800892
22456063
8082767
5178379
7718487
15449333
10420625
19566574
23093297
27486870
10885072
18060706
16135741
13462705
32702709
17134167
13835954
29231788
34034919
35380375
17186050
8526076
15459550
23407325
10814102
30212609
27666954
19302160
7352557
10955920
7338105
28960582
32694909
21547408
34700529
24875051
5995170
7198762
27242964
16317312
8581629
10060373
10337280
22976327
24305351
7490252
16143849
7704419
10092263
16443771
9671480
32419971
6015795
32787354
11162165
15664674
10493122
30825711
13537437
15173168
8617666
15866711
12842489
16744815
13768187
27000195
30849684
14293257
9540595
10911709
21851563
30155507
6006949
15309347
7039274
11574085
12617021
27685665
29868808
31590568
13720109
22910297
6609371
8086608
29680927
4800861
22221898
10854887
11745727
6670166
18294646
11794287
13824689
5087585
28256479
8483226
10995394
9313473
28867546
6897683
25033654
14593179
16904304
13818552
9054774
29792878
30233588
9170943
7523329
18557827
11522005
8988368
14486637
12534938
23821262
24043151
28280287
28113685
7398198
21896422
8260696
6595219
22101061
13377125
8472390
15231450
5305354
8113612
6094502
8767935
10166257
14449055
8603165
10568725
14345644
16556979
15498756
9643850
11314380
22901198
12498085
8099980
11596104
24004976
32893254
4817117
33663222
8517096
5351734
9187436
22380244
15286938
32627067
7280910
12358011
17666728
23777948
7863473
25755898
10126128
10119423
8804482
10014485
11482450
5353702
12273961
13112979
14166627
14823695
24165575
8506797
17046204
12174076
29251132
31983497
33478565
20476552
21717040
10533390
15440491
30067513
15985029
16060670
16089688
6338717
29326297
12633113
14253111
23610647
7905965
33703497
19747096
7751699
12461315
5982112
1791245
25772524
28778098
30591967
8140916
33208890
15343509
10239317
5574834
8915217
21551758
17344282
24145832
20702932
12559750
12307634
12987601
14619595
7667665
4926136
8090008
12293567
22319554
11360357
8641161
24307925
8768308
16449795
10976591
15414208
14044365
28621981
6129439
13890520
27690696
10537857
11948780
32642853
13570111
31385414
20920816
23628845
6214048
35228350
9931995
4814738
5064987
11127315
16595256
9825591
29862673
5140698
26213423
34765115
19464136
34075168
9179293
30904692
15871726
13055010
4686938
13631236
23427722
6388442
6348269
19584871
16164800
10129179
8557481
8440477
8946405
22648634
23861072
25927669
26605328
34890305
7641110
8859156
6504686
14894959
5931062
31324575
6853805
8526075
14468295
24070352
24701258
4942774
9030684
15426098
15537870
10345039
10731981
12383404
14977943
16483806
6239299
32805996
30093380
33591747
10160475
14088194
5238127
25979428
8894426
11007179
7825251
16303952
14829035
9719407
15837202
18834196
18652621
28560388
6186299
35007431
30542878
33961815
9209368
33213687
7662419
11453042
5676192
10936764
6782413
9182981
13996608
5422811
21672799
26256176
14235774
11393787
8842356
19895425
31670444
6408195
14508018
20170900
9015977
16259609
9311200
4906429
33065232
24750560
10694241
29895187
16022883
14830926
11096134
13426153
5744086
11216663
8038846
29537026
30681682
8441343
34761239
7063350
19435324
32190648
23918981
11578332
5629416
13150547
9524511
27271974
7798254
9790126
26974154
20995246
4755354
6793243
12401565
12941510
14027658
7821291
7233174
6234723
19038127
5656166
6171042
12646557
29171407
25765822
24982522
27325668
35432212
16150529
19237531
29932651
14937054
26168705
6347776
20168494
12575486
5511671
33082818
11320703
30360929
6814425
6948147
16200911
35228818
8802466
8687562
10549403
15513772
8419990
5088162
13868398
20843569
12430757
12373710
14249826
6089398
22124377
9831098
9109885
29482669
8761114
5833092
9055993
17190994
4728133
14457157
8514859
15025023
9019306
13451970
13645784
8477358
11544964
32751363
8263835
11903691
33623871
11660682
28610083
30298994
11985448
35342764
11035310
10759454
13170496
9921995
33922449
11087220
26052073
14846920
15392369
12637277
14452920
6423995
33943530
29655856
26939801
25332934
6830566
15054791
10431246
23631215
18778936
15839094
15546503
5646168
19042450
23866994
34419400
5813843
32633133
5841036
21575458
26549717
11660760
5665362
13705001
8601539
13885155
27016815
5438264
11483490
15405191
18256888
9639199
31683209
14219596
19763179
5450098
8063848
9344622
14011143
20734993
8596317
15071347
7169770
20717818
33859539
15223625
16293675
21686188
35377192
12794266
5087073
25588516
11533332
6386631
30618862
2161428
17502232
12037772
19597342
27171852
7869130
26804699
12431258
14644317
30921729
7136078
31649987
12792690
13658893
6911323
18957436
6226964
7585789
9320643
19169905
24517832
30284126
7870244
13992853
7437932
12297738
13283827
30508642
34668721
34746360
15678357
11243178
9393178
13266478
5967144
6965555
20535475
28897249
8083432
10551034
11611517
7838331
13110446
31302543
34083286
16190279
11497225
6095839
12342059
20206273
25185742
8026204
31923604
12731139
15698990
20838040
22432441
23710958
14275643
8270308
22418665
26457434
11931473
7171157
7921582
19902673
32472744
24501998
25456183
8409693
15525596
13864844
13959839
31883014
15849185
6369963
11299053
29472286
21674059
31364302
30203879
33563016
18765958
26885723
9984514
7175381
12921040
16454397
9495980
28018797
6742170
4845460
34804190
6088598
5926398
11911260
13471726
32255481
27897114
29845258
16268494
15677678
6130872
16142897
24768119
6381012
11385374
10043076
12352675
14473805
14342641
9105828
7480043
13872281
14685785
19828615
14926352
13971873
34865603
5625303
19803562
13072501
10282583
8170435
11604849
5304886
7547432
14020053
10788342
13669167
24422828
20183941
10630843
11624292
15845532
28379806
9824773
8158436
13956588
16057966
18574810
14692464
12599759
6069291
7980518
13581808
8681445
5977959
18516883
20694931
23816327
30246359
9124545
8555306
11701746
14477580
13851452
33189726
6348564
12839812
13656465
22809077
15328916
20758507
12614382
8996836
11246086
16090283
9738303
16091565
5738880
16682427
33990768
35402503
13247404
11893697
34704363
6446697
14413310
15081306
24302450
4877070
29322991
9215384
7187172
8821180
11697961
6378856
34717803
11381710
13771981
12364899
15959788
13972841
5161945
8074948
33832908
12238135
15085157
33816273
6307144
15288330
14842658
10028533
11855600
22178035
8031013
30356072
31769621
6324557
34237735
30633814
8184558
8970311
8503641
11068247
11783196
10494027
6627667
15093092
21994696
12211435
12981173
8388165
18848785
6996682
23265830
24449555
24769340
15968004
28499419
35444131
5005627
4683367
12955290
8260562
11238164
5560249
28258768
19162873
28189609
15860571
6505819
16125126
25760062
15415059
8899056
29078929
27327096
4952984
5387534
17902291
6236318
5633799
6756852
8199878
5765054
10751301
11948600
18239314
19497421
22259320
26274299
26446814
21340642
26727134
7792935
31258351
21112108
33379115
12216261
14221166
15420243
14355607
17483176
11442798
12988569
7525445
5922783
8941131
14402454
33655092
24433442
33863115
10620521
7972710
11569611
16213382
21598852
25730701
5061203
5074575
29079769
8952052
12371884
24064136
33322956
14917532
23804300
12070674
31560523
34059367
31957391
12105592
6851522
31482941
17858317
16067351
34738509
13742181
8254682
19478164
5027992
5519191
27237297
13145679
30614281
12925085
13059676
10585874
31407830
8168111
27395157
32619564
19478614
22439524
6401636
15229819
2425439
12023400
25644268
12703022
13522221
18484921
14264258
6826726
7584930
20131000
11913100
23349518
7503811
5567219
22105141
33639924
14910226
6211951
26268299
16828506
20428318
28833301
11521962
29694523
6701077
9624159
6609217
10262984
12276624
13361167
14324984
7334612
8166153
6126228
8955216
10186457
11234822
34000359
34458907
9410626
7910338
19229530
2237781
12406771
14560139
11005219
10280175
11288378
5641814
5769007
9436663
30775056
30370274
7023398
15207594
7672913
28641442
7211632
9820622
27804684
6018127
8342406
10816324
13463312
15961267
11141300
27490083
7010897
15643887
13067013
30488728
13853350
6147895
4841284
14608566
21225724
13821740
6611020
22717259
21310822
28859821
14705919
8856624
9023412
28929076
5932472
5109766
21920716
8905667
25136542
15956815
6163162
7217517
14154654
17562424
15374841
27898578
6363965
5625496
5638254
7330052
7067032
7709607
22733615
16150415
22898579
24143159
32115252
4752084
2799969
5547103
5510931
15913543
1618403
13043661
19664689
9168177
30450869
15392418
13318251
12929868
5111679
25010302
13271229
26632364
6200394
30952126
20699758
12418357
8141167
19955359
24715703
4685160
23615066
33399470
35206567
9976895
15617452
20064316
13640578
27204132
5076382
7128592
11559449
21367402
5361367
14095929
12613618
22164232
29544694
20620420
7831086
11721315
25916926
23729438
28256059
33100881
7135561
10859872
12506129
20793157
7707201
20041267
34588591
34557520
21041149
7412172
27496476
34657936
3371629
30286031
15860854
17327263
15702936
11249056
5526904
6715600
19650766
28672207
7612211
5192793
16455780
24887303
34672459
12647791
17184136
22000612
28944121
30558322
28803826
11197150
15259391
23188736
7784623
32589324
5416194
8524981
9326303
16692726
28912285
9601004
12535497
8073038
11408493
24169583
6931448
18830239
7541416
8359928
11653956
17687293
28210894
21543082
30208283
15563310
9698121
26652962
7027472
14905429
1786862
15750237
30426800
15783398
13188129
6396521
8799709
9854589
6001503
23567921
9951653
25888144
29133601
4986199
7707942
21290293
32346018
3886714
8155504
9315369
13468030
31303890
13984301
32505213
33926469
14302467
21415450
8658719
16060210
5283524
14225915
10060237
25162522
5043763
9404951
8549700
15848483
8870427
32030969
27179979
5050855
13930822
5265211
19475494
14618256
10486731
23190128
12149672
10690537
13358661
20618953
10269312
15187395
12645899
15417709
31974347
21380719
17037861
13527183
11289966
11803903
31734284
5053890
6784288
23693570
27354327
16901718
27575610
24957661
13153057
15152072
9733394
13499965
29513203
23613614
14742576
8471928
10809885
26094100
6509608
6511620
9708669
23518553
7211308
17867374
6825234
11182830
23354435
12375833
30379394
12029738
9643196
15157687
13606670
5469760
12110654
25074628
24544100
24834806
14475904
27440469
9401101
4763496
13222134
10732020
10744836
7332177
12586279
34454680
22578404
11674201
12898130
12195077
24610763
6357355
6443097
21883198
24565889
15004981
24631835
24881963
13918782
13861008
11240214
30120005
22270522
26378099
32456451
11093056
6429219
27485181
9178623
7623552
24554060
5291024
7443282
9207835
11344968
6320186
12729210
14771747
13494517
20160943
14402867
21761410
20419681
21176461
32910993
8633653
26926067
10252678
10286069
13260161
7230022
21617770
8744988
21878353
5453363
14077850
24329117
10313533
14653002
15352359
8826635
9883224
19664293
12077299
30265976
13050322
8130504
6353827
30895734
5319976
9928496
17815201
34690164
10088841
10290134
22389730
33201837
16179547
10252251
25700512
29796313
19020115
29765812
15713215
11569754
10255264
19772350
28118281
18012676
18742189
33114417
32546931
10952424
10247183
8880981
11815679
12963415
15873043
12716038
14922471
17078208
31585309
7331370
22156219
8541185
11581482
12858888
26363480
16603218
32080737
35309332
5531470
15715053
24871055
11996732
9543488
14760709
15611940
9058350
19409755
21192634
9920451
27113436
28055550
34870886
28470400
9676775
12684343
15677674
11193854
24218600
31061789
8736310
22832489
32138139
10735420
6241164
12881015
23546360
7378371
7718343
23970005
4954439
10433795
25569163
15742997
9345581
31636270
28623565
26361776
27291873
6832452
11140758
16029831
21347392
6400963
6348103
26725145
10905621
24627536
34045288
29077360
23743613
7984677
30566704
8863598
6194104
8570877
10652575
23108654
10554815
12738600
14129871
29620999
8178420
6033838
5129910
11013653
14658469
15321412
29026927
8985472
13130805
15775460
6066579
12027241
25313338
21118276
34645882
8859435
15616766
15528718
9331057
9301482
21800470
16395015
13419726
4992387
9828890
14660820
13042989
9540780
14284681
28573129
24729350
32580867
9261567
8722765
14624605
23235749
20237248
16226926
8770016
23544668
28675012
7004490
14121163
13377899
13532237
15155779
22661183
7948417
25926817
29574958
10642604
5735170
8032755
8765791
22010389
14669093
24251300
5269381
9049644
25012861
9235976
10380574
8201518
7041563
28190719
8070860
30294779
10794204
7796682
6610911
16218704
15814857
34888991
17168281
4794409
16262045
12850100
9514303
28518205
34567954
8540665
13326275
12596425
14807751
5781919
13960628
7971144
14346010
23750753
22386952
11181411
23423048
10481838
15240113
6283923
31264300
12704488
13037610
14475464
28118512
5516239
8728074
23273201
16065559
6422502
14542098
11178768
5208790
9743241
11076229
12375636
5276724
3593693
12923403
28034340
14463761
4789835
11487607
12462998
11605301
19073539
30682300
22614119
12830851
12616761
14889731
29748304
9492236
11707589
26151938
11994880
14083681
22028341
6656386
32415003
20831053
26139635
32247246
33171771
12774413
30181886
13766912
33591741
30374066
12149846
15955118
5134482
21151150
19832329
9978975
31158347
7524459
16017396
34809113
9439858
13557503
10858973
4803727
2090522
27017016
7634000
15569645
23601950
35350549
9373309
5577843
22777286
32041403
9255664
6592312
7477674
9237165
13082317
5650863
6057713
28146586
17031015
8847124
34328044
33737157
23999591
26328041
17553394
10423280
14831669
11424531
21672865
13674187
13555530
12354511
16624260
32276235
9126551
10291512
9343948
17523901
5891448
18616054
28034805
7717328
14281106
28087954
8707903
31946143
15179873
14208448
31033399
25716811
26151443
15248520
12864575
12537915
31957976
8225146
14918012
14494896
7765633
25022980
35001272
25083925
26216888
6290369
15893043
15184013
22916423
7240997
26837168
33589431
6665600
12923405
12488717
33390749
28318903
14767580
6620686
6885853
8113458
25856266
15181533
15487761
10325108
6250960
7298075
20076253
28206844
21216466
18429172
7675549
6012384
31621525
5543147
13872278
11096682
23652758
8510133
12205593
9439886
10944522
8942819
25026004
27971208
33351947
12057156
10237149
21879595
13569546
7828914
8209631
24159161
25630360
19475716
27708264
30281921
15382931
12271295
6354230
33127128
19769938
8599274
7480746
28425169
21831337
4863136
14738749
15278380
13640259
7241635
1911470
23667923
14330477
8513130
6274799
9460289
18854617
5877548
8576278
25930792
35482147
5796778
24146603
32562060
7851391
27384825
14842611
12321339
21979201
26429204
16169795
26436677
35377339
5800570
17926144
14560317
15704947
19978576
24209150
10171838
12335947
13123370
6652032
10395140
8079441
15448423
4218169
7048703
9920145
8371207
9651803
33530139
8176957
19631230
15969762
10758998
13194421
14353619
14871697
21302617
30648316
8243142
26883140
33408581
32357421
11089561
20738614
23821016
9302996
10916995
10193275
13600892
5496820
31190524
5158088
16758363
26653034
14899072
17795074
7370003
10564889
14935590
18553285
5343945
16381182
12814718
25821820
17809177
30951031
31848098
11006153
13304261
13952512
10125388
23517626
15834407
5699756
12884081
13710702
9549974
14710421
7697888
23590898
9571371
25666522
31584064
20476942
6374377
12016324
13445313
14157045
9268881
20980228
10545868
6252546
32346777
18017500
31445948
19101610
9243238
7597751
11425977
13401150
10707819
14932396
9093889
30767061
7307104
11978477
7346942
6087721
17723737
7243697
8793981
28610389
8692267
16212164
17400283
26870084
10902750
26593268
33033450
32873115
10853001
8859617
15996818
20769097
16296474
12631819
34491673
7132817
5963978
14844606
12490258
33692490
31054496
32969427
5221123
8247548
24527129
2214409
7614056
11700754
5390876
34729791
5607287
13755839
16653054
6823859
27711912
7858292
11817813
11978706
24376097
19049671
8209559
11519930
14572192
30206156
8231351
8149535
13600580
11110764
11593021
31803602
14876081
7194964
32297532
34243321
6873471
27680658
22081783
24134297
31143368
15261588
20441710
27886578
7525725
21473011
13380512
4913577
9354928
6654651
10638387
14327276
15234720
13940933
14937176
19913035
27726843
32433240
18023824
21417637
22499729
10626332
24214721
10592979
15348062
26969765
14433403
25166620
31997093
9127432
6964403
18170119
11221904
27444138
7841190
13163023
31512431
21118189
9871530
13079369
9136870
12086910
13030996
34410646
7839159
2424713
16126598
13836562
4710619
5784849
5780770
7497497
13465835
19212082
21766237
9133651
21752998
6991663
9184863
20514568
21664567
25669672
27837876
1675822
25651960
29347147
6624469
14327637
17259709
27417432
23084426
26466368
16608771
15169040
16695846
9540842
11508451
26854202
14619456
6759924
13925783
13938716
35265787
27712137
10274916
27562458
15442643
10023191
15721994
5177514
10928446
5607719
15180459
23868422
27835071
27509301
5546380
8398271
4798920
14824285
23991518
9493576
7487446
5111593
11085704
19875241
12901995
4988723
8178012
15919387
9435813
6526414
14633464
26706572
7329872
9490916
6514410
8042848
8538650
9508869
16118822
14166208
4848549
13592871
30275999
20132695
17674954
13424648
28491055
5805887
12841234
18378739
32846430
25109527
24655997
19490476
7636636
5259122
27651096
29139742
5480994
27104886
5429660
8319349
6843335
13098478
10276894
29997322
34276405
8523456
5875568
13454134
11400993
4790406
7444281
10093672
31876312
5415679
6426820
35536525
9102404
13530640
12007165
34136446
34891943
12453458
35361037
14097945
5044565
18611833
6478590
7458585
8550649
10387205
10989802
8400916
11396313
13519777
25458532
34739730
17680228
33783297
9342176
26080846
27910845
29133856
29821213
5863742
6247509
9386909
25223845
12683024
25991032
32787435
33355457
18177439
10652483
16434507
9622645
5550889
7401236
11107607
9914757
9137676
21707827
20168884
19348327
5801951
13471997
5244347
8017934
5179710
12026670
5393274
11812192
33150756
11041939
5965740
13099437
31216579
9019446
8852423
32086152
11699824
12579498
34225843
8722191
5645285
10943792
22224076
28859818
10228962
8812071
22349764
10750903
9303762
25668055
32617461
9739130
15467100
19887394
22566947
8392910
33210561
10353634
3966647
19629847
30500182
15936752
11088785
22082743
12775825
10527945
12082299
16624674
20067598
25176004
34498249
16327842
14637887
19361494
7372884
26644532
5598226
6823792
13917612
5072974
28030203
14493515
22831862
20108284
14034196
24457562
19336411
14153462
6301313
19787137
13120292
21824944
14639991
12791712
13975580
20983903
20060875
9549994
11842996
8374595
34082119
5634123
13969829
23915462
7905390
7296013
13658156
15874265
6032554
13402213
23934131
13154690
10651857
27182451
27735300
16461591
5698467
19156576
5513507
25257310
9632144
17950438
32091642
13123903
13017121
11124906
11562575
11240429
13754010
14253179
16012603
5628804
23376575
21104440
15495896
7149248
12084267
10946380
6467480
9980726
34934102
9749356
7874456
14332364
16193218
24666842
6913896
5890436
10424109
17963050
12967117
21200215
10275023
12588671
6859825
15164512
19982848
23454443
15741410
4870943
13328966
19534666
20590495
15293276
23536997
15661337
9999306
13537049
12154220
11226216
14733112
30687394
19016323
15331318
7923504
12867871
28080142
4837443
9243381
23398718
8734060
6609293
12910826
26968460
10702569
15948083
4958311
11727326
30796050
13057187
33848259
24020156
10902076
24835295
15441168
33484742
10262942
13171131
16992216
32775999
13569712
9703135
23512034
10079804
16075423
35138354
6791795
22083526
11489876
15426988
11992131
27087528
8453868
13470235
25571497
14321770
15135470
8985007
7320671
16538898
28506043
7937137
16746876
10342290
6117365
6255026
8632370
8139581
9503566
28036158
7994964
11900881
12010283
23832851
5891617
10729126
9746695
34662778
8265467
20389537
15038306
11986185
28691293
8695658
16702728
19841944
6583047
4879659
34589233
10531326
6359760
26182688
16178666
33143457
12400174
6323967
7479403
9078877
10209385
13175936
13665977
27323973
12790379
14585789
27330708
12837265
14589544
32257629
35282224
15335028
34869110
10981417
9378671
5135005
15296831
28680886
5350742
18370213
5443773
6460539
7618770
12626711
21298318
10377936
5905436
6876360
11923728
16804221
10331648
13846472
9053066
15026918
30816111
5994997
5530143
20856013
7694480
13216592
26042563
21745222
29844742
31056539
12896550
20007778
14390700
20464567
8684115
19121344
12286016
16588878
10660424
7158890
15615478
22711907
13246646
4859123
27801840
7612714
31079954
31307526
35158066
24211022
16533795
6939982
30594070
5881935
9411394
11153884
10222733
16864992
33616902
8123285
5230542
7041319
11131703
26442389
28928527
6462909
14476548
8277057
28140886
9730319
17304034
19775299
8178867
26252261
5946819
24078332
28637218
28749502
34388998
24676142
34593361
5645439
29821270
16410105
20474059
29653888
14911473
34002774
22942613
9034761
11837752
9494697
14741676
9896146
7822672
12044034
12107769
9019888
13809602
15497053
28123684
7885858
8893095
14414433
15806027
8776794
4781145
9351102
16578942
16805619
7721688
16667556
9880969
14898682
23621864
32395911
16256106
5842098
15218970
7493877
11461446
11508159
10425303
7096627
12601113
15595893
17179429
26814116
22507082
5337888
11718916
9242396
10226715
4986678
7383755
8360570
6649843
8935778
7838661
8649331
23420855
12129665
20522995
10117569
20782993
24717983
35326984
6800284
24604151
9907523
33376739
20531104
8078070
7267064
18962533
31481126
8438605
13756679
29727844
30565807
17018685
18048388
11113059
29433445
15415457
14147653
13336032
23833688
10332008
12379067
12582752
8685920
8815377
34779791
14751431
13351396
4781610
18188056
13319879
27891462
30835950
24776870
25667827
28328254
24212864
15870144
10732718
17731360
16069319
10623638
33530520
14092930
7397723
26265188
15819307
5710043
12362365
6142565
14768890
19171381
26884472
10148521
7807378
11477924
34013403
6770831
18071350
19384003
5486295
13533273
13576465
27878511
11057553
31235359
5497663
12700584
25571047
25344868
7503788
23369027
29167579
27084813
12590716
4718507
24400400
10479977
10738043
24157004
25476607
10919492
4991356
13583845
6091386
19869820
8533729
16957581
26403209
25830556
27146337
10452392
33754083
9692344
20956054
32162985
32100951
11448549
21016957
14398055
14164365
21748111
12753157
13694539
6103601
6286939
16373763
30441962
12192577
32003564
9849046
5010354
8115850
14256255
6906553
12265881
7784481
16488612
11672867
8920896
11729173
27899331
6326189
9170219
11741332
31450790
28992907
6677785
10462337
25443925
7932636
15680530
19347130
20570416
20209645
16751976
25235710
15924563
10061423
22448392
10721610
27919617
10474577
15076459
31021885
35495584
13190909
14855070
15913067
10366547
28951471
29486749
32635584
13641780
26767646
18589744
32292441
10558971
26288117
12479265
11097604
7896489
11141622
23521091
15627558
7793202
10033499
15942359
26262362
31032532
14225540
8463708
5578134
13586865
16649337
10562744
8323040
13566544
5390134
8726838
13113007
19897825
31719386
9920323
13279780
8506269
10328309
13847121
10092162
26265506
30862791
8533760
21734659
5499501
30461675
30481145
26517182
6224389
14161869
12328962
11423970
29851126
16250633
14767993
21642601
5960078
21316489
6678889
13998072
18120928
7895018
5889011
19122568
18635422
14388337
25898707
12170883
22252132
34503949
9144476
23579603
33218430
7974868
23141279
10583506
16230762
27250323
10996277
30318869
10949152
16579530
20663710
22539518
33201540
8671968
8212869
30692623
9911346
11587329
12438455
25542379
27118029
15700233
13090519
34962368
11396742
12896407
4629475
32420676
13157138
14862650
14876051
29408374
6202357
7486984
13228941
27998781
10958097
7400939
20454718
21967087
7636280
12331347
6170178
4925478
14344421
15554496
13169018
16609245
18947995
28584826
15161729
20988286
14330726
23200574
10054609
26750411
13926459
27456399
33577125
10334818
34231438
31334488
9924541
10246761
6664414
9449581
8851627
15068187
16884399
33341312
11396195
23352377
11769623
35148292
9278159
14263413
12566874
10755769
21808480
13292841
20363590
22051345
14056951
33736293
14063044
11979211
35414278
24633401
30816360
13815876
35323165
17983972
6810449
34948556
20326939
10687106
14772610
16165696
14437097
5580762
9320752
9801125
12452874
11059749
14825391
21465397
27352899
29211277
14369983
22897625
27029826
6538180
27625938
12266239
7850299
32696724
31629301
31033159
23725259
32357697
10978720
7626301
4892024
16088674
26144450
34315474
15927674
5466227
12124780
26238482
35441329
28410283
14078364
27470754
10463727
11234944
20266627
10837157
14251695
5116676
10231725
11814514
29501221
16945878
32914053
9249738
9664814
8389282
26720720
6811218
25573519
17905084
28276621
10958428
25078132
15990237
15354360
14386122
16443150
33102141
8082054
4710749
15962852
27009480
14725582
5417287
10772643
16449465
7600746
7021742
9435251
15623605
5625180
10354981
5138908
4808634
13798026
9085734
14119144
21560290
22847546
9695178
10841287
13437498
15556175
12592169
10193439
12829981
19890871
8103302
9184481
35330341
34179106
17939974
8888861
15311136
8712838
9480438
15854280
7492431
10654582
19641793
15378876
29770279
6582227
6744189
7703399
30734356
9904416
23391443
8636446
13284512
26044834
8924528
15145755
29589724
5851723
3725953
9821041
33470339
22862852
28321297
33929460
11333599
11821066
26122856
27780075
18748669
28911196
8362472
15562606
5357220
9200941
15635272
26293283
12124906
7364694
7314955
22310980
7324416
7410522
10594850
35430607
12972104
15495143
10961878
12729435
29440264
29587585
15178221
9256164
12418493
13332824
15036925
24312389
26836025
12883476
14834518
7214877
16608351
26495120
11247192
11971703
8441729
13865186
8098772
19545250
11090592
32806281
4941659
22024099
12549111
8083867
21723439
5855188
4392979
17453377
7787808
20520643
16676229
8091861
8845279
35432272
23083106
8145593
17181421
5006973
26202764
29433802
13145827
14464303
28210510
4778748
5792097
7218874
19832758
6963579
9821101
23796710
9666452
5723140
7092799
23850995
7698316
11441510
24339971
11847404
9973976
23234267
8718317
25861366
10140122
10472387
34895378
20584102
10762644
23919104
24646733
7351845
21869752
10350889
8921875
29000554
9624752
12190782
25652131
6279192
11552034
8141469
9481821
9550830
22075504
20995351
25266928
9529219
10852639
14416793
24115934
7621438
13584161
17762437
12190936
25134022
17175154
34461142
14690070
24421865
34446064
7879922
14402132
9064020
12499698
5244392
11209661
28007562
34591225
9485255
10240563
11388984
30930132
11648961
29462605
5112081
12796821
8175166
22223506
26491463
9483844
13981308
30496828
11488531
25910446
32383326
9606722
32448741
10670983
11071231
8987460
9535456
7966048
15138374
23382212
6857267
6732112
10872225
21040903
29354089
5461935
12447103
10757750
12045339
34958471
4784168
11146094
23725367
6784647
7402850
21460108
15652496
5532516
22153930
22665782
12842012
15543450
15090349
31411970
6226157
19440253
12388089
15214151
17619940
4849902
16126291
17733244
33722775
13860816
29381218
29163055
13681666
10408033
7081028
7735592
11126786
9126109
33445631
15037379
4904809
35169148
10327658
13494894
13420409
14421013
8262004
18876811
6209484
23874377
7121748
17638390
15881948
35342161
5650666
13143820
18944530
17148085
12173887
16303453
25553095
8145625
30700741
6251283
8278864
13931495
12385742
25969963
14767277
7667333
6113897
11225233
15480674
24369545
31430552
7083254
11079382
12728703
30036196
16002144
18772360
5100472
32979465
8602617
10473965
16122099
21753907
5683227
6925612
8026388
18966967
16636380
21510460
11937203
8458117
10513227
13131199
14883901
25429072
27118203
5283360
6231809
26848184
5478086
6381090
7893753
12631991
13330315
26679677
27516939
14317126
14964684
16173254
13358583
24416252
6765565
15376951
15726017
7614344
20925292
12140053
13999622
23308775
15219195
14409619
16236774
16292432
26134688
10945446
29175808
35122967
11637322
14942671
8079027
11807274
28750972
14585263
13874333
11354807
32467587
12309652
16854909
7331473
6780796
4725435
5862958
14698390
15864736
15467915
19820341
30973012
14832487
9340601
21274528
22781276
6776084
5005336
25422595
26813810
21709024
13528406
14497541
9496406
28726258
14023591
31425773
28516969
14042561
16681029
5067228
9752933
24268358
4737339
10536698
5125251
10974036
18300187
9652754
31371124
22492052
23718545
6447404
14098095
14128598
29237890
30506296
11981874
26416373
12511224
5705246
12365352
15468807
11196519
12780153
9130059
14699015
27847344
20033818
6435809
24188669
27524613
5331062
13249351
18145993
20242129
8000091
7028021
15803627
6107819
26014321
17111946
23400833
31114037
16009819
15505325
22903694
18863446
15105394
7943898
8365494
10254002
15967937
19412125
12020685
20856829
10969402
23360540
29488153
30790365
31475315
11961386
4873299
24994141
29922634
8419563
12017472
7459992
8572578
31569259
9491177
11908932
19577575
12573120
19140271
7980469
8324998
4915448
31462895
11502891
33941604
23180612
26044396
10889395
8530352
19424335
14723808
28497445
9994447
19939831
31942897
11060243
30303626
7042371
6046839
21981115
20738428
22487738
7057553
25483192
7801668
8842756
26532437
6553940
33563556
8366801
12082208
28341925
27433668
32878623
8679044
6450880
20784328
15500875
11167224
15556116
6033014
23557787
16092241
31528618
12939020
10963937
12959133
15250536
29163796
20968597
16387746
12989808
6228189
13660600
18927040
22703918
16169374
11985950
11017385
10379094
31521632
12034858
19133962
14390015
31068236
7777778
10932488
4862064
34783937
9395154
11750121
11371124
11977110
20869555
20107378
31773872
13984630
13676639
6993190
14575156
6365625
14084179
15328031
18454000
8342032
35138192
6741129
11111824
28487104
10927264
13643121
17695255
5528707
13390051
26125553
10809519
32644368
8672220
8229449
14315013
9171908
16880829
17958916
5135854
10636133
8065352
14763788
4922412
7454170
15432681
13814938
16516956
28972690
5811196
7880256
8407868
17040546
31981808
12157919
9669867
25495138
11148203
25133338
34223683
6170104
8124012
6224587
6121719
14253616
10098600
14619421
30104006
16634766
30369776
7195709
14806440
9712495
14974779
17263615
23564819
24300485
17235199
9582426
10223905
11980182
14145980
10877664
20614345
11063799
6162615
10496566
31465889
15375347
29748367
8092652
32697288
28370719
20431000
16025586
18911233
8134302
16008680
13506940
16223424
17373952
18319876
11772873
14558470
23311925
8206028
12485990
18671827
8582173
5551180
11412041
14999537
24583352
15418614
20658568
13509678
21228304
9442591
12224126
28006284
30022477
14332890
7583196
25207129
35395564
8009150
14161322
19856455
5806677
11478730
7358574
22638344
4954052
5636644
9368234
7031782
14995095
24202028
33766002
16874622
32447370
15047556
15745593
24205505
9685895
11768159
14537591
23309813
20817820
14873694
13411545
25915579
10810991
26165558
10377074
4807480
11008075
16016725
26460656
7501530
31016191
33043236
33838254
14592281
14878947
32713419
27467616
26563562
15196511
7944251
9439221
27188274
12295780
9253238
33650733
18158782
9498436
14713965
15011695
31646324
20099221
681071
13730061
5143470
30991339
33181278
14339662
22893113
27518679
34306156
29675038
7571074
9951406
12827752
8534338
15695132
8008790
11030844
19276717
26224079
28128046
14510290
13718705
34028841
13004918
14212586
20359744
15644919
21927682
10800645
22839683
33490985
12394065
5467726
15636802
23021204
14195188
15256027
4770786
7540410
8156475
9315422
15280806
18083599
33960684
7207226
11517577
10864389
5585266
15440441
17533969
15760505
19928287
34899911
9517378
15991127
26967515
16583103
28739755
7468191
7197336
10979644
17532595
16973370
18791611
23637152
16871883
7072620
8729164
10525468
20878417
10175192
14561907
31140122
12594618
25280272
13602214
6850339
7874798
9526254
8707193
20921350
12345427
12275391
33510236
25339150
31923064
9077923
22458523
26103874
13854292
26720744
5491808
6874073
33884853
21748543
9800630
12032199
9336109
32227290
5197206
26038468
11059266
11476015
12214170
13243869
8618287
22259317
9800546
27397026
8060102
7575616
26313854
31956671
34720032
6428198
16037282
24525527
9823866
24479570
11004562
21624934
5494445
21159064
18365131
5225891
16271793
5148535
7066285
14509556
33920697
14312518
35462416
10259850
7926177
12711729
7316394
9234929
13774858
15412696
18493297
11181091
29719816
9744411
11623590
16471473
21815716
32656908
8668366
10311432
13310860
14242793
25181905
12308518
28892326
34960961
13189267
30278282
9635009
10161785
14290953
11331926
14040766
14810293
5801199
33130314
6525839
14129984
20390704
13673782
29813938
14049934
15693817
11980816
17029827
28378339
26592338
16271004
10059943
11890136
12162007
32537796
21437809
7208271
12868960
25399243
12986076
6743541
23337119
13891682
23252318
11089909
16262112
10357310
26272211
15288696
12648133
23706170
5262776
6398416
7522507
14128139
8229517
17668099
5937237
34070050
12889792
19138123
12334883
21700843
8070440
8833851
4770240
28205476
11711642
21638095
23196464
22295044
8246769
11874719
4968804
34145848
5451902
8401831
18534343
10103730
15435629
13457431
2320308
18090376
28198693
6994910
25458100
29118007
29785927
5847801
34075159
1852355
31981676
12539923
26155397
24073388
8881737
20321239
27486339
29602129
7843388
7275645
11563785
2035730
11836602
9080450
6580542
9521943
6291879
8678666
8277964
13550449
14448384
6614911
15976788
17800090
17942929
10481439
15603464
5933554
5507850
18532801
7616244
16009891
10314263
25300762
15464935
29548225
7789032
15614141
8926686
7608566
9616463
27203829
11496008
10002720
31384517
31401053
9874980
8088340
13702455
27581256
24388040
15196370
32185152
15765468
16125079
30890502
27504150
6046553
10202099
31189531
11747216
14843226
29334406
15347920
14377152
14473655
15570076
29488588
28271074
23537015
11292930
25174819
35495257
6733162
20557864
19794160
14839003
11472827
27739746
4809141
12157481
31718360
33475022
15477804
12141939
29486341
32855637
10497017
8494351
5200423
9798690
16915820
10124010
9919998
14689128
12737489
20878384
24431807
28940593
10739086
35073362
22180297
8477101
29464468
19821073
31549246
30037249
4962512
21346837
9718623
7192440
28452658
27399108
6152778
7958080
12091675
12106850
13528299
21669340
29154406
6472501
14105777
32133915
28210999
8611657
6201518
7972421
11901470
14006902
24049508
10169083
4930893
5487666
12685424
16140903
9382255
5467619
8948068
12324118
6865100
10699009
12700400
5548797
6555227
4977079
9023387
12565306
15954233
19502518
28093660
35500696
11684575
13946050
10070490
7204538
13761915
22501868
26391443
24520406
22933952
22937360
12156074
31662734
30676906
26919152
35046176
14434561
15963167
6003807
16090868
13401560
14952077
6841068
22737254
11749607
11319676
17774002
22065775
5046341
28067461
5491147
17860201
19648939
26506379
11249526
21761062
5149665
13608608
13850239
6614922
17321086
10541053
20308174
26731526
24505565
9403251
23475554
25148692
34215835
19867126
15746540
10878473
4808516
35126282
11591616
7387298
7378369
8545166
10066782
4819351
14917902
32325093
32313465
9613266
8495845
7678762
7628045
11773159
28704601
28266793
8374953
5346341
12418992
13592029
13595440
20259874
18394351
11333710
13042670
7517976
9193436
14861949
16274346
10156610
26669075
27151251
6329621
28509136
8300576
23273306
4986636
24440042
34521955
32116623
34220518
5758756
23678801
6760766
11540593
12962776
14030515
31293836
14995046
19974520
4942393
23236700
34309813
9909683
10098596
15376147
18158767
22076944
27771447
8502335
29024425
29841106
5340914
9614847
31561657
4906621
21116071
20787103
9768670
34834901
13793624
12824031
5398685
18954763
8755525
8958582
12799774
24838340
6769271
20505229
34269274
10887076
15149769
6098754
35331097
5648010
1433096
13315187
11797147
14050053
16753707
25047313
7234850
12876507
10062817
11219159
14356053
10885515
13081609
8843543
28130428
15320508
8977468
14042526
9679878
14917679
24690566
27423480
29364310
7277393
8986761
32151984
33862452
14915067
6259766
14020468
13752871
9530938
13863884
9369541
16376376
17682991
23338001
30115199
31316463
12875503
6650884
10455426
4702628
6842181
8290658
8413679
10592580
15076223
16245023
16432860
12585404
13530914
10197641
9624808
10446847
11233480
33922353
9900590
11945242
23863793
25040830
15196482
9132767
9289701
31562500
33595755
20317972
16049700
22060942
9284948
11921778
7413057
7460562
8482730
5867446
22952930
27691746
10588540
11811280
8766180
11686789
28249480
31839611
30184229
34975532
18262024
5327884
10137202
23137616
12377684
13490380
6014716
6990784
20083933
33371447
15917423
16518189
21785665
8522512
21088174
29793088
12620492
6608086
13145666
16437261
28958758
33921243
14836525
5301251
30391148
12071574
11258152
6418127
6250768
6580333
19453321
23130362
11954511
9613504
16135040
10247327
13859870
11932819
5289066
33116784
7163635
33077181
31100681
15053215
5609239
11078695
9990866
24907802
10933177
28242241
26416235
32594886
7309146
26350658
6161459
1194573
6419243
22930949
6178758
5718953
7786709
35153878
25197901
15755970
15116104
9627211
13246745
14749368
6241319
10655847
29928829
7067714
12758282
11628356
9039658
17604799
10535920
34842263
13478367
12530848
23016704
6358905
20758861
11268701
31811192
20592217
16207717
7403895
21276775
8175301
19997146
11889435
15054136
10603024
19238011
4919755
6816236
9233377
32930409
20717857
8785484
20176654
5168376
9082611
8375494
21334237
21792589
9723954
23544380
7316981
15014365
17558434
5741971
4698141
12761673
15417606
14413653
16135444
7153154
13032495
13637442
20637937
19384873
27790917
6886407
7289446
15797826
9705002
10176024
14168206
34385671
35522191
5879946
12470146
5089052
8807688
3087287
6381797
6785878
15027032
5657770
5897007
6770989
22717190
30992320
34566994
19496497
13538245
26996805
16075572
34690254
15891390
6516130
18102973
7844664
23118431
12269253
18594631
10995379
32464263
5299335
8740392
30166424
20083975
13658559
11934848
5574369
5603691
7495691
33365018
15455185
16321713
7626725
22804085
16201793
27385845
19761655
16540992
8001758
6129059
28985881
15736047
5653311
34594210
5610924
30847929
15482869
8408291
12204504
21525160
9880463
14083479
29366692
27537276
13945311
5023961
28701934
6793702
10465819
20347180
13949820
29687485
23986808
28465276
10998274
10881600
14833297
30264071
5282554
11637333
15143049
32122911
34299493
11558011
5574156
11623510
19601812
10316674
4737993
15740523
11016296
13046728
10357075
32330124
12586366
6484968
9359696
7162420
5576407
33992133
15857762
2424294
15447365
24616631
33811980
12789331
8504641
10859081
8180680
15598012
4799659
13394506
18994603
12635893
19077730
27475764
22035940
9839404
18150931
9780843
16641021
31605934
8117238
14012437
25486849
35036708
6202436
5343338
25536358
25692223
5853653
9674699
12542132
12132849
5305675
15251102
15319756
15464840
8772537
8371451
14868157
34279090
11007693
12804162
12435130
6680138
9242491
7410410
14676518
13740124
16071202
5920246
11464922
12284429
13499565
6681647
6844296
8003279
5995266
8457277
13230172
12160011
5909346
12229994
14001352
11234992
12727752
10130359
22868801
13220391
13636888
12253489
5856193
15508351
16129058
25687234
5735883
7836468
16145006
6251877
8510203
10750458
13893697
14581161
20419333
28047999
35392423
20018932
30410723
34662601
7724093
12788809
15997590
5651068
7751318
4594452
28154911
15695761
6709263
16826844
7570372
8626916
10513902
11906717
13609900
15861926
34393642
23938646
21464725
34362820
5883672
17914522
8942543
8873102
9074066
15253516
32664543
13890283
32007596
8418409
13235953
16015902
7160440
11616488
34129981
12514841
14192231
33843507
6051079
28466506
31891423
20395975
13671845
19482433
33460235
7888285
15975151
5839621
6038791
11532170
8146292
17745319
25420441
11326692
7731332
15421694
5416446
20800147
7185092
30698695
6032090
30638506
3331300
7585324
35358247
6342873
14829497
7121309
11989259
14532009
9259327
9727625
31968170
32674521
6375598
6262298
13817754
29921971
9818940
24128411
7385536
10253504
5750468
15803370
7381095
13368114
10682196
34944881
13107900
13167297
17101818
7909247
16006611
21406921
5712910
17737912
7933147
35089829
10431113
11307198
14846098
25409053
23063102
5895809
12942036
12916625
23381321
21766054
4990059
7117056
20802745
9762791
28716058
10815396
21211939
6497820
9481355
19443835
12595835
15590187
26073031
31100996
7259079
4977940
7854264
7536965
13826158
14478375
5147318
10900211
9873677
23049320
26722451
20633833
20775127
10831587
6134835
11223972
14400997
16020275
33338357
5932538
8930624
10523474
23578049
25696282
7645393
10963267
13749936
10840945
7971640
7104896
7832832
11019646
11676589
14138302
7886462
9702234
12475724
14556047
19184329
30596824
28231684
33855420
6850879
10626379
11914822
15492776
6592967
11945782
14638920
4804448
10850451
6052309
32725509
4863519
14448029
13642734
31164680
14449285
14411747
12680418
15852263
22879442
5153251
13408755
21149722
11277685
20127745
32272365
28069885
7483126
14974576
7049125
10206638
12051649
10420767
10013673
6449138
32258919
6088551
13280578
20414416
33409646
8739889
11441284
12290394
8185447
14648123
35253037
5931702
17642350
33500321
11328201
14313541
13878827
7096677
12586365
16129621
34179250
24826277
9947207
19144117
25474045
14947190
6468876
9161749
14621064
14358997
32125734
15059114
14564488
12872805
35235637
14612865
21735745
18861361
20850628
5551682
7483931
14765071
27539325
14932902
7853544
18386506
11946274
11971179
15066738
11322434
22058416
17060784
11927031
8796950
16221588
26360390
26665466
34158181
15234847
12352224
21025396
31791269
8296695
14953480
5900183
10621434
19061188
8649441
16535091
12859887
29001688
8583096
17208616
19109398
10130090
12340556
12964388
13315279
4881452
13666137
28263802
10001183
6841534
15975565
5907656
13076998
7870938
9016490
8595880
9506112
10243763
5249977
14790223
13496316
35421001
1727634
13606011
8199721
21879970
24571208
21307027
35191207
15009162
11890126
13074981
13929387
7961831
6435129
7397299
6533162
12339793
10254259
14241500
15178598
22310284
13533208
27789840
11928432
12435028
12911085
14657441
28710880
9804824
33145074
14495285
12379393
13209384
7382763
29804125
31852853
7538415
6443744
6031958
8799842
11412729
16267990
16162068
24530420
11928782
13479286
6981464
33441581
14974644
14237246
15267294
29662327
33689460
14940976
6618606
7186936
11926103
26768648
15670364
25258945
13275636
15619876
9014843
12548596
20187226
15703099
20004919
21030514
26783567
15837950
11548797
16171556
25881985
13218486
7016186
12277877
15420129
15320522
25666468
6311463
17582872
28329874
29863486
13220480
17935576
6274762
34526986
35524873
14049923
34264735
7190270
14651259
25896826
13937851
12982258
7597627
5374720
26994900
34280212
6189769
31135853
20400913
12643245
34405363
12467332
1744165
13398886
15835358
29608015
12578073
25549258
33576141
7489869
7916860
14803462
28508599
32751612
21120496
8331595
9252631
7903118
11921849
28503112
11245468
8559620
13257261
11306538
8636359
6496896
10448133
8660221
27432675
33942162
34905716
17556091
7402281
29951011
11193990
35535808
29925895
25624900
11772403
20263114
31059371
12630396
33655215
12371221
12948968
15236446
35087009
35227624
6638223
8918824
12282461
28937068
4957943
6108143
10157784
12418470
34822208
9690486
10454033
13977648
5521747
30297152
30588280
6024413
22221022
10001553
5718701
12661537
14610387
6844753
14512323
29469061
24508076
31083770
12549389
19469307
12693076
6684270
15840039
15383298
12912355
5637229
16894053
10039887
10417042
11880423
13218876
7066021
11776567
20780518
31400048
10376318
32196948
16114198
8240089
13786835
20601970
12876402
12825399
8464122
7610812
14809458
6217215
33771264
6516773
11664416
17466655
8870251
26353025
5944874
9078573
16786299
14702215
7072676
29098639
30402134
33447485
5922912
14343016
7297681
12794113
13611814
10693225
31300888
13155847
8562835
15644695
5766211
12726272
14138307
8553751
26167664
34177960
6672010
9814607
13652606
19630567
6102172
14976471
9387856
15339106
15688817
16810761
29288353
5605599
6877697
9411102
13135733
13953235
20572696
6233651
11783853
12792059
14872169
19566088
15343187
32252622
22217284
10237405
5697097
15198016
13605835
29016064
30268622
10327813
31411664
29389756
6817427
9492722
11284561
13353145
4791553
6272806
9773831
8340940
14519846
26478680
9428081
7916932
8620554
24619253
7725089
24155366
6496112
11999247
14623883
15255624
16336785
30837504
33267033
17198788
5828365
9625678
28178185
23464631
11260140
16104498
15397448
14889662
5205962
16671543
16035037
15631535
8101891
26934644
11853739
26947466
13658085
6724895
11528433
7690099
16159799
10881156
5757256
4750406
9975856
12695013
6985476
9187775
30241328
6665133
23109953
32006315
33657525
34996535
14701973
6687115
7849948
15497061
9138877
33192363
24781949
12515163
11803542
24791921
5282398
14472144
30108365
13080770
14924196
16231695
7869791
9274307
15966846
25852441
7420691
16231445
6174808
20848351
25328077
26867276
12473857
33213306
16160367
12347576
14979887
13470868
20894239
13612879
16210696
26195414
10705149
5177565
32142183
34810811
6441777
17103198
32654913
33701712
33532650
31653593
12062569
13105779
18260155
14268204
11988550
18150628
6242167
9294586
21642946
6694379
7801997
13241934
11304491
9950098
14328701
17890783
27973617
8994707
33393674
13101001
10774060
17221762
26551454
6894117
31407662
3686362
10220174
10339328
10524714
4901229
5774709
21982420
28597162
29660755
27855186
22076050
14366693
26290553
35133032
27284913
32162451
9167076
20130361
12567690
9010630
20533165
9101557
5777315
5735129
12969185
13587671
31616335
18167575
9603314
6919958
24811196
29733550
14400057
10703112
4891822
6473323
31430768
11369841
20734087
29994982
12864220
10897392
15444642
23173004
30157223
14561853
1714135
23819378
12263228
6824157
13676602
25810804
15778550
7753281
34919060
9698466
19551577
21838654
28860067
6718712
7881096
5290245
14021794
11525474
13158009
19355407
7948293
10629261
14389832
9416433
14428586
28378105
23590562
32300321
30907053
34644205
16265065
23511278
33259731
5123369
15123399
15425473
13912799
6796117
7335499
29235166
19138132
10342774
12635324
13133036
8417732
18547336
10180787
15178154
11105949
9544384
13366732
8744155
17221339
22986188
10414582
18817327
25931971
6673694
19886638
32229642
31169174
9842395
3884001
11707091
12028350
16175171
7733256
14939968
7188471
13560617
4807667
10861204
21808804
21943342
30636142
8128575
9346716
5080265
8156972
11051321
16858749
18156229
21519907
34738131
5822683
11965194
23923439
16476336
13343446
14099356
32516706
6153472
24579443
14457522
7132747
13648005
17151916
32927877
16324266
17966008
20189779
24855074
6749557
33132240
13723765
6677409
14086493
23815562
6500417
20889580
19005271
14406618
34276339
29269123
13383158
17056500
13655800
34402642
11393943
25120717
26387933
12936384
22940759
10731401
7662001
12037803
6714763
14894558
28693219
10304579
15529742
27068412
6072903
9061549
26922557
23744060
7953127
21011077
10223867
32510391
8850063
5863680
14623834
27631329
11379457
8922405
18040642
14094203
32703873
31578199
22686932
21582697
9012236
15244195
14120860
13677685
13444093
34750332
15466005
19751080
9017544
15719436
9791783
16039548
9576821
7853431
11651867
23089631
22305922
33970776
9089216
8143783
10710415
6065852
14039040
5407890
12462324
7487717
6280712
5723111
9318669
13787738
14372625
27835833
10761544
2981608
14323933
10735178
20383399
32970315
7457594
19119496
29103844
35222638
15644602
5355145
14159995
32219835
13738086
12796961
16068377
18847456
10786623
27336708
13095822
34356481
9934529
26914109
26415863
13810013
4800034
10929041
12136989
14759096
8059579
12421467
33504947
23524019
35222305
18949894
29527993
26700845
27783573
16563369
22941722
31372672
30613597
14701275
20626096
31214179
23924213
12493194
14948536
28335622
5960086
33544143
33408887
12574199
14907928
13333685
11810390
12096272
15162654
29081683
35119736
11955836
9088786
28889488
9157163
21746065
34089238
21973774
13661030
11498683
14362157
23728463
25796638
31147202
5504966
28463464
7601625
12204252
14432821
16910970
7858818
11814971
32708697
11009696
11621562
6084517
7714114
15752538
7196836
12444737
33103347
5500175
8738166
3026558
8918392
16237956
19373740
7254114
21222562
24387749
25957666
30535612
28600249
7953731
14812655
8803455
12114659
35339326
19769398
13971748
9469403
13288920
10304447
11358007
24355262
10514028
6666477
8955235
6398166
32951358
11841008
8417151
11896077
7992662
34595827
11175458
15203561
5338554
10841005
11196810
15635598
20137291
7989256
17485963
33320367
16022232
10142083
12061231
33180135
7347252
31623463
14672838
8371834
35267980
11500541
34710981
13123954
5529025
5905480
12851204
25900924
6001507
8281787
9153149
13152597
9923475
12448677
11603118
34424314
26812115
20370403
5928235
8915656
6937190
11858600
34118005
10381666
24773996
27092505
23933609
34731195
17724496
19994665
30611536
10770901
13941661
31504328
34006173
33287856
19969303
26186531
12803733
6769324
11966725
8077453
7298259
7752246
6459124
7182025
21859477
7402442
24625142
17274226
9211770
13631271
27125715
10361829
24299495
17759821
19882261
5863976
7202312
12960732
10179453
12441919
15272731
15051781
7001619
14208440
12673364
12857738
15064748
27065598
6889651
14517662
11394672
25425781
31996823
23253563
33309492
18151237
25874803
19474987
23875136
35363083
8129291
28860670
7225095
10404695
31511372
9363423
12195955
14021158
14913889
30171818
12143204
10444090
10315002
17195575
30429728
8063634
34862654
5732377
12537800
19195342
33802497
4990364
35005169
6976849
8841389
8845458
11826454
27963279
5522205
34116445
19993303
8613146
11021561
12384808
9820720
7968237
14233447
7341856
9489377
9191369
17337451
10607446
24605621
9544886
8112829
10108040
14103058
25769776
9539994
12832038
22723436
13872190
11499321
22600385
7823193
14093982
35103944
8729513
12608536
10530693
12525165
7020914
9353148
14643029
19913137
20503366
17081217
6452118
10373230
32795964
10397399
19034125
26997240
20589415
9832077
11134434
30195125
12599323
7952752
9139204
11229529
26790221
8407617
8474257
9419558
6074290
16196138
19673569
27901182
32710323
13776517
22428991
5813699
12194429
13615493
12558328
21872320
34542691
6068541
13185251
10805885
28243714
7326945
9818176
10770579
14988380
27005814
32756418
12962715
17873680
8861411
25617367
9373954
28368952
6526011
18069121
23126777
13651693
8353234
12302579
7810034
28066798
10663233
24814442
14083829
11740223
21162469
6817658
23896298
28118416
30328487
18408073
11692978
10718920
13446729
10031563
9768393
13819157
33934353
14189018
9733018
19640086
35330230
10134713
16151381
17885059
32216058
21768967
6506526
6732771
8207103
15099649
21971260
24426305
13705893
11292653
20025841
7802808
26835179
28562725
17405800
10412979
20668075
5997660
6326803
5022757
16219246
24979261
18209020
10683679
21105406
13782085
29942212
22782911
30067945
13727478
25539457
33144429
15640749
16091113
6350715
7362568
30446165
30528826
12910798
22236754
7165511
32904894
26830748
11822028
27746355
8652219
28761757
20897374
6862126
30737785
23028419
14213979
21526261
17113638
15409650
33936726
34620280
12338247
9981746
10368781
13764629
28133695
13436319
8978921
9623575
13609666
14137021
15249287
13437765
9378001
9592595
30439247
27352107
11199715
11429467
22971347
11852688
15189800
8048327
7766618
12283082
13839772
10757412
12040806
12764010
7637632
10961702
12646253
13202433
5302669
33177741
33510041
14681107
20489836
13809556
23856209
9594260
7415497
35343508
23002718
20797069
9694891
14522454
11983792
8497726
12114057
10306138
15370903
15532062
20668999
30955147
11671359
6854969
9939372
13594737
14826870
34050901
9147707
13027784
6077781
14302063
14916701
8859828
20829352
30029086
9720566
32958678
9291770
12335165
17489404
11355097
20334733
15799669
12318413
18900931
11950134
12211091
31000780
15573291
8588465
15019363
4049374
9931788
14349084
21009673
11417800
13374924
9947953
11836244
8846589
35332615
12565816
7646527
27792399
8469217
12962792
32985021
29866861
10565943
5651553
7066709
25308307
25484584
28982971
11228575
24458459
29097676
5131559
17592919
20003044
10449281
17644174
8394741
25141033
4995125
6007255
8699112
19450534
10990414
7393774
11825627
20077282
6344127
19953301
15944555
26189591
15620133
17133831
24414755
34621327
9376876
15103406
21345454
6117475
11757550
19750348
9831269
15677982
10061557
13533527
34735704
9928758
15412540
21909136
22161457
12373829
13634116
35036270
4772967
10017684
15456971
15676171
7871556
17292700
19763086
9077958
4769655
26223173
4934506
15912128
16339533
6522188
15458730
32297682
11453506
12480036
5612692
15159247
8830451
17490256
5416718
9815733
30809772
7974515
21650863
11990787
27236589
24538334
5423161
7875580
6323823
15414996
23755007
8887696
23784365
32816979
33266655
17868199
17223511
12320647
24928631
9865741
14328051
22664513
32179632
8087587
7434083
6197863
20237887
30096743
15131337
19868008
10466649
13550614
18238582
26679176
25891798
27215655
9335781
33169311
18646816
14503084
22996166
30301472
23862962
4829515
7507195
22999292
14373670
29346952
10095831
11704198
15878628
17717563
7573940
9075344
15004505
9149816
16727352
16351587
12456896
33385949
34024518
34114489
5617894
4853156
10764863
15982895
18272437
27894756
4785019
31435457
13541897
7841383
33361751
5153990
8367261
8541441
15304575
21297022
28367914
8830398
16623333
16099393
29032360
10883797
11539494
5671442
23430419
28927240
8999706
22587644
26898269
5872936
19971073
21085945
8672232
10644018
12922354
19221202
9079206
14772011
19156006
7228778
10581233
7037091
33840147
4817869
15897922
7559566
24314750
6184236
12840977
15520257
15207233
15302106
5959207
34102051
5616536
8153926
23327438
15696337
31842038
21013471
32207493
28093741
5693691
24379466
5000454
25641433
33967455
22370623
7116882
32660487
11240535
32044776
13898202
20219335
35447398
7435448
30091481
17986672
13627178
14528791
10983247
21596365
27055437
28764421
13780032
4521302
21326944
10710928
12517259
13487575
20294818
34955810
35182522
4568281
26921447
6062998
1890804
15700793
25952710
4895209
7540859
4758423
5924587
12984268
29043139
6181317
22183459
7510843
8318643
32357670
10795180
12097859
15212421
12248791
13158918
8175877
6267336
9526664
21664654
9136768
10702790
15678941
18781498
24963376
33648135
34768211
16858488
8000941
27469299
7484047
4820261
12844388
7555651
12406959
11002431
25693516
10026255
25401571
33831654
5806508
27420057
28521304
16248665
9967153
14537908
9017937
7551764
14747933
34983704
31329760
5230604
11327526
8367678
15541383
22303783
11301891
14034046
10226599
30040453
1484756
5486745
26104915
10604276
5902122
12464060
29299105
12027808
9129962
15285763
5627945
13633613
8142837
26229707
32871210
5201873
13496024
24353639
15152232
10133264
4686625
16047460
6605140
18646081
34960265
6512211
12251044
5241886
5252801
30862971
32663775
7301219
7664187
14968104
7357808
12172557
15399667
29403763
16010125
17838463
32512551
10183006
12603061
13095248
6318202
19420981
6888744
14976025
13913586
14101925
24886838
27743439
30858645
34220644
29908318
4928624
7480227
11173643
12409147
19576513
12293533
10624023
29536198
31163837
14805916
14606842
26750120
27353835
12989656
24956572
19735333
6708634
14725099
5153774
13446892
14579443
15387232
22203790
16848393
7889228
11507930
15404258
10199843
5415025
12309313
15077342
15103742
15662502
22531235
9254351
24305102
14249789
30051943
5387364
7379077
7467129
12274959
5480251
23830067
6569949
16192958
27356280
20532622
33176142
11693687
26466809
2126457
7262626
8654716
30385154
12162689
5275911
9392944
18508396
34573627
11836577
7649259
9316612
7080931
17817952
25091245
34251985
6655728
7341066
25355302
15470745
8929657
23265398
15812895
13371948
23137535
30236516
35361529
4709584
6252340
5092466
28044741
12913366
28070401
6058060
32436723
15847755
11317890
4702210
7965356
13379533
5647254
7131671
10417223
31674044
31855475
22697036
19222321
16007482
22059487
6461177
6702483
21077389
23456117
29233972
8000171
23053856
7877004
24251954
15773994
10090799
20498569
13539462
9772933
10270695
15708308
15996242
7233955
13332652
6159550
18121609
19301818
9750642
9826168
4708408
30592888
10061056
6079843
17556109
34298815
7596789
13004394
32114217
25291804
34400563
14807598
4741835
5484376
25093600
6368062
14286204
6485621
9152849
13728770
26582579
23724533
6904874
11769437
30022966
12321789
9165056
10684528
9438234
13055643
27797301
6123708
8063661
24932717
7450899
27477375
34132861
17179849
6065814
7652373
15031320
23102852
5408132
32443020
9884013
16266006
13161003
10508043
28122151
7761051
9073972
10530728
11334471
26629709
8764718
15321047
13299665
16279605
14504577
16127250
34694607
27263157
34745292
32019599
8203301
12291981
4755513
14833220
4880998
31068884
13775896
6800106
26334446
7515590
13979465
12835383
8999564
8314791
18344473
28172632
12386281
16669119
17381731
23021921
8536142
14960786
10800589
10637214
6113972
35181067
6957292
13508563
16837626
14137567
11832747
25614388
31378718
32188653
8026724
15260281
13072840
24079550
7096439
12721112
14146471
15516796
15772838
8567023
11642883
15174047
8681235
34893752
10129583
16805880
9857197
8129114
32483493
14330925
24428588
28536118
31902589
25472338
11309401
13364124
21054295
23091422
23708036
23995469
6232108
8666627
10838873
30697954
31214032
33001320
28905223
14957827
9219760
23390219
10313451
13430602
27279198
21922165
22175770
15178185
13692421
14801451
9565636
15458020
6843063
33103248
6465279
9799678
7323706
18266011
21294781
6906024
13405596
20926870
34217809
8823598
9861122
13221615
30743367
7748676
22024312
6638149
12944200
28750738
25497640
27696657
32971599
34568599
13196334
9883556
15710361
19496023
11481686
24882404
28756357
12564793
7098554
9653027
8014222
24315596
9010795
8181862
11613232
14649604
32462637
7943052
16198686
13257443
5394768
15950857
5662300
8309090
16055335
34319614
5484604
9025678
34264276
14053785
21499135
14343587
8372354
12014493
24495116
5606950
21061348
12239382
5723556
32746107
29803888
20279485
27131802
30695083
22713104
30876054
32607573
31122722
20344684
8427221
6475819
18363889
4714335
6948713
10080948
22864937
34013286
4846753
32840463
25429726
16182947
12869578
6804367
12305580
12749311
29705374
7183865
9210507
7403464
4489773
7525856
15981627
5340112
23573279
24808730
14168068
10975232
16262195
24027674
5786572
7595183
9295613
11735518
6405651
12422789
5270345
27590832
13905648
34769672
8101145
6745364
9196810
10444956
14471080
11774238
25333228
30942064
11339360
14404929
8113728
3483053
22984250
10752732
8257090
23978234
9726414
25069747
25888309
23647391
11369767
24914063
8001793
24689564
26985731
34793207
34994696
8373539
5486158
8854892
10703286
25308841
31842686
34270657
24048422
6113865
11192260
20380168
25070518
8819193
5530540
9507345
23750645
9196178
6305892
15329904
9239498
11073193
4964989
5143871
16211105
5941363
5132192
30432620
5902081
6114765
8970835
10507143
5599558
32420433
7116935
11395048
14282854
33839655
7796842
14661435
10414604
20560672
6375334
35461588
9732195
5692142
10954717
6076462
15419174
13743987
8570796
9370167
9788012
6422678
15802276
26231741
29064853
11321923
3309207
12353846
11095100
6608458
16179788
7488136
15220692
29373247
25027189
4731345
7815331
8112055
6568545
15929054
11116717
14610390
35234491
14613115
6754570
6065502
14199359
7485581
21865003
11539165
9774463
14479355
13903418
6317674
16184662
4958548
6977658
11923607
32632104
34270051
13892782
8192821
11210394
14411759
20417335
30366395
34891778
23092670
8142222
5993030
9461928
30436916
8648060
8240506
8746608
9572547
18346666
33672567
13103722
7921900
10060349
12636434
14974727
11047173
13432591
31632592
31761380
34865858
5492262
8671056
33368978
29329696
35509360
29093080
12718823
22930739
7095373
22029505
10759673
11431868
29536531
8237325
5692999
7151939
10133707
9387261
28577101
16901115
31608685
18682639
25979392
7251167
23322731
25041589
6063539
5618103
10157825
34219246
6350830
12781741
22918490
4800613
14070602
12543135
24465788
8181899
10869186
9918569
11506786
13105414
15667734
7434834
13949201
12463400
27591819
6358640
11065836
21887167
23067704
23872073
31479668
15786936
30693202
21192943
26297915
17534647
24995731
12540790
5013847
12087884
13167605
17333896
9936290
17129067
13260838
6731706
18391408
16575933
13106158
18053905
21172720
9031515
9596471
32307021
11921724
14402233
5488480
23342108
14780128
28049847
23450309
6453401
10316426
23825465
11809286
33776916
8109952
18868576
31068155
10775494
19903723
6480503
5980710
7767154
15885903
9870879
6327051
21311887
7504398
2108638
10848986
15940832
27109569
14924616
7494834
8672216
7889132
12903729
22137037
14534589
12076143
15713385
9894602
6724762
27519930
31616989
33253443
12341794
8291120
12791696
19613365
31014871
13998063
7065489
9466310
29601703
15029453
16803390
22266364
23152892
25662910
17246236
26173688
27378195
7808720
9921010
15885855
8127973
10214994
10913541
24168419
14444732
6679442
13463120
15751075
15910445
9792868
14824128
5121861
12462634
9134998
6058039
29479666
7683612
9902799
10459624
29060986
25008862
25781944
6737444
32830542
12925897
32444712
29076931
7317171
17195395
11232780
15946355
10822861
19849378
11638431
22297216
12873538
34111390
4963899
5884078
24930194
12540808
14513503
6235200
13998923
14017808
5575464
18322498
32364954
15142391
12762660
21105574
5937044
14699068
13041713
7019920
14340309
7916381
12600735
11779501
13240926
7293269
23310452
34975871
11852189
13347901
10731065
30089810
18794653
6943179
29764927
22160926
8925637
22953443
7912296
12342369
7063555
10812494
9712991
14822557
7593186
9491847
15322820
21839533
13264505
15320450
11791813
6051544
5467926
8808052
15824822
5900452
14869587
11339934
12037713
24452429
28248070
9537258
14828239
32796843
12253021
12034558
5427246
28028217
6525277
12958895
14775665
12782185
7992023
8167662
15975286
30899397
23610935
22673186
10039666
33614274
4707700
6341302
30018268
7671639
32782884
16029687
5034433
20898172
26954576
5803161
14330620
30581716
11254946
27032937
33830643
15854507
34692936
31887052
9668640
6312845
13479412
10730478
24029744
15088310
17713927
19669153
8947588
8756590
18095425
18744274
31208299
6203036
7604082
7127383
10697529
13540276
8239950
12341059
12069774
15136807
17029092
31573768
33286773
5666633
15070577
33902334
5384293
10555730
11357837
17536270
11405564
6889406
34869335
19637515
7501218
29783860
35035133
12551342
9637863
30929898
14873376
4835213
16333944
30904590
33240816
4749252
8638380
31171279
8785878
24118325
8637870
11392395
13308260
15789554
21255598
11225069
33607836
7743633
11679383
25263397
14694988
8561927
17225659
30110585
10643480
27366090
8070257
9952242
25433632
25802833
32877441
11371994
7284479
30124010
29051779
12809253
13421414
9556624
11024877
20924599
4864036
10218850
14242556
19227004
32117853
9557061
12586154
4740067
5638367
9414421
28126825
14778495
22398880
8370596
9129796
11904255
12540243
9965949
32740686
12828557
23238056
24252194
6132165
13199423
19359343
34367662
22741496
9881905
14157966
24681515
15649563
9899180
12623126
13400331
23594600
24893051
4833292
11157610
14439877
12526692
10559503
26961041
28881028
15797240
29932012
29163811
12639637
9156071
16015203
31571053
34594036
7049736
9376523
12807205
13155864
23539334
26637308
22591631
15063358
10699498
30037636
5807806
15709712
23870855
12228589
4955988
6711397
28310278
4674632
10662742
25448689
15982758
15022893
5126142
5912108
9148021
23039183
6022188
6009754
16115993
5909045
9007005
15736918
10310341
22432126
15544342
11269797
29493940
9861851
6367086
15867761
8170486
11055650
14080190
31154363
14460999
11638565
15408817
7532545
24671300
9041821
33499133
32075778
6772529
17017998
18140617
24934667
7911425
5162077
11815682
15943263
27033861
15761168
11317241
14884946
5481412
10113251
23876570
17150317
12322906
13442603
10484761
25320394
8740544
3964653
34690080
20576305
5012918
33949536
7668527
14558067
13114926
12233991
8600071
12346612
5676951
7125590
19605829
14554445
15685852
23400008
16193854
11648331
20783503
26912930
34730415
14099308
17902927
7272762
12025598
14270138
25126342
4716207
12853859
10153273
22427575
7356519
17602102
25539103
5800044
22467244
23426744
29716483
26167508
11832922
31711301
11237219
21659839
10924641
31646027
8232349
7990403
24140840
5830001
8247861
9599013
30940666
11068195
14705909
18355144
7008385
14182526
15892220
32500494
11511342
24946156
24347549
6548048
13186211
30140528
10673964
26463686
25826341
15703837
13250187
21457771
6653393
5713005
13210140
13510585
10483939
17387572
10856544
8302845
10982819
7424097
10520275
35164909
8088657
14089137
6954870
31933900
12708264
7658696
27693813
6629081
15270675
20357809
28814026
10312660
1447677
33525615
7802575
9193812
5437235
11028372
12703326
27099135
8777021
31381844
7259665
27944328
16973703
14436495
17179879
14143346
29682793
11157995
24754385
5119266
10079466
5119593
15269792
13079048
8490173
10717552
25018810
10085913
24835493
13560270
5912599
11877876
10574837
11140145
5080899
8176210
8348162
31572634
6241808
29414179
11660598
11284141
14712000
10525867
14303260
7286362
13388242
11092214
16211733
21438325
22615937
4898946
7720541
11422880
19593730
33212010
10088227
10073329
12570440
19731853
9542379
14977144
11495584
12587791
33800178
11312204
12263466
25367383
22116169
34550263
12583916
5573552
8335020
6422692
9622350
7814753
16303042
12283603
20719156
14919750
16008340
21099370
8396055
10340420
15436067
7077030
16685010
9422543
10203706
6160326
11616003
25659106
8639364
34888457
10542200
4980185
9335368
9067435
34793120
26484359
21753331
28728646
6027784
32089053
12903099
24465926
25595614
10588970
29863150
34713420
27371166
10432659
10284409
12968976
30228479
31373704
15015631
27396399
28560532
17071842
29178898
5835194
11512064
5726264
14292913
19502836
34026750
25674595
29787088
13482585
14333626
25045087
27058788
9583521
13575739
9902116
12636086
28062228
6473044
13348079
5565130
6294405
10988543
29558488
1563679
17238424
31437470
5987856
14099764
31010431
32453781
11036301
13772304
32537457
6398945
14819366
33677409
5603679
13371044
14390618
11151691
17433616
11769199
16173547
15028927
22828046
7044557
7564785
10179877
15851410
21405331
6109086
8073381
13555133
18448015
6968145
8681254
18590938
20473684
20264143
15803902
11546444
24263309
17204992
20239009
34807571
8319945
16071021
9958562
7308375
24787439
9579383
26633678
9524383
5646161
21171391
11641847
9185647
28011480
16078962
9745516
20173732
7382109
9817952
7093001
4711654
8563551
21135961
34447849
11871033
8353859
33192465
12565910
6154315
5621349
11728753
34058011
14140688
16163220
33877905
8819429
7486099
11693672
6751061
28957657
14984173
15524726
7607150
31667444
5894082
35058494
22661579
15487151
28171777
28138684
30176831
12847238
7523146
23692967
8554247
33105513
9524878
14722639
26318402
33134385
6650951
29004418
29264143
33442844
34170439
5194128
4910582
6465326
8656830
9537090
28559515
11601700
9676280
10013660
15046663
16139928
14488788
22662206
31428785
9213637
6788585
17736322
30207236
22388440
27887520
15359015
7348078
8351153
29309113
5721906
12011251
13321952
11764659
14590475
9729685
14221771
34264051
19647133
17125830
15183972
6694666
15060156
9179041
24408983
10740991
35470888
17651959
35357968
33475943
32593095
15200432
14055113
9042833
13038107
10996792
14851749
31718294
11440047
22904051
10028140
25546945
26747387
32764068
8847183
28193863
5641262
7452172
15573128
8196687
6732904
14738118
19869139
4929716
15264054
7530367
15134921
15148060
15908048
9745899
9684521
24123563
15213482
5262952
33001035
27508827
12098210
29655295
10561642
10455024
11016982
15381846
16551561
31787978
13014227
18001060
35494648
18746737
23838236
25980166
6474736
26851733
27343587
6054701
7624042
14593007
34885127
14166499
10903475
6260799
9825715
16291550
6109738
11455792
11519274
31924156
15739137
14164700
26454386
16247483
34650073
8103499
32461641
9385612
11295453
33287643
15275375
19012972
29581024
12163247
7760903
8744261
4923089
9922251
12783941
14499467
5595754
18153214
31362343
14354632
10743309
12225748
24318203
28604191
30282098
12401651
8098160
28676488
7419745
16538874
10265974
20979112
7836488
12894325
13744097
26332220
11461060
8366299
11813140
16048949
26740091
26648816
7391867
6027771
9129047
15146785
16559523
5591587
11023681
25701493
33160008
9719142
29609917
30382367
8068158
20257069
32035640
7765793
11240582
14657673
9699449
12628069
4790568
15098452
12836974
13596409
15360150
28223257
7657383
22025761
24866918
5240930
11378707
8058459
8831930
29860654
2147212
16006905
14713486
26314562
11583898
15386318
15416883
15334652
35528800
7816866
6206670
11069491
4919463
7804489
26605040
34090633
34620322
9154853
6617331
9867928
23180711
25168399
15001854
20854786
10148691
20222164
34742706
35156971
22890335
14325955
10857076
32723496
5668027
17795128
24255491
7140383
4950398
8016892
27473436
29853715
4813133
25740748
11522208
15743080
8491637
18840553
20951692
15139258
29981071
15876143
32210916
28848508
12783111
6787257
14330353
29400409
14997148
15640735
27594243
5516058
7651149
10153186
12826941
6373187
12174310
7589872
8186897
9486976
6979498
31318944
8213445
29247709
26339777
8318799
6686969
11554384
30833442
15053820
8551208
20590105
7941697
12627951
30617386
18521557
13710836
12173865
14100730
20201950
4758974
13659812
32438994
10219412
8317009
24641345
35156461
22025185
15333324
22557575
7855074
28070164
31969538
15967736
8066485
13559708
12886086
21425593
25461037
9904075
15723053
6738453
34172425
32456946
11847192
14537774
6909924
31432193
16011766
33912000
5331625
27768111
10629457
19250194
32164767
7639411
14164353
15846818
21865654
7795672
8066115
4940605
8185501
8572089
19036519
23584913
8878722
8268804
8539114
16476096
28129138
6280999
23663351
5155888
5347636
14306716
25885369
34603309
12135089
31919215
5801237
12910560
5145086
25839070
10029639
10601331
10952745
17479309
7021507
33926592
21328123
21902065
11739449
14378429
16815105
23261603
9710183
33435821
29171683
22427791
13851575
8186021
17640676
14344797
20218996
10566431
11500634
8080797
23220194
29217763
15756231
10908720
24041126
19876390
9274195
5185458
19403413
17609977
7948035
21089227
9935637
6979607
11997395
29415250
12983530
6227282
29509960
27474432
5295955
13933195
10657511
5865034
14051963
8726564
6994317
14368841
16222628
23534927
5082859
12012687
7932296
10941171
8343316
12172249
13264458
24724826
28537111
24353558
31910872
35006510
11944226
25383427
22766441
25431970
31882870
5268450
26630564
21591037
4777286
5665310
7068224
11926339
7489802
12204794
16743621
11750550
21701041
23110958
24990559
30217961
5424578
8842834
20991883
15202015
30920469
34693224
10423090
8432800
4815038
8179986
20215393
30356570
13569745
22961120
18589639
6690696
6046042
11047843
15681397
13469809
27053859
7419750
23539352
8354397
31396715
5509967
11980322
7393175
7991624
14172739
5009104
6815640
21582874
5789109
12758850
16271953
16322262
12176090
8448313
11621079
5077365
21632524
28188646
11498810
14661620
31106240
9609806
10346990
6654120
9095358
13681256
10364424
13864330
10545843
7610698
28917799
11722652
15744553
19346350
27711714
25989139
22020175
12188246
19456999
22742309
7761379
11798078
24892481
12304107
16920642
22403902
30831147
8122122
8125034
12594922
17289232
25880233
22318087
5628273
34536799
14924795
17827711
30673084
11307050
7031347
6148510
13944561
4713521
10834662
15730752
10579172
9286668
10060403
11693201
13208347
15212885
13017388
21232522
10064829
6524147
10198751
7945270
16110311
6808575
7797187
32787765
5164980
18401053
30365591
11619914
19638679
24419033
8818278
19676959
26409104
30402710
34816253
25886317
9388276
14514017
30885315
32753619
14490860
18314236
21670861
6365937
25027507
15497665
19954162
13199073
11152331
2562330
6431603
26040367
7366532
13583869
13638127
16278502
16921461
5892770
5513946
35502829
5971914
22773932
23706905
13439859
13887428
14255167
14768518
14610099
12405012
18442888
13137825
8842942
33213720
5731353
31032031
8714528
10807927
21019051
23196689
20933059
17566108
13135139
7608114
5954010
26923601
10987886
12519354
33726534
14827586
13576436
32026304
14644911
4751638
23763947
29264158
16553931
27591624
34395445
10226512
11855042
14195156
8687035
27127671
8212180
12452907
32238618
19519672
27809553
9435890
5964675
18402559
28942078
5956931
18416926
18799834
20252302
32841123
28569925
18430264
12401498
5574342
18101491
9531177
11291826
21559495
26109298
30370985
32036225
34074496
14574044
19505629
22316410
28790176
24864425
26508116
8685332
15951864
35072147