10605319
13433548
14140286
26061358
16578108
10645229
33139896
15186043
7074727
17699884
26385164
7332567
34142842
5466034
7763271
6347756
7479944
32528586
34608190
12226977
4871357
10470216
27552198
15307100
16179982
27718404
4688716
35016698
9268829
15707279
31340047
8019752
12956244
25214977
33833922
9576447
29681665
11441780
9423497
11819255
15577300
16536375
16827165
26430581
24253736
10190953
5941714
28596220
16407129
12046713
9564029
10564415
23611124
15907602
8537447
24327122
9543400
8354356
9714117
6489673
13844629
12201751
15110510
22927601
5704771
14322752
18938971
15806711
30921399
12644705
31081457
29439556
11581991
13647876
11521244
24382316
5225158
14879793
10771311
27640224
7664738
12734632
15236146
9662775
15701249
7833186
4999344
7963977
14065604
20024644
5584131
14374014
34036529
34085935
12426956
12769531
14605545
15269663
7809064
25231498
25024249
16910796
30761118
6835556
5530807
5843455
14621030
5951675
9797314
12250744
15473635
35501209
5547350
14944546
31847255
15087846
20001742
11927000
25317799
9785189
30215978
35242324
27885843
6598764
14591186
29594764
6260887
20033590
8911940
13413182
22329583
31029322
12377864
14687165
24869549
10660049
16790358
11296205
29136187
8893986
13017107
9711856
15890342
9809181
24707888
25910122
16965198
6496729
34446532
5224378
23121923
6111451
8026124
22514327
6666042
8821117
9966226
11288315
9262738
21762820
30009859
30121646
4971070
6771405
18725098
9375317
11252730
12336582
32684616
5574992
15759710
20899159
35401360
12261077
15513714
11635328
6923599
26180108
14974494
27023646
13331767
8891179
13226270
5908570
12385583
6694292
5796169
8407040
14796970
5561478
12084506
27861489
8299113
8479037
4942696
9156659
9696259
16161486
23267426
14411706
9219953
5700367
32611764
9932151
5058289
8789241
12327122
14189388
8560588
10464118
26409785
11724536
5142207
5813280
8522898
8890484
12075837
8620257
17125893
17591413
16817535
12327464
27668121
20746834
33023274
10352546
12107647
11862451
28181371
5183471
13601346
19240270
32377032
23870216
21873337
19115911
18430012
11320558
22742621
24272474
28269946
11506009
16112547
10024822
10087650
5397791
27130302
4980572
23847317
6318282
10714012
28171207
34051690
35062448
19351561
13405064
10407835
9294793
9772391
35010155
11661838
13507106
25933837
8778913
13161409
13404901
11761269
16935810
16699719
7708120
11654347
14288427
14277897
34665703
14257840
27554961
4797014
8723368
6262665
31254634
23771309
13656004
26072857
14760765
22467550
23892116
24779261
11782951
19460188
31893412
10997457
10865089
6220191
12056469
7620568
12035046
7923252
7189494
6233159
24859247
28026066
15414209
18519202
34006080
11457769
15029429
16886631
4746953
20623675
11751497
9802278
33803499
8734535
14185228
25658503
14298366
24599138
25080463
32561289
6449184
23364545
13938706
6542350
14273394
28691809
14193679
15340330
18689884
8324256
4688030
11748413
31053362
34387006
16247590
4905388
9734933
13340638
6839997
8832942
24141158
34422289
7196437
5531426
7510024
5053554
17889625
23182466
16876092
31530499
12515330
7392125
9579164
15330765
8183747
5520644
16539756
18876076
32503755
5424593
14978250
8576534
15177521
15211600
16223057
18725398
30700987
5501207
9042797
19346614
25710337
22647776
20500705
10688775
17097411
14416402
14594050
9687727
9080596
11655202
12872672
13719655
20706286
20925700
21374521
20058886
33371048
14285722
15655100
17369245
27027606
31361383
10306477
13791332
6202937
33393923
8233984
11722478
16144817
6982951
19512886
13631610
11181614
9639894
7053948
13358674
13411851
17152237
15947789
21308392
21514903
21495799
7864001
31738466
10655364
14098904
15046684
15579675
33412805
34719210
28644502
32198478
7256460
6421512
33800610
13774512
25477057
5845521
7718816
9699872
10425849
12377085
15394456
31477796
4927242
7913833
10913908
5887243
6410116
5775034
13594927
15086647
30994252
15868415
6775750
14362355
14711159
18220672
8327448
14750740
6525341
6330663
34808198
7930291
23758667
12090845
34930028
20270227
18567916
34204630
32957571
13156367
34282750
11910588
8642523
8709871
12822365
9114022
9439101
7196727
27471393
13314173
10243720
14522744
32545602
19665943
20576230
9988157
26590229
12173797
35534395
29956528
17796082
16140117
27966798
1381627
9066208
12791881
11469828
6259242
2430832
15644858
6453731
10457881
17790136
18677530
33050745
22747100
14493561
7223907
5102716
19318483
30738421
11420844
29368615
29209261
15537087
12511477
18756982
19403713
9447284
23337998
14782407
15907862
4810705
18712693
12796937
13779761
14031114
16025055
6675475
13181019
22779728
34322338
33583965
5619157
23846183
33191043
10744819
11077985
1532889
30816924
14552774
12366511
16042473
10782191
10000956
13103890
14806919
8848995
13353526
32968197
33822546
8920229
11779356
12413992
5202140
22267120
6661213
27379827
15656213
17113293
12002073
5131670
19988197
34831886
32039384
8415546
30696025
7594846
6926470
6731468
11066584
14459887
22312063
16706082
8800704
25440943
35444455
11913068
15990432
34819268
17576968
27054684
11410733
7934448
9034489
29620933
12882742
14732495
13358233
20192545
28819018
17629966
34629037
34722579
13886819
8262776
13430284
7419166
11927530
22753877
25861420
6275322
35167636
20052451
21991426
11715668
12069523
10369872
11080724
12422410
25208503
13869968
34672522
11279955
34562998
5434771
6871989
7108254
5380271
28922596
29970829
9299938
6744034
13568478
9042336
13135111
23486936
30527647
32479053
9239203
10132310
2106598
32609016
12742448
7807413
13878189
6965267
14589447
25156702
8624839
28473571
14383267
33955605
20134540
35119049
14470681
15594036
33987669
6963504
6141676
13879095
19821109
6123437
10857691
22433731
30949093
6948521
16216127
14958642
14759030
19691905
23795210
7819389
8538788
22673075
13404924
27478338
7807553
13795683
9343021
8204361
7971093
9645917
13896418
30211433
11304556
8341578
8634956
29539738
6294092
7793416
32765655
5416780
12853061
6550648
11530395
24195245
25179178
28610884
13072495
12013473
14603985
25092619
11735753
5691121
30572488
30135284
10356893
24617522
10634214
17708518
9076596
31456439
6243875
5921427
11777323
15324794
6906706
10953482
11822180
14458135
13056485
6258908
9042904
8085000
11880787
13976092
14970120
2446891
27554253
23386676
29861320
33466448
6924062
25919404
14668020
26378606
19904662
30964843
32462358
23061572
6036835
35217862
27182874
16151663
16164588
29368327
15271245
22956683
15405949
3847408
24005396
34723257
13936384
12114709
13890261
25254529
20024758
13972509
33961218
10859330
8243008
14135311
26807525
24487877
20313478
13578702
18279580
35136734
5148593
13176489
10150655
22904165
8651190
19927525
9328958
9466883
32107881
6360303
15636561
15547181
5572995
7892221
28247668
9007694
12319556
23585372
17627707
10458301
17206243
7263059
6289484
9733210
10218061
29854612
30367949
14855471
22176046
16958712
9618519
7998979
16845480
24282815
26953553
11586886
15428944
22054702
5456302
26125715
27965460
12727183
10954019
6124657
34587271
7842423
27503571
9751938
12406867
19993717
29605306
6271030
14766179
23607941
9993848
11248268
21109762
13869127
26107237
11571037
12294739
8520722
24119111
8080684
30869340
12199896
12371380
13391597
10999922
13638702
34569865
19075303
14434407
11919732
13852430
10941637
14958810
30154871
6382113
8382107
33586764
11068484
13376766
16291901
16707936
9851738
20721679
11360437
6818230
11556479
13001709
13990034
10923424
18013660
32150169
35443261
11676791
18957574
20469034
6374791
15373237
18187174
10240763
7799194
11748366
5419153
33362351
30851148
11084401
13151539
9367219
11107730
31404473
12473668
8493894
13540492
17895685
14512349
6675797
9528986
21894754
26393078
5801315
32599239
35061434
12462339
8479255
8070614
7528151
18512776
6923471
9449408
13355106
14615064
7415410
25335745
19310929
27941946
29045917
6854573
6767745
14806512
34385173
10776280
14489296
21460936
24734747
7150803
16298301
24276221
14682464
12023021
6901176
12002687
15261718
18524755
11857357
20192710
32098389
34519834
14381635
8948967
12377475
7474154
16930863
11510122
22365871
9516072
21693499
5803332
34617550
15411021
16390509
24223400
29526775
9548504
19293640
35350366
21748735
14622128
14314749
8287476
28159879
34236937
14654772
9344305
9774758
11015455
33639024
25386868
30544057
5910843
10658885
7294141
8894734
5510872
11942988
24222041
5878734
5545243
15089763
10652531
25995214
33698115
7961091
31442687
9122320
8654161
13517063
16004255
5050213
6331211
19489825
14396993
9866196
24350519
10629714
4963684
16066693
30512269
26688455
16219904
25494280
9048680
11963437
31547059
9915295
12946730
8788900
15931373
29816254
32894235
34384075
5688220
7875330
19942879
8974761
20528398
8026061
30101747
31762244
13690868
10291780
10824973
10494850
15793768
16097371
34521160
7817569
3144526
10544431
31303494
33959433
22038412
6086808
23651945
6359275
4764782
7345185
13045396
14315797
12577904
13283505
34383628
15330984
18873430
35065121
6472354
9956585
31116488
31520510
5787768
8245718
11028356
11943957
6858671
16042064
6945817
8925918
13213090
14860999
13311177
13212865
25960138
34211188
27692847
35410504
15282063
12407876
7515541
13680092
6986259
9254765
27041025
7104143
27243861
8632344
11536247
30116378
13696198
8771636
21234115
22480325
19068283
34270984
17932951
34900511
5687985
9722379
14682700
15579794
6145520
15160366
23967041
27144279
6902650
8754658
14922140
24537188
31807502
11045230
26895599
31906534
9317345
16973079
23412506
16357749
7796752
10600583
8518737
15427187
9765336
10050271
15437007
12698809
20821150
13456480
20382352
7771117
21970339
25844950
28556695
7369717
5162049
12527831
27093660
6286460
12334958
13754784
23922347
6700086
5794367
8735386
8885433
15590620
26185568
31583929
5314402
10254169
7664659
23155919
12329707
7540857
9629690
16473066
6907428
7818789
9435201
11314254
11406996
12542797
5338032
15715685
15725829
5985081
23645993
32020460
33291558
4975633
8650123
33510161
11413095
9555877
5279881
8306933
15221536
15930639
29187247
18392170
23829362
12184049
24020516
6822780
12646320
10666991
24862748
25563619
6159072
31425440
10486189
17370901
10179027
14428612
11173361
6285254
27398646
13656987
12196484
20509639
8750943
20835361
5006071
6526359
35515903
15151514
17724160
19706140
28740730
28960588
16213400
8923292
10317100
9335273
14320572
29413498
15293365
7152233
18748576
34127884
15619463
4056391
9954414
13912944
25002673
14447726
5413020
6512866
8917636
4828947
11604571
12085851
22312975
22103272
17632639
25108303
25539022
16331274
5909661
9833140
7946764
33790218
24492035
7645989
18435256
13377288
27270579
30181094
8098610
8303974
14677989
24431561
26916854
26164892
8166076
8165163
27810273
4850932
5670370
34012092
13927018
34964813
10867418
15746577
13953621
7488680
28836673
18591730
14812338
11929360
16714170
6378912
20235451
34019823
16137460
19437865
29484394
25046866
6424509
13315438
21209374
14434973
21013159
9601087
8900931
9441078
9219283
9647980
14397826
23731217
16592574
9355332
9130169
15146209
28705033
7760831
6977793
7006560
10473996
10541111
11482568
6671114
11099084
23953319
8592364
28134598
30814680
31563499
7471305
18033427
11051992
16305742
34450675
15393831
13141325
14409325
4714844
6757755
13926207
22790774
11867582
10290853
11979887
6890067
18000580
20341144
14676359
30746757
29422642
27898746
12182912
10137872
27117321
8353671
29441746
5906614
16862025
24830780
26621159
4998031
8396373
20831965
34779101
12260544
26719664
9019270
18600874
8030628
5212351
13537145
15859813
6832251
9152261
12426192
23411510
34473721
29828656
6360764
7886333
13250581
31136624
8310565
12043992
13235470
34154698
2132183
8848438
11822785
25085266
4901547
5999381
9599912
12286972
12419959
12871293
13949297
17824906
34880606
14968343
35165851
6983166
16727703
7653935
14585098
11744634
20576845
15894145
10917735
15935384
33439523
1939570
6163910
9843572
13258537
29373298
2075179
7332237
20526157
16012048
30569476
12563745
12043038
11642372
24522848
10359906
8290904
26743436
7406533
7387642
8836603
10228395
10340171
14870803
10167199
7880238
11770921
17416237
6657334
32882364
20308807
34702449
7157709
5524764
8460642
16102336
18458494
17797975
13915999
9615665
11476966
14180127
14359036
14600560
18179602
25018888
30365657
32947662
33017946
2197802
26582930
7031198
6943828
6868569
23400179
6456712
11127549
9506965
8576491
35104304
25983367
12492947
11888599
14732276
5961973
9398339
23952803
6621423
16966950
13008520
13521962
10075491
11939806
14229957
18689776
22856627
25056967
26795840
14605588
30512203
6167920
8174050
30814053
32697894
16764435
7699986
33800211
12969011
14625193
8508803
9347238
10928442
8069877
26856746
10206997
33024096
9082260
15162095
17837614
16866258
15627817
4693954
16615905
8610730
10942281
14285212
10041989
5949392
31379483
20546482
14233856
11362372
11829778
29491198
35153224
11503965
9605887
27308028
30066397
12504897
7568489
10580244
11366212
9545658
22570097
31423028
10771994
13391649
17128125
11290476
13539809
18057163
5563481
24726806
6040554
14014714
14506937
8517024
6816281
12626870
5487302
8159685
13376893
23079722
29935750
4985995
11586071
13033191
14904911
15320079
18953695
12370304
11540131
9173057
10074970
12211519
17758525
15600439
32642913
7909062
33076392
28232206
25068085
5835228
7047974
32656785
26688275
20536474
20180632
5992710
24958198
12561895
13734744
5549692
12418942
11567436
34599406
8357629
12998781
10486657
29521633
8127429
30855741
6492248
33474209
8355166
33533595
27336210
10403285
9171428
11165860
9532765
30504319
13009774
10604557
34615318
29655484
13436680
18072676
22857809
11307893
6063596
22600337
6569896
34629826
15733493
7172785
22608368
26755073
13748587
17487298
20679133
18223243
25763257
33532398
6729680
4784182
6796500
11291161
12278433
27133944
12978439
34423690
35301574
6236353
14304151
5371655
14675916
34368019
22018918
10035723
4990120
11764181
13697406
16804932
6399125
29854249
15757780
11909941
14357387
24936139
29827519
35271106
13449676
6489747
6762133
11464122
12147848
13389398
27611658
9412473
11423183
19882051
33583098
29557378
29367796
28856455
25174936
5117030
20010259
23071166
10226007
14485292
22891430
15233096
14594832
29850232
9943881
6943923
7883274
10167501
13647966
13706173
24772640
10803299
6996684
6954838
6450085
17031375
22836584
6751462
19213240
14335828
15188333
23869976
33262626
9445064
14715069
31050659
34397932
5517938
14945196
13455464
13359380
32559345
6185421
13394362
11191462
29388109
9015968
14046209
5554662
12261360
13533518
32678898
14120660
32322702
29357893
12040051
9942832
6470990
8513367
13300133
35343628
13507262
10245865
12996161
9158586
6987743
21080584
6988454
12400702
13704450
35197675
34821143
35192017
15886997
8983421
8769653
21923524
6764175
6530639
6870106
11923372
22910321
9352418
9823774
6580388
7471239
15515080
19081609
22685189
16155067
13676234
13858133
5837201
15200003
6684438
28333759
32959566
31537618
15570386
34515394
8083501
31907614
20188321
9724012
11943109
5643934
14498859
26141177
7693436
10118011
12277590
12742933
28951342
10743579
33859773
5077598
9589522
31755659
5096989
12891465
15016598
12969624
6405135
6525419
18369028
32114253
16923906
8343011
20090560
20805682
14701129
26101048
9417790
11687904
15558272
7445362
11968304
13678834
5296260
15310030
4820954
27721005
13950062
26970998
29222212
32276601
7041174
15319948
34170421
12234897
15454007
27748101
7214925
23486993
23396903
17619769
7971840
10138912
13006961
9006138
8791617
9560434
14979999
12888598
26204435
27758334
11376643
26637755
24635174
5093985
8038103
14857897
29961211
7239082
14967149
33020031
13271178
15898553
7398158
20634850
32375415
12972330
13620696
16183871
7132733
30592876
35011292
29579497
12255523
5953715
11326700
27101883
13616387
14682364
17974681
15007467
9881232
15944013
6760575
25736578
5962039
18636895
30516877
14367650
11795751
4676015
5012104
5107714
15822636
15620256
14583599
18407134
28637134
13608444
15498265
15065541
16431213
6955200
9648397
14910377
15154066
14158985
21552004
34365835
30956302
28597654
7859162
7090436
14414478
34150513
14649916
9917839
34795487
14823623
10664471
9968108
13533988
7622565
7456554
17377732
11099866
8093083
6047300
9395357
5828623
8896184
28483534
12046325
19855768
20352538
11788061
14960003
21227941
34630906
17723932
7711301
25223920
15927358
2000702
13372391
7660403
13828760
19113442
22344655
27862773
9569530
11431654
32600676
13467486
17193151
7087920
28165771
32399730
16280821
5075509
13100889
22928240
5509724
26008267
5930499
27972417
5428098
13927371
27419922
28598203
7806143
15892556
34635643
4850741
29000902
20206294
21969688
4776372
6448108
5192408
12852599
13204169
27645834
15363520
4829392
19352710
11747749
12671848
15829261
33531273
11542795
5582331
13981702
23961068
22563935
32661693
34383529
35367196
6976015
8940721
11683808
29604673
14934423
31971989
10897588
6061908
18475447
6947904
12782069
8024266
4689331
24341612
5568379
7783959
30338429
5625279
5992102
4939261
30997579
34829993
25571638
12511946
21995956
5484047
8270087
8561519
9539377
6778782
14102944
30942718
9361782
6996342
15470846
10762526
28054524
4919603
14197827
34234516
14679340
4919893
8716636
6590755
7358852
23868014
27709770
9236934
4769951
5555178
26638436
29400805
18809452
35078690
29556391
8369694
10755739
12324002
13718303
6857892
5638607
25465279
11762589
15875357
29403802
29470858
6155086
9464385
12858902
15429374
15889589
4929755
25054465
5048224
11120976
12429364
8548915
4812807
28394191
11882711
30147713
12201232
35536282
7211301
10199675
5054733
8350048
9894707
11002359
12804766
14167663
14623960
24658982
21064693
5389726
18247870
30534460
15736806
20670817
13461628
31375579
19904170
23102423
21056080
8255545
25972843
5781067
14135273
26601488
11303586
15427473
33334034
5636276
10038942
20199394
7026085
18291910
4981056
15064795
21984700
15055925
15356290
23135090
15080105
8878653
12431142
14142901
9805924
6703845
13157105
6003937
25033498
25489261
9128637
21032107
9909520
11397529
5788838
25914055
8105254
12439814
27555948
22877339
10145661
29132404
8301915
28719262
26221403
13776677
32347047
18545686
23045696
11085703
12775043
23466113
27578208
29672902
16026131
7567440
32447274
5589983
7147719
11744648
14682863
15585774
16330398
21443548
7725374
16213579
6339308
15041354
8923009
10947203
14771528
32601918
33400679
13062283
16327737
16957947
12264951
23608073
26637023
33671940
28822765
17864446
22855016
10226873
15249681
24890894
32688939
7659951
4736522
5617050
8130395
27955476
12239688
5032645
14286845
26971817
12862451
27167940
12089775
32217750
12226967
35250823
21858277
11194018
28289971
15220123
35320879
27430509
6618809
19784542
21989434
22694240
9763770
8416464
11962236
28700554
7334130
9502897
29543581
18589729
5102489
13672821
34496431
13799678
14854911
5631667
5459581
12860390
30618139
10790896
6061132
26130014
14722872
16239332
13555977
32240079
20997619
17149885
27535263
9367296
18013426
15139398
18002998
26694827
21738922
33323520
7329595
27118098
15033359
10049241
7958488
10772893
9406398
12408257
23037431
24468503
16414314
24696620
13072973
21310852
14361973
5781616
7539810
13940343
19032598
35267812
31237531
28681108
5513772
16085303
16271577
16018798
16509951
9619176
25850149
25990480
15141630
13871589
9280019
5550185
5838437
15537026
29306848
6834532
9160857
9401646
27080646
25304122
14225053
10528314
8458894
11090759
11940582
13109471
14590020
29484460
20820877
14737739
28855864
34156462
12002875
23367623
30778932
4812261
19245205
13492045
13913198
8958220
4835610
5852667
8754783
8076763
12983817
11957838
7654757
28498627
31544083
34374982
24908348
13264631
33780540
27182127
6119001
21637519
31306827
10791552
7659596
18169957
31484219
7966561
23404685
21266842
13786034
32773911
10565057
24970744
11123014
31004530
27269370
9879362
8664355
31316442
16913370
6539845
29334598
16368057
17234821
22445377
31557385
10514009
15038910
6855794
14793415
17659906
6364525
10838177
28464817
14724222
22156849
30984298
16065787
33651717
24496733
5453908
11869727
19677031
28604575
11455411
13367802
19615177
5796263
27743010
11564183
10702693
12533920
7681570
31701614
12147513
14018280
17889226
5142809
17287315
10639091
20523310
27404982
12873975
11951220
14390212
15611143
33735069
12360066
13585559
14939691
7161528
11047559
11136129
16516083
8409235
18292765
12261907
20536933
22367143
25368691
27386556
5135227
23613266
11187008
34435561
34462282
13205856
16793103
19297813
20349367
11928275
24457187
8938572
28980220
9252787
8793489
10780116
5407115
9659621
22855571
31610017
18084307
30518404
32838696
7828714
12907859
27531318
32341092
28136491
14036898
19415533
23989358
31951202
5565962
13183855
24428027
8846938
35054585
16513179
31134602
8499048
10428233
27708531
10107016
7033368
14540283
5043351
17435233
31273265
5365971
17659729
12305019
10620809
14220451
5396205
12077307
15450753
28268068
26723075
13644403
24271307
10850623
10999710
21021247
26837513
10790430
9300745
17777611
14275992
33160542
31132343
28121155
9538711
31648349
6187967
13442963
24143732
6409137
6925457
10357004
34313431
30086223
9848317
12740750
14906395
16137095
5441578
10108564
9412949
29810971
17144128
6634097
13418877
7349817
19086412
26174009
27957861
35524765
10460600
11660500
19034851
27848178
7981370
23408684
9033237
20097424
24956998
12385050
6309807
7700926
17365069
15340377
34438924
11655365
10454441
6753776
28069681
6458535
10979188
19488391
24557135
35183779
27787281
23191328
6386951
6676706
11000306
5060503
8712937
8172298
12841534
11548555
14194023
15604369
26081761
14588235
24774710
10985312
4920498
13355622
12177053
12354077
5408899
28280254
21688171
20854357
34192696
15621596
30584398
15425029
7156227
6096134
8130495
8494373
14162612
9792866
10014591
16180072
8200912
9102334
6415845
19952989
20703496
24999265
18314272
32412159
10119580
35060192
17583142
14535959
6096412
6044931
11400503
31720088
34081072
6483375
14458881
32725497
7326946
25267906
34266145
25221109
7669151
8049868
9115317
27701496
12491600
12965405
9471320
24426965
7560445
14671454
16053171
9274507
15322396
18833350
6440627
10908891
20009584
13997894
15007889
7034183
9817668
12658689
4717382
19899643
27897666
34897805
19354651
12172867
29468458
10180976
8439770
14254166
7944824
23770706
9457430
9963615
8492450
10190042
13850816
9493565
9858752
24473255
14801191
27528027
33362768
17866291
11967985
33242205
20172292
21744397
33230301
10922870
22916735
6917032
12344447
5811881
9883912
24197114
12512227
13170941
29134513
23879888
13875975
32162904
12871755
17505877
21913270
30197468
6592930
27228306
12931436
16036768
29703550
9309683
20026021
8458403
13383776
12333416
6800808
27976437
16318263
7770695
14677098
33511997
9534931
15848223
22147291
13855176
25368406
29985772
30232118
6078537
9696924
5421523
5262239
7353978
10464529
15313021
15432287
4699725
7919193
14696157
27617601
34319014
10343073
11977977
10534475
11160021
19805257
8018046
9849011
18390553
22069210
4943195
23358035
8393330
24453326
9598834
9580784
15578747
7840607
8472400
9746693
9523194
16916226
23602877
4636408
4966762
8472779
14386135
29014159
8698355
7696324
10046052
14952616
17876908
31136867
24020216
14155198
13894833
8478436
1255434
6655095
9346469
11199245
12390538
14815164
15751432
19363456
27803700
28468366
11194856
14989607
8523946
15144708
24358430
11249749
26823797
33835758
7690046
7604288
11072160
15934082
14962005
22539797
5000353
18495667
27611427
24411002
34099618
14042123
14716302
25413028
7058541
27220074
27208035
32697750
8252422
33115584
7778416
26890160
10402159
25055857
32613561
21539689
26472713
26876831
14942308
8139348
8953723
4915885
9734394
12512446
16791285
9799644
5518597
25553806
27679674
29106412
12713030
5021908
13558253
14215699
8379003
14484252
8434143
8518637
7183150
21447115
14381896
8115561
20216107
27399348
8898766
11381739
3511103
9071528
8548495
14512414
4962077
26601950
13295460
5769209
13490887
10610098
12820960
14269981
6807924
12275701
12276659
19773856
15132290
4995442
10906211
27103905
12870930
13320819
6784754
28940857
35030027
8849487
14638147
9867699
12866869
22554941
10307938
14415716
15514767
32418069
12717757
13967782
15269696
17862220
8901195
11295028
12080009
7674775
7944349
8436381
6176057
28536646
21336655
11906942
20587390
6461110
11871725
15782966
34064401
18995656
8403246
34537567
16096602
22355716
22583603
11749451
6845336
7416462
11296836
32595159
14812054
20798449
33302787
7868020
16546635
34534600
5161542
24993760
11570785
5769888
6382311
12446864
9292110
11162528
13833197
20807920
30917340
12447725
34047271
13747964
17033361
14676240
28576759
5159206
7750738
9047685
13840848
6686349
6044249
9584998
13724339
5197865
15163611
10690224
12455076
22821899
33198165
11015378
10052220
26178599
34375954
15781495
10479997
18815791
10440613
5247229
5270766
9123910
12568016
15846867
8653973
9497962
7791536
26895455
14088955
10050088
13029681
15373052
28497802
17107092
22134796
10606025
26682146
9271476
28763734
33546492
5081922
15984131
7849760
15266628
9506894
20331277
26310722
16716462
14418360
10038192
16240750
34228111
6046319
8878829
6673004
29123215
21301723
13669712
12085529
35514397
34034208
10972831
29324941
9422351
21612619
31811621
25053115
20998948
6293815
13421310
12283618
12838139
10003420
10805826
9075607
24955504
15157709
22277344
15648025
5493676
18963451
7712541
21878557
11655464
8716231
9900385
11662376
21813130
24934769
25333828
14342409
30848484
5880603
14414123
17506180
6547782
8930367
9839112
9751637
8699351
14265809
16125562
15267662
12849464
4989069
21490417
24810815
29979823
13370324
27266913
9913114
6375172
28812958
8756634
13534999
7645053
14132540
17320156
24197921
29671552
16226448
34451242
13193594
30822156
12293380
14217683
5900190
14508431
14996743
18986272
9936492
13206218
24254927
10404580
15722371
6284249
21392731
16683852
16268288
15949737
7367436
12132282
6020068
10933604
18460390
17146666
11448476
6156016
10375785
9960664
13116637
15768515
18785011
22789256
5198531
11190151
16221238
33237387
16036726
23469065
10766875
19526872
4964996
13851254
15018343
30760233
17240941
35157163
14620000
9290516
13874191
22577525
5617346
9700360
12114164
6376979
10841081
14356904
15189131
12659561
10518900
17589352
6673953
25604146
32809071
9073282
6532264
20169571
31258264
19877716
13566328
1827903
26744993
11507790
14246629
14678066
8447252
26236373
12664366
5128944
9686021
25310872
8790371
8840641
6739664
18132691
17737981
17838460
31137035
11416621
7207241
20742661
8164641
14117137
12652023
23798045
35058176
17521861
6549659
18419263
25859533
30723959
10205998
30979879
7857988
9923140
10069355
13113693
8100893
11089171
12829916
15308689
9892846
30229361
25328836
8923802
11099298
32599404
15229019
8666899
7752844
5900330
9256645
12282760
22575125
8763281
5352658
11341651
16911684
23812268
30560332
34168306
8673566
9371457
12715933
16986432
19437673
16079409
29789170
14114988
13256597
5368424
5624000
6242931
7349364
8881292
9196054
10440378
10698764
7018576
24758612
32674413
34234474
10745539
23782973
31236586
7993893
31646978
5745017
6888633
10516504
13855023
23899559
15298554
9387882
22356382
28181776
5042934
11742867
25450267
11214452
16145968
12976159
28670218
5370389
27472641
24503291
12346720
27766650
9011113
9243314
20828047
26438177
31372381
6014442
20056429
24793877
31799429
21912094
24909719
6354605
12193858
9658002
15736106
11350085
15205748
18980899
15154508
32464488
35342506
12166103
6919863
8770128
5466920
15652933
26321990
26374004
21131626
1367403
9916086
12810306
17930710
35440654
24717290
25102087
16278622
8335371
5235231
32104314
20849320
5903356
27557376
27710376
13609707
15465805
6766999
15736407
10241818
12354702
29373838
10881872
31147565
16599411
13002987
5580756
14124734
12577407
5001365
13563387
12425016
17472577
16185364
19344760
35266990
28219807
14832230
19859374
31863815
5320711
7101327
4739353
28547248
11451056
19031383
32439459
11122682
30093476
29291068
12867426
34347094
15130298
14806030
9984603
8116213
14788147
15906596
17787319
29787640
29916007
5958041
5616381
6303254
31212859
12885994
34248100
6412356
33318171
5893728
8076329
28636600
10813746
7170087
30551740
8361984
10535166
30176627
12420829
30259172
20710561
28629313
14963202
17072256
7866621
29213578
9798713
5754649
13677468
13997028
15303307
25640998
13609693
5810566
14319501
9681986
35375812
11956218
15643097
21928849
35443939
15290459
7624905
14002689
6088944
6337065
8983771
11474792
14079281
6424949
25008637
34013646
20070175
14488057
14842918
31331044
9982769
8582208
24255566
10879616
6113255
24953125
5792830
13194446
30098144
13117651
8627404
27400557
4701946
11106003
11745711
33918693
15758071
19977166
32740761
12237839
13235051
15722965
20730937
16031903
16253580
15591480
14595789
14649333
25071598
8293725
7872871
16125034
6346206
27908976
10267904
10747719
28095127
35034902
13493258
6893555
26954411
11226859
12748626
15237853
8211096
11366100
24272264
13742486
9425739
10949898
29710576
10127190
21592342
10497309
8132354
6858501
26489189
27155814
9110131
13923876
10364417
10156764
6990914
3984981
8345135
15812345
19976089
12718168
27661938
7936599
8861688
11298234
5280402
19505104
19719946
22675106
8372836
27991890
5672497
6447514
15879626
10631081
31358608
5012517
13161438
35304475
30919758
6404940
6185371
6546214
8226647
33692982
5833621
15550592
24124088
9695173
6769357
27480561
35439121
13210089
8752572
20071612
10599714
7548433
10110051
10385990
6302901
10403751
11943072
14135163
14874082
6942582
7534762
13301624
15288279
30926331
12153271
23527874
11686249
30251231
10388155
30371357
32311956
35057789
11437570
15540148
22136794
5696918
10341150
11603660
25059109
11474701
12542009
33008814
5600726
28094110
13598318
7849217
8507940
21070405
32816886
23401940
12470886
7918153
33099240
14097703
19306849
35013884
16426947
26304047
22862594
7219984
15393591
15515910
28732429
28556200
13697734
8315441
14401215
6736688
21033154
14753485
35388145
29357521
34871651
13513684
12627282
12834980
8865058
14544672
20063464
8275342
14706356
16246466
9490323
18100846
20765743
26321633
11706245
12158398
17442232
13674973
16221409
13666763
13519152
16371813
35127362
5879196
10559801
8204286
10673857
10897860
10112465
15266080
34188469
9210668
12170397
31606774
27432915
4710200
7015629
10201864
4923989
12144282
32234805
4888380
10017330
8643810
11332718
29771068
8686131
5907395
8804409
12744763
12412310
15422874
22088326
9764470
21902662
28453294
13393457
7178515
13627797
10117643
4314864
19430200
26621699
30307991
12960817
32685102
8955980
5871043
21504952
15137043
22797398
28262905
9864809
9607883
14745893
8178188
13496965
15970328
21851614
7025462
7687993
6516293
12157870
12642613
22600283
24307739
13398565
7595944
8319097
17577766
30241574
12712307
6374139
5964123
4940299
9395573
11791013
6091288
5804267
14768958
23774042
34415263
27512892
4155179
7269979
13864260
16200667
1230913
5096603
32223897
12073039
12478487
25671076
10333497
14307858
4743655
28922530
9963165
6044205
16163353
13992438
15639707
1326976
10531295
12679494
4901364
30814008
18125128
34912532
31063418
10426660
14102097
11192869
34846766
9543969
18770659
5702323
28950100
17577715
14526650
31644883
17538463
15792852
12621506
18322003
5856075
7514068
29395696
12879687
20512147
14138711
26548385
9629565
8074793
15309356
11635038
14609074
8082978
15329202
13771217
27168126
17834206
13137801
20309659
32167560
13718721
21801922
11310055
11610183
8634333
25558786
7184706
34680789
16381824
23927969
33126015
21163918
22184812
12747886
14445272
12982496
10346162
6893357
13919558
4892443
30485812
32454633
5106968
6842950
23578169
14794974
33474281
26180969
6553424
9280391
14777870
25476583
6488159
10479047
29239570
5408989
16103093
11916634
15765767
18518566
9523778
15139309
31771007
12790108
5052042
12827429
31050377
35342530
5202992
15843677
14582106
17989093
29495305
7111482
28544806
6165610
6280567
22734485
12584578
34796243
14381164
26033716
7687476
28957876
34979570
9902680
11620493
11452456
14470244
22007011
26678429
5340356
9695848
14722472
21690667
12327083
18503143
14476176
20369521
29590840
16321857
7527359
7232833
13152347
12668085
16984221
21453139
14516654
6657787
13672097
6568711
16186198
26667722
11026773
4781775
24249947
32665212
13465703
6497196
11208721
35101379
18243385
5614373
16603629
17597353
8936390
6763553
9005676
15126036
24810344
27932136
7210745
24956740
6960260
30146231
6810710
16242917
19960795
12737101
12429302
26244521
30909390
9738192
31578823
16070377
12113095
12558994
6344179
10127887
30121043
16097905
32238246
18718588
13598997
15821783
8177104
14180819
11619876
23985173
19487899
34590700
5829099
13152525
27748911
11439111
7134294
22095364
16234467
24827699
25252852
21012718
30480155
18282715
9091245
29763685
31936576
34806869
19216672
5889154
6329083
9404783
16096674
13432052
9283650
22670540
12231090
19542040
17114040
30150227
31454843
7442039
25165258
6493508
11422183
12346923
30938038
12277086
6293876
30620920
15628985
8575429
28644550
27214146
9418028
2424958
7876735
9489866
13459160
34964798
10076245
15292842
30885816
6431915
15008887
15037569
27735081
6352005
8765864
32504046
5262022
8302651
11282745
27959355
16680261
35334838
5459075
9997456
7512006
4904446
11793178
12000832
13441889
12249642
25569577
30483266
32135502
28853326
6951738
21284335
25640335
8508877
9349172
7116806
12793193
8701045
14931222
22170358
12135598
24404390
11949388
15983298
25897687
16014435
12517834
12250914
12955055
14165753
10782157
24297656
5875579
15547513
15120990
7376026
18472561
7450438
15191593
32747514
9106990
11360933
25611373
6982443
7351849
8218428
12839782
19517206
26723252
30315587
32342370
5414102
14843693
15597444
5074909
20338387
27739134
21238654
26989713
14961911
29620876
10027408
14557502
11282648
15333602
7174012
35507458
25237930
28094281
13952035
5115044
20498872
23371640
24598289
12610613
15672411
28105321
31324707
7726015
7023844
12980428
8548540
23697623
13363968
6365765
22434460
27312798
34495804
8411340
34802714
15302060
15485756
14608175
33025932
12427289
5619108
5761120
7150815
8716274
10112670
20174890
21156871
24504557
11920925
8167253
5002634
13061338
33818070
13129637
13717881
7007313
32841357
14996347
17413828
17190964
4879284
25868167
16063307
12063523
22075210
25771531
33776196
10445645
9110924
31539226
31904965
14652810
22862750
33475418
35204944
13864647
24680954
6548944
14860360
9279521
14195553
9460721
11083288
11507574
19593349
15429244
21455848
32831208
33582267
7710005
9294444
5464005
10354125
35359741
29863726
22904912
5290351
17405833
10152417
30404747
7317334
6777246
7409299
6592643
7354832
12696762
30564499
17440366
8517089
7423019
5302408
8334400
8483229
14178823
17421982
18060832
30887730
21609232
31374529
10751651
29957470
12074457
8234969
24847580
13352410
32270430
27080484
5571994
5625609
30570973
25551493
6920395
5084580
5531648
16318899
9338637
12138714
14571125
33539163
15869828
12388036
11499687
5992822
11279729
14799317
19475794
6533585
17756611
14612002
22557731
6642311
4793042
7944769
9794716
15130875
8603308
9818508
27071682
8372614
22737614
11394473
12922334
8042439
15790373
9126852
14967218
10535435
8703163
17838124
16268959
30837018
28025919
11521167
34846964
11881821
6474729
3602308
34208002
9404895
9917981
13711828
14933472
23604596
31427585
15368185
12577121
11393332
13693168
10700294
11887646
12574969
14863148
22292551
24658409
35220589
24454694
14483305
14055860
28753867
5007879
5983628
15579055
5587985
15060885
15464059
13416669
34371082
8100399
30883182
8579512
11330698
31342861
34895228
17472625
10283217
7482541
24338594
32092449
6222534
30453959
20721424
20091640
9954552
8383134
8415298
13334477
13958375
7339300
5540520
9589139
6506605
10032967
20558491
9328163
9966626
18999334
9750903
17147152
11794940
35079830
8463190
9082009
34480204
13608127
23777312
11817384
15256365
8746706
16347120
13757220
20266753
29573239
22802420
12137010
16539762
10537522
11247580
27471435
11375114
4915100
16012670
12579080
4719111
32587515
12007312
5736174
34707579
11551827
30337841
15996705
25954963
32571417
9693796
15762796
8723868
18498082
19348582
28921207
29565055
31231255
14661369
12570337
22054297
27508908
14239031
28845529
32630337
14375134
6131777
10694425
10930692
7961326
14029387
5663101
13166009
17438587
27962466
29531380
33577740
8121056
10884883
28470181
6214696
12278499
17239201
27984096
13860815
20406718
15617938
34499530
5941182
28173991
34021320
14079661
12423842
13492650
7319295
31604230
12784460
7728543
22679066
6575229
14268355
12679606
12918879
18968245
28744369
6344718
5247523
7090251
10706643
27046404
7774296
9200850
5035254
29034991
6447062
34032051
6997430
7028077
11762368
6953016
11886284
15169953
11177859
16175681
8228053
13234767
19284637
24615905
7415164
17606911
12261516
8456043
15297406
22465945
5652894
9832913
14311603
14102785
34589518
31174054
18811906
13339320
6217506
9023132
6290799
14494027
16698111
12423404
16202019
27343974
10092463
14214687
15515038
8204904
23598956
10286478
8933647
17498152
27482829
6528415
14444571
12332945
4886073
9760742
5581030
13905288
12219448
12479704
10810438
12395150
15068388
35253400
25793404
26135348
6123814
9927014
10861412
4903256
12528989
10154460
11421859
12366811
12534626
12440984
14623797
18154486
27476502
26653142
8390994
33734082
11484428
6520594
16473942
5367362
8279527
16182259
5808576
35491450
7978019
24235004
34824170
28277941
13552198
10165007
13861527
28000554
16284653
5222127
5531838
8447830
11879496
33525918
6635618
13658889
14296462
16387044
14633690
27358857
29184451
15899189
30426059
10639499
14847260
24453998
13980972
9715596
24316466
6062841
22648916
11140188
31498199
6486039
7447814
25472782
26900600
32523153
35357380
20060608
15280323
33690408
7225176
25184275
26702834
7865925
7784326
20702788
9953088
14400457
5921627
8343250
28924570
11066259
7792550
8665899
10621191
8883763
12895483
15015179
15132579
16067855
19161373
23964845
29237569
13932900
34696863
10531724
10469710
13859674
9468508
13201046
26097640
6648442
20647834
26771927
21353998
9310173
30542194
9900813
22875683
7806617
8383325
17096808
29036278
23432456
12099150
11504332
9533761
34722582
15276394
31138496
14197093
6717561
25662034
11534254
16793019
9298596
13185117
22466929
27205719
12364037
15467489
26590715
34027752
5409743
13526429
14704504
5920171
5504356
15534275
33500228
4897746
12957354
11259856
13365490
4752007
15831158
9084729
10198418
30209660
25163875
10195445
10910989
17932564
6511616
32689155
7011828
14564341
17840530
14488272
4870946
13074327
32204028
6389116
30906018
13338105
7327484
6524736
32982492
33459767
25527157
33469802
6208277
29982697
21236101
6198337
18505714
33599007
6379029
8835609
13405460
19525678
33710955
21386233
31317309
11508640
5905794
7127518
5439653
6927058
13482161
8088879
4964422
10905920
11034052
13491095
14479890
15885247
19731838
13642534
5159688
20863894
14737951
15449018
12694754
7584649
8447626
13090715
13382508
17306086
23076047
10600205
25208521
5206937
15302189
10944328
12494949
15325820
21240955
7297743
5007330
5174366
26336930
35535136
17486059
14106577
31298009
21336331
5262762
4843715
8603613
7812246
21806143
25564078
27617589
33674229
4737494
8245830
12064873
10055052
14476902
28759297
5364100
14068723
15696439
22184611
13519356
14845256
28153741
8613610
31542463
15707370
12276896
21318943
9484859
11225021
12293946
35460577
7899650
12091215
5775277
14580196
30624187
13626673
7470231
8289448
29941813
31740008
28562530
26814449
13909186
22195498
6930622
7371905
12143975
13718422
29074987
8933905
33403544
6847612
8735143
7364684
7665746
28549930
16513809
8471156
16007210
33739131
13096486
11611666
12561821
24056120
13445091
23736497
11601849
8712790
20074900
32577792
4737078
7243465
21559675
35483056
9172767
9191979
11529434
8599606
13234045
13968257
18540745
29520298
25883806
25113040
21008872
11722452
32435514
32586690
8515365
7959556
12491061
24097556
10504675
11487893
29826229
15351452
20875339
32237691
4783953
7383325
12210161
15149786
15967097
24667409
8026253
10708709
16032596
35346148
7512385
7634085
14307734
29920471
32677344
12160885
12016948
35379310
7267514
11404466
13417656
13299889
22664306
32789745
12036142
10165335
19854340
10378574
6028365
24603611
29553919
8147080
17334649
22304263
6023135
9260511
5138376
10572822
21347761
10139719
22905899
17616463
31177739
15419792
8295563
9526896
24804161
15502317
23754422
9677647
17443228
11474718
14803307
11640887
7202791
7372230
15331996
17397616
14161738
5776706
10452332
5260039
26339231
12696642
34389253
16221152
22645457
21598663
5900557
11632429
14023432
11856784
31139060
8643289
10174119
10625075
8739769
27157533
5630988
16193433
4719161
16802685
16146432
26471879
34187110
22383649
30835971
4936271
7382933
10384176
13188384
15588404
9624149
7456732
35020733
7496301
13177793
10981901
5914145
5387838
21558199
4883584
2782777
8309025
10364445
13904021
13005207
23944262
5196672
16470102
24205553
5505637
12606158
6582413
24091706
17999863
13287239
11627085
12479139
20436682
14754120
13216422
13632468
10275062
15431214
33201870
23591717
14815078
17470549
12033565
10773340
22523246
15076230
7844826
20751976
15587146
14812900
7540266
12007730
22908041
7909338
25385809
22979396
29687392
5742444
17159350
10355348
9322990
5973994
32966148
32117046
5315179
22924781
31009054
9340709
12320339
31673996
5849534
7354939
12103531
12560359
14576247
22960478
31365205
28647775
13700857
11022344
6740190
10650875
11984912
21082606
32173083
33326661
2805164
9855459
7986734
14372223
12047841
6216502
34524085
30038407
14708245
19509547
31095578
22774880
6686095
14883528
12921422
30148496
12209612
5134017
8471485
23734385
8608920
13520939
23991701
9577201
34832879
16017345
17068080
10290258
15256302
34048477
9283033
7514818
28669984
34470961
16474443
11535813
14985321
15795649
7452817
5637841
10546296
11317804
12552136
9942116
9140222
12806760
17801086
5652818
19665697
23888504
8200193
22161409
9185624
35274802
13089252
15002383
10077030
30725882
13840589
6044007
8294899
31493810
30947383
9512880
5074652
11502768
33441998
12070948
6178555
13764498
15137994
21404206
7917931
10735803
20080549
7178644
15415051
13437048
15905869
13079628
27711780
6914947
31366474
5538242
6068786
22068523
11948864
15974767
15029211
6947276
31789925
18535336
18595273
19054165
21199582
23853263
9479263
11871885
11874661
13164523
15920793
12375911
9832289
21705028
26076004
12892060
26739686
21059071
14864139
20676412
26987916
9918672
7498262
7483148
11703258
5287700
13197858
29409259
4857513
24420830
5693932
15406398
29754745
31724804
21399496
14890811
24455999
30058018
9960585
11467107
6177057
12124553
11071856
17856490
23464874
10927979
33418406
31583890
25439404
9075788
5471709
15372628
8564585
17220259
33524442
5163124
12304818
11213918
14181140
14945620
5488886
9583247
7687112
8504665
15919540
32662818
9367502
18471280
8625183
7754624
14738982
6497504
30241547
10357564
11993512
11804662
14910782
14921646
9297165
14610055
24816854
16044413
13186618
6366665
10028827
16128326
34561330
17792647
31257841
8647237
20380984
29414104
9109785
8585884
6343932
6290939
10560534
11847972
17117733
14556860
23823272
32215206
24937354
12546406
6071378
5946609
6394094
22496993
15149419
14211545
8693434
8246712
16436865
20572981
6893386
14739758
16143115
33044004
35264995
6780962
23699324
6613188
13508169
34677577
34393288
6873843
14502543
26771069
10009578
11324911
6230548
13980313
6002341
7732145
31418609
12875779
31717079
14802517
19944472
7508825
14948799
7182360
26016778
22026688
6226149
5544602
21189298
6613530
10663945
7585392
7456981
15478018
7450188
32559543
12002197
7577044
5996250
8087859
15858364
12902516
8532118
18481462
10772651
13390323
29764573
13452759
8014445
5125304
14897060
22048075
5138635
4745500
9380644
13202680
20812267
24916874
25102273
7217526
13844454
6745784
21433588
12000829
22044445
10726780
7617625
9468969
9051419
21184189
16158926
12544869
5293014
17217520
17521312
15951909
6041615
11105936
12598182
7620177
15762900
25300594
29727679
33059433
12759395
5952793
15963028
10405753
9038761
14368564
25245181
6106135
7605662
10127480
9549418
13106082
5488147
32877390
11624320
9464936
30073945
6449142
10732014
5142723
15584214
9779419
18683146
8995192
9543264
8550258
15164948
27507861
29228980
13485149
10978532
21217777
29516146
15330409
25899127
35505889
22580615
5924321
7856857
19799899
12871340
13996899
9277798
8154835
9468197
16281381
6011723
15561521
18943723
17944891
25092682
12379097
26169119
33743595
15834990
10459308
19099321
10381810
5649021
9911417
12460749
14666825
15149823
5463003
14927539
34310035
32302374
15894769
23061101
19097752
26706869
15127363
25545193
13702247
6173239
7273689
13865188
15818975
9207830
14879808
12427172
15840480
9355306
13815280
10526486
20689123
16339461
32683764
34349596
13605743
15354715
8498016
6239740
13726885
10230481
4867166
5510294
12949860
21622642
7577463
21307498
8908561
16310838
16264692
6801135
11008905
12180081
10408849
26859185
5362531
5551113
10386085
14602720
17281093
9074008
16952568
9758808
23940617
5074118
5796990
9208211
21425224
22971314
24122129
8507497
15170150
25673704
9639881
10695890
6077370
11239311
20939305
33734820
11921163
12738658
9576147
11823754
32810733
23608517
13708792
16209644
16290074
23777843
30394403
4861475
21156955
31247275
9519878
22867676
8458377
12600902
14542752
22630712
5345940
10440750
34656160
11196731
32465487
16191159
8295601
15414221
18391666
5644405
11337641
12397416
19561981
34758440
5503400
11427974
13244451
5929730
25255375
7246398
12115266
5328566
7581881
13975606
31059995
12968240
32704920
33348281
12548834
20357104
14586005
6365216
7470874
10765977
12239791
21120430
7400931
30526621
25903753
10271877
11600671
34806920
8492922
5000743
8856059
21926083
35277802
15197504
18791527
11445246
31772663
7035347
31125107
32339430
14612506
11516806
5513081
11506958
17793736
17604031
18939694
13195842
23732231
5195993
12855231
5881295
18518398
15402883
15886311
7822862
19716196
25253047
7282647
26437001
5426566
32884965
8916897
8071204
15538241
28109482
7228329
6872613
8109083
30182132
29584792
8914505
25446541
33283470
24799685
34168540
7802764
21161704
19566688
1756974
18089452
27010602
6661075
15052234
9488868
7862453
9866705
14614025
20542726
13560703
34689831
4788534
35494639
7697521
12836562
10164259
10930884
12955657
9591830
32009663
12358617
9908522
7349151
22411084
14198953
6236477
23069168
13359236
18344560
19522312
19893643
17660740
7842763
7326818
8661134
30946231
24016931
11144812
12521025
23939678
25790257
22681199
35274241
16933881
15108932
15088811
12620616
31188604
11477856
7327785
12515041
7774163
21687187
31951163
5752764
8383779
18328597
18358369
19201420
15416100
6698190
14334627
14511117
12333137
4063350
8002604
31312605
34379002
6940656
10588297
12542692
14719268
15730447
26823947
13473475
15715236
32719290
28334680
32390673
26154590
7595440
17632864
4846685
29604532
10793680
12328464
12892789
29869369
21263380
8816175
32785188
18008545
34509706
28338244
15212647
16520940
34877495
25533979
18618538
7035360
10721001
26546804
14771247
30076963
4977189
15477486
34449634
35310505
6823041
14669271
16064414
24053774
30558304
8812110
12326914
10690211
7129263
6354252
30643753
9302794
5768054
25262314
11793645
30342767
6068995
8704102
26120897
8133745
7008321
9434562
12667671
22933085
7953494
16231732
18315808
26526986
4764477
11529743
6073537
7548079
10072207
19984273
12239576
25113127
22096762
5550725
12109989
7820218
21375643
13543958
15137261
20457985
10976835
12850647
32536320
26154257
14102113
15473913
12605809
28773394
8983898
12987440
20806102
25370353
13851741
10414958
16623639
7641931
27475188
15456328
15679083
16180119
17165695
30261752
10062300
14108050
30974329
34293274
14659244
9536812
14952318
7220398
11193108
12685533
7419123
9400123
11317691
19299412
31472990
15115404
27260424
11506313
6046942
5107198
28153192
33127113
9854032
12839212
27961992
7131867
7094429
6322956
13746976
29979562
20185891
5665167
6471372
6177276
6037944
11680204
29651845
19481494
19747330
5524700
21910156
10788206
27784632
20262640
5487661
25900663
32568621
29993407
9777436
15828713
12486754
28839658
33180765
10381979
15110528
8449208
14035648
14079420
6573173
8551376
5241217
32464635
23622050
10200382
7690445
7870035
24855509
28351198
12380748
12522740
6136172
6584818
31851935
33439541
13107992
13890989
15925183
14796037
26512127
14967137
19780666
11220386
20212045
24165914
9523884
4978626
5835042
5799736
13645333
33667776
15162378
9961770
29316901
6396118
8604903
6820713
14578237
16806045
21336715
27126744
29014534
31822622
35047247
14415156
10740328
21805738
13121417
24423179
18302149
16271688
13151385
4910558
9011467
18777139
35358643
9393614
12509903
11851251
13771131
34535353
30104837
29921977
34064143
5828869
11950859
15855210
6001719
29349391
18381028
6961715
9421243
10094889
17766232
15363994
5544642
9941943
13885198
25227871
31368385
8981893
11926041
13549306
15356387
5095344
6551856
10216747
11666789
28188523
6386780
11578883
12130181
33091512
5536708
11346648
21903421
7536880
9488707
14878809
13146815
6031034
11872434
33134640
11302590
16373787
11181218
31047241
11442470
26570963
9885062
6778839
28168465
6889589
33644982
33626997
27749256
5990267
26704181
26898749
16704291
5966885
6328196
22418938
25402234
14389496
6274960
5964696
25175896
5252593
4674986
5990553
9430397
10059381
6579955
11985436
9692986
25897708
11180812
6068422
4176367
12816877
7054848
15345233
33288798
35528440
25494502
18532819
7593624
22011391
11450499
18180709
10907091
12120377
31489214
33862560
10149081
12913770
8821776
11863973
5530266
8627030
13711765
19239520
6361555
15527383
30742859
7348974
6532135
27320325
6490498
16315128
13740148
4938748
26142011
5933344
22415113
30050404
14880774
6030119
5271159
13975335
13473463
5576099
27804627
11243656
27006810
20496934
11289022
16207739
7013581
6089664
21619411
6070609
10934024
4911554
7159151
14067240
5515764
9098023
15901056
11268083
19532878
13524257
34173340
31840565
7719919
8398622
27243054
30444605
15731452
5364761
5500428
7611039
13387585
5359136
15639239
17903707
22279672
28023720
29511619
31845329
10538768
11107627
34697880
24815261
6167384
21712123
6095090
12049940
25685734
24217211
4896594
16192976
1497147
13871267
30805269
12736757
9703318
19641502
17759911
15373875
6088984
8123180
9273936
10987295
6446404
15997745
32022653
29439652
8514669
10674047
7778730
10123401
8018454
12602026
9735256
24187490
30918066
13303932
12107604
13875190
8878725
12158099
14123269
19907779
13845527
13871042
26669186
28133626
20104093
29908450
6009673
5046061
6914081
32876769
13750528
5126257
5663981
11862624
32768559
5426499
6279645
24227366
10998718
26303534
19714489
14500769
23205371
30211865
13767654
7252279
14839116
10960202
34257706
6982016
11592596
8375111
15232081
34373653
14557209
5442941
4745906
6155715
31321314
4711100
14417329
10626685
12415512
31442282
22216906
15042740
33034137
19687111
4554865
9976977
33903516
24441992
30783759
14935926
5604901
8945072
11063607
9651317
16295931
16705332
8779448
5673019
12490800
29144311
5985293
8558325
17338924
32589837
34306006
15346349
15384434
5767639
18075346
21169444
24616586
8935937
13573760
6040424
13606595
12088481
6499118
8385262
8975248
14406534
4946869
14658265
15607842
11307328
14029807
23359880
9552875
16196485
23385290
11501798
7813789
9740832
7581935
6486564
34014033
7023396
10275696
25245892
15165783
14816305
10026515
8552676
13791235
6680212
12995628
28084849
32970825
21584545
26629838
14745610
8872636
26984297
6076078
26091223
7291637
9097022
14488640
11973192
13263691
10653698
6010112
30213182
34794434
10243230
26374568
15294564
25038145
31847141
12008875
10198237
23667347
29655442
31549600
31451948
9425228
11172525
13541054
31662746
12302034
32829861
8157418
12633064
15117869
7033606
22524323
31465109
14531241
11616699
9328775
11979414
13815800
32730942
7740707
8219105
10139434
12688805
19243612
11816190
28334716
13079430
30827175
12820092
15908948
16251529
10708643
24422516
26878556
27570621
8805564
15675392
6821181
35351896
27974376
6431948
8752957
13454957
8613231
27311910
14488173
8165852
16691895
14164467
18885211
12285123
18201271
14051573
12004585
26088418
14603682
24910502
14332087
6899585
9684621
29754583
15782004
12921276
6169767
16076016
22845845
33594957
35057846
6713163
19092895
12865056
24260222
24594131
17654338
8609545
33588228
28056507
33588552
9693790
6559468
8605397
25753753
9473980
15778771
5824017
8384941
16813218
7525311
11611419
10752796
12832764
8320067
20790415
24944344
20833420
31525946
4862537
21335890
5965636
6493804
8623061
16308765
16040998
27069954
29617792
34427635
24502541
30602422
6061107
30160910
8007422
15081655
16293708
5788893
34410049
10361336
13746843
13489643
9830299
26362526
13872719
31195759
30363374
13261045
32807868
1825855
9565540
10506011
11401444
15543957
34400710
32302566
5989901
15417179
27838008
12824123
31999655
16037067
5145786
7312561
11144439
12717963
26674676
10403393
4924373
31655114
7463606
32482902
4841071
25945231
31404149
9418918
29030119
13085932
30822888
7809209
12599265
23751605
23893307
21259003
5995426
16031418
8248959
30599716
34830752
7835212
14158926
19292002
5156760
16000590
22030027
12821454
10213307
15615742
31341034
31485149
8308304
19123111
9888496
24634742
34459969
11634879
11266416
12386875
11893206
19656985
29387230
13185499
11648292
13660356
12463139
15976980
16115552
22874678
19498060
15966931
9736236
17524312
7264484
8233294
14145896
10259628
924863
23211095
6755423
23019785
10527373
9790962
18389413
21017062
8366051
4881317
17439208
21304897
7256750
8762439
5202512
15152022
13502305
13968053
12515091
34482442
6964568
5060738
31534534
31561678
6522633
14987031
6295650
11355483
23475533
9522177
11134022
27191694
15672561
14122942
16051419
31076897
23939792
14525024
7637555
13642810
30268859
8368307
23802839
25470475
10849574
9309459
11456915
12890893
21781042
7452715
12055939
33805623
35254429
32822391
23107178
11458443
14995284
11625071
14250561
30013717
19335985
23491064
12239385
12534052
14332188
16233803
13459362
11494352
17233138
15013040
26731778
32222001
28340542
13766191
15261979
14471397
35025824
15294339
13017399
11967413
14644867
9653588
17359015
11031209
31548658
6479345
18915373
2922636
12108156
21331285
9588820
25876471
4803765
14509604
34565866
16326753
17208223
8315217
15579014
19932751
6415583
15521625
5935315
11849064
6528418
29649502
6671707
8034380
33185289
31177267
6179400
21014071
29899408
13135226
35356855
15970270
31205533
10780077
5078376
19499059
23877860
12310466
29597920
10194321
19416316
13163303
5523935
6512704
9204036
10302250
6525969
8260716
27851871
7938812
17700898
26944613
19274494
10810656
5534360
15323752
35443099
27628710
18584809
4273055
26614703
22324189
25105096
20145259
32864379
31534174
6159179
14637285
9243827
12502506
12111372
5032638
7582825
9699455
26491109
23977829
19167529
35446075
18682738
11292304
15036697
24513044
5788377
7857297
24445247
27127146
15867946
11669789
7042846
6700863
13477064
7628615
6843304
18280246
5773956
25839082
23903990
11660123
19240024
23525765
9668001
8440098
29079319
7522946
15118301
10133927
13085419
18646846
30703651
13360127
7996030
25362199
32526582
28226797
6063754
9010740
5807327
5330341
6819119
14281961
22712651
6164545
9024171
10385358
15837902
31795376
15031199
34530901
6881181
13534456
15441764
6181885
26273468
7010335
13178091
31598122
11767701
9143168
6908499
11411097
17208391
17463010
35285662
24921755
25147426
32736948
7612543
12958207
25386025
8206912
28863913
15383286
21638716
31306464
12947978
12979778
26738612
7289155
24767375
12572730
8912235
14171977
10012378
11759230
15773058
19310854
34869401
10584797
4813358
10587591
28848433
15232782
22511093
9925435
12505913
20131792
13365240
17155693
9484230
18281665
5911473
16824207
34925153
15621705
15708675
10367744
24362285
16047479
22751828
11891605
25518949
9862636
14982111
32094483
4675861
24205829
31279307
11872270
31923253
8029162
9158147
12788878
4969500
12879108
6475135
33107505
6476779
10767831
35408938
5961493
11974424
12931507
23670926
11723416
5159124
30805032
12425735
13237154
7356982
11240360
16145713
6400113
14403931
7801619
14599386
10868621
8840499
21924205
22322986
22502708
7675207
7007772
6929078
26592461
9685226
20905804
23690603
15859641
31468868
11953263
6913134
13024514
24095432
5158257
8863396
12287296
16035893
28849477
12356077
8229400
12390500
28268272
20905924
15590516
11613599
15518074
29879092
16696758
8750841
10437898
4836009
24485060
14277446
33345959
5120976
33803052
34527211
14267494
15766560
9340870
23929124
6497639
24610598
29904418
22235065
7690940
29268418
6769919
8401420
4771703
30083088
9214415
15486552
12391436
21548959
7255834
11677995
12767117
18886501
24289253
6971369
24943093
29201074
6084106
8380076
32722191
6834976
5802659
12230764
18099271
31932631
19949179
7921563
30904293
6049785
32105160
7203219
8887195
17518531
24984523
8059778
5216510
12075623
11333262
12463123
25282837
5844657
28694227
12092473
6750801
12044132
7517818
12206247
12484676
13989165
15676991
13397400
26922110
28386820
16843467
15740217
10339515
20954749
6866568
11634827
13214472
19108123
5127902
8293203
14092224
7869099
9537480
13556735
13822637
19511242
22380553
7126217
16063028
34026336
11633515
15236014
11387769
25996060
14123194
6289018
10994618
14639006
16677465
13897766
10097413
17229478
14192485
8811496
32531532
5005878
26953244
6917583
11140567
30085614
33296427
5135688
25212358
33565269
7438579
5976952
22204921
6309331
15938033
25330864
10542354
5415436
11679183
5316324
27259113
19662094
11937507
14815367
12773794
11056429
6083656
5541949
6955319
7009112
8202569
12035113
6686739
21903613
18015163
13579977
10947286
11260899
35466676
19619752
1777891
16684302
16643733
7725872
9972510
14171799
24752870
9078132
34709001
16435521
24808511
33416507
14723801
33906096
9356833
34357036
16816860
13464001
7252036
33836382
7897337
17297872
13405598
13780414
25889902
6482309
13596083
16933773
19735783
12005759
4751562
6402766
16063117
16132328
30088413
10586644
14351856
33072741
18503539
22131019
31972658
6768588
7674547
32100960
13583540
4870023
9956547
9242815
5525995
16184755
8205062
19771765
30962665
13760389
16543740
29942656
8680269
33808500
5182158
13578474
13503607
15621392
17853571
10834996
19871569
16678410
9616669
9252034
5449219
16150597
25581085
29487802
31537822
16465593
17227468
22664171
23981147
17569789
7196609
12234141
8183274
20921182
17726500
5782190
13222578
9960274
18811171
25483903
33601497
12578072
34421545
11282251
13600941
11828562
9239407
28309666
7173411
15640779
18981184
26000449
30052108
15276812
12722593
15898191
13741777
15121150
5433632
24460664
15867637
15518423
11610548
6256596
13741004
11988039
16362849
11990507
6221993
12368728
7606845
33200583
4864034
6615976
8325921
9254637
8555276
10828898
12152876
10405764
5257355
12447712
34962311
5503386
25681804
15248603
6239583
20082700
11747968
14923117
15749374
5210646
8496157
14066632
4822205
10686379
21663964
6476946
28329817
12472478
4733847
30763380
23253137
34186972
8542818
8040416
9821313
19932607
7242709
7939957
10286138
14783221
24696104
8128997
12196146
19690309
34109743
11098989
15694579
27709542
11690747
29380087
5276854
34727811
7443810
22421044
5366453
23211416
15192219
14803395
23007737
24602471
5266039
8648130
18781804
6232282
6987824
17815816
6223023
34971737
11210368
4815229
15542831
12182059
13389288
15044019
34865777
6905072
5141743
15943055
7794894
13569306
22199302
28703200
5714934
6674104
7547490
7829016
14568353
11117404
6490888
14493480
8897300
15224258
5933038
13309781
17873056
21915370
31248676
5781437
14260735
31719446
32227203
12173047
15932707
27797337
6601591
15614662
16159288
12161996
16680270
5233708
7387771
13067215
30344330
18259309
8913002
15295183
7620095
6716012
9614139
31179310
7582456
6118190
17365813
18530920
12558272
6765297
13262326
14605299
5639339
20305036
10555469
35493295
15837538
30635326
8622582
12301967
16523433
12981698
7925567
8286341
6935439
15862239
7261735
5910651
11266080
16279820
14560245
31301740
7098100
8394658
13248165
28918969
8821174
33104319
14878407
30497518
11676410
8145102
28518334
30500989
4887531
8319911
8400268
17373751
7034605
5318972
34685763
6630752
7462896
7842405
9428918
5405993
11896967
17915233
12585994
11948121
12366067
21582739
24314192
26767649
14094982
6415832
14743269
25977226
22237981
8664152
9181315
6432553
28068892
12504430
3112000
8897429
10702224
15693658
11548462
12222178
9462064
15146474
34214938
30562231
15874907
4707272
11505951
10481300
6986186
10367227
8017646
30059029
20626597
34775735
11454763
9324635
17478583
11955090
9556769
13733025
23862389
13795287
8052629
22750574
34221877
5043199
4688360
22981649
8201681
34039309
6723778
7261872
14035296
5447114
21926617
12792441
19196188
14852304
20333179
13585575
12400886
5678497
32876583
6676957
7335388
4865140
32959509
6482981
24266924
8234987
12211305
6519720
9344005
32045949
8550146
34116361
10453574
16024561
26176841
7107715
8254935
13807194
32536764
7606397
26528990
7805954
26073601
33590895
12632013
14771780
15472488
4950837
17477065
5077576
15989962
6818877
14391090
23600435
12136022
27134715
30991480
15147039
27988122
12516032
35480428
1699065
22218259
9508895
24049277
7045650
6024821
13178647
35077127
14024886
15130911
23011487
29981734
5614695
11111280
13527212
9160556
31562545
4789702
9501684
25313860
6149033
6439462
12684019
13083149
13669805
6063041
17871145
30979372
5515641
9405092
24421808
8860904
25800676
11989203
25819717
22793198
8171476
32677743
32912475
29458201
23292053
25326214
11979351
22820798
9133345
13347063
13347052
15600429
14899202
16109330
28490398
8630350
8774733
10068083
26503964
14721202
7399062
6363251
16150832
5419931
29277169
5571077
15805912
16435467
7252135
11386970
31099082
34689126
15198018
9316824
26474459
15608458
9460365
15719217
27489894
12083068
30620017
16286447
27426189
7238793
21906826
7619176
6805998
7990854
10358050
27612870
11349195
30144929
14112842
11855997
17557234
29545519
7227124
9373863
15077778
5290619
7239450
12474491
29828344
9172912
18609259
26500397
27918534
19148485
9386539
6414508
6819151
14708984
34042066
27021474
10899313
9759614
10548281
24993490
14065307
7283420
4804461
8763356
9121084
6284744
9783930
9864663
15054388
10911189
10323603
7990334
5296721
30696439
10965159
7046302
20277370
12212960
19251211
14874148
7507655
9942835
16447461
28926418
6504837
8800894
10037934
7290468
11533165
14545368
15044912
33766635
15621681
18638308
34885745
14144767
23538866
13011562
13657890
9491402
8733009
18095233
30851640
23413163
6780866
12269149
22831883
15270575
17699131
5034848
11932493
13948828
17305726
11719219
8978658
35195044
25914136
8614960
22976567
14490362
6190848
24519485
15151773
14931685
16001178
27640179
15169175
10943366
12969345
29713612
21735166
14249198
6554261
10464564
11060039
27998814
21483931
13902691
13157728
32020832
28548856
33578109
11114159
11407579
14288962
27488019
27416277
6247563
12296943
10864182
11159006
13706798
6588876
8874604
7275573
31125035
32212986
10100091
11252034
9534498
8786127
10405270
5870233
11423130
11039794
18727225
11463518
26958575
28917997
35070308
13289943
18556108
35403508
6108471
5156270
7434360
8969811
32352366
8640686
9942093
33268434
24032312
14954990
11707937
10856463
23034089
32992875
11542122
27817761
11057207
31371841
8831477
14797045
8823518
6288376
31364020
6690015
27689373
30694942
6518830
5553428
25787380
12346690
23294624
9950956
10800503
9877726
15440409
32958057
18163978
14795727
15637752
21962035
14616621
11865708
2049544
5164352
12456905
22300393
7743737
11341894
10429773
8990556
13679281
12218282
5403436
27755229
13148447
31632499
12578185
12025077
13073610
31775984
9215280
14193674
15638338
11360597
16220281
31018315
6833029
28366486
7901881
35214769
16042099
14721339
14842964
9654092
34040572
13530525
8946542
19490137
31168745
6661765
10656564
26672486
8866999
26661374
16110817
5413558
5198413
8617985
10394756
32372640
8930301
25911514
7962390
34542523
15576836
10054006
19417867
11589795
10952149
10634920
18558322
6025525
9476037
21130072
4780413
7976120
4862769
11763296
12627884
6436156
9151671
5458614
15274328
24011711
16007773
14011975
26057488
31380905
5394769
12099686
23105141
14779266
21912889
12198704
14623149
22309021
26163605
32515368
5572767
7317388
14103554
11109278
35386582
8609093
5530169
7387618
13814458
5555454
14577938
34301647
5923652
33071514
9619382
11714287
5923614
15807608
22165690
14512310
34784633
9713317
7558352
26699426
31803452
5451805
4841773
6206450
7933631
10973350
16275302
21776896
29901430
17729905
11073975
5510918
15554978
21380155
16237308
20032024
7748311
12383834
8641656
10226984
10204966
13718181
8496256
11150230
18522340
23698046
34251994
11841994
21691675
10460458
12238475
14746844
24326777
21154192
23051855
14662366
16486968
12529216
5754212
14433146
26048338
9571261
12723904
13664629
12359131
27415224
20428276
32605788
33079548
8070821
13006607
32779728
14383292
9242741
14213068
21128623
9051916
8653622
11418709
29037514
5414778
15875272
13273527
9160464
11545260
11465708
9808023
7097035
22726370
7969939
11999034
11989517
22711205
9134705
7735221
12685566
7718319
16090271
32286297
9712355
9754944
8198516
10637556
21797413
6195539
9641440
35457244
13205992
10976642
14865822
5763325
9520649
29378488
11838324
7075074
33287760
15818338
8717126
17369458
12324329
15939965
18420316
14838515
20276728
5221420
16268987
6330539
11130841
33473285
13861098
6492171
24910742
5980498
5632154
31666466
17683843
8789952
5062826
14120387
10875120
10890748
13666506
22271308
7770564
8135626
5554346
9318074
22193791
9998377
7776439
31874405
26605649
10939707
19667131
12869985
20827345
10931996
11510201
13925999
18333931
23798312
12470434
23788289
14748432
14974009
11087254
11781225
14195253
13630729
18731470
13258087
5671084
22046512
28954315
6631912
9913947
15927403
8885669
34273516
6350297
26956130
18137260
6593440
34543642
34360975
5266181
11073846
14940876
9561565
16525305
23626187
8121171
5530674
8209111
8377747
23930939
12342483
19325254
11697988
7883659
25376965
5445692
22320133
13593233
11158461
13570636
16495803
11164142
12783037
30087666
35414239
12655512
20999143
28880356
34710318
14658797
10035119
33863580
9341100
20155441
21770347
9577990
13201923
35008268
33797655
4983074
7545259
26096959
22499132
29028301
7852590
6946137
30026365
11290651
21531847
25948288
26490020
11470723
24056729
4765731
6475938
5575861
7114162
14394486
15797503
5532131
20797105
28783909
30626128
20861521
18854872
5425842
3877038
22086979
17009439
22039222
27138879
10506008
14263255
11596460
16290059
21109669
12893186
28949560
33451790
22634090
6060185
7845963
32567637
1898923
6037152
27453540
8803800
6027657
15879560
6064499
6394553
9331802
13383749
14886330
15762550
18506278
23622680
12015668
29190238
7332607
13153412
21429928
28129375
13129038
9967114
13163523
7468974
7695560
13009789
11945157
22760474
6032173
24714527
28257949
12839308
7327630
16968858
20552446
12527049
8767740
26004577
26997399
11491421
8939870
24875177
28093243
6587689
7095081
4992657
15254737
9473677
11881503
18316702
23455877
20825761
9960922
6965779
23507768
35489098
6699523
7850322
8670404
9558119
16832925
18719356
7004743
33844689
7165190
12535571
12532728
7337159
12805670
33921834
5669421
6475836
8382927
8749260
34284703
12634035
10249363
11930555
15344798
15558630
15811751
16620588
4864988
12482111
18371473
15930550
25451140
9341451
12976048
14224018
20681695
9956425
23122580
7829933
7494567
5349112
7520860
14970205
16012171
16368534
28632079
6117589
24416141
27278826
13193058
6559480
14206723
4718991
13932215
25763431
11701375
5271945
11303710
18251344
25625593
15119766
32499273
10182551
9151676
27089817
13145907
7501796
34942421
33709014
22952072
13221896
29073997
5876238
11929121
12560455
29285134
11284858
8005364
14896102
8958116
29142385
32965596
8499353
9170418
7078483
5664377
14687844
15682864
6620255
8182364
27939198
26953145
11871222
17550586
30617302
34072975
26009953
10338968
5069476
7420289
8528499
9189792
6131629
32898201
32338581
17469199
10967871
6523766
12850541
13412287
4788743
27454941
14439474
10020535
12347712
5508861
16134795
19440496
8774073
8526740
10628908
32746275
22724054
4772280
6408992
14571597
20002705
9954351
15111610
29391871
6467878
13430451
5288464
10164590
4711969
13435890
35233819
30766425
13323665
15182724
15983299
6072883
9321967
16014796
14523931
14710409
11018785
16310055
33598842
13289446
4990818
29130043
21711925
4915791
8168452
34160647
20257534
21223783
21614815
13737600
11497659
14836239
16268739
32881200
28014918
7823013
34490680
7220079
14223921
9931957
27739458
14828283
14120417
17456239
24447419
7822308
21608590
6311190
21379759
12361876
10097133
32178645
34682133
16046170
10305660
6450311
7007736
24307907
31916824
21591796
6401852
6279595
6999751
12963459
7155223
15212347
13753673
10445928
14413085
18818725
20881894
6522808
12052232
13024151
23982104
16033335
9304485
11954702
12539424
26468579
13693818
21528256
26492861
9280783
12555443
16148665
24697178
29895547
26623580
6441767
7253671
32313078
15601439
5180808
29603428
8056981
12543673
18069148
29943250
7927734
13887600
21488056
13320185
5935766
25441858
34904327
6858069
19251298
9415883
14233953
6555459
5843470
29472985
10870889
8711374
11059905
32253678
22815035
31685279
12663439
14407461
22615343
9663770
11112252
20283352
28461796
32232150
33950820
15119410
10804781
5271972
22420957
15082444
10103995
11541293
14008224
10878129
13516859
9905486
31488386
20396539
16190893
8262734
14125984
14790592
5469587
23835545
5109458
14099751
9109691
13408515
9704998
11077036
7546049
24528899
13408904
14075575
27088593
8417972
21750955
27101376
9401974
29389066
16204523
21439783
10567082
26829155
2819437
11450342
29825362
7955487
12893174
25816690
9194745
12467022
9083193
9450530
14695028
21416458
21688375
27226245
21448783
5650291
29867155
5692843
11701583
5998795
30078286
11274804
12265916
13886980
24381533
7615128
31757135
8208258
5653233
12810672
8976903
30685465
11964073
8706364
8068671
12304610
23782211
11887571
18447502
7650652
8430792
14618629
15017460
15253526
34793357
35395810
11104241
6101379
6362893
5469149
7312265
15714036
6097350
14425614
21664864
10835845
13936504
15018709
8852511
15434239
34942862
8287251
19590181
9408916
10579750
13986553
29515465
17842690
10626862
16940145
9330715
21401836
15571766
22626599
29053510
23905466
35019821
21189271
4752024
4888946
11177160
12577424
8047073
15822384
7416631
12626555
13363874
10823380
23177336
11849202
19009996
29334580
15525513
34908584
6469102
13512431
6159199
6401116
8376450
13180677
31199932
29790682
12017417
4783284
5357467
9400782
10964898
29528794
12922412
29608243
15590157
12690558
24882647
29719405
6592771
33380156
13443844
18030175
31832363
22543685
11631679
13558676
8898568
15819669
30840822
6862176
4800813
24535391
27796392
18594922
27506964
21920074
26025610
9166791
8576335
13890132
15877087
13946658
6681624
4850989
34789391
5635734
24894350
11723350
15515868
32497863
7824888
6361635
7315454
14255920
5568195
9488333
21620668
6812098
15642141
12936931
9267633
20934880
24015149
13293302
12653292
31108391
15959421
8698836
8660027
14651449
24526265
18817789
19571674
14197221
2191934
11936582
7080036
13032862
17160934
15056197
14674087
35215105
22830587
11876592
22218823
26666555
19419634
27587508
10341872
13066329
5871662
14100157
14526279
14841430
16135098
18679444
22746740
31272866
23395580
33267444
17497618
10760645
16053743
8851069
10716738
34914542
34316146
7917524
7109095
12911953
23413133
9067560
6157939
8178321
4996859
13168303
20134618
13727068
13893442
17196562
10340892
34618051
24988132
5016750
12292592
14994246
26930399
22631699
13121338
24229487
5647365
4972037
33351131
10693222
14025325
10332941
15134603
35084192
13211766
14316071
14368123
20276323
9797919
14930128
31895104
4752643
9668661
15014141
10578074
11650346
12123770
13468533
11080302
10876544
4807784
5867271
34141561
34123393
14736161
15608981
6717036
15000602
33559827
34591279
15174029
16337925
22290676
16059272
25536619
12428126
10982112
12722471
7541733
15975508
11356058
12580375
6124040
34122289
23347043
17028333
34847921
29891779
27611889
34691811
4903075
13418924
19929568
8912148
24938290
14839914
11945405
30766830
34028547
28254517
20463613
34593802
9430152
23303885
13656175
8430518
12386296
8841739
8298149
20252443
8250352
5774962
15691720
10486925
32217681
7776243
13910774
15442220
9213860
32351388
9937937
32035394
34263994
13286852
10177760
24914414
5773032
29556244
9931740
6901830
18278284
18694882
30456758
9990738
34026978
35113796
17487421
14013995
35515300
12356388
32594013
33781245
10749809
21527302
6694519
6489929
13263055
29420887
6889673
12264267
35258749
34936538
13635352
6333583
29578948
8780351
12463442
26412641
10570833
21611458
9571412
29381602
33463631
14258961
5596636
9092636
7921730
10488540
11510378
15157998
20711140
8313288
7886031
20023528
23948135
28864180
30691468
12243511
30349049
5937426
27627324
27638889
27527421
21777535
4869701
9451756
9259564
20155279
15652291
7532896
10528718
8790407
7666871
15062701
24723479
32086119
4875047
34774736
23733908
10235678
19606279
19132723
25672648
15258700
16118186
26702453
35454271
6023415
32712600
25707610
32618670
11124000
24933005
15476932
10848337
8694676
11955524
5236718
16204151
34565704
12681659
5912777
12798124
15563892
5376106
13990771
32564250
14074670
10808977
20540182
18137905
8554447
5225481
12429507
13748748
17883832
25148479
10347554
14943977
34835525
7879354
22529894
17600731
6188525
6460365
23133257
35421100
8896752
25424092
12006728
5453422
27409488
28172332
34961840
35032280
15149958
11363081
11159137
15961327
23719133
27273372
22024213
7833037
11967194
12540300
10890403
12171029
11161068
17452465
8963101
14371637
6223187
12286654
9297392
12865627
6993936
20568313
7775998
28735915
20167102
4681827
9739731
24072362
9700546
6550046
30081903
10481629
14535099
15203347
22513298
13830817
5049476
13169260
13345998
35218648
7340501
11075661
14546197
20998966
12336607
13523578
15155495
28004910
11331781
9323619
6185706
8985317
12034290
9013682
10006327
10657778
24189317
10319783
13888606
14052454
15812792
8836871
19785112
29477872
15083235
15601801
27068841
4938681
22777421
9855147
33884385
35459941
13073071
18440062
13269952
9391088
30247583
16447224
29631355
24742904
11451752
34141756
16002692
13946971
12586914
8262362
29295340
29630410
30668248
25609132
30318662
8235347
15824075
21410650
26029291
14237535
33034920
8957441
27414339
14715366
28700794
12150013
16048194
21968260
10893080
10269737
8640407
27716601
30092204
15095928
5987389
6542475
31385057
15995218
4860683
30421895
5668982
8446134
4937546
10275910
12955156
12947930
15696007
16050227
4968836
8836071
7128800
10828029
32714727
10329840
9740295
14603934
24849143
14981818
11858166
13959383
6843201
8514785
10563305
7467466
13618881
11259273
14424689
8772113
31220683
34838198
10736394
18057976
20085898
7906088
14224037
28735903
26898692
29406634
5118411
11863108
28712635
28059903
9429392
14229390
10977707
19656898
34787468
34530628
7057344
22763906
29761924
35261923
21966010
6869565
25402756
12631911
33352538
10027575
20022205
9984682
32983107
13972310
23409851
12969677
25583260
14019756
19594372
9606561
23169776
9891263
7960465
12657245
24827720
13817371
18394201
16040118
10296081
18007357
22116715
32129949
8243671
24056558
6331587
9650731
17057199
9894402
6195267
6413188
5288432
18622417
8111424
26227277
6786910
28809064
22015684
6223066
10593706
13734942
11643468
21204064
30026737
7125831
13600214
20015737
20753335
33804876
10698279
12945511
14648488
6479750
29263189
20309014
9995182
14213584
9044975
14765875
14004303
25191385
30358667
18067090
34375231
11555377
8793931
12793592
22112650
8450098
13260914
13441857
30820497
10629999
22598768
25762921
12405658
25845898
19505896
12579048
15743445
22197421
12837276
17650267
12013804
21493666
32881785
16386714
8295919
9886418
26531711
13816790
14263291
32802660
7296827
14310471
14784507
18559390
20097742
26971460
8152916
5512983
13100359
9174573
12282733
28800421
10393625
15197854
12157921
15788126
33763290
9398963
17026488
5448980
17255491
18219880
12271754
15452771
33276366
13025748
5130971
19821859
21805471
18880255
14107383
4822638
16057317
13449606
19604821
14756641
29254423
9782730
6266669
8387108
15563670
32891766
12716064
7937048
14336251
24301292
29291329
32065176
14210376
20461246
28604917
23635679
29948809
7387036
13555400
13934264
15439645
16429281
10308499
15095333
22067938
5222431
21081115
28153405
20839609
25127125
21418084
26174960
33019044
11611950
17198116
16016999
4753647
26973647
12834862
22940486
26349668
7712067
15347764
10895600
28702132
33172638
10668850
26059000
10015625
33139371
4876640
9585350
6574610
13029212
26446274
17118591
9157515
34021866
11815738
29588587
12500702
23570249
14010377
15064994
33153690
8853185
21304522
32733648
34949498
5995928
6085048
16851261
9887197
13396108
10798994
11517202
10391631
21976159
19917631
9305957
12654366
7031127
8327589
12222383
13920186
33869679
3800275
10414274
9977065
7458874
25633336
19759786
27257247
31307811
34160062
13061250
16527105
13064590
16296893
14442578
28318111
17626750
5581976
16084139
6362210
8449009
13223086
19412812
21903031
13552724
31276514
15067623
24040169
11490400
7147157
14824924
19765147
8521806
16246809
32512470
10005548
19630216
20121889
13039986
13056237
13561763
8750235
15626453
14287968
27483792
9640615
11028118
16119402
26139272
21000184
6110642
5743510
29623237
13652753
23067716
14973224
21088237
34051879
9141375
22399825
27269664
14760747
12940656
24021266
14378418
26211014
5062086
9016783
27025470
5494699
31918063
12426623
14916570
32076552
5457356
11331551
15221757
7412948
27424815
27855153
14868098
27169362
7751822
11436490
32045904
22413409
25935718
34350214
30672808
26639153
7980346
26754566
11226041
23480891
6267964
25441090
32489424
5389550
4768193
32503953
7169871
20346598
32274093
7517203
12423513
33430127
7537809
11236129
9162083
15300529
19521736
34441732
8245646
34537462
15834535
10894361
12822223
11374209
13879514
13962759
14970365
11075919
30268307
30388130
22135402
31427564
32736447
25575241
31230031
22082431
9176914
7268614
30702424
14771762
5326456
5125112
9138583
17481922
10139175
26825342
33040218
16016345
32298144
7144336
10137362
11442390
28233229
13848976
20475700
6295897
6963489
23124215
21454696
12139272
32690316
34733157
28813405
22759934
12578858
34025808
18046885
22559468
5338049
13973621
7245377
9859386
21907144
20822956
5010381
15279848
7511995
7850720
9053054
9707154
10029014
12789545
14158802
16946409
17189680
6854721
7440901
3415861
8534212
11578362
16071486
30417263
7429384
12307835
15299571
12973426
31818617
5830772
16113249
13058395
9600092
19742347
14938447
9036332
14077647
20898973
25806952
27349035
15574026
28506601
15565921
14755317
15665045
24876212
25526200
10695973
16265970
20828272
5389073
10424468
15069940
16159904
5410128
25896094
27012036
2390031
11093319
11594221
28739566
33022170
25496404
5963135
24948577
17778541
18973840
28657288
17846491
12278356
26596226
15407986
19295257
30168044
5313039
9854421
6559380
8605828
18472273
16094228
7847017
10200972
34706103
5371586
7345592
16150394
10619286
7459150
10293524
11477817
12450113
4988588
6749587
5290130
11503694
26614673
34175311
31664153
13216639
21405043
13059860
23526236
6064792
11199329
14832710
11631650
8780813
6698604
8039142
21102859
12022433
4770728
13238573
14128771
5989487
22450942
8699556
7903095
16264717
18797617
10549074
15749917
7468223
8986993
13868433
12763660
14083564
16893522
7294844
5578869
32261451
18679969
8014983
8890807
11681747
20615164
20750476
20891992
22471390
29024047
35066459
15941227
16457802
9990883
6994130
7193948
10799241
25686979
20492770
13903970
5141592
24893540
30139298
17765554
15156976
7331973
7629200
5698255
4848920
11909405
29336533
8730321
5033225
12314273
11073449
8602161
13529241
30423794
10787010
5788077
35185699
30990544
35070206
32719020
13957650
21373630
4885536
25923127
9151471
28666114
8613238
15624216
33713181
4724819
11764143
14068896
8556936
5625469
9030224
4902922
6193941
19259593
19587310
29414053
8772934
11205267
8290167
7919878
8070915
11484874
9612539
25456798
15947297
12027000
9673761
31759988
11210091
10663009
20263831
34665502
5036693
28610770
5708032
32591805
5319308
12363447
8795109
22994582
14780418
16032063
8014299
4832711
7550354
15897746
8283503
22959842
26063833
7019082
7733132
10162108
22776080
14280318
24044912
31909597
26266808
32578302
13287309
30958807
16530189
15232026
11154433
26710166
15392858
6582843
34228564
10578490
20210449
4782265
9676859
6870497
16972056
24253328
12813314
5463676
6310215
23972015
7288906
8571820
30422285
14244587
17369317
1444130
33042111
15709259
13277063
17397352
14889595
4785702
11014892
25420768
29086303
23286203
4911569
34605859
13945894
22587611
8968167
4780145
5678034
13564366
5687069
17383384
11042626
11171113
11287493
7720109
25722010
7659834
11757195
12861328
6639580
18000394
8687326
11400929
26342024
10208267
7217818
21308374
15472801
14579899
29440993
6385135
7843949
10575677
9464893
21466705
10861931
10391966
8219270
12546053
10801659
5634272
18946357
6754477
31964402
28669792
15537365
30449264
8939774
25750891
35242171
11678546
7308387
17147446
13383099
10917902
9604183
11243933
13005012
15780921
21472366
7308717
2208271
27257205
9665699
14996552
13147050
21125269
9115832
34622344
5491452
6523010
8546485
6886718
8995660
23042501
25862473
35086790
23393018
29387989
33527451
21023086
31734524
6478936
5945542
19680874
28510183
26540384
14131288
12960403
6789020
26093176
11558058
13457425
14552787
21900229
11071303
12339319
11990349
9501932
15999582
25228348
27786297
13263058
24828971
12904421
30827844
23414084
28403851
6937668
10621394
13444501
10674855
23378948
31350604
9292797
10659937
32505888
30295127
13857247
7181110
8174401
12555572
11404542
23064479
14633607
11437914
15391507
11694258
7205007
8641910
9806375
6197131
30939403
5095487
6385596
6830672
16589901
21393850
22501982
22971827
13675651
27656406
29424175
9862296
16343682
11593199
13601317
29188105
13842140
6326530
8596969
13350304
17074446
28359196
15941982
7718538
6353784
12244336
15234844
31416242
8574306
16112571
4928326
15566758
10129482
12596057
32050989
12346521
9192342
24835319
16275484
12124151
12049569
12260154
13081581
9017990
27368274
22199251
34158277
13822983
7314296
24782018
6598661
24101261
9947854
12821431
31195624
34162594
31965056
1201490
8895555
23528174
21543193
24674852
27061917
31139753
29744299
16090981
6800627
25351330
11815526
35170813
10872514
11212521
22816193
8745320
14430833
14882671
12380215
5112935
28723402
30057487
9012947
15029590
15575646
5154708
10743639
25257757
31848281
33884073
8618559
9854462
5878248
20458648
6567200
7689525
8365695
14941355
15763405
16685160
5574167
21129652
12547247
15530251
6672898
11953315
14531939
11905099
14239010
32564010
5275207
11821234
33112392
34062994
16080010
11680945
34409098
29883658
6117280
7693709
15082837
31589659
34910489
6097780
27348210
22555046
12248782
7996355
17567878
31601329
13626865
4759761
6361557
7914467
7996570
9047750
11833333
8164046
15878096
22216252
7471688
9983008
35521294
14466656
25653646
9389197
14599541
14709450
9319122
5150488
27549486
5269073
8683155
12429705
13936410
28348528
29945215
5872806
26405609
28184161
12854276
35146417
11973475
6066629
8976056
7725008
7657139
10527118
8748483
10767500
22448173
34027413
8659843
12618152
10986448
17806393
12546755
6038659
18742774
7446918
11475589
7858002
5761545
10580041
11998155
8551157
27010257
14000416
31673342
12163013
22069318
7198160
26302112
21616918
13659817
13852306
18013141
8050716
32381049
7053982
14039763
34536829
12313605
30622315
10033792
12235103
15276959
8304689
12274772
14008026
8697938
12001668
14618196
10476452
12921281
6410510
17487970
22260985
23680145
5018921
25179970
31945921
21837175
6837065
9497265
10208934
13999269
14648384
5871791
34658692
25680751
6670020
9401069
17083278
3876820
14328417
6406232
13252367
9737743
15112785
15868206
18365983
26145218
28026570
10135576
35465368
2355616
9082109
9832091
12070794
9761860
22396879
7474284
14476881
11671807
28312816
13302006
15467447
29952574
14236079
15916562
34643287
9339062
7831799
20096236
12608743
27520074
34071877
27345156
15645515
9036131
5590259
32717280
25309426
9621713
7411683
16809189
23359082
15283368
8102435
24956857
7174515
28613629
25579291
35216323
8867157
6848129
34017999
34316518
16062059
28892623
9784406
11441002
14463008
24748898
31919539
4824148
8601379
15207024
34650733
6985039
35536246
15229807
5749842
16268611
14037204
21466117
22426300
33412868
17910007
5493152
26747351
6129507
8386370
6299565
31876612
30063889
12582670
33887493
10751892
6714791
27104436
12517403
22408636
31217113
24528347
12442723
13800870
24257459
5380835
33193647
14282280
14973286
11981798
17868325
9607385
17897953
8802636
14984984
3390481
34593469
30190430
27326154
28216501
4916561
7459306
12449900
10775220
9536701
25990018
22318603
5313576
5960615
6439323
11321607
18626929
6731920
24284870
31674410
10762339
13055183
11063934
5987626
13651449
16047758
32660523
34970522
16706952
13079620
22234318
9570814
11507021
4965109
15011010
24634466
17064144
5907039
10307283
13160564
9042636
2058980
6395744
12913248
12753552
7665208
14009779
26548100
8786956
24021416
15268915
11115592
11414700
11961600
6942415
6269635
11063477
12338362
4916889
14171970
5309443
8337168
14520357
6813602
9729756
30606634
25141579
14031373
14934732
7947577
11271568
254536
13535565
16947198
29564533
13374433
20927962
24796949
5584374
11430239
14417560
17547091
18291310
26226911
33262932
14881424
28189687
17969353
30020482
34981235
9375949
19590214
7279963
12412911
13534120
8618380
24230879
16130561
8902333
14768925
10219545
8053524
15076139
13320641
8307727
28763374
11753183
15031546
16914516
25551898
13545812
6549908
6801030
17151895
14821799
13710803
11731861
21570637
9345580
20701957
8184064
7524991
14342911
12932713
7655929
13407303
13510321
32274333
35238652
11371744
31189978
30351152
31848254
8363982
4738969
9402806
12146116
13662406
17763190
7574469
10770591
11716176
28078438
15420133
5156094
27712443
12344589
13379045
13992764
14306422
20156647
24659420
34000503
8007364
8640110
15376705
9931603
9143765
10768674
11182268
11249779
5321252
6727800
15578899
22964813
15415058
27293670
9429318
4873254
15295492
14182323
30859341
20181913
12935959
33447944
20165428
8275689
6139220
18009958
11009110
12132219
27826722
32472171
27506223
5713263
10425122
26116961
10092725
19048204
18158155
32692092
33471380
14201991
12382446
29893105
15459075
6769543
13302178
5967089
5664083
13168795
5326773
10374907
30474770
5615824
30250349
14165261
5296024
34755854
15426754
23268281
9182074
32293113
16212250
5731129
25071823
8327490
30274469
10682223
34081264
8871459
35316553
35256685
35060765
7673209
34667113
29460202
8891982
24372470
34136176
11292945
13580397
8974669
14111107
15172419
18216346
15542112
26576621
25636924
16445520
27291216
15571072
12017036
15264085
17348056
12624014
22496762
14981469
8261521
15151445
10541773
18773695
26593799
11271586
11440114
7378493
13205002
35367535
18523429
5540583
34942340
14565690
15617045
16016136
26536514
26705888
13061464
20112949
9414973
23537222
18509272
11606405
23754572
8547185
34197028
6260725
6372213
10528486
11708932
26659295
6509557
6844389
16068999
20746132
5433320
7374465
10766445
15572194
23548763
4783230
25949974
35443105
11791746
5673281
15938432
5048616
22071703
11642261
8623492
4635035
12335181
21059758
9773487
33433373
29070103
34875002
15081620
28770505
8438613
7615696
7959688
7619628
22694588
25339123
11173556
4928859
7544489
10725293
13347103
20444809
12416041
20117131
10185800
25468744
6400021
13230302
14986881
25540522
15836083
27694965
15453445
27894618
8966802
23535359
6861524
13008220
4702608
12200569
6648703
22517999
33125781
29279020
13110668
21040756
35089934
20093095
19724731
26103910
15145179
5019440
33387602
15195796
12384920
10547409
26402255
15910947
13206465
5368041
6895759
10193838
10828883
25658650
32753277
10516398
8538261
6413913
15094898
5349985
6038090
15740065
13743017
7751531
13842100
14963469
33516422
10224846
2484095
11484107
16096897
29682904
34619599
6000743
7213802
5503236
10734358
11055584
18690160
13232817
8344311
14225625
15174611
16116332
15604705
9923676
11302610
11917714
17131560
23556005
29028892
34472413
28746802
6495200
13072638
27730839
7066264
5630070
19545637
11901483
5953716
5925262
17281276
5794985
21255502
23332820
11385527
10246434
19956169
11345803
8835613
5733599
22651340
26133173
24980764
35112680
12286280
27341757
20345323
16233347
6498666
6722306
10224114
27911667
15108154
31363600
15185932
15484927
7017499
10570882
6283741
15063934
7905675
12769134
9710376
13232067
18162292
14556352
5371618
4722082
11938794
12579380
13851897
13857965
30910980
34158034
15807574
7641687
35044547
11298155
7009583
33255735
35234797
29626885
6386705
14853717
34382632
31310655
15303424
30083400
6655476
34065274
5683583
11559728
14089453
31914370
7324152
10140202
12721431
10452765
13602961
5091740
27994779
31810109
4520991
20225938
34263085
1983467
5157461
10032220
15508984
10996230
14932229
14874600
13583537
32710383
7137724
32199063
15736199
29713096
12604287
29908405
29028682
32216211
33277980
14322333
31987109
28818040
32166825
15986734
18405751
29477455
12230705
11429827
5171534
25457332
19666339
34493041
21919639
20119705
35003393
26833427
4887730
9596404
12120602
8233572
11285491
27461868
4998006
19013716
9453539
25550554
29023771
5994946
26293943
10355993
33287406
16069655
34894376
14096075
6231055
5213599
33525297
29248447
21033682
9146219
13022018
17174074
14436927
20903758
20967013
8245177
32035751
6335405
11298971
12720713
22989011
24674924
6106545
27600543
6593877
13864621
5843543
8369929
18234076
10566141
10692988
12525974
31260301
21456649
32969916
8667419
30253535
13026284
32393322
6834023
15842514
17333746
20587483
23648819
7349977
6420526
19671112
20338876
29174986
7483954
10146948
10180688
10703400
12890120
30563998
15832675
6508318
19934683
32021549
26519111
8372322
30220166
7488313
7721179
31012903
31653044
29318647
10334460
25840405
5305077
11939475
25341169
35125076
14455205
8994883
20369029
9035547
4730893
7863026
15028699
7431364
13432365
11634740
15691689
8848281
13974206
26540150
11955097
30063904
32166720
9709379
17370226
5287900
10613126
23823782
9272342
1559584
11240738
14085425
11333379
24107708
34248835
17540722
14289442
7200816
10974838
23228444
30820290
7389107
29003557
14407892
12748457
10415789
13493674
16365309
9998229
10767008
12152533
11487590
11524929
15922086
33535893
13894930
28680847
35111273
11427575
15498724
7061645
25225246
26641907
10770337
13208397
19088290
27836085
9830700
26863757
28708381
15332795
15436993
7239212
12323906
15678123
31677761
10726320
5266135
35527960
33616626
20469781
13143444
13737820
13509234
7105507
5600902
6637771
24417191
17761915
25935475
11422332
34152274
14471279
17615872
30070303
22162066
4699658
5799518
8207386
6590938
28965334
11244008
10645037
12881526
31616080
7701868
10357692
33167835
11752802
7517011
6882319
5269215
11018318
13639168
14288543
25468891
27066309
12465441
1629991
6571464
6738367
11674275
10705720
12182041
12225071
16831143
10401714
17589919
8797264
13277316
10210639
7317861
5060009
25922257
18957013
5382192
9741133
32522898
11248040
5149767
14322823
22674158
5394450
25756537
8306315
30391619
31879321
8267204
9968983
17876221
8581682
6820762
6955710
9425889
8684204
35288908
25443550
6942836
11270412
14777717
14057337
16195765
16787469
8009622
7464383
7412566
14516065
12545858
33882504
26688260
34335091
8258638
6648895
11845322
19966162
28029279
6640974
14043206
12138971
13545584
14473255
17605681
21843637
16230232
16303793
14203117
30888408
13428447
12348816
4252890
26179373
4980848
8634816
4995788
34270054
11919478
15547951
29416582
14630637
32463612
33989637
5256124
9249079
27837192
10979614
7978927
23694734
15615097
20730658
28516498
12264601
19277575
15633754
21985801
34831553
26657399
10182487
9994182
8760230
11731532
9652489
35011427
5141752
18329629
4772639
8319599
7233238
4870069
5172433
35474614
5951210
34578397
26578469
8097018
8073146
23344460
11510685
6390485
28813942
29816290
10386805
7159046
11630778
6423967
21312532
8098138
11746136
26254895
12609517
15562487
26604875
21269950
34836122
7121125
7404092
29810050
9108693
8142466
18153526
5548661
32152971
13709044
13287707
10752172
15391420
19144540
25148581
29823847
8178806
27303165
10228653
31845392
10100242
5910036
8179939
9128132
13043189
14072705
9435465
7872769
5514715
28432207
25404265
12839858
23043791
24308774
6326876
9128902
9623600
11945789
14785743
26122118
7767649
24479222
11341840
3600591
15396131
35281450
20554390
26724257
11507082
15513741
12563140
21857170
9631445
13489206
23875742
11774748
21228610
14168830
28046454
17401672
15335532
30113180
27607071
28190962
7020275
30493357
7529810
8010431
14087839
8148110
15608831
35078156
8366762
5168856
7068532
13250774
10692320
16140841
13332188
7712064
8686725
25655968
7942090
15272262
10871721
7189814
5944684
14757107
12807022
33802449
14582270
9239369
5616009
26616032
34052272
13589220
7693886
17284264
29863507
10815005
13998699
21063796
7379857
10846333
15145781
16821414
10160673
12973233
18791221
28351171
5551191
21255691
15831030
8982665
11323497
7262947
12105551
8802216
32473245
18124474
24777068
13338443
6208743
26391698
27645171
26294297
12042393
13406203
7944778
11329688
18707818
5480407
34907090
28545769
8473848
9967130
30309002
14692422
14727022
23786531
12962484
15582070
14595325
6935676
13986115
15365667
14698456
6694038
31003525
12565415
13081137
14065222
13469959
28071460
7855158
31863653
23581418
10182099
15173217
13896362
6393674
7338032
15647865
33927984
12208250
13149453
32672310
10023754
13565020
13752981
19012897
35258587
12550433
5482724
7458879
32648064
5965499
21170263
24776201
4871620
5870991
13644805
14851588
10189353
24294719
29880127
13333427
8878505
33888048
14797158
19480630
12976690
7292461
11523695
16057947
13110435
19518601
7901403
9636977
21346267
32790813
11163686
14963772
8483061
14269787
14868447
26585792
8866865
18718129
8185175
24386987
7942856
10895226
33614631
13403713
30231464
14697091
32201877
24505979
34473835
15172377
10649725
5689249
5864968
10396581
12854192
13043724
10418447
16102414
16022399
10976428
8297561
10292660
18764971
28359010
14249234
30534700
35320534
4721362
17635681
23063015
5160357
6557919
10685440
4899807
5317177
32272314
32054400
6134740
9921457
5271614
9822238
12224472
31037512
5121594
6271248
17562067
12099824
15329185
7885489
11838479
15993686
5256159
16505070
23117414
19724680
5405132
32977467
9982642
6990913
12931719
22401331
29454898
31402832
8179336
24630392
34640557
8527194
13444022
24604586
7465943
15989151
5021416
24207668
25822906
9943765
14972814
30619873
12747437
12068737
14928378
29503774
10528506
30095258
11990047
7720375
10520500
23305655
9438476
15298947
8283163
10884095
32415804
6081772
16405797
10771867
7486932
9121760
34618696
28896556
12282809
35445004
14126262
5789564
32717745
7747713
14234159
25448641
9318904
5554391
13225690
21024298
11375360
4974118
22702364
12994063
17543395
5391772
25010632
28197547
17268541
4402390
28386595
5137384
33260481
5009216
32007233
15220972
14797107
27472764
4811172
6068936
6514366
11428726
6977749
25373020
15944558
18539266
29118361
19907755
29021509
18097882
20489743
10360572
13325848
18727993
28238929
14665035
30400355
12468113
7873443
12527999
13548398
5289257
5403107
11201429
11777716
6803797
26406197
30906072
26504264
8174665
16914180
21787189
12396910
32405637
25881205
10456305
5556434
20417503
18030853
15537541
23135546
14862579
27559404
31900795
13244330
12182846
33052548
18360883
21556135
20349439
14975564
24033362
30117884
26774267
12101437
12094865
11070134
9423646
15985350
13170792
13932673
15019221
15577768
7366243
11023178
11669426
19922725
31031548
13854012
9965926
15396829
4962971
5972875
6866609
7603932
6479641
18722020
6055099
10299867
10333297
10521441
21085582
24144176
11645343
34876490
13933315
15147094
27892254
27207009
9550328
12326409
18185836
29700958
12247681
9502553
17948539
7760098
27412245
15648099
27568431
13609530
31605721
24119864
27144318
9459173
17051097
10329961
28319821
15336445
14355088
18640132
15865461
28768924
9457865
14585693
17033997
19702687
33747522
8276781
14566676
35370949
26676836
34990253
12478210
12846938
28321903
5666547
13912532
19037941
15870036
12336493
21008563
15583065
10880335
14774075
10083127
6123291
12154602
7664511
33060279
5440088
5609384
14712335
13571785
17981881
9395763
11518689
19480789
16155735
18234238
12764944
13739851
24272144
35277415
8941326
22914116
5660206
30301370
32540595
21976399
6375001
8320001
5231979
32816463
14959367
30058645
13119535
14404562
11166193
9515411
9036746
22103431
14081553
19512061
4954788
9803850
18436492
7452215
9791264
13325766
20822410
14699897
26214794
10177754
13211974
10606169
15763612
11991522
13226495
7608373
11402154
12076729
10968734
10409641
8880047
7269668
14320531
33937212
18480301
7707868
25584556
4994786
4735568
26345204
24681674
29709130
11200005
15287595
11715355
4992975
14808115
19138501
8613157
7449061
11002317
11486259
21497935
24378143
5902176
14831607
27880305
9486709
7403560
18641224
13369417
19929106
5616754
11420748
16926678
6418223
5478093
27244488
27252645
19668079
5741591
31419767
7037352
35114669
24466394
14248121
15730874
12378996
5983850
21248110
7536760
25591594
13856009
21974857
9110495
13885980
15434385
17292388
12679462
6511988
14058939
31655003
15375804
24329951
27247734
10906212
12434595
14983903
5785564
15417313
20269216
35110586
4964636
21177001
33226356
14979115
26073691
20082880
24713504
20784835
26604935
11854371
9670161
28163548
9495908
33728733
34192072
31938871
24646433
10064436
11566316
12360745
6688801
30679444
25485163
27181785
27823470
13470257
7340662
7151751
13844021
19990426
27409728
30044050
23561060
5358072
10053274
20355967
20036218
16294719
10731433
15440830
21547612
21767050
22272637
34168747
28806685
21279985
10528662
15275260
33708249
6390245
11862932
30123674
8049674
11530474
5581701
34135297
14634215
10684090
9682255
12660874
28948972
8420387
6383951
14946829
15901832
24324005
25703719
28733689
8653253
10006017
12536716
6853911
15687820
18438037
26258822
11078299
30060643
13315030
21688771
10797517
32516280
11749516
15864791
12058572
19869415
26915918
30228146
33730791
9375243
13409719
4861392
12678446
32516094
12100826
14961438
12955520
9915276
6437172
9037373
14778981
16056792
24154919
27155172
14895197
12583428
12829907
13998430
15636826
29052223
13160951
15162788
28235662
7042299
16892796
23170799
9267875
30495223
12441544
21428104
24526190
27373221
29731291
22560581
32372769
13947949
6627256
20171821
24195923
9111451
4874420
34996247
4781405
11680136
10109461
15137531
6919505
33630057
12376580
4845612
8365148
27609948
7977531
25065850
6561132
17339230
14362007
27210000
8534138
9020658
6096316
8456554
5037811
12204836
13698315
18212794
6477609
34955783
6303071
5822414
8250291
10131212
16208869
7713291
4246786
6880555
9023092
14936399
35320663
21039568
12214654
28490446
6317268
9639772
5907870
5148143
13177033
14329201
6785677
11016013
29981014
32640252
32775000
17578324
33550029
35052305
13603718
17743534
18652000
5903058
16209245
10981195
24731915
8141956
7227929
10022222
11041754
5874024
6291782
28642105
7049093
9595381
15072360
26982839
11711369
30832983
5814095
24712637
23275781
34706118
34286500
34161394
10007372
8831598
23172227
5999338
32341410
23436767
14557698
31820714
22932512
11309239
13712121
24926204
14850858
10807362
13651159
21801271
9915163
11160518
12857866
12580803
15376480
20445520
22196605
5973946
12509563
9283753
8441988
13345407
26446568
12011858
26944157
27653271
31560499
12229108
9516128
14531760
6555120
19172869
9119519
22815695
12614048
16392087
15617602
33682197
7044381
7645882
11923387
10624710
15746407
8647579
12801242
24118634
14664293
15817246
21548503
31433000
27280428
23259278
4869993
4701366
18509677
24486803
34715043
16384581
8584133
29918671
8511712
34560694
11786077
18307897
17892589
18177454
9734309
18567652
30829233
9981825
13368242
16159479
6005070
12009242
5118244
12428331
12786397
12793501
26189297
33094746
15699950
9767329
25447018
14577053
9331507
9295868
11758706
13018339
8548384
29948734
32171838
10519997
5109852
5066017
16551342
20254099
8826263
8925083
5193168
15746090
33941148
35220970
13627123
15808625
16303954
25916581
29592385
31660187
15077904
8960478
20122645
31239580
7889122
7015884
32819025
17048553
6823432
32805705
19828111
18008758
24263621
8194235
8656234
17799334
22097872
7754814
15814674
33305409
33471212
5164788
5163835
9018545
7722577
22165465
22184986
7141941
12566227
27960312
10921907
11204495
14578749
16978053
31250503
5031954
13132332
13573706
15319552
6042916
7109934
15310737
32077257
11907870
8310706
10512353
11512316
29354377
11779833
28354660
13057555
13185558
6344017
4750721
6375312
13446156
12299807
6263961
7288472
13147329
28801408
6012979
7775424
13983828
15323527
15661994
17571370
31535218
5290656
5169181
18777013
21332281
14619005
10874241
5062100
16303131
29270593
15177594
26049244
4716494
14580029
12474931
11320799
32778264
12186857
19598215
18146770
7589465
23278154
28022220
9315089
33961728
23092292
27016011
12127681
4700431
5236539
22630835
21706921
23411756
9709077
12041151
23774069
34834301
34013019
9099356
8458029
8555257
34721073
6058146
7367128
12749787
8618144
15801564
25667776
29720368
19091506
14460059
4717587
9665969
7839479
14890912
13517906
11489409
27221895
14761974
30872331
14618437
16004779
26360768
30382424
29618371
17553436
18723523
22070974
13569579
10543732
15981161
27858474
29176522
8543191
9388465
6679329
26961587
5956305
9750605
13221212
15173324
8441718
14138631
22095319
4935513
10700881
12512837
21888982
33391373
11606691
24883313
5862196
10984336
8119377
32994987
8634417
14983799
33419048
5277465
1939542
25083502
28349962
11977343
31859246
9582527
23840987
33635790
4878743
24398354
27204966
11274218
28352977
27453108
31831259
4922701
9010932
10195013
15715330
4935653
27247758
24038096
32017625
27095148
7553441
7989926
23996924
16009561
14099684
13021538
14303836
20335258
5877881
11015819
30982093
7432615
10556462
10610585
12551292
11512601
13327613
33740157
12365519
10124333
18254137
12295176
33600699
8702030
19345483
35179222
19223110
19639225
6704610
16300583
9737968
15378824
21786544
25520317
31116278
5159601
4902934
6663202
7367443
10749806
34493908
23835965
13624282
8323886
4883954
9465686
33108531
6230263
21994795
17835466
34468327
12155552
14373660
10021592
13192819
17071530
7380736
10370069
6491462
22016932
12429765
11248388
12744937
13013162
5650752
11440477
13746487
26357231
34339405
7260812
9420602
7525833
35166946
31887214
17609773
13472438
34006038
16274832
13458485
12841998
18468871
28376653
33835263
24456386
12565148
12941836
14531118
18309235
10341805
33228909
33575358
12755284
8528511
21438964
11554806
14583799
30340334
28318522
22667621
12680354
15907354
22212205
7500052
9490524
10823238
16052283
7215004
9859568
16560249
26683181
31246174
13953912
14278832
26121782
6076869
16297992
11432277
24025553
15751467
34667716
16317993
11364874
10401758
12255880
13841591
15002635
7463357
9209907
10460812
16280787
22916213
11958321
13380880
28467142
10424961
14694513
16983864
11939525
10522897
12128727
10116906
16003273
6685535
6644471
14811409
9088668
13481113
24453686
17348902
8953884
16268585
23451842
13963294
16123722
32897715
7954493
16804785
8654188
11263329
28802065
16167062
8069260
12231625
12444529
5006705
6747495
31721777
12197410
8608947
14043927
14350413
24780053
13350727
8595109
14593918
26188916
29013958
31333900
6894067
16940184
18987967
6083459
13612852
13490106
13692286
13135061
8981527
24965737
28585879
7857104
34403338
31326820
29056807
6520075
12312143
17131581
7890881
12559210
23330765
31594132
17865799
13505172
16469172
31189348
25792069
7761188
8255991
7540313
10765984
30359432
19758046
7486132
14382436
10384661
23873501
33918105
13238075
14175572
15042183
18773680
11000315
5525010
9698778
9727979
10839541
29706598
24722627
13441678
14886685
24355874
17738470
22660007
5682400
16485474
17841355
14506090
12487013
16078941
18395674
19764721
6050120
7057441
15422729
31348531
7130427
4469508
5690192
5725985
9641867
12383759
14892559
34815611
10444114
14054213
16652583
7154084
22165942
18029584
12864313
32732709
11378499
14854193
10370729
13696851
9261959
12348161
20599906
6445550
12780677
31476860
34844723
6943370
9903735
1864898
11795658
5933280
28235041
32976573
10184572
20714563
21172219
10260071
29639143
33710049
10826599
9143225
35153407
23427857
7475953
14301213
15760173
35449837
13049681
10401385
31664270
6869332
9578559
6229730
7407845
9098223
11049198
25147228
33703620
34605718
19405126
14854116
21950158
13721225
6916361
8132432
13164105
15821007
22811036
12039421
13877562
22649516
23469647
17406466
5068677
27529680
14634354
12764346
32848695
13424273
15217173
22411432
20491027
31686566
6882351
11062347
16698258
28658881
7548015
32089599
19348594
5459598
24908597
29960620
6854445
6255865
30775521
8358291
20148067
17319949
5109653
17821633
23500937
22395028
23073620
9926851
12741103
7855789
16427007
15249080
11721793
11258909
5375157
17875996
32815590
11999966
5034304
15799183
34358374
9898364
12482340
29355613
9883952
27497595
19310530
13640827
4093231
22130980
10837557
7919527
15164331
15588174
7682197
7476638
20198986
22906307
29392288
4777573
10412134
29977087
5086097
22066762
6031374
18644959
25088503
8078773
27086100
27478293
32815512
11489974
13102344
6565529
8808518
20023669
29467727
34546795
34258864
25377889
33337511
7703363
20596255
9815171
13029757
12428673
27479436
24979342
7942325
8338978
15277476
2077047
14023810
20152063
14736230
15078196
26466965
32000234
16920057
34485340
8092899
34948673
9047304
12346101
10120739
11482547
14968809
31781915
10053517
10905492
9853022
15570385
7548807
29093821
3898489
18384730
13891050
22332547
27463881
23445575
32958960
28569706
21161380
11226719
17699635
29258887
12581191
32643426
9869410
18831097
5356858
13750837
15698407
13197843
27376809
5800733
22550972
8613513
21959152
7229758
27043323
16381302
20469676
33944364
5157704
21623659
19709599
8807531
8656675
34763858
5539818
30407465
16750326
16162591
25275112
8718354
5543893
13706444
31594165
33787581
6403646
11251778
11354391
25935223
34668646
11157555
6324623
15032632
13366278
8992751
9872928
33970161
11630474
26892098
33288987
15660639
23631443
4823190
8021769
33325440
34742172
15628542
28380004
12085993
19256182
12046615
27683571
5986305
22222558
12114256
11332164
3037833
5270111
6431895
13662058
24011123
9904537
5771482
14426266
6559590
26511566
31983131
7389394
10247024
12466674
6151565
10665142
29559790
30314939
27962772
8107333
15938951
29447413
30216572
11827485
6956929
6612050
13551399
14684018
23722877
35329687
14617867
6440758
8558327
4882110
5046272
13377630
14296758
33443273
33686919
9767182
25740889
10910017
33027498
14217747
5482007
32024288
17465422
33896541
8460327
7737333
8791076
15645670
28467850
6362298
17150383
26479220
32720772
24649532
34495990
11728811
7314486
7077097
33170058
15765284
11656401
29216356
10811189
21778675
6750761
9621894
10003132
20517079
25471393
22159390
11716974
14069879
12942525
12525589
4945792
18927910
31310613
32784102
11854522
33159408
14168902
27389262
33327561
21092452
25451854
8160235
4698873
11198305
11672618
11361374
15056699
5738922
7740232
15195395
22962266
9219416
26099575
13544992
6532699
6846893
9843706
14049429
8943083
9958631
29829862
11490422
15028375
5721105
21402355
6084011
27681354
7247593
7954187
8627356
9232658
7077387
29109640
33020574
23809151
8775161
12650552
10139532
28509787
34153318
9016389
13780911
7144157
9816065
8455472
13328501
21232087
11721494
32261964
18431593
6919925
15487976
15863843
11377092
15729246
25281478
25654294
34413781
34921628
29623885
15449388
8856319
6651958
8393688
13976027
14476301
14106465
23780633
14598722
10213480
8101430
14217460
8682544
10218438
6358816
6388230
6207326
14776680
14007663
30557617
13074198
14610352
8341325
17603947
20400883
20978971
30267110
13785379
22883363
9638321
27912660
11261347
14001062
16163765
10868310
4790127
12225087
6980660
9895656
15753520
9863265
10722393
16653111
14217232
11401268
9601977
13852295
2835739
10365072
13443107
5914934
7007980
22450840
35144051
24727094
24603734
12393800
5645260
17488108
11160932
25859755
6902328
9319389
34169986
9092954
14150458
17389837
17930035
27948297
7561624
25268311
21730729
23387108
19273816
15987334
5431019
15914847
10792295
26888948
12338383
24598487
31516448
9384839
6336057
22991624
32228688
6396279
14305421
22476575
23643944
11914849
12285517
16247639
1361975
10091880
16207836
8808775
34131379
5096761
6116216
11071367
13678214
28664851
10297985
17932783
14453003
7829338
8210474
8260607
26186633
4962176
30337403
13600019
7838703
13265672
15086707
11081457
6195210
7491114
12177657
19058827
18667360
5206394
10077667
21812083
7958973
5312109
10346295
27442500
5664877
6353256
10812536
18339136
19612795
11044941
15108314
1622580
9700108
30158006
12283778
8389372
23791250
7489518
6475389
7605646
11010375
10972540
26765636
18752491
22174030
24884684
14585159
8252952
7020292
10290646
12580706
14297851
14453794
15488372
12161239
31957367
24872339
4823499
13598492
23572967
7043790
11413339
29823127
6725025
2215271
10893011
20723101
30936849
15472542
8275270
8847127
15669529
4360096
12837078
27271728
12103132
10433446
14225599
19023328
7547444
34912739
9883972
20138569
7020993
11354482
27004326
20723692
6911738
5697467
25629310
33687045
6853786
11680901
29611798
19525006
25727674
10426855
31415186
14070524
34063687
12544657
34008399
13463454
12499288
29101795
4817818
9845111
14334157
8003168
13510947
32052177
32459826
21243799
16099046
26369573
12536105
6817620
7827607
12728007
10467194
7846360
13735979
15368390
16319064
17845114
25325326
21633529
34544962
7448229
5433112
12643667
15160488
15820597
20732536
13353096
4943100
11152076
28170877
7468518
25344262
26698472
8497304
5644179
4685953
14096277
29782585
33785058
31407737
15100245
24735614
15710512
15023789
33445502
6757953
5411729
14299232
8060949
5621059
25178149
18053188
13553878
16412811
30226358
16289563
4741938
7308378
4826605
6452782
9772182
12115762
10936329
9753753
8002789
6047835
27874371
12012719
12720432
19410532
10158228
13314733
31361836
10443688
10609156
18479245
34126465
11324973
11206066
11541455
14705373
16088672
7314536
9386629
13470243
22742678
13690412
8779218
26125034
9007243
15564873
14059071
17119758
17517763
6820122
9658415
21697600
14121142
13478399
20325277
7510933
11135272
13825177
24420653
11599012
15866674
7452946
14257491
15980359
19839157
31983188
9663543
10029331
13993507
22827662
6858162
9037318
10494366
15706215
6242716
19032559
22852625
8286587
12556079
13485357
9605889
5448466
28461145
30763716
32387907
9118035
29520838
12309590
35476009
8879968
33652620
31210393
17397091
5355599
21039127
10682350
11241953
5258768
14029921
6004412
21677923
21867040
27888900
8852497
8401224
8233023
11882197
20554762
8095016
10532463
9450526
7463669
18489082
15839290
11647033
31227517
32621094
1927803
13837591
9242230
20292250
16441905
25134079
8211134
15393180
21943837
12381623
13016631
12394737
9102253
10094254
12555501
18340462
8382764
7935606
16521702
18820615
9368585
15616434
5212789
6856615
13193150
34300627
15662490
5433611
33883794
33622464
4900047
9310495
11993347
20477932
12779518
15656430
4730775
12728149
31575847
4960841
11546224
14029617
17022444
5663055
19122577
11785161
5635834
7622621
15900037
16729278
33015120
9087707
12150856
22233295
17018100
14646145
21295312
31780805
11005608
22606283
17010597
14119132
4771125
9459736
11038323
15560987
23302931
34292377
12133089
12533058
5423527
6846485
27862524
22028551
9984947
11803949
11517802
8698356
12443340
20325955
8363649
11746623
11315769
17612539
8646651
5871729
5394023
6946590
9520457
15748487
26899622
27446988
5494164
22520810
5859889
34882562
15812339
7672176
5157024
14448735
13122007
27157620
27987072
4708429
8780474
8658374
14268375
17007810
34121983
9687166
10549494
17204911
34668409
12628897
27732042
19889725
28827763
6077379
6853520
7274432
9341272
14190420
24497387
14011510
12875748
33078516
10616819
16034049
11491963
29986777
8774186
5782321
16285492
19763659
10270451
34537165
35468824
13458517
14644028
29675803
18438460
22473651
15289037
27212796
35368651
13342353
15152146
35434039
15189417
23001959
16487754
23653841
28873222
23275685
5392648
13760152
33135573
5274761
5633477
23220062
10622383
7062971
14303058
13855243
11738899
16624572
23037512
23805080
5826949
31140509
15192598
4835953
21119866
4869885
18913675
26297138
4787864
8892278
13284442
17561347
11643014
15064098
29129341
26657915
22894889
31323114
5087728
9893460
13888474
9775829
5381548
7894416
10759356
12479968
14861280
4951605
6559199
7268465
8787208
23570771
14276042
35495848
9843440
9085894
34825307
11409397
35511415
12959554
9240375
13985576
15368984
25592596
16850460
9136004
22240258
18719161
31332364
24965086
25885036
27471858
34703721
33653937
7616637
25118887
28741111
6154099
9094203
21425035
29288275
5346556
6053508
5500196
8067252
18587113
15931292
9870085
10051673
31101272
6839052
23531912
9544979
32310423
10437294
6978869
11529850
27101460
11568479
15571727
15039876
4907303
13125723
14292475
15153939
20070565
6974218
14827790
11488223
14496521
27191841
16303971
33035445
9864372
25040785
22608251
4809861
34295296
17989360
14014501
12801731
24572006
7851089
8271503
12024441
8147111
9174684
29080492
8938752
17092137
32651955
4733142
28132351
8085291
24659762
25171003
7493854
8089265
16668246
30647218
5596692
22968440
13446902
28240606
13329673
35303560
13896450
8634193
11722738
25764343
6678551
18765610
13545689
10940486
26448575
16754184
24291044
7374150
12453248
31569346
18608734
9996750
15419642
6420228
26231387
12918587
11503199
14834197
31368292
20237380
5388844
31921267
15770023
9838288
5954800
27846231
5489464
13071238
14944973
14504509
21580516
14421857
6996815
7858279
11653222
13441819
5662083
25669759
25732045
26628077
28239010
31013017
9304941
9344113
4882370
4879556
21844219
7764061
6071767
12851803
15294114
24403238
16096160
22275472
35139242
4865683
5679938
14352547
13789673
24230924
26222384
6942355
8150264
8308914
25061602
7202541
11863971
31541959
16546479
6334892
26685923
26650751
14182693
5123286
7781223
5599592
15029000
29873512
5392918
13053079
13291283
14238382
15327034
19897048
20765503
13892230
10625989
26113612
12645087
15310052
25447762
30927216
22524908
33227139
20336140
10867910
10904954
13960735
10447335
18743770
32223954
32723895
6387788
14513192
8067276
21568774
31942822
19445731
18515938
28079134
25066276
30876666
13463468
11048362
8380741
9085182
15219456
7622240
22669400
25460392
33515510
8298819
29849695
15589358
15033217
14884511
7945871
25929691
11232997
12399204
11531798
11663589
5845109
26208086
6832498
9238288
26258069
26268398
5654716
10738604
21036256
32333460
33119337
7650781
19882105
8319972
5945044
17399050
34556845
34173430
12275409
14151387
8739722
30104840
8216811
26218112
5027984
14790488
9598208
7867965
24183221
13501180
23800172
12883389
21943879
7237381
5720202
13995473
33562872
25542490
13054407
17198119
5660985
15170773
8698345
28862494
27559944
15452164
32924625
13135934
6909257
32994762
13463370
13150302
27039012
30397751
32854011
29538793
30684316
10985245
5823818
14504996
7738373
17904757
13281243
34042735
15032076
28460782
5107660
27260883
6212094
34420456
8886477
25205593
28973353
11779332
7472665
8207963
10001777
9345794
14806307
10376923
34597261
2272074
9023601
13316948
6515708
16925448
32059482
33367874
22784777
10053992
22790294
31594870
31934602
34117303
6273620
9558591
29512888
32154636
17269579
25173931
11097655
24685112
13820950
12348504
16067405
8572567
25585276
4706620
5373583
11089107
15059782
6280860
19051765
29622676
15203575
9581308
31566901
33244959
34675762
24791012
9445551
5617245
24680042
13756334
24890831
35219125
12331990
32589162
12790404
31901908
5682367
6524077
8503574
8452114
12575372
12960879
19052308
12028069
25711243
5421472
12714593
4771831
34073770
8099697
13215830
14776627
6440141
22466518
5640450
14588277
11231728
15920276
9341537
5392095
30963796
33019767
6427654
5367499
5077949
22121797
25343467
14801174
34735104
9709211
35253241
28255951
1588067
13285329
14722993
30803454
5253945
34451617
7015744
11377007
15332153
16305984
13095632
12817752
14750267
16966242
8471872
23826926
11495243
13749056
31284263
5899097
6042114
34283437
5765983
9450183
9650935
13752987
6957926
10817424
9728019
11157669
15423080
15172033
27002610
12132845
35338513
35307994
27886941
13227251
8315532
15132910
14271889
6586657
9316929
6001271
13774369
15640663
8722853
11861229
23231522
31250395
32819775
8991806
6199460
10258075
20907316
22657568
4803763
25417183
12696829
24188084
28873663
9425660
26537927
13508140
34906289
5135812
7303401
1939559
7535083
8005785
10778217
16149499
20723197
28180222
33395315
16242092
7296573
4970766
12114440
13861940
13970973
22423522
14647609
32621508
8348767
6717085
6693882
33544107
10006281
5154928
15602888
35483299
7845256
31884310
7936902
11523218
20009023
34366333
17070693
10609953
33912420
14879111
16090365
30659176
12486562
17802481
9035910
5963924
9938155
11199088
10896113
15667682
27874014
23627330
12017608
12069522
11205706
8513668
9562133
5459097
13544015
5112499
19704643
8265012
23222090
33486704
8763518
8989059
33990546
7451436
8325348
15791828
17045652
31097207
6326594
29971039
21833878
15537809
33236082
6789356
9576018
8402027
8657258
11123039
9985731
13822059
32858868
34938476
27032787
9399991
8136591
19652899
14831785
16357020
12386976
12453341
13164237
21928087
21758497
6166912
35342446
7383274
11635141
32373387
34947932
7431777
5973976
7550307
7492270
9864705
33291834
14013153
22961822
9762290
20991544
7014560
12849088
23082527
31842044
10098899
11450359
13010703
23331377
4798993
11013970
12976338
5926416
12291422
18488743
29689546
13444279
25677784
18878851
8888882
7061227
31041529
12140892
33876537
16361835
9195551
23259698
11893858
14645816
15668038
14396590
7593188
5587040
12346650
16868322
6239480
9513606
14309518
7288774
13381191
14512193
16063918
17611258
5186281
6024029
10768447
24530720
30336659
26299949
4833306
27573891
3064705
27277749
21527584
20630161
27542451
29982493
8841926
11794689
26894279
32831892
8379071
16059403
13342888
9597040
13392555
4856807
13761154
21463702
31828124
13753061
13490220
35365390
12222240
6250111
31566628
21461521
24326519
7971247
23285885
26080678
15223779
15647679
11945205
22705052
9244695
20009353
7273716
35386777
9139173
16038821
9181411
8545912
12766935
24989929
8547620
13960969
6952319
5971677
12591994
32265159
34946543
23377469
35239432
9859332
15855361
35289922
22480025
27181659
6192944
12744519
35506753
12611883
6949732
13781865
11378908
18468082
8953939
32659377
8838536
6669208
6823325
12490539
7009565
22403044
15803480
30156020
5769944
11466045
14453842
32239671
8034408
9547566
7701120
16707522
19221496
30010855
32780715
33123264
17063406
21248044
25535341
12601619
5966056
6790923
14021155
14471824
13045472
18382003
12274865
11526980
19926232
29479486
18215170
17030544
17694535
24381581
27126273
9033156
13697912
29405653
16215340
12077359
15272166
12040137
12439752
10643683
5598027
13122105
22656044
7314050
12295132
13402810
13870865
6995899
22406860
28862617
12736942
29823205
11366910
4809692
32493558
4804941
13050806
7387087
15649683
24500147
5550755
6436036
17316973
19902847
31125914
29321578
11461010
16227493
7561805
33723738
22029952
6052818
8617904
34720170
15001799
15020675
26020522
9084083
21823975
12224431
31406216
8881430
10921032
4770869
18140842
21368977
23368544
7454905
9175592
7417555
23427452
5163504
28152049
6307200
34529035
7462834
29310004
7856848
28742644
28985071
32723880
18936841
18748390
12795192
27202494
33247338
28519636
4768242
5217642
30102419
14137950
5409910
6037329
10021402
25615873
13343378
4829495
7068044
24497879
25217794
12529766
15424291
9896723
9750488
8561248
9310613
9588879
10115571
12579056
15524181
30660619
30864180
5071528
14446450
25866781
3538149
9567149
20428612
4790960
4711175
7432885
11268179
11743646
12896954
5990290
33273930
28608271
13535847
19606048
18202978
13569303
13967161
7156639
20865535
31606597
9709557
31060202
28649848
11249262
19483177
19916743
24820586
33157257
12835017
19858705
6220378
10688632
9502896
31209241
7677351
24648470
24441110
9525039
9840635
6946763
14358481
5997433
22770866
10222096
6150507
32025833
33905046
30189641
7145629
31192207
24084005
21793885
11210801
7089591
6877733
34338022
8919471
14444567
6950485
29528296
7539727
12988371
15595446
11738115
15758623
11503789
31372018
19965664
4707068
10255121
31158914
34526545
34939493
8587973
11051803
13074118
12032683
6766963
15486177
29639695
29757142
4828285
18109453
18368116
13052135
8683735
15730141
12840112
15487596
4712522
10401235
14458908
14006430
14661450
13417186
21991654
24139928
13842316
15012936
27364179
10139501
8549018
15638971
15574435
5312887
10115573
13912016
30563914
34052839
25180495
7741510
2301507
14044014
24543707
12524679
8934571
21385060
13543978
11188868
15701553
14216437
27303756
28047588
16527423
30260315
28438600
16283067
30394724
4830417
17678431
31773962
12879578
7081315
15728612
8455546
7308307
20134738
21779683
32730258
7919612
7602056
13031353
16469778
13813193
18005875
19592260
10618382
17504281
11708393
6486715
23763782
22479626
17786059
15233725
8908562
6702594
24461402
9085395
29004106
7019991
23867723
27178245
8070017
19760725
14458329
8483760
33446384
6521438
12222561
32064267
12027320
24209186
25336621
8118952
22661156
34204639
16170191
5422567
20334901
21864676
28120936
14422345
12666436
14694661
28435855
21173899
15447261
26728385
34885598
9851841
33284739
5627644
8927353
29735719
4967986
9025572
8532052
22909520
15571577
8526713
12938974
13517311
11657218
14220610
10062433
9869342
11014741
14921950
15995045
15639439
27224628
18099451
11821408
11036163
25575472
15234184
9893575
23679554
5672015
4887602
6553788
8163982
8643499
9028347
9855373
5137689
26196374
27877401
9106190
25330882
4911052
8229242
25822978
32285967
15620935
20963221
13488216
6941990
13975289
10854455
6022240
24875450
31792361
16147019
29749519
7888113
8088483
12442665
20244124
8861857
5742740
6103906
12953758
18863404
10819826
15368197
10426881
6873185
13118143
13215505
16502904
13081721
33864255
34146676
21150706
32011127
5199484
10688740
11421374
13136938
21353629
34345828
15468119
8988251
26691740
6238344
13844003
17488051
11537682
13485581
25573492
13812332
6689440
10613689
15942869
10224502
30682507
14881179
24548165
12169286
4743733
8144241
9487258
13618142
20957041
26064883
6254497
14677235
12180865
26161697
15868588
17331658
12059417
26703719
10505742
12233706
34692348
13313137
26205500
15634244
19761106
10307351
35273830
8965641
9986455
5956419
8192309
15425129
8323018
9108764
21759640
32710413
28698691
8628811
13311179
14404787
9255637
15605219
8289360
11533867
27071595
7608556
10745315
15896384
20317132
13918727
5878730
31353421
5145751
10440334
19489753
33119364
28458652
15526427
17679619
34913933
29870035
6162977
30674716
30671809
16269064
25279051
10922623
16104526
6132874
11975641
11959294
6092132
13263557
14917261
20166124
26148551
10393626
14575408
22962437
5932010
5095945
32337717
18986410
23854073
6789764
11461850
11691911
12901057
14758146
27449952
27973101
31130096
22189822
32969892
12506316
13129959
6816648
32048718
13608292
26272607
24035276
30208853
29411188
9872028
5399233
26409392
8365980
19075837
32586258
32521284
20581477
27829233
34592878
35191063
12413960
5009230
9832532
20402296
5478860
10146285
12401571
8807201
5310394
26751494
32019179
12461203
31355245
12268871
32355114
13544282
11536069
15889065
11238426
33463622
15691626
20930212
20595220
26801858
32814417
7410134
25706797
13901965
6001432
18720706
15069317
30970660
24010802
13073028
20328529
26365367
6959436
5888630
10269645
6201808
32127114
23665157
8896259
6722120
7439049
7445729
11063785
31636510
14393612
25218640
10437748
22132315
30255464
6533860
6902019
15979651
13381144
15403320
31340476
5527631
5752715
11037124
5990900
12607300
13967205
12452852
17656294
11517746
14672694
12700341
4879252
15472716
20126176
23555687
30036253
19391035
32040722
6295347
13857747
12343725
19829692
35248729
26242715
5802455
13540707
35403940
6370054
9987821
34236418
8681117
13338411
7840743
6809192
13526603
8342313
10461317
27179160
29728249
23533289
31334533
9443559
20820961
13442775
17730268
13275045
23238191
7811523
14043108
5853280
12092243
5529697
12267415
13615707
11844092
23895035
8795535
24161534
22850702
25048093
29420347
12730956
15514525
5650834
10129967
13375428
18611311
14907947
6173919
5589323
5717940
12692566
5120124
32238048
6552849
9022310
13716363
9181706
14452908
13039826
14416030
11364109
5884297
5413054
24485486
5074862
7603087
13436049
15351074
20489833
13650334
26607455
8556771
24937837
22142935
15437955
8506386
30445730
17733985
12385671
5741915
8995408
11712501
24396446
13575687
25098721
19692019
19320640
15229656
31347520
7060635
22247620
26920262
11194462
13568428
12644384
29071525
8599375
12430949
34664869
10436578
11157490
13064015
34038094
27124014
10971196
29276095
24818666
6937406
31804175
19155343
12052431
7900567
5177851
14424092
14742788
28854631
35138819
17874271
12135257
15527755
11842081
21748312
20175568
26437979
13833496
6488558
9303687
34587781
8268316
10012303
15307076
7693066
15955366
27264132
9328400
6128140
9896478
24799352
11244631
4677505
24066434
15531995
14591983
8299755
15338934
11273487
30272171
11374003
15759929
11662310
11666660
6995672
18641542
19433362
7304753
7606305
26703011
1398682
7077446
34632625
14424545
10493229
13033360
19796620
10174463
4952341
11366570
13270830
19120465
31913164
14570881
22339966
17403736
13679747
7013117
14919895
15456947
8250159
14337588
23971742
25570279
15162916
20634778
29283793
8370367
12957589
34544731
25041985
17485792
18280342
17992576
18409219
13147963
10479169
6083972
17824534
30792747
21188656
12555944
16758459
11600247
16118337
8670089
18966148
23748041
11461949
14092165
11411940
6991976
32249889
12304602
10696399
17023920
10191181
12060947
13277603
18920473
21611125
5265071
11562127
25974715
24390656
30079921
31501043
22173856
32180841
10822514
6562648
33780198
14161208
12312250
9575962
15029912
6569029
7934702
5863867
12075093
6625922
18259954
5153148
13249827
13225099
8315033
5323632
14457827
8529476
13198663
16884699
13623995
20053495
26809760
27657846
19642864
23045201
33239301
17255623
15282041
7247122
10963422
15943269
8416771
7288251
4982828
8196325
12170151
12388003
7320765
15354746
20896252
24981607
27511419
34677421
5167360
14383625
12662006
18631174
23461634
28236214
12277685
22827377
5514262
12177329
16106739
23398520
11743836
21971695
12859148
23614271
33786324
8849592
32462538
11252284
8070835
27158604
9462143
4812671
17262331
29003992
16247331
9429934
11353770
31239718
8588287
5139020
24322472
8893219
30183335
12901150
22022191
15216964
15485935
25320889
27928875
29020696
13725393
15225558
13083375
8215260
12812873
5411446
7827102
12555798
27540453
20620393
12245040
19712047
11519174
13130889
25288945
11827862
27797298
13966989
7715882
14233807
26493725
28918513
5530774
13520518
29683177
19057948
11618335
28565284
29557195
9652329
8674052
8567348
16658571
12090335
8149257
15742427
11360044
4898430
6650881
15765794
16110147
25900222
33824457
32241366
9695290
19757923
10631761
6481506
23492735
16263171
11937291
12531265
5295165
5763457
9625404
13613552
14184861
6488828
16153474
11650617
6496844
12853538
14945111
4951227
5264487
31731818
17204368
19314220
7679961
25950070
4715565
9120083
23010788
22585940
6808588
10640009
8772106
10028644
13838331
8258375
23804330
25883371
11765253
33893595
8198089
18131227
9092140
24790244
12403726
19445611
6871712
34924589
8093471
11267243
23246795
26443283
12200911
13935151
10271687
9845333
11114608
8435432
9069536
8801579
9320670
4786522
5215086
10023726
24289283
7341920
10143454
8188272
19926784
28360798
26396582
5796762
20019223
10830184
6825415
12348882
32264667
6882978
5990150
10487275
6530560
9475409
4856094
27265824
32494758
33084873
5262410
5518458
9018193
12458150
18283096
33967500
34133992
27792201
13668587
7936266
29282320
7082519
17468932
10421215
6153298
6673396
14976426
10742953
17941516
14172047
34383148
10784419
29815576
15578240
4422509
17134494
19622845
8888226
11178422
30672502
23883731
4718043
21848194
32192448
11465057
7760584
7702135
8755542
10680719
13591206
23273273
22455964
25760104
17966014
27041064
5867794
10579718
10309471
32036582
17412997
3090945
13022574
26565935
12573783
19261270
5611199
10466288
32204811
15360582
13481571
13452469
4820140
8405464
24284624
6859271
3990123
10682318
12570973
8484630
14052226
15375020
18765727
8050434
14831368
11512764
14743888
14873959
6680426
27495531
11836286
14945815
8086423
12659472
22693616
8157331
14131706
14482897
24039539
25731016
25503688
24187673
15219749
32215485
4921445
7665886
27570207
14224533
15840959
31542907
8032850
21196315
6573638
5224959
6818261
15514734
30898257
4788319
20708224
10743144
22052707
10864279
31936984
27255111
15885834
9887443
22357528
11967234
22990133
10174306
25825762
13999180
7339325
10166193
14539107
15927656
6280759
20825404
11914579
27434850
30639877
31457834
14055687
9902853
15588703
29793187
6248360
8865131
19355578
30302738
5595228
8374469
24394391
25603702
11717119
15835836
17969785
9673398
12173459
13852171
33898890
11750318
15966568
23367578
35142362
10719867
5395265
33777465
6501431
10862044
14492320
6223366
15024632
8951000
15656488
31509155
12842757
5113172
14773110
8521110
10237737
6444026
6603085
9192057
10117637
10482219
25698163
30984496
17376529
26663651
12021804
6333477
13161644
34533925
12721003
12857060
8637710
11581901
19963882
20146762
11391171
5444297
11372018
12956881
14692427
15585722
32464404
9202143
12811347
25140163
13669656
11477522
12127694
12726454
31654481
16303248
8299026
28515784
6028766
13136366
13430052
11894335
15326305
35058239
7533818
9314035
6564406
25699108
10040936
23019668
15386067
8616738
12970589
18503452
17500693
7927075
26234939
19236157
13446155
13731319
9101443
7135098
11202013
31970468
31995917
10537157
26376194
5222820
5053269
19724923
17412247
13114232
11051693
18095611
7626198
19042444
14586036
13221347
24490751
10049061
29970439
14088592
31092698
32824509
35358115
4951124
18373855
32717733
7299936
16016224
15673306
22178869
32393724
23510597
12983184
16304524
15302783
5193158
7019443
14456417
7872676
8066175
13549577
22606376
5023526
17894014
15581807
29670946
19389085
20008165
25103620
23133107
2954118
6845396
9933539
15433660
28228252
5220299
8087358
6896272
12276613
8232830
15671370
5019224
6580476
20652304
30056533
5990866
13173836
14905743
15412952
28597666
29875078
32833104
14454520
15519476
14037340
6481426
30079696
10842441
14413046
7459295
30831993
22641155
5096981
10201907
7946169
15664721
19147459
6313661
12651277
20823034
27052170
6333178
19234825
6881334
14381922
26067325
15310740
31919287
12171026
31067852
14932689
9763891
26293682
7907431
15732904
14908832
8936258
11925125
27168006
5350999
4892786
12895935
13269511
19081597
32405313
7605108
13239468
11874088
12266262
21516709
21013597
10622100
32824080
6121492
12219711
25823746
10344031
11905392
12053888
31908214
8958924
14217222
23332814
17562271
24113468
4719054
21589768
14334062
13857503
34010085
13412529
9160879
12320300
27956571
23981786
33745944
26397788
5893506
10697331
33870249
5195939
13288160
17908243
10475542
15180173
27897030
12767446
22960250
8788039
15870976
25282411
6521658
25332730
5674019
15416702
29806822
9486749
14051382
14570186
27803823
13831678
16281904
5309214
13096051
13874055
14079627
14126383
9485328
33874188
21002149
26420135
7598880
11198870
15257639
9739377
4841428
7797000
15978235
30322961
5526537
14993742
30685600
8807983
11599246
28685338
10659843
11521261
15197349
7380993
8852532
5803004
17603854
6070897
11790452
15129656
27697188
18310543
8881080
28212829
10330854
5188452
8988122
8701196
9299752
10739392
5188488
29744515
33512201
4874911
14533624
6752731
21258334
12678674
7761337
11595914
15411214
5755424
31633633
31406198
32106921
7146192
14849020
31308411
6777782
14641137
14217615
10839205
16112218
12544118
10996300
14356438
15603774
13654603
16052520
33735171
31774664
18805885
8625769
27729810
31218736
20924857
24222818
27272649
27474882
23710415
8387582
14827604
32907669
22139887
18026824
14704154
9307266
15425167
23098079
4831844
7572183
14121916
12255404
15380805
30025459
29907499
9205160
10173734
8384635
15077512
34262401
6029054
24934418
6729752
8373378
8708425
33100971
7205046
35100575
35486890
12426149
7320073
20291395
9495245
33800664
28899727
5752883
6529705
4709511
12052682
7146532
5649809
31762307
27973680
32047419
34101922
11487953
14089050
16454217
8763379
20248276
18083329
6134723
16938510
22711712
4727390
7949671
7570821
9972006
12931426
13195431
13644008
33323715
19582960
7872750
11820579
16375929
35344801
34299298
8553846
11051540
5415408
5976653
15658704
17957119
20218873
26387186
31736417
5356972
7691221
14836889
15093010
14721170
6771130
15103899
31868489
14357440
26751581
14886718
25795798
10555674
18418618
34123612
8479246
11080556
21108472
12497519
6535862
7939995
4971168
18669643
29451547
30437447
31603390
17632309
35490238
28056354
10473960
12391498
7273425
13572964
11468085
29479546
20547565
21788962
8851522
5535932
33072057
7820223
8599199
21926071
10532292
6528019
12423381
15740607
7496172
11770361
30640012
13280898
6925723
10731665
28943647
8855520
12738059
19423423
13803006
16165461
13387470
14919240
14438886
33463073
10723932
6635812
10269045
28334272
9975535
34536835
19029913
5616047
9363167
29444125
14802168
9778172
8277712
15332885
6340456
8106768
13764018
5519564
10462039
4914999
15279524
5205846
14450254
23645294
18771808
9798990
5443044
22963991
30639124
18762856
11237094
10890941
7571156
7290515
8127825
9774869
7833673
11557997
6036504
7645266
14324743
8247571
11812601
9256237
17157313
21832822
35409799
19538212
19360678
27499272
14730578
16263954
11721247
26673719
4914996
25197982
14817528
14990142
10730894
13975814
8873945
18423655
6507364
18406246
4618142
15537760
12545038
19823386
21690739
10360327
13191150
16876773
29221207
13758434
27717768
29397910
7569011
24432125
14836774
22998374
17559016
12816135
5954641
11754489
15150091
5580600
11370077
15834191
25036072
16211711
4812002
6796029
8489224
7688403
11699146
22064776
26792036
27477690
28844764
13882920
15149266
5062303
30108638
34272034
31424195
13905092
9995881
10698451
14181312
7006136
33896934
32165484
7418920
8559077
6233789
11409546
6091457
23013557
11847746
13430694
4922424
14279170
17170063
26447015
9091517
27439752
15372627
14236366
8143007
8498967
8713073
15238582
8992517
15696824
11340377
10985427
12587977
14585939
13669273
9955639
6965335
34151020
12070228
7457839
6162300
13606500
12709879
27441714
10725908
14880431
9786196
11590356
14507865
9482839
13879867
4755419
5044987
15379711
12697142
6817704
13857480
24106847
11938230
16372644
4898400
5649448
13173995
15434242
14067441
25162105
8545686
14379942
22008448
27682299
9967125
11026330
6810077
7605165
19524565
32380272
23817347
12815082
5455463
29137273
35200672
6596554
11953431
5928619
10152934
10379406
5111102
7922296
12085816
30156833
24118220
29099419
6038979
5852592
22328647
27954822
4695252
14498055
27955215
5937249
33123078
15169408
5804688
14273675
4899872
26910686
32215857
34808678
29719846
15270617
12466372
6540286
5168528
13396954
15630062
9745817
13535102
24115580
34219564
15349598
20169262
4910049
10302881
10044926
12909896
18119806
11220010
10618830
8399985
14593889
32694294
30487189
20543380
6876282
15676372
11097668
12968204
16179133
11846164
24212060
19446907
34485625
9004908
9942649
15024728
6987838
7106351
13798428
34314844
10519797
28117249
30787623
16230415
11892933
5897695
6694005
30298973
31094006
21756175
8692857
25081690
20918920
31773935
5554962
21256777
9604265
5168043
7235663
21008194
28685164
13127294
24623963
9644126
21400009
10955192
19776529
32148963
18306328
20554237
15026457
21260317
34640350
12299612
8187206
8339110
5633145
25079587
23040833
31296506
6041559
22638530
4994334
22943429
5492418
9963178
11861380
25182049
30825807
6887190
12636093
14931322
31535455
16087580
19025380
8244023
12496675
13534543
21643783
31814114
29174455
22868786
10116024
11610665
5876457
20076352
27924732
6562593
9107499
15400143
10631121
9455856
10457158
25420309
11718240
19691410
24262325
32618274
10230491
7147896
20856541
5961361
30576892
23135792
8230458
29487046
32596095
14208827
33942900
28477333
34681692
13138032
23316596
29229925
30843783
14109514
5392490
21056011
11099290
34879073
15699309
15594319
12753675
15761728
23006525
22614803
6598930
28774867
7715503
23862290
27087519
5002152
16239585
5032727
5591740
10117498
11870862
31207330
10258260
32714334
10987704
12187078
14953021
21373297
10351212
22992707
23629679
27507543
7704300
34635814
6317703
5145653
7849066
14037686
29075089
5456214
5920962
14430148
15721205
33574476
13455682
28590049
15019878
27762822
9126282
6824237
12866780
10394005
6309713
34187776
7042542
15940219
13492392
14662152
32485170
8976020
12162986
25481122
9501778
5241359
20634706
7402301
19324219
28959622
10055466
15289785
5530107
21765622
27439935
12822805
8000638
10896058
4739991
8145864
13757476
9694439
6191044
14084547
28057275
33577449
35022758
8258692
12986694
9827663
11370056
20039209
10174880
13308366
30129554
12911216
26724668
32791884
10389414
8041798
4829600
10683119
7026257
17564158
24742370
6015441
13374424
15389371
23515883
32966298
8858473
7476837
12879134
6840380
13377762
9996623
12500996
8873419
13950471
26513726
5451945
22147141
6787499
18847765
19049326
9947190
29409976
33532347
5829841
5494488
11832154
26503634
11171483
23086817
28997278
7429604
12989307
22190683
6005574
9976149
19569433
34697049
8590056
6707976
14187944
6539850
6236282
20982100
12745870
7858132
25753972
8078470
7526066
7324469
17179366
13347206
24071399
17216845
7013721
11261866
7329315
20648608
13526201
5443698
17322526
28864369
17075940
32598300
33212952
6707904
19934035
11888973
7481247
16587492
26618840
26421881
9210327
17006838
12115225
17725075
7210874
9385888
5141999
34197505
27929895
4913900
13400982
24438596
11630196
11884715
4756863
13076065
6558473
25464301
12370662
7455302
18188743
7959311
7977577
9609849
6318510
15422091
8203122
20874460
12055542
15373009
15903014
8481038
7099889
11447421
12782090
14770987
29089735
19354492
7355005
15793343
10962869
9213585
14281296
12520645
10339617
28192828
18043669
17304421
5951285
10472302
30493285
11198880
26117147
13743098
14145850
12846298
9402361
19742257
22318201
13191236
15623015
12773694
26433998
6214166
22457368
10557053
13629910
20994634
11077514
21171523
14996809
23833241
14881657
1955829
14664566
23781482
7216713
7971875
8128315
3268696
9880418
12198791
14939608
8147069
18887839
10893091
6845415
35423761
6113318
9786976
15318891
24338258
8193367
13019915
6148988
13948220
14726336
13087607
22019227
22273825
13387115
9071940
11594225
7125585
24419570
24897953
13789431
19689550
6727186
22906892
16035147
28915648
34773893
6574238
5839939
11727289
28768858
7838420
5745612
14176803
30316403
14335308
15291017
22182088
27653970
5877129
5329693
14497671
7339048
6353950
12387501
22249822
7722499
31672253
15646913
15502149
34313911
31638976
21090400
12331083
34193620
18107845
19456276
10210659
6900568
13528599
34278475
6023178
14314790
10678826
22758950
33566616
8019891
8056252
12598482
17213545
19068376
9841246
23286428
13198727
33314355
12880261
18473341
26348420
6051208
8371061
9936935
11132176
9292331
6084956
14332384
15626383
22390870
30105239
5463355
17573065
21219769
17846569
29827162
35334433
5433865
14338388
30176153
13015566
7761879
10400148
30642430
25479838
7559860
15413523
21878413
10353416
10545644
5504738
23945249
5654046
15355950
8288973
9194722
19676497
12466526
13758644
11808926
7544840
7583872
8089729
25697560
6623262
20383660
18469876
20680000
22937177
35519854
23390318
33070770
34492111
6091361
5965996
13970817
29600041
22664141
5268863
25024411
34874237
6669765
16073856
9919929
16829079
17438095
25700761
28013088
31352662
6087759
35516110
7086574
7419437
19764544
22493843
10208438
23861420
15618223
7498086
24741941
23046284
5202104
12276702
12059607
9391190
13546582
15011707
7803638
6347724
11210821
31169984
5541327
11751844
9695720
18714400
10362807
18711619
34563241
4712680
7829336
6683996
34007316
35444518
7428698
7931045
11453797
15369402
15547918
10186111
9217498
14452436
23207579
31228429
22216426
9050174
6118621
32983335
33348332
21074932
5764254
8143014
18116155
19676302
9024342
9462645
14716286
19084537
31329790
11990508
5754625
27036597
29289082
8185947
6639612
10538963
9825230
10497346
33022650
17128032
11018400
9151813
10593598
6883570
11578569
23448023
25925344
17913367
6363664
10445643
29785411
33706302
25228903
15997915
27822672
24712007
7547014
15053777
8631192
11004812
11807672
7086592
12038017
21359503
5418163
5940591
15891377
21902077
27470583
8566844
30329687
9465131
32494530
4873881
29558173
25483831
6892140
13454444
9670937
6471088
8400236
10674560
34425748
6082047
9035892
19298362
7587725
28276849
9880943
31186543
14651804
13040758
35187016
9843065
11788167
6961264
15491203
25102957
20621467
19880743
32177076
8039918
14415514
15507505
12612655
14150634
33908817
6284784
7925877
30841593
33523659
15142402
12794498
26660519
7414975
9900552
15916975
7369733
15955384
22973486
19966006
6357593
28335943
33173127
11500578
12181139
9734887
25060201
13591864
16175995
5886949
7787530
24882818
26058787
7965136
5649488
11551067
12045345
21834121
16699080
5584057
5262131
7953859
12225141
16140481
7273483
26729792
8254117
22949414
4846718
13931011
29696149
11797173
6361880
19522333
29344075
12280648
27604101
30329039
15570501
34194349
14680606
7380759
8752822
17272000
24312254
23783003
5951279
26470427
33250032
6794038
7632533
9772378
12405598
14007154
16012638
5992316
20808937
12178407
15302133
10555675
26079043
31702787
33801471
7488175
31739807
10333196
30413789
4857093
7866354
35523418
27528684
25038265
15050198
11603318
16119314
31952843
30994513
19250878
10295697
16189762
15399197
27272520
11727640
32555556
27807444
7523865
9056393
18888658
20891743
22623395
11471040
32699634
26950142
8609326
28919176
30781026
10368240
12873500
7960957
5747772
15289563
9039558
29415676
14214770
12941045
16838103
33315381
15035794
30131423
11612910
11540538
32819541
9855146
12565423
35506645
10850005
12414924
13094931
5063211
6444109
33610092
8374747
6717245
9841333
9282649
13107876
7021556
33028512
7669104
8943648
13998610
9362384
12186134
6030348
31150361
4714161
20027737
15625128
25753648
11058587
31237093
12296057
7512042
28181062
10991076
11712414
7559148
16282680
34277743
18014218
13041632
33162855
9769911
2986248
8936869
24204725
23600273
8424940
13959711
19744687
1418853
24221906
24779675
11027612
13129623
7142353
23264903
3902976
7509762
18315559
24398285
28473511
10223396
12907617
8991570
22967825
24171218
5714018
7801239
8807082
22131997
12504316
4806207
11927709
23543054
21248608
8839105
23719946
5957412
30030451
15877588
11226761
14220974
9652009
15428795
15508285
6847334
9238486
14616636
30402857
14237527
5547545
5790257
30163439
30377240
15759640
4707190
11864770
8331970
9613406
13075632
9979025
27851490
21531268
5192858
6867409
11020757
27527799
35251060
25616821
26254151
11747902
32755806
11373805
7636758
9635368
23908448
14148712
11405594
28502170
33068523
26101837
20514481
8618232
24108713
9541523
8213319
5122734
14763643
12825254
15086146
22316698
14966076
15925652
12161792
6017081
5819351
5813593
5181962
17812738
22827083
6794139
13453250
8861378
12131501
9696915
14456399
12718970
16123468
11195523
10562352
11606553
11922307
6309290
5106439
10907279
12591528
14792686
6144784
7670704
16166312
25805716
27575727
16081195
8014456
13360171
14949924
25840738
13272848
16178769
12793432
30670018
5204406
22005718
9406966
31010680
18929113
4968960
14874857
30513235
12569380
15244385
7720409
31748684
7186556
31533526
14300187
29571289
1955210
6490765
6966591
8685868
32606010
5784755
10082920
9750689
13732479
9145185
15177053
28158817
5648560
20340814
15421670
28961182
14860846
19625044
8866391
7907012
20279191
10064111
15680113
16237179
10062850
10589721
32033222
22376302
31769357
7991131
8021507
10286569
8458122
14747613
18163540
27590550
25687783
6087577
12794327
14052095
14442583
23560841
6881873
11798146
8437523
8691077
11819681
16126217
20238025
9682395
16679166
32454402
26740283
28537267
8452300
10832666
35344894
16823841
7814174
13608128
7678411
5296045
27257928
9785714
20697415
8865185
21090745
8419353
14653003
7798021
29228614
27885516
15193472
20947444
5312582
11579751
8294475
26690672
11256290
5332814
9715380
13702140
16340175
17514745
31890538
7809560
17171848
25060282
12355709
6695959
22624910
7911310
13473092
23631704
11068326
6923330
11762505
18879628
15957159
33276144
20900638
17655745
4893352
18576253
15962448
6937907
30646675
5082823
13344386
11671700
15684113
7116201
7545149
9885791
22372087
12070346
4953843
14557491
19827310
15945699
14118298
10137707
1953807
24204944
16018524
23910098
12986691
26300933
29634598
10912218
9154886
15507722
33873939
16174544
9762342
10187170
6625985
18762556
14581496
10146236
10296650
11450489
34016838
20432728
12810464
34454020
34935488
7503704
9580005
12823833
17566474
18815908
13150793
10035129
10780492
15526149
8703415
15911720
5730501
15073298
16088623
22157857
11729258
21581914
5871621
10139322
13371317
25692016
34753910
35308225
11527250
19219837
26727572
14626472
15550851
8232297
14636665
15526552
12188210
13521362
7050778
15777714
26639216
6015764
30623218
11858205
31839992
17921386
9810264
15963602
14256718
35394778
12937782
14568902
25144759
33405860
11410505
7566807
12146262
15701100
23385395
13501667
10224259
14422139
10327358
13807494
25064587
11257219
13254960
5366774
13167825
14091245
9451440
20372158
20965114
14389705
11113578
28414159
29985988
8112193
5974086
6451749
31211299
3986449
15950433
14275306
11981761
12152339
11402717
13879384
7611471
10815335
16617498
17889202
18393799
27829191
28755151
21025180
5029757
5112450
14477082
5440669
5723436
6495607
7186520
13204195
21657496
10514924
22448638
32546214
34073884
14044522
12701677
5430527
20823592
10150267
15583789
16938507
24812240
21894352
21050737
29365726
13980464
5985261
6978970
20520313
22812044
4954533
15073160
11315119
13016882
23614352
12363505
28896685
14663205
31004200
15740116
5849169
31026601
6006734
14340944
10253133
6961164
29215603
27541542
35188591
15905110
5013951
15468936
15123550
14318621
17233519
5600462
13159511
22370308
26190398
29731345
5783048
10438842
9714859
10498272
14048848
7004101
20781148
32206470
33433046
9211380
27743931
10571368
12256844
30649123
6974505
5746929
13650700
31424030
31508720
6110546
16137764
12028079
20005390
4710720
34635871
6697855
18878707
14697209
9161842
9737929
24347183
10220489
33034746
33815061
34479415
24496721
30360218
28658317
11433985
12810597
28605160
11808586
18255115
24892496
19251382
31120538
15901652
9474726
10063679
26862422
5672818
12298148
13287385
8011849
12044214
12483969
14592457
26614742
12080420
24854711
28100380
11428404
23875397
8681990
26384438
13770631
13042029
13679095
15721730
7259122
12653944
33154629
32878851
13169281
14363286
21862564
10162929
15782954
26183174
5951443
15184349
20698204
9864070
23711276
8871144
26542784
15324227
10356559
14950322
18879469
7348827
7536927
27831009
8990982
26122907
34281763
14298020
18049939
16381788
8928234
12730716
8370312
6065108
12063785
12485357
14646091
32325516
30715352
32485566
17701447
14003584
13456948
7105603
5996977
15056617
25835344
7872673
15068928
8302773
9135704
28580107
6019857
19446667
14384145
3758373
9850823
10696146
13093417
16652331
20481856
22050238
31808153
32277921
7684345
31262896
9605839
7579402
11659063
8455889
9986585
26230055
32195580
10054889
26790332
16525347
15135864
31242559
10959559
8413670
9376194
8959803
15778922
17878822
31767203
18149617
13197837
6754338
14547736
18373651
21146995
7279818
21144496
17476873
13457931
10156840
5965756
15284533
31515575
33230619
7660971
26905850
7595843
19307932
20920180
24416813
15204466
11146650
22207306
10258681
31603993
12143526
7156162
11218099
10368917
5037555
11973075
4980438
17139580
6934130
18470257
23037137
16120614
31830122
4852255
8838870
29003965
26558171
15819381
10248608
9884783
4704714
5513913
26715398
6959038
9542371
34316272
10368496
7387687
33828768
30229040
8418273
28957705
11047426
26040658
11889877
12863181
15601576
13313158
35492998
31868435
5964316
7257228
9606050
8326684
22945523
24455753
9374808
9830460
5847170
8259395
16283695
10040453
8005992
10197797
23025305
29816992
4987883
12391690
10620903
14553880
18937207
20527963
12051229
31250833
6878183
23620634
30814944
3287796
7571368
5827789
32325345
10692447
31463534
7751301
6571637
24317522
5075469
16499370
11089080
1457402
23161751
21515698
8360611
14625363
9249835
5364400
6941040
7714795
25845751
4728998
15278959
13785137
14888187
23243597
15007406
6125773
12461925
12681451
32968245
6702336
23165657
26738090
32574477
35070911
26831807
6283570
8599374
9189260
16110005
21156490
13297855
24186752
11807089
23777222
11805024
29686363
8750345
8303890
14466932
29419096
7092721
30570757
25604935
12412765
26240612
22190188
25366189
25844362
33623877
4196767
7376995
14180269
15161405
31102763
30334781
7167686
9491508
24810260
4815930
29140909
35232514
14306487
7027273
30795582
17472997
13849683
21597526
14276270
34213405
18028345
14235292
24112730
19746796
6652779
5660056
5402303
15072251
28139338
5600374
9681306
14275445
19966108
12878282
12774170
23984882
24213434
27926151
34618384
5048324
20538514
6641543
33010125
16097306
12595015
6008197
12059530
16209424
9536231
32018915
14995909
12951177
24708494
7837431
11527511
5317433
6696718
11224737
13497395
13571967
11699492
31242436
10793798
26272085
11855331
13729798
6323402
19562035
20804278
24393644
32182893
16283674
29180155
13979106
6167791
7896707
21962512
12667512
11808859
23752616
5486151
8422549
5299375
32916810
6640301
6224349
11414440
19256740
24428294
12569109
12318794
6470649
4864499
15461470
16492485
5028166
11413543
11799141
13654394
15378667
7042903
33358085
5821487
13633988
25611676
29598544
14691450
7414968
16312980
18111910
9775647
27119187
31486259
11373284
21458428
4701895
13220351
25022821
14807779
13222898
5031805
8446356
15429136
11672751
4922475
9056329
10304723
7229394
4744167
12553201
16166301
7426606
9770050
34287538
17273212
10109243
15105371
5213880
7693506
26673527
15832889
30850230
13533587
6978026
7626777
7872028
32348664
6497154
16024233
5133140
31314429
14403615
14889773
14633381
16517757
5472632
29456224
5983306
33210891
15623170
12340431
34690473
15168688
31222012
13662152
22736777
35105747
30535501
9736349
5419629
8885666
14814883
6632659
14426934
8336638
13776860
6440228
13187441
15951505
16515063
26165228
9433847
31354000
14011094
8232536
23077172
31555888
29673178
23232422
35376418
15992814
24934595
5438333
31041418
5076614
32004488
13037374
11388196
31896673
12934396
27976050
11222256
15695800
32567808
26905184
9264627
6462899
8892025
8933018
12351373
28170916
8954965
16629357
20630683
15268479
32515911
21156244
23426912
9045924
15147685
15482722
27801678
11109966
6796880
5155526
32809617
26443184
9529794
33259920
15261532
15080413
23865623
7459036
16761642
31742000
18950578
6318805
14933411
10505750
4739169
13218894
13725018
12571790
12697064
14083924
15184239
32954673
4915931
14432970
15164598
12001687
8575225
13733866
6300975
12261348
13430569
26236910
5168838
13086373
12547924
9747329
6045006
31737803
26433599
1689070
11056231
14550741
10932813
19684561
14120867
33980247
10464242
9886305
12508127
9933181
13474536
19330546
23093033
12928319
9339828
7876258
22663052
29878714
30308222
30947968
23951618
33778116
4765318
10766484
9989476
15980651
34914914
12012701
12061627
29450128
9949833
33971355
9683315
11412429
14346883
9171150
11607743
23458838
3158876
33395867
34051006
22801166
24437345
22675415
28769770
8297424
9512413
20278447
29360179
16002485
9917921
6887388
15985366
25762540
11674709
10527546
30454196
18188647
31121105
14312928
8127862
25996432
8371614
14669841
4730294
15399270
5230621
5898014
22789055
7940117
14614180
14450148
5458484
16368348
17210581
5466625
24802790
24931736
15482610
30634006
18566872
6999659
14561150
16988157
35362804
6500490
31881301
4703039
5474234
13465562
10525948
23238107
5565718
5807775
34086460
14850373
33451376
4722578
19901023
29061142
8061303
13111665
15755996
15332179
4805850
8540844
7459059
5137087
11103865
6678775
33711213
33934059
10666851
12044859
8476764
7080849
14709773
16625295
32539323
7386854
16078955
29499880
30928233
6484475
11582703
4996155
11204861
31586944
8422627
8609790
14468593
11180903
6479139
14149997
30701545
29457112
5324867
21340480
29878795
10835131
35163592
21676153
12661899
32548689
14486908
24337883
28150504
29188348
11725678
17958178
29936395
33451256
11697892
30442223
9018276
20843104
24355358
10425543
7088109
16686573
32434098
33648399
7409902
28032843
4847484
9480151
22783856
25637509
27871113
30125045
4919723
25559368
10081467
31349194
14006892
9253130
14285684
18582127
4862062
29958382
11531567
7718386
15978621
17693380
7174855
17233990
14502540
22264447
9188887
4978902
22245412
27610224
14002300
23648912
33394991
12412430
34176889
26392844
26159885
10124402
26186600
16215844
17685214
14850402
30638476
5396224
6732866
31408877
32835267
21349759
16182412
32129481
5230970
30450197
11290639
30797130
10572976
12681088
27299244
33812925
5196256
31133831
6881958
13511740
21917881
27259152
7507117
32007860
7791554
14514464
18354346
23959274
35008814
12628808
25810891
8434872
31666040
19098850
34539868
12434401
10341092
14725322
30611383
2493670
5780663
5983834
7855303
8110677
14230553
14673216
20125204
10552638
21472060
10689348
12003345
10496474
12924092
16968255
33735018
13024127
24229388
11928753
15532857
15391324
29070928
4976073
8543293
16282758
15639254
8436998
9654262
11622853
20234977
12026287
11614527
26155817
5302574
26220425
7785958
18759955
11732203
16131780
5475998
9289461
26385437
12620310
22120933
8960310
34460176
19078588
33519230
12911103
20431855
32196987
8230989
10266074
13642961
12423378
29512510
16958832
5628985
11751187
16290794
9883896
32264982
31907164
7920269
14140774
16014556
9820816
22083028
6552067
11592681
23631815
13763331
14489386
9261527
12811448
5731566
12115195
15739144
21137440
22479824
12916920
14875693
12576207
33455135
13046330
15509366
24197960
6627442
17472220
22966049
29455378
15027245
17552101
16466364
16095195
8461273
17835985
33614958
14908581
19706983
28604158
7727406
7125577
10613115
10560566
6488522
14555588
32998611
8976001
13900039
18522328
12413135
6613111
13802268
5748955
15916488
9072838
25168630
28164199
23109137
12627698
30894984
29519290
14185335
11399426
22485656
25365607
8346189
19523560
19626493
9890077
30344726
7189361
7847564
10778423
6951769
33911835
6514235
11798088
18293401
9626816
5054963
6658817
26769128
7153410
5303826
10020841
13263627
12076704
27512967
6798128
26221577
10861256
15454011
27418620
7123275
8729826
10779643
30495952
10491279
11420860
32243100
8037883
10697830
24931625
25180855
7101532
10905398
15084126
8382472
6114491
7669960
25084381
25831084
15467477
13455131
17844481
15362406
13966383
12777460
27640308
6522600
26766023
30692938
10574662
26000197
2078030
23446988
28728991
12771583
32436075
30691495
34801559
14476202
22343965
15669026
27556713
28364326
6480890
16252029
7241841
7497251
6483726
7250368
8439729
17602084
21761224
6866512
5730192
6741104
13334167
21837982
17540773
35375905
7825556
24145196
27385095
20739883
7888846
21522232
32710791
25328509
15907362
5202698
14259950
12038881
6772615
24751085
10442337
23408453
10496394
23605745
27607488
11389418
21902992
8548059
13116437
25782682
30455993
11460917
31642735
14315035
34672999
24127925
27851076
33172329
11986651
11480090
15999197
30390701
9098018
13757931
10822024
14856190
20998378
28947385
33297723
10225100
20332540
7399147
6919102
6105559
6703336
4778513
6387621
26254715
13926985
14506638
26115487
18140308
7226353
6875353
16875546
27094431
21728752
13791377
30995644
5463463
7469621
25500286
17520712
9034385
34134043
14635860
6421551
11659155
5596729
35240704
8553531
4805274
10395000
19892074
16026358
22388728
9302639
12265447
26585090
34653733
34335955
9422448
7554804
13274075
13802444
6163775
15696737
11522938
16029722
9292965
15554366
5374437
23877695
7326113
20923096
5876257
9096751
21407878
11822467
9351423
10419823
7227864
11506984
27411939
14508405
27428481
31222216
31031266
7665024
8233619
4943681
5487965
34284250
22858367
20476438
5318251
26867258
10894041
30738115
12408063
12051992
17844790
7915720
4793799
33200559
34996613
17473984
7018760
9731544
7491332
14270368
34486522
10700546
12478326
13481533
15156371
19993645
25147555
15166725
26257919
13571031
7060152
15945205
7133768
10315692
22039000
10347461
15151316
9250177
10754878
13874879
14727279
12159500
34323442
14558491
25950958
29287492
17310694
34782512
23453285
26620694
11022051
11066849
13391951
24687974
7002148
30449912
10873348
9758752
9515815
15409786
6857294
7351961
9938226
33164121
8113521
4866789
5965769
33967287
12611269
6103109
11027438
28598854
13698138
17706376
9497692
19744405
6166136
32593176
7568591
11113622
8748485
12356890
7902054
9023197
17469274
7241714
5552575
25595134
33320532
5074714
6976198
9890542
15276288
11536214
18311821
4694541
22769198
7078262
17840377
8356472
11460924
13429748
6416806
10223124
6659694
10504780
19359190
12713528
18508819
6211695
5074164
7062916
7316544
20023537
32135364
6618025
11176563
9546194
12438000
14044426
6084252
7486197
16802586
17286460
6505651
8715204
21226480
22492745
15296662
5637549
8604558
13238352
6181866
24120362
13113660
11913039
9111886
21336640
15919609
20887414
23438729
24724994
32747256
5950438
19022260
19022935
5379928
23697347
33852504
24257564
29016418
5712980
19689907
31378916
33580467
11470417
5927689
19269502
17423422
26610137
15622240
30073060
19352716
15217560
10676498
13299195
27620319
8443937
14192200
20458423
22945607
33886743
12981162
35118473
14616507
18432004
12142755
11194328
7096294
15161369
10056226
11379079
11577912
16361745
23386925
29493412
30704653
24105023
5597952
13078483
32722599
10083007
6249927
9041822
8832417
14751394
5872615
22848197
5877195
23405369
11658409
19820878
6462346
20611645
6945556
7159185
9410492
5956581
10617613
12289913
5931657
5170117
9301007
8779756
15028196
26810912
29270389
20431789
30982831
11192703
34107142
22954559
4987848
14667422
14947944
24646268
25659406
22454626
15245812
15432989
13291215
14358654
10764039
6703748
5581306
6458279
15412324
5555172
16631040
10265287
16804380
28839031
34872608
21574978
16690977
31115867
8125889
20760907
5591183
34820120
30224381
5148018
16447983
32280534
5871057
12583716
12120458
9038603
22172794
5325592
12872216
6323951
14641437
3536375
11920922
30745704
6225014
9942775
8596291
15705060
10346963
15848304
12900852
10678689
8794854
12873583
14516239
15629476
21707620
33446363
26851673
5488016
8991223
14900945
27570159
16081853
29597632
5374662
10138958
15092846
22309108
20069578
11568752
9793562
15396075
27233886
18834667
5294367
8555153
18328345
11373101
7887242
9002413
9939082
5766160
10634500
30294680
29903563
18843199
8652093
7907243
11902177
13392113
13735130
22596998
5808153
22777571
4759830
34617895
35116331
27986844
17131545
11753218
5938889
14681072
35157382
12214914
15507504
11253282
14459157
10527242
21082531
34885601
5066766
28541818
33579534
12702287
14475840
13363771
12504169
16789830
7178989
18307498
14462828
8412591
6158333
9718138
15066325
7617542
30347783
9106121
9027690
9016925
9017959
9493823
4983173
8881907
9873668
10138920
14830199
11419825
16160301
6360336
29739328
6792898
16105875
33414935
29241121
11117802
9366826
13454736
8916365
8468183
26116028
11110482
35420179
7008089
8854204
18843382
15247133
12781105
17639218
5901593
12640057
28168213
13077674
16594050
18743200
5348212
15490890
5599838
22209478
29850781
10439051
5748907
12725065
33677151
33690189
34532299
5932133
24785657
10193155
10857424
20072752
14151092
13822627
12412609
6615682
12306696
21067642
4991037
13701782
33675009
6655805
34499731
7792315
11790939
10334792
10838361
14438447
21565981
23739584
7523459
15918639
26901182
14270412
25679017
33442175
34421752
28639306
11775595
12684261
10582833
21551410
12865158
13123902
20332834
20582479
11087381
11157525
19591579
29815738
21615193
5062586
26774531
31086875
32489490
10249672
31652192
9734025
13427784
9699480
17215402
12779924
9999603
12517919
16010499
7006041
10125155
35438167
35267125
5290039
7353385
35351317
26453654
10914699
18118369
18655144
32206755
7328121
8292532
11107762
24709172
6947625
32584947
20374411
22614632
23449406
10623502
20253595
21841819
5839891
34950317
10424012
15548711
8514994
30336446
10143238
22157602
15499236
11891664
15600330
11137412
11364056
10042893
17841325
19452367
23853077
10722756
34854320
35513353
5943808
27502770
11824605
9891938
14829080
5238425
19433497
9127173
17438818
14307279
12714572
7532148
13708857
20942977
31148891
33935079
12647417
19117627
11563440
5898140
33804219
4895557
27455307
24244832
12370628
15547557
25392667
32429496
12912747
7540007
16080887
32632662
5552967
8434826
13030342
34775075
12595423
17116830
23437895
11016419
5507324
9614443
12346131
13420958
21861658
34707945
6437440
34876496
6279426
11101799
10717142
23768531
34161433
11913352
9143194
7593289
13206438
9558399
5463454
6583345
21298102
20474482
21260311
4769653
11614095
7776390
8833369
10231308
11360700
12102587
24755990
33533223
33613017
30235745
15470315
5853394
15053969
24205094
8898312
8980112
11365821
10864150
2449196
12079052
20413939
32750193
34860152
5751277
9690382
14424727
14896798
5282677
10056598
7609627
11613759
7966724
35411983
14843842
6109007
15836301
22924709
31886725
24123212
28865065
34112740
7626891
4944552
17020893
23910161
16002284
11738232
10016757
17509411
11475614
35113628
6773396
6102565
11003023
7134920
11809484
13804866
4870362
15864976
16041280
8122896
16650975
14725868
32078589
32762928
23744381
16424772
25877635
14092459
5018165
32607372
7344607
30068746
10580408
27574233
8155659
21083953
19989673
16008598
6284827
7012442
23619341
26301749
5374450
16859550
29309002
30662377
33553737
12340778
28002909
5845532
34400026
13030755
30559483
34007382
14006683
8008550
34083913
34780931
31257484
12476042
12853168
12114485
14140562
12763567
15099244
33657207
6921761
19856398
7446985
16213036
29098177
8312611
5098513
12201352
29309134
28328788
29075767
18929650
30874446
14413832
23994737
11537103
26488805
24088781
11336669
7702109
25829608
18981364
11359533
16145766
11200462
5057503
9019638
8141111
20955562
5924022
30450251
34247188
12184823
15573706
26396684
5665010
25143316
10753879
7815694
7619948
28020864
15456555
11489538
30515137
30992122
27775713
6376530
9115290
5001327
10842125
8695728
8876958
13466333
8468846
12613957
13603388
10987687
14068857
29423023
7675974
5799417
11890671
17424631
13239187
5992250
32576475
22372501
10584976
22645385
23750195
18127507
12764327
31402424
27062862
22770149
13437081
28346002
6031730
12667496
21193018
22288600
15244714
17826751
8883145
8551362
11461574
6077893
10418724
11214437
31374007
10317706
23078603
30917898
17974132
15807232
28388800
17059974
8004519
9366055
33468509
8149479
10822641
16112621
25889032
26605262
27451557
32618535
6476207
6918347
25875946
10024518
10829708
31387103
10134538
9486953
13492389
8614139
6408769
11210447
22142542
9817023
15562899
10464073
27762684
11899911
5630789
9813153
12991532
15213288
9572083
11430160
29142418
19707067
31229050
4831744
9427567
5326007
23502251
26886632
6384553
17214577
29620855
30761037
10998790
12277159
8633949
33275250
14694131
12550431
22965539
23905199
5474769
13120976
23133806
7702892
10744267
15012576
20920762
13704434
12522513
27667884
29348998
15517044
4847635
33095739
15972970
6987250
10502515
10312965
15195755
7905643
28456774
9097688
11596675
11012755
25957303
25868404
13786742
14024454
28941700
21644761
25817437
8510474
14496970
19640593
9065699
19532014
5066357
33808530
27506979
30683065
5803943
12975241
20843713
25984129
28866178
9106672
9411309
5448800
15498093
29762131
27722004
33173220
27546300
8048713
5300966
14614257
16990497
27163461
5537123
11739514
29431063
34657777
10128727
8650296
20146237
28142212
16009206
14897223
11402247
9685487
18450775
32553294
29946736
13633581
13169889
15346391
20691493
24161969
23856974
12378280
9656508
26973539
4877292
18079888
5673220
11606174
27690591
13992354
7364113
9117796
14307446
21657373
25762405
26189894
10391503
12754577
25179412
5884338
30392012
14226286
14374259
4970371
13025840
21400300
32166189
5750264
10212892
14530469
14157816
13447103
6030883
16251683
26585717
13954673
8647596
14797996
7272690
4842649
5969761
8629662
9564877
8314562
13480834
8152981
18095596
30633472
31465151
8545914
22801271
14994833
5732746
9409206
14861045
4957628
6181917
9373922
16405437
7279681
10177676
19973410
23595899
2843494
14856873
29537302
24123869
30996514
15494877
33313746
33210969
14794208
10868441
5359763
10208582
4605360
33162321
17149099
13484058
13689129
20868514
29517364
20515519
5222222
19452895
9653318
35210245
28006767
4702690
29846095
33165246
5617631
15430533
15510604
8292109
7179287
35310112
11821918
33393458
23903498
8094693
7245866
11845890
15707736
12227962
5090922
8181089
17554459
10143156
35041853
31633957
17666209
9343015
13112067
13509539
12459947
14757557
5442345
10720954
32345556
16047105
17817991
7755229
32148936
7701046
7478089
9516082
13899497
27078366
27474783
15843339
1287735
25199305
25046527
5691983
14223837
5705106
20070469
12372667
10079070
12652189
17915029
30377156
26055085
34758947
11989950
34842503
11545537
12894392
33384680
7830578
18674749
5399631
14654203
12940831
15851595
8221609
34151212
6055838
21132169
25777813
12916698
24155633
15700599
5839669
30341969
32093640
35436556
11078574
13055122
29505919
10867417
4721921
14380586
9935816
13215181
7742091
15138188
11225344
24642056
24356933
1640697
21598645
13236593
15516325
10906078
15859484
22192948
7506689
34421332
8181622
10971516
13503525
19451788
33582042
7468469
14393331
5279283
23806934
13495311
13262323
32544195
9439195
13363358
14177995
5013852
15701900
11673418
5347609
27592833
7897445
5793284
5699235
11315684
30866544
5190722
10885672
12063895
26131637
8685507
8099015
5907003
5095796
9386057
13075791
13719950
14149162
18462244
6771598
14468441
4810776
12122412
12150098
6072735
25919119
12510597
18676099
22536944
5861391
7968703
10443466
15825121
15758088
6881686
12304449
27313674
15541076
32057463
14709749
13111066
6303315
14003409
32603037
18062770
6107105
22198591
6188510
24248321
9290585
8762044
23441426
25118242
30176033
34600864
18837919
15969866
30005869
12375038
15163634
30694636
10983025
23182907
5447152
34856672
10001531
11681960
12870303
30479000
34535884
35204971
12923184
15401529
6276887
15132087
10104152
9669156
6779115
15272073
7263079
20500426
7635775
24317990
5779133
11032075
11643879
24511814
33826380
11897620
6211994
6414830
12605975
9880663
12651707
14388689
2749263
11930288
18892228
17915839
4826914
12925471
30089693
14831992
12427204
23913497
32154603
13208074
19436197
9733612
7250788
10456180
10482892
15478152
16860978
32539476
13821747
5712023
15762197
10497640
29115196
32602497
34218892
9925714
23763569
7926381
22619219
16174516
14934545
4706606
6451204
15155175
13324196
13161454
14427382
5530918
10903028
25232983
27828477
13410386
13025633
12668736
6077720
14504568
33419765
4741601
9613611
10992596
6635260
10313042
10377306
29608675
4823258
7699025
8190741
8628920
12916387
15423486
15824936
27652389
9041988
13706434
5972308
14386731
6710443
13243519
9503172
31032604
26897141
14410216
32794755
5136878
10587065
6555449
5698405
10608029
7637109
27448992
12575406
9320565
5948299
6577536
5327621
21108781
30283757
13156567
30890277
6558047
8172152
13745846
35127482
35438416
14898565
27300423
12666392
11502440
8938944
29283103
22870874
10195182
10341880
27952995
31857542
7386959
11682690
19670836
13213145
33938802
32523966
19284343
6018774
8368830
5225963
13674916
16054553
34509688
6658094
13371214
17625277
7129862
32006507
7959932
30388412
26032369
27829848
14416535
5834800
7500172
14717403
7972350
16726296
22698809
13012831
22799252
35152297
5847869
15563748
9318650
9267794
10799294
4896597
5029683
5853849
16220696
34951328
27721293
16228092
5918765
4858152
13355170
12033509
28742530
15097154
6151595
14744062
33883572
5110868
9017122
14460949
4901908
11842755
15461159
8199468
1400843
34397284
8831283
31854500
9486399
7872915
5898235
7801207
8318843
13761232
15839301
28347148
15349565
5215960
10845833
5863635
8656178
10548302
16369617
16506144
13633114
9095496
32977749
21163096
12607303
31280537
27222492
13582911
19163977
11783114
14540968
24320729
35227132
13553834
13860596
28091536
12495315
8687853
8952685
20812462
18150286
35397436
35536321
10407709
12629782
14226500
12589565
10986181
4899051
35479390
8428930
6720929
7283767
10656458
11152545
5406691
14398053
8223868
22565426
29906788
15731858
6961988
4921776
18922396
8109613
4543850
15448047
11215322
15906425
18471970
4959121
13307913
19388542
21100093
21661492
20697910
13500261
21572767
1081415
31282979
11490800
14520837
17823379
15828529
8329988
22132285
5284666
35060975
7640619
15602259
24676001
15284303
29181292
17646232
13131045
12542572
32967408
22651364
30517033
20817157
4970590
7881951
34696953
13956141
10627691
11226508
18989680
6051552
10785199
14540931
13037786
6885693
23410805
6100655
11153735
15767947
32309970
32337510
26225480
27506925
6083307
9365114
10067685
33553476
25124119
27912552
33063495
6521729
7719849
8111894
14386461
27952500
6875985
12395249
12435765
14670572
33320904
10744741
20196310
12673965
13708232
34295218
15138280
8056545
31761467
22610234
22256554
10967540
12810294
6555153
22775066
32108844
32931111
13778878
15768744
20881660
33605121
6310062
12525981
9737712
10536214
15292037
12019124
22563560
27701841
29701612
8770877
15277079
15640939
29313076
15150207
28707691
12739115
27445278
15936472
14063140
17796097
7329867
14081914
18651793
10177345
12059426
4934475
34192960
7882168
13502616
3422904
16072430
5612108
9893768
15708618
25410886
29810668
30962728
4840663
11700861
12246990
9407133
21656752
29377258
13611354
15993392
33365714
20972395
28345069
9827073
13811559
22727114
12726492
30327473
28187818
12519642
11071255
30686335
35025629
12182827
8714955
10542538
34634248
14975499
16010241
17170057
8571048
8319979
5956906
7898147
10513880
14918915
16878006
13173520
12574953
9892737
19350280
24404222
12872279
11367257
19964110
30410936
13387443
15567549
9565058
21523852
23153258
11876706
8544238
22702103
8472086
10734751
32285832
34996631
11342848
14574147
15344499
25758367
7245162
30889326
6044561
12567683
6201659
9541139
13437093
31066178
13373067
7291463
8363919
14990370
10040190
28103146
12174756
24927041
25803025
11862657
34159081
6157968
8682928
32447148
15775608
32825163
10132093
17073102
28792021
15417934
5426391
12198455
33691383
11629170
7225387
26856353
34908602
14909469
15488083
5668444
27384981
9980219
11220464
23933642
7520485
13268163
13684869
13805093
13486672
14081837
29059846
19946146
12775998
28918222
30250778
20819158
25714600
8963693
4928167
14837792
15207804
9288960
16432617
23471771
29021446
23220629
15688747
9353790
15519354
24674507
28785106
13307279
6598061
12408532
14462423
12126450
29944519
14673826
11594760
15467651
5900508
8908654
7887766
12200293
31714526
33815181
12412424
14696486
18480562
6344034
14427575
6769356
5243873
20540776
26587982
24360974
14160557
5804410
20016079
15194725
13764665
13013692
11533435
1922236
10540877
6994444
5960665
8291486
11267536
32442981
7503920
16264101
34703400
26359505
27917613
17554969
6027157
21367654
11057715
10829710
25162468
11115253
5063549
9878297
5488340
13238644
23953463
12803544
2564482
7564413
28026864
25760797
24847811
14869053
15467077
14629783
5059950
7240274
11891713
5755593
5861263
12234005
15358614
9364933
7952829
13632083
23686019
35305870
35329324
21546961
15510249
10562964
10757556
30704606
30082635
5015624
12194005
19412224
10067850
17260408
26987018
28469752
19554820
32991984
6290146
6545466
11046595
15308958
6748368
4772453
5465854
7949434
11924344
22880798
14794686
15459172
8593199
9760241
31020421
12049766
4733526
6194285
14594360
17825794
9067112
9530424
15988084
33276585
10987303
30102008
6839624
27524808
32602527
12134799
15290484
15051454
6567189
16225016
20428579
22753142
12513744
5292839
10627217
9872850
24534191
25514848
10027060
14902983
8036280
7844769
33337928
9640458
17850355
27304188
19610248
16035850
9303346
20664892
6425967
15861221
7657456
7543099
18753364
28357054
6879218
10824684
31513637
14648084
15558803
8807881
29019496
6793948
7490995
10852538
13028388
5396327
13836713
24054794
9078791
34577125
28563595
7640663
5016168
6141296
19420405
12546602
12262241
15188651
25480129
15303519
8018301
18339997
26507468
9169718
32044494
4720447
29561731
7778169
9411726
16850592
22074502
19072354
14505389
23560067
23730197
21190345
23446838
12133602
27834285
31843409
14862548
9258124
27260829
5867863
9417132
6190537
12294316
27535881
11845101
25694251
28850566
11846237
21622678
25529548
28948621
6853719
13238565
15776863
5335319
13121907
15415746
4942368
15132561
21930640
31751267
8863053
13442724
31932544
8371154
8529372
11801102
32190807
28360162
24722075
34600735
7168014
26627465
34773881
12541538
8652980
15308536
19472470
27284958
8222616
15508712
25016788
22070353
15215263
6423694
23588579
28317772
33483827
26585975
33220851
10600619
27668295
13740089
10132360
32244231
8969175
23370317
13978272
24718484
25452400
9682684
24183581
13312388
2425334
4954683
13361573
19154209
30914913
5344440
6380867
9779108
8267774
12503685
8717482
7216314
7376349
10149917
11957406
33958239
13445385
30102641
14181852
5844288
8909433
25540540
6034851
6720280
11767241
10952644
13738145
14243705
27328140
8907294
13528914
34121944
10101875
28577083
17942536
24560105
7748903
8181272
22820228
13052685
13400196
13422239
17230057
5980720
8571239
5006131
7878018
11175448
11966393
12069545
6571646
9010973
12152778
7915405
12624161
13403415
13909778
5263754
8967549
9454038
15307458
12843282
22774079
22565615
15442757
12115453
30432614
16178418
9841257
6920845
10980213
14875784
30660715
16428558
4890246
13263123
9528959
33064347
15938975
19437850
9449391
6449232
10220567
13243109
10247453
23334362
10975282
15404565
8555592
7692249
9584338
22118857
22307197
17657746
27079587
33420545
22393948
34443907
10925622
10980049
9847727
6556116
12557360
12851210
7667034
14434544
13745169
34570819
35341162
9818763
19779070
30524890
35291374
10248625
14538275
11427652
26529818
33381932
7708190
14639209
11363495
26242769
11649856
13331703
14559650
18069658
23553215
29575990
19439983
12284294
4980673
7462851
12841650
23249018
28547101
8633183
24297674
23814830
19572115
19872535
14228568
4709847
24411932
11526728
7048725
10225301
12528541
14405019
10703846
12585574
15617671
22898240
8805613
24878288
26946644
17300893
7808339
15644510
6040344
9681637
10899915
9186151
12268038
19021084
16501251
26294750
11786987
17090583
11379205
11862675
13531980
14960749
12085834
26795699
33706422
15588122
10926865
9465901
19932934
26285096
13435554
6296013
12762941
14202288
14943572
23983256
12109530
12060300
18816856
28837129
15145050
20513932
6616598
5634911
21640906
10283728
26820071
8211929
4985933
25239649
13925220
14174029
14623882
8840710
26377547
8385679
15416750
31561741
34301728
15458546
10469859
9376554
10807945
12033012
15469806
6783359
15343778
5813748
12156351
30683842
13996660
4683516
12817962
5816169
11293621
27039240
5646001
7613825
12631370
11642388
27130020
18637903
9707690
13603903
9063528
12008468
13856545
14551643
20675773
9673682
22417813
29977951
4970980
6292520
26745896
17727775
6411845
9372327
10325376
28231681
22885118
9884027
14737458
9164386
15121768
34601137
18654823
12017488
12643929
33356702
7764058
11592622
29160025
15790408
8022456
8026312
27809409
29836861
30683077
17196436
21229693
12607733
10361119
5155825
10623832
34530325
11579760
34539193
13435669
23062739
6367963
18334564
13053169
6448203
15456837
14354292
14119694
5471979
16077996
29828488
13578011
5360319
13426280
15586647
11355752
16908117
17421262
9668786
9459808
5992238
13246094
14678940
14908934
16220702
11549854
13588535
19659325
10185986
7190070
14131048
8567446
22375750
4781108
6919796
9200258
5826220
16127276
6156837
12111099
9251843
14630589
7740813
18829288
8623290
11717736
12013348
9469706
12957607
10492297
33567279
20023192
14016166
18489979
33961233
4807542
5121683
6340113
20683978
22804034
24275150
25838380
24718004
23744795
22664120
34160470
33077406
30438185
9874181
24203261
31699454
5069596
7378405
12256547
16312806
22692929
32253096
15860800
11611152
10601002
15617162
8038324
11066363
25956427
7187140
5604032
15373169
29321329
5470923
10156390
14870364
14395292
29357857
15692473
30988330
14878131
7055828
22151203
10557554
5087065
15088163
15546129
21309745
27965205
10587291
16071541
4684219
22047391
9030146
15139986
30258626
33389189
23431211
9695285
13227354
25946821
32031806
5160042
7962691
32380530
18957763
6187841
6701609
7739924
26211359
33462875
6611122
11643414
35340895
8430211
12558515
13834546
10101016
6622696
7856132
28273504
32624283
11582824
13026714
23840921
27083892
28811221
13680149
7754012
6741643
5454173
24554423
25531636
27729918
12066688
12094038
8342039
15467625
9667328
25067572
30440477
21170161
6560314
10881627
31087781
31480064
28497454
15633690
24565550
5955395
12083458
7555423
8594509
16259956
12462996
16034550
14455450
13354594
17879098
12785323
19432060
24102575
6636392
32790312
14903581
7687546
8866200
16167150
9021361
5779193
17145172
5049318
8324174
7577683
23610758
15779715
20571733
16121596
15988633
10098047
23902439
12806999
30456545
6759678
14327260
23935472
14960949
8834306
14845057
11574806
22289389
6087266
8851531
30861060
4369074
5443558
9901018
15012241
35403208
35436775
28392091
9837511
10196362
25112977
29941591
13326406
10664904
10474164
7782604
5463820
11305984
20712934
12022274
14569578
17723518
25769113
14740403
13551960
22613483
9249426
33381638
13390877
28774603
5659317
14669228
11951938
19915264
5008919
8252898
8968697
14273034
5487090
8424641
23376266
25936669
25010914
30520150
7751412
35215663
27419580
10372054
16231054
13110127
23034023
27291186
9342767
22024159
5994203
26312750
10353017
9997247
15933873
31343644
12717178
10653024
15207529
13926056
30980836
5750684
5429809
5874733
22739624
26960735
29115277
15360709
12650634
13259367
8905186
13661964
11268018
13672139
8161364
11495755
15909980
9646285
17313064
33468884
7223155
26439683
4746478
14084583
15552713
18152089
20341060
13531767
12525946
9762961
6684053
13074062
27176703
8226791
12020321
15155047
29017543
25954612
15536302
7688576
10768132
28835962
15153902
8044735
8745076
13724542
24769604
27866628
14528290
29529538
12703010
30891402
11513148
32848035
7186048
27762903
31510622
33508661
20026318
5969613
6884460
12493319
15575801
6147934
7108128
16512219
23935031
27618465
10538405
11804111
22060036
14688527
6002175
12027753
27245841
30867573
13169165
24296351
9115336
28201273
22232053
17154508
20229571
15061525
13737025
23060531
6220317
10269566
11560429
5904534
10966823
17275765
11962753
15464743
16872333
14295217
11612932
32582799
13140992
9342811
10256113
13028633
24770981
8902182
4674822
19955302
15976416
15809977
16048608
11161176
21550348
14752695
21830122
11764931
25085758
24335096
9414860
12677853
16055792
8402817
10644753
10675382
15734228
19697842
6028170
30154124
9863746
34461655
9763373
10030272
13393372
18779932
9763066
11200530
5154854
16269964
24729059
28483798
10718485
31003006
13796718
31907497
5208446
9682994
9992741
23088266
17626792
9850506
33525597
13842295
7479640
8595910
13238092
25512577
16270316
10102094
13124691
18819316
13803917
14904047
13264166
14643292
17665996
20667682
25995241
11034557
31116827
33409673
34140823
24982870
34998734
14351926
13359157
6289367
11242684
19711174
30691477
30908541
10149547
12102489
12767029
15266641
5777278
12903565
10372928
14513146
33743058
7185743
9300513
8139022
9534292
16612824
27114066
5171566
6843742
31507169
13529895
9440917
12594572
13162370
31086389
14018053
16265033
13207423
12621064
10394649
8080304
30273857
7177544
10541322
20466346
5076056
15932802
26643830
4813563
17301130
14525944
8201659
5499134
17339722
13406213
12527256
13069523
13195380
14518317
13989820
15479209
17127381
31559917
32731428
16482150
12370324
7168182
14952625
34977107
11402089
14695737
8296083
5172246
9459091
19369837
10201782
10021346
9650945
6339752
25058620
28645132
34018404
29283604
31759379
27771477
7582229
21976939
29964688
11575446
12129197
30983551
8060275
12305045
32726874
34618657
11202491
26345186
11404862
12721293
25056616
23684801
33847512
16597323
6775410
8950134
32209980
16058544
7148831
11143222
17118024
12538340
11670407
14482535
27300321
5066808
10372987
12762639
31504727
30378104
9027184
10700273
22169749
33848286
10106626
14168655
5559868
22613126
6024697
32770290
12314817
12541960
16597968
13955780
15588886
13019545
14083882
6938475
16182401
33756948
10977268
34402819
6842048
9459601
29129431
19718551
11650291
5891951
17402878
5151597
13712440
15807530
2693235
29233633
8448371
6890415
8639057
8743557
16635855
7492939
8526422
14223051
20899240
8717098
11946323
13909796
11977877
13742570
14924235
33082035
11010461
9420564
33505595
27883035
19708234
4094657
8188722
7054063
29317873
8086193
12991327
13169453
6968542
32598258
8702667
15757508
14841636
11825357
7764754
15575851
25454449
34724799
8374646
33775689
7143969
13394905
13609959
24982210
32899839
30029713
15532224
13921542
23069357
28587013
14003782
12932250
5595841
14643045
16198973
21011830
11530995
30166169
15555133
11657071
32571033
22676579
27287595
13163562
12138611
15097464
33946980
30074476
14312968
9668261
6220627
13376819
6387433
5582096
12169115
12524081
15672797
6585622
10768291
10802168
15625054
26769497
26451506
10233776
13356024
26000926
9139143
15242860
7137903
13494372
6843650
4364067
7174653
11535230
17802556
16048448
15056850
14093600
7445350
16637814
12345494
5827062
10973159
10615917
15580068
34980047
8993161
11468460
32060640
10756978
35055872
7188776
21725194
13314432
14150511
25040074
7216972
25406584
27368967
5013804
13844782
14832442
6213515
15152749
13978400
11945191
20937691
26690636
29298307
12817807
14092047
17312032
18861001
16668372
26964845
34132657
19789429
8044887
8986279
13587196
12146691
16077434
17300674
7170164
14898008
11478645
1204301
15332812
7527256
11840382
14935387
30260813
30703114
6765522
19825078
13276446
5561931
9570078
19773418
7136849
17654764
26435462
14426039
12321911
22392772
25420192
8827305
8364588
14622990
12873682
23927849
26875226
31877389
22958039
33911319
23744843
25168762
8897531
5956957
8526476
6294804
13513521
26824913
31618963
6882111
15882099
19443148
9491994
6486887
15314198
33994665
7173967
10485490
5500572
25534327
26935979
6956558
8390013
18786151
24114806
15789605
26615525
7974035
33741597
24289817
13567783
30529534
13220102
16092176
16995336
15163070
15413537
5852748
13053774
10600517
15524079
33861744
28360012
26668241
32451924
20555905
8031174
14607958
6053551
8072172
27383178
15720609
26016196
31211302
16051075
14459179
11129386
7125545
19249660
12964978
7224034
21410620
23596334
27647151
14938867
19440217
20875951
5196206
21508462
11016837
30057343
10632344
6247600
16291374
15977173
29462758
14377980
11840638
12039285
12228478
12470218
32763789
10069169
9262383
21710752
26960273
4878032
12798574
31496378
9678378
27799794
4883946
34379101
16606320
8839209
31501241
14264418
6027961
9795202
9302064
23112479
12765032
20331457
8796849
11706295
29575126
7923285
4826244
24828245
11066690
11042100
4795445
10632276
12664362
35257795
26757854
10248721
7362733
14755599
20057599
21383791
26713757
19274026
14524304
6489759
16387698
14756613
20381347
15219098
19604206
15482957
31379543
11003049
27612504
29418130
13413385
5665643
11709732
29155087
5040014
9015416
12526100
4689953
7409602
9300949
15978587
5161883
6425322
28378546
5323510
14585451
9053187
9879214
33888618
5260514
5413122
7558654
12454519
9617395
34763669
7775583
5290940
8576030
18818965
19362715
7198727
6504458
15761254
25126660
29677777
32127915
13176146
25892680
32424870
6547476
14314696
21702994
28340878
5424238
8852667
11410858
15768652
11685815
9315456
20679967
6669250
9007414
8350212
8840434
9880018
19348627
34691496
35031446
15495314
22424017
9744963
12498083
31674293
10978751
26395604
35094743
17353276
9135159
15795873
8425043
11640551
10265964
14154757
10115577
11891649
15978208
17175802
22372363
15960928
11938134
24045227
12808856
26262845
8255376
23562500
10923582
13432410
17199415
20153959
35072180
12992675
11184156
10728975
32516682
12831573
8579905
7269044
32416059
35391307
8740315
18555367
13794393
10564423
15480255
18149152
25676890
14577603
15583468
13479420
9538301
13882397
8155362
10454609
20796178
7205577
13891034
25864924
21025255
29221066
6604285
5345273
28604836
21927025
6244938
5817149
10134658
9917774
15740482
10254511
14080854
6234073
8507075
10458571
10390343
20608033
32309934
11767683
30119321
7459339
7120886
28797670
18503554
12840299
25085656
4685914
15692173
22229950
27270417
33016869
20623117
12757533
28318756
21361282
10684989
12067656
11818807
8384101
13649279
18565942
14688266
5470712
11962028
11632382
16267441
5401656
6613692
15245795
28567102
14473930
34915427
14727079
14778659
5415341
14102144
15308484
15353685
15997799
9289580
10550704
5398299
14870625
10197959
11739010
12677169
9711536
5736170
5651939
16535217
5035388
5966004
27854139
7295341
14064753
27102561
7909552
5881366
26246021
5024129
8148474
9375917
18076705
25613707
23540390
29216659
33226311
3476032
33069459
7787043
9684365
15531091
15992178
24596801
15028306
14881739
25650616
5143596
11604153
13015374
21199432
11895660
29754988
7653096
14233114
21394105
12359684
21190783
18314266
25676392
16306113
11957173
32737641
6146256
6274839
10469235
14767408
4978310
16081272
15694540
13726190
9076010
19028251
8343351
7037224
7982488
8079395
8903385
22724678
8953027
10954154
16641144
31388216
11626775
13008810
9041056
15166407
7888220
16149655
34819451
16130952
4960692
11449854
6929855
13495796
15740574
29906395
31871240
14795154
32744583
13616875
6656028
24400556
14789544
12093236
11040170
13620855
13891880
1197685
18026590
14419688
11713065
10201171
12703120
12230551
10585005
27970338
24754004
23695832
7557576
10841172
10443821
23249345
13160816
30818535
12608876
10669678
13989687
6062065
18082693
6902376
32860443
14098762
14867782
12258701
13629628
13537800
16076400
20100373
33749844
26948459
6395528
18265555
8459929
12423396
26258714
4703219
19209412
16342527
23543873
5123507
24922442
28272628
28987540
27397752
14286589
7619868
5970594
9552012
26118422
5604665
4690649
14902211
15426079
28066024
4889702
6665728
13603815
24321383
9944678
28114621
4773592
14154138
31750064
5381119
9355640
15978420
31121225
11203986
12839233
15081354
17242045
33795096
12590221
19464085
28457404
10926724
19390798
16074139
15285490
20054215
4926231
6902145
27789342
34963319
11903230
9373584
14673403
5896295
10459019
13878158
11501815
24353960
21208153
9639976
11614945
25741666
7380945
9055428
9783140
15451946
28038306
17738206
8172943
12291337
13920415
5715657
15340520
21785356
33002550
16597308
16151364
10856361
12103696
22780526
17607985
5587411
26926931
12326432
7445071
10405882
29370079
32702127
5143173
5913615
24712166
25970482
16540863
10763821
23230034
30363605
3708659
12098972
9687047
9897953
20735194
12624118
15017353
12517861
15641445
4734751
8601260
25032175
8968786
5126338
9896003
15539537
12744368
14400980
15244521
27352773
19897330
10836521
13172874
17824351
21272098
29300740
12969070
6671161
29463388
32971950
6240310
32880510
25032880
28545019
22098679
29962375
21380524
5008212
7068282
11650104
13702810
15375579
18946270
32936904
17774125
13680690
9604511
8456307
20458213
17710057
18158737
13763244
13152825
16137601
25624594
16557522
7513164
11088283
31242553
10948316
7626465
31994756
27960945
4973220
16202975
26971781
15751264
6561486
6375162
28726156
12341992
6015339
8780236
29693191
6237432
12891016
14668607
30124541
16255929
7893550
19591498
10795358
4941320
11443933
15696793
11490083
13438733
13729134
14284341
12924493
18550741
32190501
26524658
33977115
24786689
12299304
25958665
8441696
5656599
34830188
5850697
22161007
11396778
9082060
27137853
7953410
22072336
6074917
12686778
9772063
10369841
13651902
23805416
24177797
6257062
10398914
12249148
17442205
29041177
5737192
22655507
26556050
6220964
34898570
7544780
8533543
12066332
31327939
6948150
4889612
11712030
26917757
18893530
5089614
11779784
9952530
5259405
15241819
24164492
4937273
9825121
10552258
7438756
12078496
24818807
16281512
32429745
6958066
14120295
29777371
16515726
12964575
26860403
8065541
5787148
26530238
15247491
11951446
5087667
19712389
23339453
9740383
5453022
6458944
14644576
26982125
14262672
12913137
8268951
13854986
9002119
14092280
1989486
8810634
23618798
5430036
10408695
27881934
5904826
13835823
6140721
23550344
30295991
6328179
25620052
5231190
14160446
9245966
12882426
6314463
19264546
24488924
13827967
19657258
34482694
21439534
10208655
14165956
5943145
10731958
23507471
10341268
25052761
18032410
6766059
9446210
30452450
34571422
14504745
34094497
7924704
30484280
11681596
14818422
14705680
12578678
11652046
20960185
10121374
10735703
12747004
13442525
16274322
6523239
11213132
11750715
30991627
7371567
15202387
8757594
19365346
6104021
6734112
6354948
20852341
6533824
12488849
11723059
16311087
14022074
5867537
6442865
14283058
18040783
13569973
16187603
8299650
8861960
11833668
12111977
4975234
13820865
29181520
20805940
11244942
22104160
34262611
32758125
13564864
26743613
5034049
7646977
33426725
15847565
11545317
17144287
12733597
24364910
8054336
8656711
9418922
10384019
14041668
5290774
6189668
9506254
10838878
29123821
13992382
6467944
11871202
5866349
8102106
5505593
12894639
29287564
31626430
29594299
15230240
34535623
27999594
23659022
13258729
12328866
13903761
18207106
6653634
9750161
10101728
15156531
10970537
19390108
11766701
30360224
20821318
5840568
24702938
5384609
6097327
12944336
23895530
5991823
7957432
23260664
34286632
16114315
13372836
20400577
9653660
13494975
8539215
7295405
27270096
32746503
7486662
14010831
16293506
13401381
10742603
31058627
10567906
5034021
33575289
7975549
11039996
34336156
9818498
11562927
17167597
9556738
14931008
8776864
9553743
24265607
13498189
14002669
27011412
13432377
13805873
24864143
6137689
5613601
14079120
21942928
15056114
5813192
15716782
12773251
15425825
17457442
5389967
8320325
8072179
16297664
4985532
5425938
20368267
5369487
10247010
13369471
16460247
26540816
25302655
28217734
30750498
32710836
12966068
14057530
30930615
8517912
10490750
5631356
6271830
8779791
7482241
5795144
35329057
14232429
10186119
6933990
21184834
12197416
27095553
29691778
8429793
4910149
9096056
11975533
17883331
15615900
5618905
27326118
29898115
11521196
15715358
13159417
35010245
4862751
25983283
25423213
35019602
6838187
19686979
8056325
29697508
12707434
9082930
10683966
11227395
4829159
4982825
5675567
6022134
14548034
11504846
24777365
34697310
24235829
2245802
32320155
11665229
25091986
11513651
13305687
8146023
11738944
9617178
13151150
17511325
28157656
5649383
9740765
16060523
29431657
30315473
5984640
13223034
30438137
7955735
8362394
30829839
11750644
16652895
15717843
9705389
31082780
18614653
13530259
11110540
4834513
25286230
16080057
25156873
13243437
13764809
27652602
33325755
6430208
11963997
27376296
13507245
20401489
34418266
12072436
8315288
13145272
14186782
11419656
19000846
7502622
12402734
14439978
19402450
21825700
7262364
16050771
8048683
8137483
8165960
11544654
6992405
12663251
15029710
6244540
17404090
26047474
19878904
11674137
5140857
15824350
6534616
16364430
7792808
33805221
34753385
5287583
10298187
16044793
9775297
25581034
15665787
18036373
27312417
33087516
14923075
8702988
8434233
9110161
29061547
9701379
13805582
4883383
28669252
6261483
28942168
11031002
12307948
13806069
15222666
13569445
15853397
22825559
7745615
7886863
9225895
10045539
27957771
24469640
20459518
22897253
8530681
11156438
21578503
10364776
32082912
13601067
6684534
35452573
22775057
28978414
13841184
13868277
24523949
11195032
34931609
14535064
18894505
35124920
34617292
10703358
22091071
24874436
10154645
15724771
32970219
11894731
31774532
12026315
5148685
22775966
33619491
12642106
22456336
16191275
19007407
7299279
6455016
6838853
30953557
12940270
9291136
10923881
9202221
25822852
31349611
10643459
10584072
11878221
12002496
14933004
33354416
15897286
8201627
12236993
21529765
8252338
9468481
18762655
26142332
30193706
8438008
15861201
6360865
22898792
34393453
8037188
32724834
18919855
18910819
4432036
31104875
12239043
14424091
28630528
29017846
14810536
11837331
8464386
13885326
25005226
25367725
6521250
26834651
12469072
17924908
35360833
24022013
6468362
9922891
15382768
11256943
16188630
8050826
5429753
29124793
28718440
11728848
13959205
13578520
34968485
27200868
29952310
34965893
14830896
17240038
13787876
28995010
33998079
8307293
16795635
33133368
12959430
14986810
14749358
15735252
34422364
20263135
13600171
28146271
14033233
14888264
10202872
21550183
34127572
9430320
9701405
4762851
16814409
23598698
10478675
30215153
5805200
27185871
31995527
23148869
27377289
6762871
14638778
12171042
18174115
12205084
17715184
7138886
5529872
17139274
7354275
11076567
18379840
20947390
29729893
29915623
8281031
6671046
12260096
25914838
16537392
8866395
21571279
13932168
9801021
19199185
8600500
18415384
22329955
31315041
16849608
25589284
27067611
7812615
16256797
7941894
9133524
30731252
33384458
10539693
9231704
15407573
13175715
26553293
22953053
6851384
5486564
15407472
29555686
4785031
6029623
35326201
5058139
33816405
11364537
13133582
26674616
31927354
19996606
14330760
23567420
33432356
10958324
34865696
4901967
15662671
26180150
9430576
8642159
10536653
34034532
8518533
24002144
14771912
11383352
11362223
13655296
12428856
14029442
23511395
13135877
28706482
4959110
12262907
34536613
18781411
5088622
23724425
6211762
10649891
10124818
7480969
13857300
13190325
15098188
22611344
7132095
34445518
14118625
11687007
31370164
5788846
31322433
7042857
19003111
10345572
27633798
33759294
9356181
10214612
13815037
5645679
6242596
31199218
21927007
4916544
12734036
7871458
6204265
7839876
35476540
25627915
20041708
19470409
28486930
5608761
24104909
31357996
7321896
8944835
8074546
14586332
12617281
14739346
28929730
29411749
33005754
21204082
34796909
12565354
14255349
1265452
11820740
6138322
21797983
32768343
29083213
12435741
24346409
33114936
11929598
14409896
15488540
5990480
16198398
17175397
4836708
6286405
23313608
6634734
19291510
4970789
10143885
15375835
13225462
16006109
22811201
12568111
6741042
34871870
5353915
5035923
8117164
12589014
30788352
5622312
11741009
29788006
26884073
6579109
26172632
9331505
7875975
12923268
30102701
23466236
4975599
6035283
14293678
8059756
4960762
4903190
26073886
10778220
12464951
6412499
30396842
9871415
15374437
11740872
8645711
6390777
6904356
9808956
11830618
11341947
35293756
10882644
14678862
25346965
10709586
11686120
16753254
5742289
5259963
7703735
33354266
34704534
35011580
12171388
27853455
8294951
16819899
6204907
6037390
11658298
13650789
18854284
17155984
7917340
21006700
14306225
8638539
13401277
15225782
6811870
11096234
7954095
11940716
8609487
10697743
17261854
17327812
28505821
15514376
12607726
13622115
9661745
18979225
35204401
7755925
30522685
34203751
21640966
4838344
11654146
34133887
16206429
10709576
25184314
22862807
22373776
14058190
33758190
15947294
14478709
15974674
31890082
6808980
17099550
6676934
7354093
22040572
6336175
15175770
14901502
16067067
16627905
6851433
16077173
29037973
1216664
14044411
11946071
13174816
4862919
6276371
2137534
18994501
19929793
11173014
28373434
32196765
15141029
32222907
9567696
7740750
14306325
9582150
7577263
23841062
11395903
4959671
5416346
24934763
12401592
5154101
25223512
26932739
15641611
16458201
14357602
17601322
6387968
12522737
7228943
25774486
8072747
25775611
12151072
16157238
10735327
11858887
23462486
29199844
8883244
32250693
11670283
5615297
23900585
34914593
26359712
29897710
5273137
33611505
15268770
25545961
32491560
14994591
15233680
30431375
13976471
10724688
8490381
22599851
11499481
9499732
7368729
9409156
14122361
18000844
27646029
6321592
29645038
5433076
9037181
8136726
15694010
9917198
9114445
32791668
19839865
12199947
14024092
24993907
5921781
13994304
25493950
31785509
7581834
8345274
10576259
18129088
15295563
34856261
30007510
28537402
22436437
35037131
13309483
30596806
10969576
14355568
35528302
5475471
8620284
8348880
8799597
22808975
20661169
15431563
10445542
15015959
22299760
24894437
27198084
18983416
33353570
24466925
12641910
10887340
8419452
30400262
33179640
14052244
10446207
9862947
22422244
14023366
13525800
32769462
35427784
9756602
24767420
19747585
21637408
12544450
17554966
27485805
16117739
15291828
12905984
8616688
8853863
18119260
31687670
6287527
14389189
5756622
10426646
8200388
7219024
5052412
6477152
11623949
22721228
13670042
12714441
17551921
20327773
10636225
5158704
9982521
19483861
28258759
8321724
11907043
28714795
33508646
5643644
8905221
19999420
15393854
25144315
12532367
19059682
17119059
6986019
13638793
22703237
8153424
14233861
14719959
25304050
6006176
6336442
14138861
9383622
13474312
11907840
20781769
20853955
17747071
34951766
12930988
19249363
8690482
13847231
4931102
13552692
8103340
7327840
13863909
12855021
25303309
28844419
13096557
20007298
24773651
13883011
14029815
19708147
12867684
13351554
10306175
8345799
5244477
5818972
7844041
7631520
14518282
7979360
25904341
12351177
23768246
16036943
24527063
31649432
11207037
21283963
30379298
19557139
20876053
138564
6570969
4764779
7917306
13085974
10434545
18809971
17982460
11188000
8617388
17838961
9385523
31528019
6692890
13030371
15479816
17549869
5534971
35370082
25276897
4939996
9042581
25941445
15318096
26312723
34024728
9633303
12773307
13793699
12632442
8335545
17635612
8182299
10400386
14592158
30122585
15818871
7930241
15378594
19042387
15789587
35360374
13681720
25719988
12434919
9277741
26206958
30419372
14458781
32681268
7507701
5129695
5834538
14991192
16295331
17741137
20785855
2000754
9277885
9535006
6992822
12259576
21330052
4927083
8893903
21588391
26595086
23276165
24210671
15825490
15696083
10353041
30532168
8705709
7508605
9881673
31239844
31894099
32338452
34478995
19850245
6807337
15055221
8370372
13288645
6405955
17532820
14371215
7636338
21143398
17255587
30888285
12099643
5729096
29787295
31279622
21993769
8790758
27174150
4835278
9223993
12218130
22674572
33837777
34374775
23825486
16950864
15228556
16068320
31467608
13171674
8068348
10531814
15150509
16754640
17835139
34012869
7171235
29242762
10668993
6913114
10188917
10976344
26870297
7513818
13996363
29526238
30043351
27038010
34043711
25118770
10205081
24523358
5072140
30602926
23472179
25788496
29999845
22441201
14078195
8696071
3184477
13605671
5667375
19322917
24522779
11211933
19753834
10321341
5314468
13325656
24000329
9565465
4802238
7277475
14471309
6683888
18606826
13789305
6541752
25271347
4800492
8803811
16099472
6583324
7485432
11120551
7566089
10748443
23978621
10730435
13221250
11220678
22123843
26789180
19942972
12207092
29627494
14534193
15249828
16448121
13344611
20322970
25083376
7339368
34583767
24336083
20361382
25889926
9050108
33963084
5342745
19070893
24072896
23786732
5458462
30921909
12575438
14143333
16510752
9340359
10108678
15450053
12417128
28392583
20306893
32239098
11917712
10527031
12830713
23099795
32643120
6754741
9676745
4717358
5662142
9528464
7675650
18303340
22152283
7132236
14719747
11399284
7374162
18290137
6478079
7549823
23010701
35309722
24833294
8556213
14440072
5242410
16704222
34122748
35469367
28776859
13864767
18756448
33154650
11225246
7805307
8046807
34473580
12727597
33055806
14965380
9171488
7051989
22173028
32764587
35044484
11318317
24427214
21681988
31871219
6546427
35327914
12422015
29329816
17561257
6923191
5663194
6319470
17197414
7067509
28197892
31858295
13134963
6357289
18022375
17079144
16179462
21313954
28315261
7237697
11494895
11104599
23165807
8250440
13959693
29374156
13164590
26681855
22675667
13833093
14775327
9911846
17637880
15768597
35223124
14838633
32762970
26571161
14411114
13530513
15769387
17504809
6894048
12775355
5316583
6371564
8718136
21330472
5381627
21956167
13930718
14046327
25403116
5655159
7287737
33692340
30456548
34767563
31139408
15400227
15419632
6763099
29278291
30700663
12382808
12655198
13319815
11423258
12169662
5919254
6994138
17148922
30874260
15874328
12617575
13559640
25508311
7905356
6071774
8934913
34800641
34631158
13444991
23045336
6789605
13680851
5504821
32833596
5683371
15966279
19787107
12972698
10900753
26012008
12492578
9445017
34434067
8258491
33123300
20097088
9458834
9830806
11819466
6388813
11501814
11682891
19587802
26842187
11516197
15874757
17345305
14207456
25129930
14902273
28009815
32557659
5907445
16103023
12051083
5632095
22949792
6272264
7931050
13636293
5734471
15310293
29054191
8541006
5602311
13882270
11493643
10877571
5081312
8632990
35469874
6271114
5179530
25188769
32007149
19636198
8645610
21052549
15433755
30655180
12391018
19431001
15196038
15297305
13975385
26026285
7078807
12137674
30046591
35234887
7649784
11731192
19065721
8682694
15011973
15296527
8864365
21280444
7482914
14523464
15228111
9824127
24460832
10418058
15354672
13498902
15811148
14102600
23664899
14208231
6037253
9707708
30230459
10514190
21962713
24754016
31394816
28623271
11164124
5992031
9387912
8584667
7269760
17562943
10261775
15182240
18980143
13798922
16132422
5464309
31086935
31253494
5484312
23631536
8230298
8332242
15313988
20857108
6356223
9714230
13157799
13187408
12725893
24749039
28690873
6504002
8816700
10899085
11704099
13629012
30767106
20573560
35130083
18453778
6873314
8337658
5770630
19057384
30241118
8081688
23994257
22037056
4780080
8449196
27597675
27383949
10776765
8229902
32556096
6177850
12278854
15945900
4712933
7809559
6299499
15093134
16943286
33473882
30631246
1965847
8530154
25323721
5529883
11369887
12889957
14697452
21405481
6366117
25303813
16819731
11006428
7166205
26066620
6157182
13782797
7428676
33048381
27724677
29830027
24732593
9468177
4677995
28758733
9765058
33814800
6992126
8110197
7048719
31754549
16396947
8634994
22410373
16152237
20346310
7931143
16874514
29609101
5776321
14785609
11841670
19346761
8884934
10497636
11189286
7240523
15041282
28158406
8814468
34155295
25532548
30114263
21210811
21394786
20032003
8363012
15095649
13171145
30988252
12215817
20217091
25366954
26093179
30534328
4784421
31973087
33286233
13749664
9604993
14034856
25090372
26566121
34415878
12111837
4695531
16146050
35015441
8946903
9554855
4805818
24445724
13775544
19603051
32070678
34467322
28326613
8256368
11768079
7757265
11917476
32751366
26037133
11029803
24502487
26061163
11868940
34166248
15619614
4799127
34830032
11590772
34520461
22088095
22374124
35003786
24992254
28051011
25930441
4742683
8245755
13086934
6049527
25276606
30200000
10599785
11941419
14388009
5736207
13681241
34418302
12989971
26301098
23481197
10837861
13654293
29735008
8663217
17616325
13835320
25179259
15516578
32173443
4771758
5349873
5846789
19038214
15928654
24552767
14736999
15024979
13069515
13844922
14202712
14545091
7252351
10545086
6241715
19515436
35073017
19441624
11501949
23091149
33397607
17744956
22260667
6023651
12534783
6999849
2424216
5496495
6631804
12560983
21532501
24908774
25703740
29043901
5658038
14473510
20088181
10273251
34656142
9639083
9868302
11136842
29619556
6043983
8466558
8657153
6226436
34960709
7914326
19210021
12263207
10123662
19910062
13768517
13901717
15771920
22759616
10201510
9937729
6597902
24664349
24025850
9992017
35236033
9224873
13362956
6887060
25707832
13187795
20480542
25387876
5537532
10514677
26177579
9247444
34973798
4700213
8203046
8933899
15159289
7660633
8636997
12681365
13915466
15234568
31677320
4933783
15711240
21404635
22435516
14961840
32419431
8158342
16600251
32493426
13246541
11157084
14943029
33034437
25904953
5646489
17046843
11021307
26063509
11542466
23059817
8907956
5693499
8036605
13406720
16252019
17701567
35149417
7111814
13353335
19163047
29837797
10081001
7524388
4405881
11004817
16799529
14730075
30518755
10232544
5177404
33127482
6183312
11704746
14084312
14512520
15133875
20552344
21113266
13428736
21272794
33600969
30611311
18618814
30780282
12442608
22600859
5447951
12675477
25551001
33431171
9052589
14949565
28646023
29320507
19165876
34732590
7198294
33275691
9970935
11004196
13353416
19649857
15521234
26390666
15456722
8505164
8696555
14833176
23573849
31711340
14634418
10466304
28950106
18467428
12017916
13624566
26679011
12383327
6823663
6229116
27221253
11677118
6553956
16162064
16284464
14920250
33920364
33388559
22832387
7127365
29482321
8506084
11307591
14469342
8415614
24227915
15826015
9526116
7124321
10946433
21574642
22616543
17374033
6387188
12088691
5432070
11596172
30329531
14612386
22038400
7862171
13918344
14790595
30450839
29086249
9862832
30318422
14958969
23285036
8306794
9963854
30986971
30315062
11887309
8330779
11135848
25177585
12918729
7311345
7530657
14712931
30302195
19288279
8683140
7176547
22887074
25578766
28950394
20315005
8850269
7745209
15113194
20617810
23012723
23279528
17225215
24438839
20670850
4853870
19056988
28472560
5359184
14548769
20943646
6454292
24751868
8634553
14911154
15833655
34275943
7466726
30544243
5500711
5521017
11340950
14168359
10655189
13570226
13906593
18602644
21860725
13069302
8322600
13409162
8447082
13369731
14244814
8273729
6121135
15639280
11130545
23933189
16057804
5743826
12827929
14595508
15469591
6920297
6298419
25746190
7990114
11625092
11917613
8148914
12814544
9364270
6724809
5757240
9782481
10987501
13504645
14224623
18542479
24771446
20332516
14682791
15490977
9828664
14373554
16960674
6045072
7591998
15204672
15920121
26266133
27189327
21440200
5417375
14765109
14292460
9874283
26818238
12987202
23195162
13533165
11590414
14614414
25175269
29089780
23798684
23485091
25134934
11387430
7509151
12507838
27643950
31699691
4734825
7342094
11391621
6143396
23697308
5254972
17216401
12265367
15975871
13794000
14697502
7376949
31260403
7353453
17491459
29391187
5086090
11243838
7772957
9319183
9606156
23111669
13466677
34749264
32793159
27169986
6931792
25449478
8554662
20142880
7381806
17558980
13013623
15027083
35041718
14715950
12760467
14056479
27719670
10710758
30579511
34437148
13691554
20517115
32020004
21732643
7759901
4863586
18338695
9037128
14660527
28586149
13853471
11361302
11167910
19059607
29990047
5023602
27188130
8052848
6420809
15952373
25922473
16613445
14162802
8196104
12812163
33274824
17950468
14942180
9863196
14936328
12113815
25718551
12127311
10998746
33145872
21022457
19488859
27831360
14334400
11415812
32461902
29878288
16131549
6754763
10212160
14497986
13523827
27894891
11385590
11685049
13771010
11994570
33230088
34073827
15244645
6121776
13363247
16168331
5881118
14386819
9412195
5962231
15065443
17625964
21145582
7146671
27793188
11759658
13471472
14212142
15392152
30580267
4119486
6894953
9832354
33228645
34666558
11653713
24622490
9098142
15526314
8558927
26562680
22072771
15920237
10214934
31578712
14248051
5092012
7811633
16516362
5554841
10578690
14819870
26568593
27496167
35164798
12981712
26796101
13990063
34853477
27613560
11608519
24134816
6799888
8920309
5311017
8009951
5439063
10467072
12713543
25848832
31792598
5766207
11940551
8815068
15668789
8605714
15451570
10029654
29615509
10920887
12519717
12620996
5246088
6740761
8612792
22346221
25420420
8162208
23182058
11103294
12613098
25748803
29551354
8496766
7766621
12394388
5467792
12451037
6467993
8180329
13570285
22552202
9326194
21484477
5698630
8531408
22922510
31590892
11165277
22286050
4707273
15284735
27842553
13940302
34698924
31888330
14010854
20152567
26573600
13078259
13853581
29456944
32392836
5309920
33184656
21705631
5173970
8333173
12792988
7202443
9581563
10250659
5130911
18239704
22450762
30420569
5363169
12401951
17731468
14385940
26914496
8954711
13499571
4965615
12394887
27963885
9284646
5688908
8980589
15949213
12262562
4803872
15492379
28705564
5458254
24541862
30756894
19868740
30315638
15318161
13758259
16047980
6356526
9867732
34578925
5471699
7172829
15415675
23650037
8036885
29429482
5507413
11168003
8974207
24196502
13555838
11830155
23201993
8530553
10830442
15093670
22617656
34586086
11935810
19871587
30621880
29985277
6117854
5179817
6732659
6504971
24603752
13676427
25013041
22419466
8270929
13838947
11408256
18346678
3845677
10551745
4675884
25638775
12664220
10613743
25131037
35503234
5448770
9877953
10591176
10851474
6541852
13515075
15030973
23405414
28972069
29560630
31560871
9124509
20598442
7430687
5634291
9001813
21104764
28649308
35431468
14382707
14768940
14774532
23152310
12030884
11304978
15037307
9753583
10597559
7242990
7668363
10464225
11712959
20409274
20748499
23077682
7147708
30945481
8115687
13523263
28415887
1871368
31065989
6310589
30177941
12604056
14906141
11894961
13985998
28998925
5048739
13722295
14640502
6505021
20396470
23743217
8489253
7836603
8408529
23881232
27953934
15846004
28930867
7118277
7627875
18623419
6209407
7574912
9840459
18203512
13066200
20231677
27314664
22629074
7523199
15187169
17197915
9694325
11040181
10003308
33275889
5100887
16282536
14999988
7996105
15953902
16966869
19472140
20298421
22977578
6555800
7119769
8256768
13909788
30429797
13752983
35179351
19839712
31291475
10118928
13348928
11541245
8317160
16689597
10817696
17589271
9911379
8715209
4728775
11248615
12200073
16211966
17758573
26020786
6971053
14137614
22168228
35123297
13199196
10894694
14065193
4790104
8937676
14301365
15649881
11912331
11080592
22874921
11641041
16008735
14973158
13289574
20759725
21823705
34306390
8740974
6902107
7308141
9254856
11805728
22933415
30536266
12983982
18656071
27510249
26436074
5559194
25933657
26746958
8175172
10139137
29798905
14736302
30719621
15305979
10618282
23473853
25432000
12153369
33233250
11049669
34672267
15834838
15721621
26574863
11626737
14711275
32595600
13429248
13742090
9987250
11500009
32748222
8294569
35102312
15733345
11679959
28496677
7625711
26020345
7284910
14624107
29343223
8387031
7615656
13811983
29331118
14912601
11639648
15814474
16570464
5270616
28012137
15741425
12666971
14103807
14348878
14622206
26633624
29423266
21846520
22059586
9503809
7623132
17686207
9327660
31734041
12799624
5111346
6169605
11154585
5353432
21740377
21977944
22436974
23735876
13166534
9789036
8776400
15295980
15932327
12222596
25792411
33063669
30473309
27733437
16099962
6015686
8604004
11930343
31405406
5431454
6046088
8835992
15888725
19142905
19505926
22050283
13443809
5978857
8530805
29253142
5047247
5473357
9713846
10671115
12422219
13249303
10882234
13284755
15981493
16361583
9478596
13757505
20868094
21886897
29633248
21674953
29718040
33406013
32885379
14202952
11582215
11192550
10674452
14943443
25179598
31904998
6441677
12861344
8573265
29466676
12655129
17122086
5885858
4987242
9976911
19768879
22521386
8599621
19445020
31172224
15563984
30615685
15804573
7003400
21628102
31244512
6190040
29833543
13398895
8077114
10182847
10426312
15552592
9437744
18683005
6923080
7963315
27589461
5130999
27101793
26213567
10211103
14346640
12364644
5091707
5601344
18165601
15331363
4720841
15144725
6971248
15207074
20338312
25178713
6563723
12842902
14094312
25763905
9547736
17993935
9286877
12733605
19090795
21004156
21103750
8570793
34155265
13774332
19248580
29234158
8474271
12631517
12496438
29746126
35056130
14031695
9618809
8166087
14468067
14752083
12366751
14216294
8276800
20691601
9492322
24148376
4700769
8456761
5308246
10666309
17540713
27046257
7373865
22433215
9769066
12585316
15200730
10847461
13303387
13235904
31781465
14379670
5313734
14955635
32190582
10554525
32711727
14621778
4822110
16789473
27292137
15548033
26221691
11887045
25126348
12012112
12846672
26789639
31400120
19030645
7269521
20293789
12677749
6025446
6566039
34374391
12970846
15254897
11210777
7306285
32422692
12580750
14055270
10661925
11895578
15857825
10582302
30814467
23801486
20307931
13470532
15193853
32493138
6578875
19896646
10796813
14541169
9685892
14537814
9243885
14655279
23449859
24665039
8475573
11308886
11677398
33713487
35430682
6677491
9958271
15351299
18597862
26233937
6375897
6864773
14958564
8114906
17222239
20011654
33222555
17619904
30393767
32121723
30264317
28096315
8032802
10236023
15252547
8825750
12509203
26989056
15652445
7603187
24160100
9006353
14140601
7918033
19408024
7211181
8971427
7881340
15128408
8787643
11616152
5890286
35230600
14247960
12434981
4802855
9116744
7072249
9872403
11250379
17175322
21565354
5140025
9691931
11189048
6543330
21753334
6152154
30898551
12064986
29965885
6349723
26558327
30999925
9671288
15354944
17212570
31237651
28270549
10623824
12540103
6048326
28486900
27749919
18215755
13110466
7979531
29956825
27105366
11763128
26596460
6161974
15514195
8836596
6714019
5481241
31731803
13927985
11838112
23290073
34280668
6251727
8021444
25525855
8232953
9027553
15305557
32147571
30674854
5047092
22541969
33742959
8011701
15469152
14749948
31456844
22112467
28855168
15311674
15591181
15896646
22196263
5304832
11005091
7764378
11181611
15132469
25785775
12510943
8667227
8284455
5030418
6907882
5235723
7383285
9381470
6255250
20888572
8551386
14438844
25219750
23790938
25400317
7563027
6265050
5470222
13747207
5159663
9276247
13198231
9284759
13810627
6746942
13534860
14086813
7116608
30345647
6440574
5487606
8041262
7421239
13256439
19621822
12947960
14395042
11417782
8834363
7392352
12192581
14270216
15498752
11605276
5971156
14823028
17124954
15617418
18417490
24408332
33152397
33482588
26750246
8129240
10318565
8739873
23799038
14596105
22382767
29964355
14808543
17133405
11747096
15391095
17057202
33220353
14396852
5680910
30021049
13459736
22834703
11140350
12931287
24342803
14922766
10427188
12971578
15894904
12696106
16659435
24564131
31609756
5551323
11785997
12867118
23613686
10787756
24357320
6810634
6452804
11331395
30280610
16838610
27832035
6122635
21289792
25311340
26296148
7290979
14190586
17753449
21132115
8376174
22499669
14683141
10464478
24263789
14643754
10313141
18277744
27906369
16055162
23681636
11898567
8558097
14558943
15133955
16332594
25668763
15102455
27890226
25810174
28630987
26713550
12512532
14093266
29980477
6076892
12608690
18852373
7818185
13662642
29795071
25155793
7447995
5092205
23712701
7641468
27424107
6759425
15132166
25033171
31716389
33491177
12275691
31351564
8169103
22018060
15988207
4876171
8219769
29307169
13974634
14119949
9958476
8719501
13842405
12488357
6842618
13264581
11817604
9098550
26049082
30400199
7007483
9726280
22206124
30257864
21795043
11380204
5214701
6766865
15280498
8017689
13279162
14542947
34258483
9668188
33399332
33724086
20375809
16693902
14065331
11796654
17916991
6271897
6773964
14746391
16208608
17131425
16378161
5290214
8301315
10697378
13861609
9252337
6223039
17794345
15097998
10819142
29422348
5007945
9768202
14589235
10532809
12289357
32237943
14464393
10940610
7033672
9377173
6646920
7295978
13456746
27320061
15241917
23455049
15744348
32346708
12273851
35376289
6201990
5316115
13364304
14055462
8762354
5157837
6880109
7240547
16279305
29961670
34498888
14081866
15471926
31152923
17427949
12028663
6744654
14073591
7638455
13100069
7170885
11503048
13343721
8929645
14515861
15846535
6772732
14200601
25771495
10671296
12896908
30106961
7358416
21829528
10468497
34623850
11027954
11826107
25884370
20934811
7104359
4908716
13512792
35357551
19435312
13864558
19113934
9864595
14749489
6402413
12385147
14655579
14981074
15372564
14151478
13987757
14892894
14771848
17044479
7663025
11883911
12723459
15747413
18192541
25287694
34057615
5908725
12350362
27005778
24745316
14957742
20808487
11807643
23156150
9071787
9662745
16161453
10203545
28991764
11609780
19535902
34156741
4906637
10944788
34311160
25879621
10739132
16059325
16245515
34001301
7882228
8279330
28952743
13926678
15136363
19428886
9529171
32048634
16196286
17191123
11090260
26187884
32223618
11886613
13858352
13919044
30925395
15796646
21954307
6184299
24732281
31604536
15719982
9372797
7142404
19740034
24247253
13491299
4768331
14335906
25660453
5273506
6741275
14003424
8034116
3419489
16218966
34001319
20808871
26782358
12058282
15302986
6207802
29215675
29282290
17980096
27480606
12309939
33516596
33399062
34831577
15677299
17530480
14662917
21937549
7180957
17362807
15709850
8762034
34652041
7216022
27113154
17615821
21037372
8096559
11624364
34521700
21556009
34769579
12700472
22913027
11040587
12976530
11353299
6815350
14102721
8525770
31462949
25430212
22247821
6266214
7006792
15623691
7461300
6296088
22615907
13407932
14763252
5673061
6319909
9633691
7799548
18813604
12168495
8760030
26426471
25721419
8333910
12737812
25195135
12460949
27561219
18490603
8149182
35511559
9454173
30113282
27007341
14239122
29278306
11023358
5139035
16060267
24692237
24161009
33197649
35343010
12911976
10153597
13460251
27959772
13421907
5459467
26402924
3480490
27681660
4782621
23118560
31948082
32300057
4755785
30745068
11733055
27193350
15485650
13908019
11445375
11925332
19048522
11766005
30234437
13576316
15090555
22098730
11245651
15837516
5854019
11340195
20273188
23264744
23504648
27826692
27237066
24377981
30036277
15849348
7424530
20368096
16622562
9000175
33767721
5710987
5849451
13438305
11559102
33918531
4929721
9096095
6607874
19891267
6054010
21959251
6975387
13353484
8146232
13768085
8741462
9740066
16240053
11331367
18256603
12891352
11311076
27373140
9804938
11847741
12410107
24452972
27071361
7328614
11256011
6283630
12071527
12197469
14659922
21781096
6707563
21960685
21761794
6028749
29735425
7753985
15411822
28392970
30015070
31987265
6224546
9061515
15909124
6688114
18080203
16059052
19409833
26093407
20882761
17153299
6407318
23665412
13437061
11019375
14164617
14088562
14851943
30566428
14111282
8989091
34413880
33411737
12543122
11149246
31007707
29578864
22466950
25644385
26908271
9758556
17036805
5471529
7936857
5807525
11343216
18208444
6247436
12464827
6245311
13270635
7468622
7362847
13324463
18727285
8960576
24980557
25626895
3092774
7124702
11334253
16118661
6266789
34267135
34242511
32887116
6459131
16182741
13004609
5981379
30913158
31076306
8971936
6623294
10387505
20312854
16698405
10359255
7105214
18205774
27688074
16821783
7288405
7839823
23288033
14842755
7758311
13476943
22036276
9064957
6184469
5285889
18026215
23629268
13778648
6101245
10793664
9964875
15797323
6963853
13226907
13687478
19410052
22043548
16233191
10510472
9832114
14803019
22816787
16332957
11591395
13042695
35163274
30729842
31953161
24999580
23041634
22714412
34606285
8946372
10103443
16336419
6928262
8957021
10343329
10011121
10763711
15709118
11126239
18329560
6690882
23483210
9159665
11482756
14074918
6180210
9841394
15756251
18397939
11099311
14813913
15967150
23278427
19919488
11310957
13805070
20762107
11380098
5123513
10929446
1926928
27550998
34498654
20614048
11810147
30270089
5151054
7413850
10670308
8104487
6590504
14147897
19745977
34526257
10236482
11015275
20888449
6439399
13904893
6923087
10819048
5243540
23820638
5552090
7265698
7587708
13575836
6174157
34273954
5529028
12032786
18781531
22039783
19753138
22746902
33417971
10071785
17110491
23479250
8611858
33708384
27032376
13876959
34193560
27874491
29374105
10921658
16423824
33283059
10153401
5663850
22117345
11447289
18733273
32858136
5426589
24995467
9752813
12966592
14768796
23737370
25631770
32211171
32608986
32319645
7944351
11954583
33936459
29684827
34419376
29220802
10041391
35031386
8365060
28949170
7054569
7569947
6766365
19891048
12074256
9816556
12325090
17348101
6010193
19584979
6629069
7632970
10075063
19372108
34683789
4846186
8207209
24932909
11882408
5027837
14700136
20014207
12563961
11938073
12385486
13788380
5729550
13638973
12538148
14173964
17991274
8401627
5842391
15690295
9023241
7380447
31068710
14992915
33272082
25304287
4711110
9927650
11534669
13745220
30443540
13830819
13995054
14623507
5810243
23314868
8538808
8251982
9774669
14578022
14352206
7932283
8960856
9143396
12276856
23105231
29172493
14103183
7737704
12961291
32047842
20315521
34966628
15246279
16374981
21542563
28398550
11227346
32631288
6810743
14901519
15347190
15338403
27769914
28495819
8792734
12331146
10122677
30317222
5668250
7439917
24305384
7848438
14517372
24743489
31357747
19468378
21837706
34545340
15074873
31510733
20877964
22975943
13874702
18265741
14280335
6451798
34844765
12810265
8111364
13380918
13077163
11091377
11682757
15614741
10140247
12517784
12902333
4871808
4668639
10489893
11009409
10613633
12843628
14747407
16607523
21397327
22133488
15466564
7857918
10488568
29513953
6752459
5174820
12032779
5952188
7303024
24416342
16135759
16242564
8758033
31132643
10077923
24702140
9896581
20666353
28930879
25634854
17948617
11245599
11807622
26157437
7116883
10326203
34123897
24463430
14371953
31520081
35237089
13833951
32546394
9393922
5748079
10166788
17505418
19401067
12311088
10283096
18111235
4993752
25520467
5844711
11085738
17192623
10013828
5544260
16117878
16156231
35189203
8407876
10003400
13522812
22628804
16303061
14487729
8286411
14999216
12036124
30288422
6159165
20598355
16275231
30965338
12877846
8813906
13137932
16138082
24125216
16111131
5684025
11524535
30838965
22688621
17447653
28124359
5638933
7528173
20397970
10905363
27135336
14404915
12451864
8886363
17847658
15939919
24561632
5181551
9163033
24674957
6089438
10420985
4776321
29573023
32555631
10053386
8744168
13911241
25440325
31287359
29485975
6853297
32137329
16397631
19703146
14788450
11904435
20691988
9082719
5834275
10064646
15485272
26494241
33258678
9272333
10078060
25470604
5241007
15337443
13114969
10972033
13053030
5201346
11631143
9157663
12547004
16146138
12991657
10272036
12993468
12291550
8929649
8272624
11839715
30356381
33434048
12323064
9861460
11425057
24814457
16489776
5276677
10501111
34097068
6194087
34993487
7514883
8919477
9996359
5157738
14510314
7675907
14263499
14523459
2201839
8992363
15321822
5182794
5551134
17474233
12649048
22847504
7814054
29207620
7588609
10527736
15808557
10732487
18964951
8399297
10698747
27650946
19548277
11714569
12542622
15695526
17620933
24000518
33936033
8534048
13036380
13254959
7693181
12837095
14638130
10008917
15228754
8428770
9734128
12155909
30542533
6570120
17969152
18288505
23831612
28322425
13398288
5462311
11120412
16796052
29693824
30455510
14252731
6933366
21581146
18103168
6599978
9468175
14822440
7445074
24985306
12261862
1951465
10100109
10747035
15039062
12909063
14434225
6827055
9617472
5692296
26293187
10548719
11485739
25730818
6513561
6663082
9491459
7978332
7610006
10765601
11832321
19066828
12462271
16835211
30640519
11904681
21991564
5219551
14005021
18685744
915498
14263136
22535870
11261382
7914766
7784366
5240151
7955039
5115903
15598137
14518127
34680669
33721152
15036038
7245504
8565934
5585636
9176155
7700123
9474536
7949911
18582217
5296612
5330376
7455411
27253638
8205725
28224064
5576650
10181448
18456871
24072623
30802071
8021069
9313329
11363162
23773634
25835362
5177325
31829012
10868713
17552194
7112268
12097394
4780718
17458210
6275942
16814910
33623139
28230904
22997189
19085917
13944685
7610417
6780531
10031767
16745661
10148884
20235727
20407150
34296652
16812927
10941893
12978277
16186902
20627404
8802256
27644130
28998322
24523916
9358245
11904342
12018195
13521132
26600231
35035007
23667752
8126629
14666166
7922280
18264763
8037038
25837306
19307377
4859725
7805702
8880400
11003858
34400854
2265083
12231927
16767873
6821202
30274091
13535639
12872417
20602819
13627054
12246920
8090264
14502597
9032438
15438765
24812204
28202077
31220008
9296887
6168368
18961732
29685991
29353837
9830195
32696880
20575552
28227733
11781170
5491697
16462488
14481464
25596031
9144418
27422118
27575835
8104504
20752858
13126560
29693329
8773309
8429559
7877201
21051253
11029167
10592610
28856989
18086593
27886833
10472695
15145830
15455289
9900273
20310406
32822922
21266884
5608282
9937309
28528189
17870029
8773612
30541648
19808071
12157769
14229396
30455744
5512722
1329912
15514648
13826055
32720091
34792001
8080589
29490535
20348464
5288727
13759019
8622984
12434731
13652084
13441386
20256019
32770023
12350464
6428976
4803554
8121084
12412944
5300764
7293067
12226961
35213770
9393953
3949629
20852389
7067809
22265041
4916314
7290723
13934559
30742045
25903036
33650880
12151714
6982164
12148499
14588144
24467279
9875814
14589698
9507062
21092596
17635342
22324693
14319850
9979156
18158161
7054692
7297046
13071887
10510839
7046593
6573988
5450894
32397795
8278054
10894891
24967078
8846816
10330647
21421501
26906180
31525454
8840642
16709832
23108615
17093814
26702075
12504269
11498421
11246178
11476776
10609260
24287708
5672303
6634852
6781084
6248900
8359276
14791960
26419619
13687139
34447216
9584092
6522114
10456240
11609190
27229497
31556500
13418323
15282680
27054408
7836837
11689841
13682820
23260577
7652739
9048380
25367860
15307284
7918489
25453711
34003743
18919345
32653725
8328036
24930932
1612889
20321971
8224918
6524678
13642977
4868857
22277266
6054277
13812436
32737779
8315754
8727185
5067717
25285282
8529739
9379930
19993750
23917466
14430529
28825300
29753902
33712587
21839131
15304968
9936086
19309999
12699378
28535314
9824298
9001283
6384195
10017946
31382243
7317905
10100074
20569699
12450377
26960399
15548252
5826457
7607176
28327165
32678481
10355254
18363526
7176258
22588079
9370355
13429570
34783949
33467669
9201567
6678569
7188881
5556762
13129085
18657094
18847537
31508000
32800515
34768403
26097313
29760340
7540497
6079627
12880279
11828469
13531293
21833587
30030964
25378798
14154227
25493713
15921283
10992506
9766916
10598084
27119883
10440772
9971223
8399540
11312148
32005349
9858676
6022295
10915864
7713135
9200475
9923653
25442674
7718699
5318295
7043537
23228795
30611110
29183506
5254688
7123541
11375705
27081048
8208083
20181832
32627865
8482452
5455430
12724213
30899127
8461527
10428721
11844578
14705122
19845610
32149488
10973872
9216506
10541334
12148823
15673147
25685173
13679740
9179863
12498858
14465112
30705593
14110809
33403595
8156399
13358068
9702338
15003245
9250297
17004336
33817389
15660070
6867537
9538310
17500846
35019446
32405514
7827576
12386232
32353140
9122714
9339311
16925160
12327728
7492330
8225974
32794401
5472415
6353062
6671349
12541574
15097123
9735622
12089623
22797419
15740295
6621375
12225878
33756681
34604896
26150984
13529007
6640481
22937030
30539053
14062963
15528092
35186761
5859495
32378967
24771947
11848779
14042192
33782313
16559115
10163032
7404789
25318609
25578808
27389379
34620190
7111545
6708434
29558011
23931614
7428688
7904113
16115168
9302110
26841014
14442204
6334479
9019495
14012036
22410472
9916956
19132927
8732995
22148929
18893974
26179472
33924507
29640499
7491552
5148132
9907305
11988742
12535551
14417241
18219823
22110301
6810095
9688081
13996604
13254722
6389045
9533613
25531678
30946126
32329455
10472094
19588924
32871123
9217420
15463064
7615317
6133050
32540544
7055349
6946648
9733427
15091096
5445292
30156707
20202178
8926429
19614334
13347578
10373967
15246337
20251924
8668939
34405375
5966495
8836492
8353244
16413039
32474949
13792013
7078762
8766066
7274060
11756846
8203004
10592875
6587640
24421580
20991748
6055389
15619030
34925087
35236960
6929435
5532211
9551805
13705933
15553003
5280999
26705006
11369610
29451103
24076490
12533083
31963034
17612842
13580847
14713365
13066017
6078054
26680541
4707690
2300922
4828846
7413291
28341424
29174977
6395520
16214438
8156416
14884106
19451227
27849402
13450983
13741017
8568212
10438203
14732912
13062298
15868444
16336020
1765998
14080492
11766355
23775647
20661319
23852114
5569646
16956093
9142182
12432022
13606830
16651350
10355095
10058813
6585206
20199166
23090780
24728774
32676351
28006899
28010784
30598669
11008217
25969870
6287481
8281677
18623389
23335778
31101506
14263800
15551260
16654863
8661003
5937247
7968583
25025752
25440169
16109942
10174243
26979788
7045587
12501702
16146637
17391892
6027013
14178041
33015777
13338595
10352110
11165386
13178890
10730970
11289464
35252113
14974814
6679375
14986605
9085641
29840260
31118000
7624901
12962868
4757562
6961945
14556742
10736813
34190080
13524275
5122905
13507846
16977492
11136629
29194246
10959612
12399320
33807327
11902871
6879954
9310677
12174144
15210384
20166145
26186663
12842831
15542855
6964856
9430572
22909274
5806712
8700513
12406913
14683654
27633042
24304823
7971560
15909712
17236084
5128078
4963164
16987098
7026938
12903738
16289838
12849276
17481298
17130036
12447652
28038147
6531285
23705696
20068747
9900434
17100702
5191947
7820038
7620138
15122722
13851439
9720605
26645807
28273855
5093605
23059769
13954065
5090396
10494106
14430802
6074549
29970943
8214888
23725790
7352777
6710646
13423134
25738567
14068061
30176723
30281756
32425695
34017972
9879767
32057835
7855132
7114777
8518859
23596175
14845039
5077350
6600307
14036672
31096880
17613496
29554708
25951366
9154851
23851352
25987087
8543368
28345912
14821736
9176639
13300831
35074598
28805026
35002019
13288391
30407072
7377051
7643855
17021451
28684546
4970424
14293062
16227202
14379397
5298942
10022828
15998846
23037026
9159350
13589561
33337247
7194568
6141450
5370743
13835520
7763927
27058095
6705391
14250573
15442296
27121431
15788428
33154362
12147432
32226840
23247857
11875125
14297655
9524877
19956763
9306542
6022003
17752402
10813567
11385062
12474746
21908062
10432539
11496382
26299373
12463110
16002724
5402803
25089619
8269468
11035071
12601998
15060185
15478081
15718677
18282475
26206568
14332861
14567530
18227653
7870825
15410669
20666842
15856671
20781334
10210199
15872981
16691007
6673997
16214162
7116473
35291425
11001206
11239298
11404827
16183720
25448449
35506765
9145501
27543150
5713297
6208227
9499178
22677392
12767131
28989730
32231376
12216364
6551220
15877402
34774367
15778870
24247997
5384073
5932345
20344906
31881949
15079316
25412608
9193587
20600803
7522252
30601903
20272810
10079848
20573185
9596907
5440899
6792226
4763709
8076002
9301848
12448032
15393653
17326429
14439270
34979633
8689153
22370782
13963437
24131288
1251136
14040518
32667153
7190598
7710902
14800909
18939121
16811127
10670914
11206280
35355766
5885231
10613205
14953000
15885684
6834483
5158351
10466310
8517676
11050764
11707021
8209045
5738855
10331097
33236862
10336092
12304138
20868574
5036720
6627779
24595559
12614537
11215868
20019181
23034917
19873261
32066649
10032129
22186708
18520366
14694161
15801871
22009138
16939182
28685311
5245946
22035139
35406937
13709752
3346031
6019162
33080352
27666867
23228174
7185533
16095673
17326228
14080713
15970462
11283318
18017716
8759038
33309366
9430017
14974388
17460382
16130803
6558942
8131286
12382710
18549448
34204501
27605988
21969952
4990841
15858980
6062615
25663318
32037110
14488738
19219795
8644101
12196458
20511193
8058028
6113919
15670314
10353072
12394971
4794131
18603037
9015835
27984510
8659743
8903966
10325340
10335299
25209559
35191921
15858723
8361385
21283552
28896277
10445608
14847540
14665643
21476284
8858084
26694968
14788255
11452733
8455256
9888414
6555630
7988943
12274882
9083065
13895369
20170804
10056237
10790893
9829216
8387817
23167577
4924305
15549135
27745629
18542206
15308640
25930459
28965304
13850965
6067589
5100545
19276027
5132114
25947799
5997333
6497578
34076611
13970110
20065177
28270486
11817050
18108643
22259281
24798992
31839731
27218691
4932212
16870635
29631439
8366456
19731589
6226003
7427774
7330472
25282825
7975842
25112020
15404450
14185728
11951284
12854203
13504282
10156452
11029550
35330401
7771048
12976458
28710028
19914496
6847758
16997763
31264360
12553439
19168927
19270552
16545072
9333488
15242713
31237675
23862056
25092469
11270580
16263317
32292174
28652074
13993395
32368488
12955239
9863103
5779420
14539285
29217223
21434509
25615900
5580707
7974324
10788462
10124744
7859816
34951322
12148735
19956586
11536834
21225652
34006206
14759813
10032003
3002721
9446226
12120770
19462924
32468886
7062554
32482473
4962356
12816923
12783511
33175542
27878268
7067736
6253070
28049358
28042893
7965526
4836701
14827013
30934878
5881907
7911877
13992798
15798728
23191232
31642798
6533777
35372926
12753215
26721254
14245451
27327417
7140716
25912117
6514693
13411189
16990518
4722482
10611164
5234011
6403603
7005725
9534263
34874768
11031832
8462678
4963338
5638713
26690213
6161333
19849543
7131854
14066666
32511960
9173449
10075669
16353699
16219513
8399924
14812580
7138785
13014194
18467497
31150049
35336962
20365678
22432528
4969131
33068001
34471552
10481035
7338950
13320519
7128586
8115979
21737998
28996915
35135363
7343290
9671070
6657991
14806631
7247838
11646509
10194864
21930016
23116100
32867604
15019211
19578508
28214047
15756993
20587510
9148493
11230365
25173178
26391155
5171714
13351385
14693223
9673492
25610596
27015987
6216536
13093255
18342637
27047976
15432198
16299838
10607725
22538141
14546839
5012047
23614547
30604339
11876477
32757906
33570303
28551496
14008955
31266659
11024966
14132682
11445648
13324516
7888334
5649806
5762973
18597493
23313692
7959057
7155783
29346007
6982723
30905685
18469078
26228777
7448827
14395356
14997236
10206447
13832998
5567831
14308853
8027178
23673665
27665952
16239162
16161017
11285175
25793524
8757269
6914127
25570051
9320590
14270735
32215755
12452703
9623382
26881112
10533854
32105067
8185204
11212941
25960186
13961473
11032338
12088580
8124393
14853793
12500788
21961816
17031792
9248411
30826761
8177321
16164837
24575405
14326278
11678902
15073632
3165632
34181908
23231060
7047439
8377043
7753341
7789563
34443835
4966538
11132981
16056573
31288496
11314184
28622368
15034850
27727176
27773244
14722931
6248220
13300216
32543634
13723702
34209661
8954487
31620922
6699642
15180844
16132297
8815565
27884595
6935508
20209648
24549803
17498944
33404504
2092659
5481592
15178545
11138828
17179003
23165921
7682609
28756225
10658299
34180876
12176332
5057255
13519964
6032871
24331034
11977220
6136319
29975143
7043931
25943131
12304796
15826286
33485636
4962310
16079576
5346607
27920160
5491948
17150353
12788704
9381573
15029164
7515451
8090215
11799886
11514336
8623428
30374336
26571227
6886693
18797680
15427098
14880948
6253093
16379001
8437526
27929112
34968971
10786389
11497949
16149731
18710044
24483653
6341447
14637005
30863274
25968667
18498934
5894157
9866961
18429580
30179348
8339257
28388536
7085914
20981488
13324983
5035787
5897710
7259854
7297846
10526148
4740198
10851808
16167468
28094131
22109923
22089220
7291394
10701757
5347514
12412208
17991262
21214528
33890964
30313070
15166529
24842168
34669222
10172354
10146703
13024203
15969314
7341631
5025880
15408743
9368107
5834729
12991765
8676892
10471576
18750526
11679770
4940538
5091865
22417792
31558387
20554084
8843464
34664962
24890171
34433086
14787775
7345110
16210409
10103140
15579648
29673952
14070332
14211678
14654747
17746492
23460371
13860947
24123272
33068913
10369049
17805286
6405937
16472472
14857302
6147132
27095199
25653118
5698887
22571081
15230759
11517645
26494868
8188775
26289908
33059010
31852319
26816933
21493162
27907314
12684294
34106188
4885681
10306137
34982480
6917440
5524860
13386982
16663611
24902462
23363255
6990128
8963100
12701646
24707351
27252714
21512029
12448377
17766172
20618230
22598462
7388484
21122890
24857000
14306460
5213930
11446818
13800622
14388162
12101711
14986156
21420385
4804690
9712425
9765059
12485376
9569739
22235686
11719551
29320339
4907882
30485931
9903873
13589784
7954877
7849564
15564964
21029956
9549349
14194855
6365545
30635554
29956795
35117753
16727037
15370880
8710360
6025774
7284687
6614156
8460840
6630797
23724053
35116940
15963575
35283706
32475081
8087332
27405150
12974832
11066107
27978282
6504737
11457877
11714390
14354125
28424371
34625827
15254412
13037081
9200148
9076705
11935397
13965994
28035738
30222800
13182208
17686954
14471060
16162984
10337583
28311070
9287140
33382085
11251479
5542948
7492582
5050834
7413258
8778589
6605219
26412278
5198643
14043764
31485578
13777124
13532907
8956709
12875266
15700161
32999556
14240205
7399681
15924183
21581161
6259727
15079194
20154904
27595608
9536157
6358324
13533643
9258500
10664339
15375778
9744548
9130930
13580310
27305904
12231489
29192548
16450902
10612886
18728341
15739029
11266297
6491515
7283086
11671195
6576829
8661000
18775939
9488839
5804169
5591289
11837405
4960704
10465390
15590652
16187865
27928929
6018726
19706755
14424583
6975571
5340807
7641175
21520555
6351825
6498345
33466487
15813743
33132915
9009474
15670863
11210106
19657651
9187097
10584987
7794406
11696559
28622329
19134952
6778491
16315203
6466473
6583626
13653671
5592091
11605958
8489025
5971352
9052684
6142220
5475178
13045089
9896434
16330560
27915975
29583130
33913230
34295458
20710375
22038262
8885120
13219196
14589064
12009701
5983818
31664621
6098146
21829495
14589885
16965582
10471880
15793945
20522275
24313307
4682036
28467751
23576744
12657450
9113840
6287900
14499913
7967370
13937710
21920560
34481707
12306530
15796878
17187316
28414105
9175476
19116298
6479565
9676075
12396354
8325176
11514988
10779405
3763090
6190410
23258297
16252696
8158677
29123026
10605178
20959345
14571436
21961033
27264855
8536810
5016967
20486851
10305445
28451947
23371805
11512858
34058413
27104178
6478797
35395624
22419787
14708264
5738869
20227858
10110042
13635462
15811087
28000494
16294865
29250814
12927194
22789880
9542169
20112358
14692691
11873656
18785113
6329291
17147212
7886552
12407430
14784962
16197413
27355509
6031913
24445553
14181044
29637646
5833128
4947417
4674627
17517901
22211017
5472038
10876663
34343119
7865263
29328916
19059589
23971199
4697176
34531120
10157751
4911975
5258743
34231291
14144109
15696534
6606997
15245314
8522385
24874574
34866926
11713397
31030681
24984295
19885624
12442773
7134193
9014452
11093736
15514677
11624458
11743371
15053342
30693064
4829130
25577563
22866089
30597436
7505681
14873000
13148450
30061282
29990551
8343642
32022614
35474758
7545808
13342503
15298048
22067437
20600599
5429755
9514009
13279925
11716450
10507757
6683798
35150461
15378527
14915874
12059203
28126120
32260179
23423111
13207856
31950377
21391615
24505424
9510115
6732780
28914148
15893356
14496968
13708982
24440000
4819644
7532691
5851989
29539486
20422531
13178378
15366340
26621915
23659844
32699664
6860421
32675202
12259634
9739737
10877285
11105927
15487472
12533079
15524569
6166127
31217671
14820338
13854216
32857881
12637508
13665211
22684538
24314369
31082576
9897813
15664716
29537569
32686239
11265509
16269235
21276367
31719635
10236816
12185701
8633185
5845969
11310078
4967910
21384502
11454200
8780558
9800302
10766369
12231562
33187317
12338387
27915522
20565802
21122530
11973949
14068724
5898512
21746608
9912221
13620519
32007059
11613681
10209510
12253440
8996189
10506190
6111951
20848780
17925778
8310195
9475969
8848726
9752438
30936327
19243159
10462465
28842454
15148592
32850957
6250164
29465911
23925302
22124599
7458441
8808734
22538006
14256202
15749212
11824107
15299726
16266394
11074941
5486239
16279512
16877958
8048398
16302046
22879013
13246826
7488426
27235131
34739430
8243105
15972540
16217296
26387339
10952866
15114429
10800987
12369722
28068571
27939522
12398448
27285942
27351693
32524080
5068505
4922925
12499470
18513922
23813816
29968273
17534254
14313954
13948911
21541006
4739184
14546219
6426837
19174231
28137976
4856720
29907385
15326223
5761844
27757788
14933990
8855334
18386713
12067204
5135465
13184321
13736513
32863542
22432606
26497100
15833434
33850566
18970105
33990360
6192928
6206610
14559185
15761289
29476342
7385500
10762919
11713764
6271212
20987257
8265601
28597075
4876585
7542259
31259278
14313036
20661784
10148870
5436355
5818078
12283518
11168478
23338271
7294764
7687303
15887360
32940432
31069049
9410440
5586172
14941936
21611950
6917654
35387485
21145744
5116644
31404821
15116560
21560464
13852297
15013705
12405601
12603055
9516540
15670946
20260678
22628441
10424837
14360506
34994036
16609344
5350737
23947718
7617042
10900861
5601482
7273072
10930676
6587926
9595993
15103049
7515374
34698141
9740262
13361639
22889165
16360752
22089769
8747550
7524138
14101266
8174002
4741690
20715847
28482913
26017324
32341020
6138645
11149861
10106217
33462353
16263462
4933503
31535395
13509595
8678116
12982884
14581319
16098101
24343802
24245930
6929224
11303067
17984293
19260799
18831880
22835750
14351440
14927792
26660090
32958639
35306935
6995547
7205374
12448703
12416042
14188009
32708469
13706287
14994006
5734549
22712153
16547052
12180648
8305049
11275771
12330443
17987092
7205111
17166280
34409194
20754895
7954213
5820635
6048320
8987188
15362243
20614675
29997967
33160761
9704848
8389061
12387717
32548158
26156657
35174272
8771797
32794530
4697361
10324829
6346791
16295963
15197177
16718238
28616533
33287958
16272605
13759007
5504952
24458354
5664410
6824527
5902487
12972793
15069343
13572087
8574955
24273023
20864428
6505873
15563687
10221753
13478545
21786811
12011673
24851651
15669716
18438508
15703666
12063154
13801783
33541575
11129470
11466851
13365641
25546237
11716272
31173739
35215282
11163878
28510528
20064019
14929965
14617067
29118748
11031725
8068140
15587023
10720263
30948712
5165424
12771678
13187932
26187992
14745489
32393979
33216702
35137064
6262450
11508845
5463254
12233337
5712324
5460207
30036643
28162570
24740513
31563487
7939502
17105532
15317658
31158797
14246916
27761784
4785339
33636969
14512042
13708872
7262958
6613183
4912456
13859010
14410439
6352947
15103084
20840398
19996897
34013703
8888841
8332128
9161797
16096198
31985171
34917266
5212300
13588004
15102717
24365909
5656483
12950801
21429541
14395670
5090126
8546666
16190642
18541522
29595217
24345254
9544243
7522330
8521869
16040817
6979582
17855596
32223183
30940399
9433694
4745417
6650088
13636187
15938683
12872513
13035911
16283312
24397850
7361470
29564575
14526115
15202431
18847981
33524355
32323785
8485842
7127942
5300627
5210869
15167884
15013328
22792991
28557145
14257788
15986397
28529860
10358529
34948172
6149374
6163286
9513261
12909384
13778494
30547984
8875909
7403238
8679518
13589815
29255434
8445402
24091784
32751852
8219328
5745260
14497797
23699516
8325529
20206276
15658818
18308953
26853869
4987277
33718215
8414909
5463852
14238512
35206417
12433525
32582253
5019572
9453638
29715268
6522986
11208950
8355973
11358702
14244100
22916876
16629474
12783870
15927841
13275193
5850287
10789786
15470274
9412401
12968098
12813018
10865587
28041360
34672810
22289359
12631362
17684149
5721061
14373927
15467940
16075670
30349961
10194579
28656799
34116880
21043969
10592361
31615168
21418132
11144044
6858935
18784276
8592961
30909285
10954134
14255667
8696820
32213082
9456148
9162063
12112924
15255803
6808954
11590391
16796505
22775564
13313991
25061686
6930921
8254105
7867329
29727484
6317654
7934780
16558884
24252506
12639355
24938533
13723464
13177954
14324256
27158001
20785174
5942189
16250856
8725887
10864840
8941780
21554029
21203467
33618654
11735591
17990662
6710935
6751948
10621855
14368119
25315438
9914850
30717761
4755574
30325448
31285052
8485459
19179640
8239912
10237121
10568072
30502255
7782251
16107733
20828935
24901100
26756135
14729413
27876819
12536506
15802094
28091761
10276420
30480992
35138156
7074055
3230153
12965034
15033487
5191811
22394584
34437547
9859740
9049138
31102895
13138203
14998731
9085619
11635499
6725184
25372000
32134572
26723342
5928042
25354414
12568598
9362023
12534323
14676857
12180542
14693765
30816141
23722385
34711668
15879334
6750588
5794339
8742757
16080400
32850555
14519297
11261610
25596676
13913932
15006900
14465372
29560372
7712203
7128650
13725140
14745685
5195211
31991825
32167416
11407525
11657224
10886607
15149271
3546903
34397317
33180171
11066906
11409231
11525789
11618895
9943372
26119439
19005982
4791562
6951032
9071999
7182449
17724652
18837649
10484737
1810887
13705938
8357133
21870352
5191118
27184893
10744160
12906165
24834938
27196191
29902645
31237246
32799690
17826883
15619066
32524770
6165702
8121725
10237811
5657263
24565679
15169943
13187010
11912374
7382461
10301133
24889655
6893929
26453057
6535375
9547017
12628671
23399270
30794238
34477444
19414927
15484563
10341271
26915690
30547558
21825397
34683105
8162739
9114815
7039745
34629526
12669409
5950386
13187748
13579454
26844248
7652467
6101772
11591291
30119258
28717435
15155504
21765100
31828229
34200973
32890863
12181829
18131560
8756778
28246768
8208716
34089955
12078830
14749820
7699902
10904444
9823697
14631974
17181178
28571461
34149022
34341733
15375589
13643263
12619150
4749740
14659494
15023417
27157434
4701950
10468300
32891187
13618353
4166812
12771096
14278008
15113083
25813651
15868798
10431300
13055404
4840848
14940854
26149241
28321048
12448550
12638572
5742765
12324325
8318504
6300231
27498090
31650944
9048599
14043821
12728872
6660748
11179448
34464226
13369376
14783914
21196129
5647427
6800222
18589336
34512112
8674128
30603268
17265772
18408595
9840023
13670991
22569971
8233258
15462246
4881366
6682705
7574662
12174036
5486346
15427354
35492395
11844757
13447358
12696945
33360773
14707026
10053658
14000514
7145819
12279943
6514542
5944717
33031743
20060380
15230536
27041685
6199074
18169597
5101602
30678139
11782800
15615610
17541115
31557586
5177649
10092413
12277092
20269303
22010704
25102894
23021954
21283012
35490634
12014723
25121878
14809500
25449790
7595309
10905764
10902464
10696022
9633216
29361226
23375561
17731399
22319092
6516204
14677657
14087577
17663848
31019212
33247722
27415779
8456225
6740349
12926759
23875031
4936258
8563011
5373280
5694164
18794170
7284220
9643386
15107192
8614864
18300511
15014891
20777575
29040841
14351973
10231622
25235515
20769910
34915220
14828909
32490567
10012464
10779111
7849433
33204294
15294064
14082422
8127376
16126840
11154230
10232230
13833511
25022695
11804612
21980431
7114668
7506812
12235553
30216665
15888124
23132249
5005002
20955253
12202279
16143369
5377225
7967172
14318482
5894354
9571083
24204524
6603307
8059550
18401548
7890803
9700570
10678405
6446599
32247792
13221204
13387598
13395245
7815366
9892695
12709814
5703937
12784292
18854344
13133354
8197319
26031013
11226278
13170953
12805878
33347054
16364295
23086520
25306597
12786917
11422277
14960694
26824988
10873861
16233674
25137970
5583164
11487405
30215876
23992067
7493924
28067152
17845003
7195994
14241108
14481335
9850651
34358233
35365651
17725852
26116499
33462380
11021575
5296036
10611625
26587466
27591711
21703825
18403840
12858097
11118325
14295526
9998960
6373937
14483540
11557305
24068693
33304734
32727648
10523917
14387511
11169292
13558707
12852812
7295689
14658609
31942045
26517527
10581902
14106839
9801075
8325942
14777244
24262265
25297414
6088036
10340226
12822589
23439413
6792351
13139094
22775054
13093259
15588398
32006117
10334123
18161275
33993771
30824145
33961152
4742319
33255219
14357923
27216021
26186129
21925261
16118075
13572766
27023649
29322784
13581847
6027932
7918054
8254313
34332970
29280064
12540487
12833301
11400753
32301308
7644728
12011797
13109260
27623295
8390756
12597325
12761562
13865527
14604787
24179963
32793921
15828037
5903710
4863425
15281373
14564782
19504483
6438252
22441705
22812410
11736702
12149738
23202998
12457919
10814219
14382972
14028747
29365657
5076022
23845541
10992340
22670657
5411146
27141444
14208259
6478724
9994825
6608371
15755986
9242014
14613980
29830726
32578188
10806390
5945640
6026947
6178166
17641996
5078499
23931521
4914374
6549507
12967841
9220820
30273752
9026959
13309566
19763164
14319371
3153749
34411771
34291570
30179147
13800395
16300114
11257019
10148525
12298697
11923616
11394602
9491721
12855091
13606325
10227227
30649585
5125982
9752336
32154129
33439757
9130026
34537336
29327992
9356563
10422394
12082615
13160204
17653195
21772627
30993976
8533129
4832386
13258680
25380631
6683178
6369076
15496268
28977619
15521230
23540174
27815184
23287712
6663351
13243923
8005666
12746100
5069829
15350957
26492966
32219757
15626758
21956809
25016173
12662207
34914299
22009951
10823658
32118408
34454116
7854412
31267436
7007624
10286987
12523445
20142850
33883410
11448848
32688366
7701485
22812458
6069189
8945576
7017868
20816425
29289289
5023852
15754889
16404267
8086970
9997340
13641262
29905756
26036848
8002954
19061323
33750363
25450870
34233874
16355556
11873541
26657963
24617528
8181311
13138199
13305230
14332615
5806001
8823959
6259660
9465592
20728741
431627
6760415
5932852
17377414
12082230
6082727
11482524
20097316
29130178
33777960
7800935
7386465
7452364
15066012
11354533
19205989
34176346
12359511
4879309
6920463
12817453
20288686
11722054
6726238
31769573
13898827
15080952
31714880
12389670
33467252
14315526
5224134
10287132
13002321
11997812
12238722
26447078
31774100
19148761
19124212
22155469
28919995
7331308
23111246
12298505
13591500
24226316
11857607
5092820
13604148
24158843
7722265
10695495
6321373
14513020
12231114
26433377
9167720
12149851
34446724
34438240
27824511
14985210
12130076
12098590
6728605
21552298
6263187
26018680
13265240
29606863
32426457
14333528
10991014
12241593
23858456
33617142
29150986
8778797
20745520
9381797
13391612
10523316
5502458
28909210
8745759
9027903
9412309
12415594
30740056
13149810
13402796
7665223
14854720
11783687
13924020
25811734
25128883
12762955
9508473
10307936
17042670
8457233
12112994
14582595
21334078
6190607
7199016
6824749
23717549
4850585
14460494
26274611
10267763
22227952
8437742
32454996
11520836
34121248
34462150
21993205
25237534
4697870
12502798
25269847
9010335
6996294
8393967
14809670
4777970
31616707
18175117
11328180
13198633
27889278
33698961
20605975
21290062
9683144
10303348
12966237
31449581
13897074
31698065
6693753
6871790
24364400
13492815
11304140
10561936
18902263
32102136
10097910
7589627
5755121
6979952
11337802
10187421
29389948
9719550
29462539
28140919
12693830
14715452
11594404
10766534
27470733
4699308
10914311
13536560
13707870
7685771
6822649
17516497
5589429
14413600
11811001
5109699
11396158
13797794
6839286
11096611
10991889
15072879
25586185
24705950
15704040
6589357
9139056
6985435
12791771
7063531
6845402
10833393
16575108
20124679
24964438
5902670
6315657
10138633
31441865
29551414
9023224
10637048
5613432
11201793
8481982
31255123
34846361
6104236
13330050
5935645
8340288
18843610
22744061
24275135
6003587
11922395
22029814
29284036
30178115
8147798
17580304
12443400
11965521
21105412
26174396
15581602
30251732
16038214
10171755
13350011
7497057
6654401
10755033
12619499
10638087
12169819
15989272
16057180
20799751
6423069
21030226
18238327
15734150
10629667
10291102
5574104
4752787
10105028
34170355
6939698
14641215
6246963
12821594
14205765
34313725
12636539
19689412
5866548
5876499
8702155
9895177
16089754
21480331
20027314
28917331
12415914
12967950
5674860
7094898
12174716
24083831
11761555
6666170
8209508
12756841
14299899
18989752
12134862
8378425
9476188
9694274
17977183
31103315
13835549
30876624
14873986
11787393
20585185
26161463
16103085
26503256
13219880
19742950
20845315
8080806
13596233
14115107
26121335
13276703
4807837
11159422
21506779
15968231
19238179
24807194
26511686
14540046
33649017
4659156
9093359
19093639
4384641
21861121
12892702
15336029
11906169
35413288
7040403
12937267
20809147
10879310
10663905
35522737
10557913
5545634
16300726
25957207
17172544
16126879
11088319
13914098
31209313
15093812
26393912
30951589
15742788
12551231
10539182
30181673
12337814
18445381
32846325
18106216
7511209
11670418
35482756
10373022
20540878
32215386
19284298
8602311
9286271
14697969
15658031
18195517
6397365
20453743
11341663
24556196
19493446
31363309
16966056
5940271
11996410
9898477
15005138
10869308
13819655
16216799
28590091
6611836
14469577
30199760
12712582
7799353
25886026
27431469
22946429
15028443
6163783
13572506
33167952
9341825
16042806
9932895
7562181
16303581
24043610
16969530
17428363
6239864
12175273
5091782
10144572
13164571
14098349
14597514
18567982
14641435
15344792
23745365
27291606
35527318
8475464
12401687
13337392
7286261
21646624
10714355
15511278
13003995
6099667
9756469
15146275
16916157
9596798
10343573
14270555
21234643
26693387
30588805
33166101
11866760
13471821
14868240
15754714
7090525
7954428
29140942
6131669
8475992
10448334
18223342
26193362
6037398
8975352
25207936
8240175
11192127
12402227
13344286
8234768
22429849
8569735
15348378
8663352
5278908
28698673
29544955
10956574
19781938
5768833
13015888
28837126
15395411
24279626
27501180
31192759
12502698
32932662
17875351
32924529
4710065
9466273
12197182
25237159
23211851
9321961
4900032
31612927
11130877
35466184
13201774
8656635
10870458
7494652
9662605
10731786
11760285
30464753
13231087
6758748
30233846
9846621
5773066
7584395
23369015
16280536
27635316
31048841
11080880
7049333
9553446
19012891
5106773
7866109
7694651
8831907
13786448
7194925
10984630
13794355
13227553
31242148
8723556
4867931
15248349
10490834
5064134
6118381
7821458
12692231
5195018
7534820
10179026
14815929
4684410
6532569
9543838
23594861
11181237
5158038
18349174
31962983
34876703
17979988
14980126
12139758
23798858
6219781
14814080
16064771
16238598
5710594
13296813
26005660
27769359
30823794
29358850
15079563
26781899
31007029
23865683
8988628
7170280
19277509
16017862
22942370
8600873
11624642
12464043
10017943
12048698
34221829
34721706
17427931
9295531
5712745
18361702
30282317
6061863
18883366
14595990
16984839
29082628
11246670
17040624
18048610
13731458
29819566
15775679
6430979
30833973
30807204
14087372
20873071
11885076
20669464
35162188
14743607
6856328
12125771
20146270
23617127
873921
6791033
9875533
12124236
30956929
23865206
24432980
11519148
20459176
14655958
28670857
5914703
6059745
21362170
18725560
10204145
33748407
7125104
6535899
8483148
5457108
11512361
15476153
15853795
17348623
33357899
4841343
6108529
8295780
33411746
6394819
11318148
7065119
13167814
9351928
10395382
13388499
32782662
16219467
6984055
15524261
7593332
9977846
23146154
12121337
17146129
8642184
18555841
11550645
14372200
34146082
6291460
8222377
11910350
15262968
5923937
18368413
23272409
8068698
8352853
12081811
5121792
14887199
33121458
7801404
14432479
26859617
26852384
8417851
6928812
7091713
10653006
12698443
15248132
8673307
12316320
26507993
4831642
6865366
7955974
6969125
20745550
35299591
13496976
30966982
15686831
18845773
5582385
17085549
23309156
28427014
25217602
32844099
7965643
10128120
31006081
11685608
9185072
15162804
13656456
8992166
20698183
21689125
31317402
21721411
13788569
7838375
25754416
13712331
30374711
9461846
29717515
5662036
7651157
27333039
5416683
10293075
14895475
32316342
19835488
34899860
6528211
26798579
9200090
6397745
10513711
4565222
19214347
29194579
9417324
15220168
8234711
28975636
20592223
29772772
20265169
6112033
34209922
5048255
17180083
8818159
30378407
24212057
7958666
12308445
21693118
30547066
11222221
12387333
31409222
7077523
14531877
7965987
9759065
15308560
1964391
6756841
15354403
9336989
8491766
6646051
11207595
11665721
11950166
7181884
5570355
12370782
23647235
9925093
25297819
6628707
15178557
18083017
19435075
6403820
31373680
13954664
16181534
7326300
25449688
8881729
5725003
9278713
22117888
19054489
34462009
15951501
8074876
8177263
9463043
35148040
11928964
18427429
30377519
12509919
30425420
10984143
24692549
25596514
6392434
14239167
8042871
24625895
11435591
5685487
13930118
16303721
5224562
18443473
13381667
34062610
5994252
13383468
13587391
20465824
33312168
24062534
7968278
8738928
10253540
7066451
12829791
8447601
12151629
12822437
27212679
8658394
9805746
29086780
7408288
12432765
27967809
5277547
7863158
17618140
22518131
4755595
14684038
9713833
15034798
24235283
11861184
16077998
13301210
31905064
14835603
24643790
8751409
5895608
35011865
9395972
34849019
7720349
6938476
14910991
12538788
22118278
18361882
7708669
10318027
1735235
8719237
10426233
10344180
6388661
3768920
11476975
11892594
10502475
7371164
15124307
19532344
7625255
18936592
24150131
6866928
16009914
17282227
10569175
16532493
25011856
8344935
12053681
8419069
23024354
29982169
13386135
11710372
10876007
26805716
5511036
8664966
5925075
10713223
32580831
34289905
13251143
10756754
11008391
12753155
6822983
12025445
17484784
21847561
27736440
16071572
14577274
11231785
12196623
23609291
20610151
13376709
10298836
22693937
13126118
29865481
9675969
14242372
9958755
5447669
10494699
9089523
8336179
12453884
17243833
26976083
27936408
30559087
26380313
14714047
5555652
13598104
23304881
5845857
6661866
27786723
15568377
24625370
5493880
9429626
14008813
11383246
12637695
13462269
18449485
9138717
28914865
19634254
6467214
11786166
14579946
16907139
9695647
21391684
12683474
34139326
11023881
14768481
11184368
10715016
11446286
12303843
16164996
31636768
16676109
12578160
9133952
19354804
26853818
16874136
9972008
12687325
4995702
5972624
6923284
15900812
31680821
11370123
14714013
9101487
13579917
11718973
7584918
8753460
7072379
9411930
19148524
8505723
14584779
15204712
14234181
31494197
33985188
6673894
25531078
31023577
33997728
8377421
12651201
14087482
9490428
12448234
5826370
14616727
18495610
6176966
13283260
8269142
14872803
5150500
8043085
11339085
6187624
14503815
30954235
10399461
9474045
15816379
35139782
14273066
6849528
12421143
24538856
29623183
27391470
30454754
32505924
31935121
4958139
5786425
19173388
31385087
6892178
26853305
10397695
33400535
9091512
10308276
17367400
29695471
8056354
13334175
34507342
25681042
12140059
34967837
22339210
13275825
6715034
30894363
13883924
23475614
12640930
18331537
22473466
12705915
10216148
11123711
5690807
11740135
6552579
15869533
18482368
27147984
31832234
30038305
25546822
16233423
28013112
5441215
19106608
4853764
20226811
16234662
14730784
27561828
9952604
9533788
16024615
9314743
11671643
12058198
13757989
5091913
10627543
24792809
13868711
16827630
25251916
6774474
31071137
9083376
17032974
5441499
9295041
5414858
31193299
35004248
12239515
33614352
24906353
15399615
15834699
22524251
10454300
10507194
6718223
23483813
29374873
32723922
6042621
10199663
6894573
10544364
10401623
13028639
27365544
21310771
24363299
12241019
10722518
30666286
7397916
10866301
20229646
8891899
7820582
17213557
4809026
12172494
15363687
26783381
4438738
7372468
21667498
6110401
7096687
12181947
13816530
10872556
12876229
7771139
27192888
15512012
15910846
25903003
30077782
20389783
26087359
22961480
29231206
13431135
5986045
10131326
20668072
18051052
16264190
26578583
30485768
17692534
9022980
6929998
11223156
12017255
9309235
27281163
14311850
11023470
29075740
14176999
14426645
5248256
10737083
13172429
35069675
7820731
11987333
13051557
32978799
14592752
7796749
28499323
13131700
20121280
8078672
24411767
9680333
11702757
13312999
15349072
31520891
12027730
7657088
7995142
17210836
7369847
4721733
5625099
9002515
9065774
6997456
23112356
5036694
8189991
10562029
19580635
12899492
16015297
28069264
8378387
21839692
19425082
10187423
7715506
9659756
5949777
16303834
10369674
20412952
10884736
7611179
13393231
4978984
23165375
17448925
1682874
9535053
6115692
31388369
14468136
6057079
6367055
22584203
23364095
16543875
17665618
14103779
10963340
12171141
7733407
7920539
32645274
28115467
6008647
7370249
20409868
6636095
5935783
7718990
14031666
10389905
12857704
24710366
26332826
8138533
31168709
10606871
10969729
6153540
12852304
30087180
31045984
23414147
20159830
10816526
25681600
13352873
5855434
14077443
12177537
24560165
10078893
11126011
24645656
19869397
18693301
26908964
14635669
26348618
13039746
30563080
12034520
5896949
7675683
32277699
8239526
11432379
10110166
16469361
4993713
28804873
10699264
18188920
8944569
31074761
11301197
7596484
7000332
7339616
19065613
27936945
4774537
26909576
22588940
8134797
34770371
22476821
10276157
31848107
15253082
14327789
6651328
25934425
4853170
11855469
13261252
5695781
9369281
34495975
16232885
6827873
12499924
31106597
6034623
6286507
9513922
12776349
5258020
8804567
35370763
15650007
2245037
11118118
9853285
26707418
15886863
27527160
28227988
8235760
15985114
35160562
11688764
11964780
10808023
14913585
28954363
20755360
13896022
13414501
9908455
10595175
11345820
11505938
21757222
15836555
26297477
33793704
35358715
10562587
11977492
13842335
14017826
29144917
10806606
24100304
15247248
28019556
17219374
8495213
30106541
14228322
10586546
33850104
5581929
9619843
4926446
9093839
24927758
14125042
14987613
9918186
15992437
25522372
25955584
6041425
6865998
18450490
12934895
28103305
6795353
14779105
13468662
9692323
13966427
5241491
12749039
13547988
12256833
14525959
18715372
10893923
30859068
16059851
8201954
13569802
14229666
32524722
9851157
6620957
28643014
5564455
7849186
4846927
11167228
12077158
9102930
12661477
7855094
15593024
29599315
8135704
25295926
8195033
8866249
14423995
10008081
9834453
11853734
12213828
14066200
16252759
33105867
14982766
13007780
8000857
34181986
10641157
16653573
27947343
28203340
29637730
29500054
32232978
11879111
10292437
6406324
9981499
6825827
5918800
7943536
25951468
8216939
14320710
14032878
7830078
10485860
12850777
14899087
34522516
15873417
22272316
32200029
16045058
32070528
12340632
13504670
29170990
5773691
7907413
32405451
10543221
8228210
9432089
24586235
6014813
8537483
15363161
7361093
5535725
22039687
25176694
33867558
11426778
29436859
9766950
21745054
12819123
13936699
19261465
7875441
31628824
35318539
21483994
9400014
14238444
6602904
11260619
32249511
5542490
34837541
18285196
28551469
11688603
26881148
12605373
18725437
28501741
29441812
30961225
32790855
13662899
18203881
29242483
4907958
19188985
22827878
28322725
23075468
26724347
9464482
32020490
16284565
14713533
11589296
35338477
9748425
8311265
13815685
6609133
13682644
7098949
13711754
9075270
8019443
8101980
21398275
12402106
15792093
9210716
23397392
9424543
16122907
4724238
35244613
34181782
1508134
11971833
12322506
21133258
7141940
7453481
10152302
17941606
14997219
8008926
8234401
6393826
10297979
8354173
6098769
9277922
6253302
19206370
25876972
31775648
20763997
5117085
14903886
13290722
23328257
15909203
10766113
12892746
23441192
19999534
23457380
28848133
34075390
33192684
18878464
12519484
9065657
31003105
31637185
9643177
27065184
5617371
9225502
15623197
10135146
8398795
10898762
10391034
28549828
17942311
33335003
7354699
11343175
9411697
20458990
18003175
9684968
33113184
34186123
10533081
13087258
12549094
15501919
6976005
11396931
15875617
32211105
15365558
26105029
24850949
11109077
7461492
6611815
26155673
9087493
14357988
30697036
9798566
6297436
31969358
5355288
6466633
14315038
13324112
7409490
25868989
15807932
14780990
21056677
26250611
6050535
29310268
16240573
7748623
8193657
15388832
27282999
33061218
15230970
6120043
23823683
22188385
14918269
14923679
7477318
15419713
25015585
34518343
16406388
5031962
5656814
19892407
6360934
9086367
12686806
23864729
15317377
11617959
11925932
26261690
6384752
16097327
13244505
6059005
12987001
16757355
12083902
11445201
11895061
17694721
9570511
11528112
28099519
7323103
15341263
21882931
26586455
34623916
8959124
11600419
26805161
16849893
15253620
27255474
31959740
9551278
21924691
24012188
10552882
25582780
24881255
34666708
6805186
6779184
10649617
16003228
16100736
12488724
12495219
9687488
8699307
10217806
17958298
31338895
10060054
5535581
33400598
17110794
10706523
12428178
14636101
19593553
6126550
8633045
6108915
8060948
23106989
25581481
25708084
4972362
22894922
16081477
30838548
10703386
19488076
8674396
5396785
11224647
28975291
7656612
7039552
13598649
13421696
33623697
9763392
16229444
10708952
12709629
32598423
11600361
8407453
28958542
17463610
28943995
26375156
13147458
21441628
23453339
10398755
30523327
22176403
12929022
31671182
14101459
5633408
7985980
5119216
8206473
15623712
33647598
13620350
8578852
4886343
5705134
7798937
22582361
15989215
5376434
15884936
28630081
33026739
30786180
24701072
34036885
14109028
13412774
30533299
7283961
32693193
14957335
19573222
29220079
24711413
4677358
6374091
13857132
9774757
5938690
13842099
13030016
25673440
31922485
7677607
21121762
8695385
15268051
10749772
20986075
24537692
5444314
33984612
34956812
11597457
30454529
6936160
24764012
8552164
9746369
9003846
14753645
11336224
33184062
28584394
19247203
14064621
21736657
5288360
6817851
9184560
10234116
16531584
16822104
22815704
11225654
24723065
12703530
7695023
9938281
30405878
33813390
27187929
32591961
14273773
21389908
8880914
7213526
15961133
9503787
15043263
13321720
14287101
15488263
25838656
6808344
13657420
13431081
15625674
18419833
15214143
28638151
32750166
9851029
33843903
27484044
34855325
7884824
28184362
14573817
4937931
9767572
11516767
32135424
23273540
34539562
20337205
9884654
15508881
5141745
11303449
25909669
9041455
11723009
27144285
24556322
28446334
24330455
31756601
29544301
7032911
12859990
8952645
9609963
6915395
13506322
18163279
15765559
24541406
10140473
10286386
6873905
16423854
6678536
30883065
9001552
23334656
35519710
7440681
13024173
13342358
14205513
13131233
10774661
5974538
9825853
18350176
9245001
16002970
22023007
8320850
15005628
22983911
5900240
33918231
28074064
28683460
24661307
15665894
16822539
12569168
17607745
5535886
7472431
9881869
12644999
5432048
8780372
5593235
15364388
5015923
11960797
29479933
31655627
32843304
32935656
8352226
6993276
9993682
11381285
12373778
15130362
9680355
23579171
10569496
10182772
27718731
33577575
25342957
7477145
4860305
16666296
13117751
11128223
7223337
35365255
15401492
11246792
27533451
33177270
30634186
10095669
12469402
7073090
8692648
13333492
8430254
13885353
34404052
27747906
6274458
6299037
11918840
30305903
11602410
8732233
20780755
11747306
7969080
11619960
6861665
12777495
22296832
25561534
26092351
34103386
11172133
5982015
6159330
8457631
15779562
15597699
11510282
11979816
21468424
5528043
25572871
28478158
12861630
15587727
5922629
8452838
6172285
9884518
11142814
17299687
26743904
10553146
10507103
11703091
6595340
33073617
14953524
13349516
11413021
9154934
16464906
23401985
29228554
5950351
11833691
13656311
30448922
14624964
15354904
27249177
26855633
27716442
35388319
21799009
9560041
8169184
16167825
10761561
30296006
22502765
7452080
31509863
24522245
30485159
17944183
9932897
5326107
6886725
14756381
15589309
20171494
34135630
6660439
5526286
30332660
8692983
22461151
11022123
9199903
16995429
11207196
14482532
18429166
25711627
18527386
26588330
34896995
9353147
27556875
5692171
8530808
8762756
10723436
25967908
5241345
13295369
26774294
33106392
8376397
10503077
16470849
29566147
7335138
8391019
32114304
23096141
26369558
26971394
34413526
15414047
10525246
32016236
11213498
13023115
25229803
13655902
32281572
35400424
5132179
12779516
5944199
16046990
7308253
10646054
5997696
26151980
20942095
8902570
11645419
33304590
8172866
21877420
10943342
6176391
18285295
5275018
6775296
14570896
6972547
16275563
34613098
6378424
10787180
29807242
9774775
13136293
26997876
12563245
15539808
9075373
8312077
20990032
11477677
10964107
31702778
11123969
19813354
9175912
12951633
15460669
32903280
6585163
9873876
14516580
14632543
24832706
35239627
14498304
20447083
7099684
8413687
9289290
11920585
15515165
30204326
3262924
10387667
21834721
12867883
28870306
30786618
14607020
16190772
9717007
34501045
13390406
13656218
7336609
34824506
35297446
33257934
5561042
7718057
22633280
34588456
12937283
27079368
12757031
12229861
30999454
9283730
9510069
11801000
12649999
21268447
19097281
10250557
22479926
12825488
33982527
24274307
29422102
29736223
6594384
11464208
14757835
22972604
23839931
10009914
20698843
13915457
6110761
28546270
8021972
5247554
14628937
6738479
5089874
7493743
8039610
32568669
7799453
6672135
26101285
7886886
13982391
14390319
28196359
14808413
9156744
33773226
13552941
26198132
13815119
16051587
9691672
12469516
13104349
6275159
26933003
9239860
14234737
26325641
12237244
17709712
14373068
19338742
15996637
24886001
34963940
7784005
21516388
11441318
6839929
10588738
7595125
26659028
23367248
14994461
11247852
23407352
23800547
20542372
15817981
24771272
13225545
9580216
34488298
7460426
9495853
27972633
6355506
9788539
26617091
12383735
26268989
25785355
28524766
23117405
2228186
14932389
24374312
11989648
8066219
14812498
31318149
5179132
7103111
9041132
26339480
5433039
13816926
5931164
12511976
4748207
14071007
7545202
11717291
23330735
20501344
5973661
17118309
30724331
31775252
9295510
7225074
6904888
25283125
14103990
33107364
9588281
11116725
13227627
6150681
15266504
15455658
16206501
20692945
34707252
27209727
6391134
5667706
23590004
8378091
32478033
13998643
32097057
32414880
34173361
34659187
15343188
34550953
24095969
15359010
6852930
5928564
6424710
13291668
13379308
11445624
34905710
12015297
12890511
12088887
10481143
30460526
11281180
15705628
17297602
14749864
30560782
15900153
8961716
9728864
15602703
8378895
18118729
18692983
27474354
28365238
15075273
21560215
34247380
7625924
11606665
30518143
19455640
9585857
5625756
9412290
32554518
13486855
32949924
13690111
24915974
15161784
7392239
14488660
18617926
14187758
15938283
12932046
12110818
14346947
18243619
7347917
30712151
4768491
30613135
6809489
5622956
32195334
25079407
9951362
4901556
16007338
27935721
33321048
7593206
21856240
22372672
6049240
5711569
6610164
8186623
14998209
35319448
5314360
5461814
14451499
17300245
22708733
28344427
23221232
7259011
32254995
7934944
35532436
15808715
20263234
12981517
29523010
10822451
11957439
10635287
21234442
24522008
7034432
16070199
16932213
23371067
33980085
15438093
31537693
6547192
16587849
5112198
13694437
31455266
16223780
12969106
6399331
9931464
28509808
27819564
29493739
7609343
7626575
5841802
25634248
6186350
31064426
28484875
17972050
10672576
13899086
29023339
9496604
33709299
7726293
8070800
16491240
5825380
16577583
31795664
14251747
21229720
4731190
16253099
25472284
18815941
25868476
9817972
9257336
22118884
21027781
32171133
6813292
8218438
15253239
9919439
11082928
32104803
23087855
32122218
6567301
13563486
5434513
4809968
33743940
21476968
20671582
18202030
9552916
9147535
27561540
5848983
9903386
14277232
9681191
14129327
8136764
32405970
24929849
7926317
14721999
5943003
5169573
22710152
7975018
23267264
10071513
17647780
20467108
31010638
6453063
9761440
7781111
8106618
25191283
5039922
8393887
9593246
12863112
12189375
5588145
14898460
23617835
16247676
29910145
14434528
17327854
11076154
28413367
15112670
20321164
8812271
32707218
11523484
5431816
8129793
16035626
19149490
6477752
22154041
6217433
23456441
14338716
25837297
22455271
11282053
8504461
9401655
29107273
33713343
12148392
24713747
19779751
26085484
5740874
13373483
13087006
24421883
27846363
10283314
11412716
8178313
11426912
11399557
14724081
8165248
33225096
6448791
16212510
34164397
10291736
32392308
33789255
7661641
18727501
8493489
15196503
30585220
27125148
5198489
33608346
13763191
8321511
7250201
8958319
7521573
7467458
11627224
20748580
21817537
10144166
11444884
30451136
5887610
12622752
12224515
9202468
17397490
28360792
11403591
14770493
13063723
5659424
33339938
15557893
13340046
14261771
11976598
31239904
10277600
8168042
7563552
7971403
5556523
29760661
7815277
11530249
12418597
15118907
8295182
9762287
29780254
4933090
7897517
11313555
33034860
26500544
5377727
16427376
14572450
8414032
11769300
31830047
34109338
19111447
11190571
15017100
5461869
13127356
14202184
15598239
35228032
5240814
5884359
15181041
32745822
11187191
12476974
14700988
10885569
22772651
25133953
12304829
20018860
11307917
8183243
16500000
5448245
10774626
12084940
19190710
5130664
13456292
10308227
9424386
31528486
17200387
23877299
26745263
26309249
22157440
1858396
9343108
10654598
8360631
9564471
10449569
9063222
18961969
19663171
23373359
19879102
33879468
35135849
33475790
34639660
7991022
12269289
16354881
13068977
15731686
10861070
9311677
24286346
8352924
11613949
12830798
12924928
21045247
13312460
31372450
8229355
12510478
15574848
16943835
20700073
25619791
32322366
15354853
8383218
15749047
5503284
8178524
21774259
6345488
32066115
35460097
6587436
9381345
29575720
11737886
14842938
18946144
15082605
16635567
5527392
6427837
10052279
12619348
6562952
22785737
20813092
8534259
13937797
29145850
6871462
9501656
4840715
5368942
11407435
13954697
14528631
24226025
12800658
18420847
8872827
29801107
15808926
13928453
14187931
31578805
14462644
17848075
33291729
4849557
32559588
9871247
15988748
7823350
14077154
6155829
16151318
14957612
28526992
16633338
23394449
7040606
8901276
6171806
10275940
10794880
5115790
22575947
18148714
22282354
11550442
7546586
18766645
22460830
6380564
7339698
13388748
13796984
5157367
9742532
20948500
31646129
13165445
31072358
34781060
22341943
7996311
10402182
8108803
15797963
9628296
7248739
4823331
7879936
9124645
13390278
9642717
13672175
10833208
15454772
5442858
12412695
16081603
10422647
28512121
11486217
10070494
13141569
31618594
9244628
33213147
27792447
9361228
14115837
7385375
24230399
10513498
16084838
11315214
15750743
35278024
18481075
7018982
7673227
15928103
35093585
9148036
17891098
28561051
28772356
15385710
15820052
13708462
14109817
21674974
26261249
28029906
25279633
11028073
9528103
22944443
33766716
16908702
5944536
21838591
18767104
7938637
14344709
23076629
6125181
8544224
12788509
19959979
29688652
7094143
8819841
13252635
13345531
26452199
12254006
5166561
23695262
12127678
14655992
32981508
5893683
9898165
34916258
10877727
17059176
12666800
8990346
23186402
21193219
7384735
14380979
16047640
17261434
19510570
23997485
26457389
35355355
13231725
10991505
14129408
6676010
10509023
9948860
11235905
14900724
6158069
9109965
15263793
10852274
26766971
35263825
29810023
32279700
18667492
22330633
7736775
33284412
6171311
14664405
23806526
30489031
35353486
9824889
7908635
19543849
29238154
5312747
11345723
24962197
9400967
19693900
28561042
6578526
6803251
18264964
22408537
14083349
28043220
11726063
11190095
8684239
10049214
31242499
25773190
5385753
8628839
5698557
14224252
27326349
14280787
11874506
14139233
20213059
25587415
12104712
5451941
7895994
7942827
12814746
5349322
13081943
28338184
12486876
29091580
25582759
7919082
30563134
5286354
16188169
30558967
4834101
5459679
34219849
13926902
20509006
6007005
5308589
5873134
14503117
21723583
8114330
30227186
9702443
13506716
26577086
9588338
7582805
8389537
10396933
22190197
8483057
5899843
11158860
14924942
6175205
34027491
15778732
3870313
10915283
10706624
27881658
25051219
35086316
33480968
4701454
16205821
7125596
18537505
22449520
23276591
31001227
9334510
16835742
10563714
5567767
12042122
29657398
6657325
7738673
8704291
14402608
14302049
32854455
16097979
7743717
9870261
13150184
5129715
24189143
15312939
26304410
20156200
8553270
14662733
11964127
4759030
10124935
6370939
17055537
31090958
29499091
7440331
8523830
34311571
15784179
7068567
16653795
19809457
16412031
7135975
5060490
34483651
13304934
12125298
16196413
20530108
27231660
34565191
5710947
9884560
9913008
26676374
34221886
10507445
17171638
35401045
33188916
15957839
14582197
5535706
5170559
15243400
25549543
33359261
13999329
4964134
11764354
12484474
21308965
7080332
7998567
33694116
5849209
12416700
30339473
19609108
7274760
5832770
10069370
4770793
25442710
22744019
23617058
13100298
34860944
21864400
21939097
22213867
22636190
31501073
15724096
16277851
32624130
6305484
10032627
30712136
8405807
6265146
7420906
12844184
18452650
8818521
10792037
10859614
8879005
18853078
23666855
6047309
5576089
16475061
17526532
11351035
8838752
11903398
12650238
14748049
29002591
10091540
30546427
31072715
16865166
15397547
18447988
10785074
12239310
6704417
13850249
14085178
11686398
13306564
15039676
18535372
31335808
13784450
6035448
28927633
9359807
9343932
15693935
16071720
8826580
27675417
7716170
31523312
6710003
19011298
33907167
25769788
12852088
34680711
15104002
18714922
35308117
18354466
12518381
27608205
33551964
10674528
9453178
5813607
14254787
19274170
21008746
24619196
24511280
12527761
30025765
10973138
5032182
32757537
7997452
8395760
11441945
26936369
30908874
30936009
22964411
29549743
30345134
27406371
12357117
31254280
29347669
15052389
29618473
31393391
11146692
13716320
7968559
11499568
35182723
25479697
33923439
5183239
15057294
17767276
14115276
27279522
7249566
12259708
6215491
11612464
13859479
14677961
16134779
26175500
8910879
11709809
6683496
18554287
12673310
5980731
9593004
11398889
13325818
17807746
13019932
29807644
21380386
30279635
27560067
12966639
13554674
6896306
11231800
12623875
32723388
4923595
4898302
5967077
10001926
8726270
15522459
29614570
31453886
5848277
13488129
35164492
32255508
10523363
35395957
8156959
13909496
25903072
23104526
26901473
28609756
10598756
22337794
13049467
26017060
28531423
10465075
8450263
13316140
13589397
33202953
6465056
32129229
29993785
7196214
19030768
23394740
32741928
9539903
5021685
14459633
33012441
27547569
29745295
5574922
24783005
31689980
12513735
12090911
11757333
15817763
28032396
6221342
11123933
5958746
28618501
10800784
5733231
11500235
22548434
26362763
34475086
4833554
12533160
8819430
24245438
28783444
16515585
14522746
14940103
11771602
19815757
17767204
25849579
13385418
15273020
15921423
16071225
6815780
18608062
31460921
6000078
10417685
14716747
26639147
10849991
16256905
31992521
9870851
17389516
23864483
35104256
8370224
13575634
23556551
29888110
6298460
14353808
22816736
8060594
34219714
35184286
13776846
6920542
35381929
11145486
4949131
7086097
27961419
11216450
35086106
20231221
7820355
13664983
13692620
2336234
25172776
28250986
7888015
13310126
31187134
13573530
26308517
5651048
12732037
14699394
19224310
14587194
11378975
14503359
5639670
10198067
34632400
15597556
11836098
35311390
14168951
25292593
29593666
9649006
11489931
15258655
7864977
26823479
10845432
34595716
18495466
22481687
8538610
34744758
5592489
9151115
16120120
26366288
29319913
8508662
10978169
7244019
15684175
28490674
18951913
9523791
7249712
13337840
14034199
23721383
6751074
27954114
30627988
15616752
14224600
21193141
15240514
7134177
13690997
30874233
34325635
6768549
15285775
7975378
5014309
11853568
15646678
7689687
15663087
18675187
33397622
14422157
10404374
10518289
32819676
5086786
9927247
12475565
22153024
22618871
25604896
5275968
8342240
10052256
24677699
10701261
14079357
33188970
34257934
14516531
34759259
10099186
14762928
10999136
17566537
21493822
30022960
30262982
19911163
6061383
9378027
27473937
29277871
9837683
10831791
15930416
21557326
9799334
16453281
5073928
15671209
28760617
29102932
31046824
6934927
19639141
6977870
19379341
6406855
19711456
7862456
6029803
18016510
6422329
9915645
10952903
31304058
12817261
6170947
13013254
15320828
17718013
21310744
11961547
24104969
26339183
26943380
12878535
7152075
33743667
7020973
14022247
12846434
15336134
10371323
14186889
11833731
13655706
8347065
9847088
6321676
9069608
30341807
9244228
21400129
20267455
11700477
14985822
15201907
26415872
21755719
15720739
30809034
10218338
6831613
12970445
30949786
19487194
8770888
25180543
11668397
5980929
13401679
14738301
8668220
16538910
19894156
21906109
25022383
8071729
8982262
6450124
14345932
15880046
28446070
30168413
14994940
31595854
33539229
33914568
21439201
8983722
8767955
16541493
16142047
30925725
4782144
8371936
8557276
13348071
8094000
19494241
29224597
30011116
7477212
32889246
29040529
5583341
35463214
4768713
13551448
33570048
16504428
7182227
6280700
12743346
19344847
27998934
34850246
9304264
18099235
16133138
6499480
14750093
24327683
16082145
30751431
13334290
31316406
31484963
34672780
8243610
19553200
32534109
32900229
7814133
19036225
23986031
15938379
15006156
9037647
11922910
9876385
28047804
12198535
13646005
34193026
13170958
11446993
10383898
21689494
8959026
7259420
28681831
14886111
20833342
18086197
25717486
4867325
5731669
30564721
8052741
11555841
17031408
10123673
6239554
20754370
8856969
23854958
31576474
4677162
14529746
5431064
16354518
7167795
29702245
29330125
27457893
5300368
12671120
6867695
24514271
24503675
14302224
5845180
9607369
5777979
10576432
13696758
17893561
19424695
24866669
6326871
23840117
10443866
8337901
5188192
10498214
8777614
30727700
7986972
6188182
15411337
26340068
5049769
9458247
26728685
27061677
30351242
13985525
12045264
9849382
5183359
13732484
22775804
20159428
13667276
6693059
26021548
4998200
14057516
18536779
26263088
14716637
8536202
6423212
35065529
30432416
7384618
23392265
9560043
30138536
31618009
14246141
28969654
5017520
17789392
7078463
27137472
30384587
5418072
21297868
15743343
5390983
9510790
29024026
12047033
10039697
12870782
9034365
34526632
12370706
20766697
30334484
11894221
15139836
18634714
20514784
6934914
14299338
11946596
16010904
12364542
12120761
12198368
19634584
6080263
35106830
7498830
9880142
15241847
9812918
10699220
11059478
17705368
24962971
27523575
18757204
9118121
8693353
14568962
7495800
24750338
13828153
21908608
4722398
6480828
17130651
5053101
10007726
10395939
15236614
8194574
6350802
6798518
10642394
14877982
15539006
9430324
8348753
12862705
15689346
31501040
8022672
10077704
17417011
22252939
4763531
6674822
4740050
6199805
8578341
29149942
6529544
9255644
24916544
17978980
6512170
8366502
10948963
22184461
20622439
12051880
10522062
14160736
6925124
7745076
17522668
18524770
32688063
33529902
26607161
9876152
4938124
14075687
5186971
5509113
16745712
5226806
8075147
15652836
31863341
10892416
7948153
19505452
4806430
14165191
23405060
13493940
13822667
12569486
33301449
7907624
6899719
18836701
30004795
30719222
6434630
6324276
24477410
11100779
11319982
9456831
8953697
19527691
7306193
30208268
28103647
6092191
9425295
18677212
9819319
4826314
15807596
20910214
6363617
11441817
11600811
13445017
14035757
12747294
14732377
21330049
28556605
14856935
9047170
21730675
16217250
25757890
6016085
22244656
4949995
11623031
15654132
10219623
11448149
4684160
14850472
22706702
15204435
34707996
7777240
28715446
18483487
31808705
29681758
33204213
22760558
19536139
7177485
12820427
29760727
9867130
13886346
12011506
16263877
13059039
27887154
29377075
17257444
25085212
30713117
13901642
13385029
27035880
4985215
24753593
8755174
26779427
23877536
24200684
16017843
9319824
17982787
19929544
15948212
9015945
9348543
7706311
16231353
7131070
12284470
12597859
11812571
13051237
28954657
27615486
29523487
14433675
12293558
27583878
9235427
11173800
13692005
5590008
14754890
16137830
14528894
9761887
10644840
13298634
25428115
11758754
15197753
5693301
8572517
20413531
13491362
21705955
25955881
9899091
9234021
14769364
8265608
12131490
9007955
27965658
11102723
6618891
12980216
6062797
15891374
5249174
6903324
30587215
22327930
16207077
17082876
13397991
26832416
11998396
32165334
33626796
2106091
13721265
14864624
14666161
12415875
7348860
31576585
33957726
12150971
12782097
14048286
6295386
14177353
12379560
27073077
33065715
5206666
15566475
23463242
9064989
32721171
6973848
8507656
17734321
18293617
30120719
12619357
19935076
13136396
15940320
27882336
7747701
26753603
12308284
6156861
13195399
7631984
4684857
9028802
10538051
16123126
23995211
27657048
25004476
9091044
7452686
16132711
11666132
7039372
15805907
28983706
30252674
6448283
9518586
14099107
18620317
10462518
6664386
29454373
13276536
32899263
5281279
8442921
6368101
18841381
9862326
11774951
28146133
11737589
10469919
29764813
15937453
9181151
32803548
29242276
11767930
12748617
13052951
8972310
13975034
21671005
13146397
26673251
14148466
10689564
14334326
7648766
16008248
34691034
23399861
16262536
8035076
32339922
9473630
11981638
12657717
31730693
29193298
32015879
33939708
6134230
26002339
30954832
8459119
27898026
5575713
10086359
13535959
22461943
4972614
6339689
21362863
27149307
6999440
6677951
30722006
33817776
27834561
34986062
30791922
5430252
34706415
7544004
24049409
35272381
16556400
34659784
13237860
6050109
8883497
10855254
9177064
34051198
12672176
24428405
12207235
7181537
28900714
9148392
16299844
11209725
30921828
6850915
11420786
16229505
21703363
31379927
6521061
14806374
12479668
13420587
22069831
32923428
34443502
15873916
13461814
6343122
7033502
6529465
17643949
20960284
12466493
15773006
9045642
18301459
35350201
4739073
6470665
12860788
27355587
7564691
9214580
12867488
21220159
25734016
27414267
27632073
28932079
33084126
34101007
13929042
35138036
6770905
10134395
15614367
22263898
14319379
23996846
15394658
7116629
7947089
16025186
11359002
6907901
11388130
5263560
12223468
13985054
15609450
16136693
9805039
15207167
14847098
18366103
22862954
27335022
28163584
29935270
10721672
30713327
33277686
26135345
10682568
13812037
18452920
25142284
15902754
6325625
31164812
8252627
13763220
29538232
11727244
5156636
15860113
32103435
8829950
11217742
4776885
6309623
25446895
30301268
8660308
6310690
7052086
9640681
14236746
20263132
13285373
5079039
32554344
9633716
28110034
12773300
14719071
29215210
12239014
9923663
34807646
13736910
12120148
18585988
15955123
8444430
12013062
15284582
22355947
31024375
34020678
4744721
11472604
10085300
4728861
10205708
13036505
11310778
9262547
27374553
30706016
11341880
26711030
9498859
8324155
33149415
8894269
8975659
19135912
9793253
30703231
11625620
35282971
18400489
11248998
23297498
8166929
31722932
10427038
16210333
29947261
5321515
7811079
5174153
17694139
7924051
10214139
12890317
33455318
7323250
13553371
23409206
11676968
13904014
28663537
34318036
11559703
17669308
14968259
15483788
17559394
5812508
6494751
28917043
29482033
4459193
31542430
7517804
17990509
9429607
15781206
18213676
7137501
8450157
5617589
9461110
18182554
10036794
8796306
5756177
15394676
18153124
24320657
6368156
28817386
19937716
12532835
13785213
12224912
27318327
8750980
10572328
9220152
34507600
11967898
35324080
7026279
8735087
6121479
11612050
20709238
23153261
12785530
12457479
10055828
24918737
6866668
16061629
9791099
13580001
12122750
35484808
33735885
31133042
26001544
8263302
13286669
12226052
21355564
22138126
27744885
14112119
30141542
9015237
4818486
20917456
27792381
15987824
31865672
15143562
16008894
13891308
15932747
31616029
11685955
17965033
14942870
17879440
25597354
5082032
14424517
26768849
24368585
33267558
15202916
14728276
8158697
16180883
15178039
7623007
11266507
16206630
26200484
30004225
3010370
6325684
8293063
33021003
18356974
16304242
15325903
22553213
30681793
6944739
21889552
21549550
16128371
9610474
11695086
24309284
26777282
2107152
7843090
25746271
8210550
7815667
11336448
13780296
9750087
21904870
25305439
26856902
10981031
32138436
12978348
5865768
34702707
7626583
29543116
9982217
15174765
28153399
31621195
13334441
16651182
15617723
16381467
17950135
14946472
19414120
6208013
32455455
35091620
8020850
6071673
16208462
18036721
6711847
12790645
22466323
14570420
33359270
27059088
28513993
31885657
17693269
9044151
12655072
26530001
9213735
34915064
28271662
9827516
26608700
14712988
13472179
10344215
7768052
10879801
9098158
16225010
17165536
28919737
22735304
23548577
17585857
14368165
26091892
14472568
15522545
28858342
6780015
10694609
26284388
11287513
28492879
15170738
12592046
28183873
14928045
34993985
4900126
14808069
17848228
21293767
20396434
30626719
10682250
16178345
4814396
25850161
16393341
26222654
14658855
20144899
22928138
22307233
8436620
12417042
18331663
10627584
6581506
12003415
25167571
25722457
8993780
11774078
12657372
5096599
6136349
13190968
4816173
24575825
7578656
9578516
29985358
11274204
13550974
8218364
9337274
20926225
11795436
9062053
8110222
6884218
15233473
27458697
9674411
22713215
7114743
23582756
15809984
20742814
32821752
11561231
15637558
21342520
14675996
26171831
5946246
33281346
26388824
4895661
11858444
31370635
6369649
10181293
23965004
31019587
14958610
9159172
6250771
25008949
25145953
29100067
8318430
9365789
29431861
15038697
4912105
5315408
6328962
8828858
19639468
10269651
6209807
7357608
26242583
22155502
23322083
8885789
11133733
15521153
21585814
11171001
19274086
22007257
9459839
14477883
7149635
5349089
8393498
13341646
22744697
34918652
4862001
13478693
6615824
11572110
14792902
16247322
22958693
6168764
7256094
18211678
26277452
6168351
22227661
9606627
34541284
31207492
15938804
8397304
9422637
11591809
32149614
6976160
23667629
12686574
31504148
14433874
7315969
14566667
7030968
7759224
24216572
32479575
26586227
9394001
11824267
16157544
4781735
5149395
7340483
9947235
5118708
5496975
9656115
16119556
21843157
11306650
4880512
12066134
17270344
19642759
18520003
23311136
22504061
8423199
13446851
17808238
25975783
12372472
11704013
9046118
25641820
18727750
12103771
7501253
14515437
14663942
14937728
13700084
14130203
9621732
18546547
31059632
34802069
11472950
17693551
4962751
18018928
7459254
8483287
7858570
5268409
7777741
4832388
15862345
15828503
27768021
21377116
13387139
7359430
14057657
17662534
27447414
8069983
10691412
29121124
35224945
7767732
10429678
13970095
13002712
12822305
13742631
14444901
6948414
4982732
15882656
5343121
12309819
32946363
24963817
6428700
27640029
23949161
35408842
9629179
34256386
11996012
9076267
13908087
15836942
7448872
26937755
27320013
14039376
10557754
31686173
24055940
19279636
9324646
17452453
8371635
29270965
15526780
7454927
7478799
35115683
6928568
7199916
10664076
24991000
4912154
2808809
6671427
10362371
26030308
33387317
19973878
14966720
18918097
4741114
10789573
17486695
7964478
10962429
3421724
7067912
31260190
16120345
10882470
30172931
5675426
9180521
7086058
7855125
15044793
17038431
15968275
1605467
16588083
14902162
20216530
12568723
5574243
13729820
15921109
27061704
16251319
7741249
13708677
14940326
5656289
14319636
11609862
25677859
5557248
12756858
6175167
15110394
8300056
12621931
6027711
29212483
30475319
30814743
10963398
11106401
6507224
10168556
4600194
15644748
11952342
26375441
29942941
32845887
2484175
32670573
23271296
21343267
34818347
5382786
14453621
5906557
6819537
10812959
15918248
15394303
19073473
26186642
17088345
4677201
32184342
8382120
32937150
6073896
8722546
12055503
11642724
20949352
15050844
10987625
15487174
16064122
5816233
17581825
14717248
17131680
32648985
15230560
6822788
31661693
31095128
12490995
20686168
11924576
14546382
20613316
9773727
25258567
26283389
31640632
22425652
31235638
6912585
4715468
6379828
6123643
12687322
19536733
26190113
16333563
20114887
5953688
7567765
7101003
19513930
34534015
32366091
33187881
5517526
27359760
13656633
35056406
27248805
6989848
10649340
25645102
28537420
33587085
30612253
34468906
35418031
20742880
22551152
9720376
11105698
11630799
12866899
14494747
15993775
8055163
35528023
32090586
17462101
33469376
28745377
5011159
8621014
14569315
3557653
19005622
19284712
6218825
26445806
19735081
5712623
30611857
14560731
31035571
10782396
11542510
21687682
10665771
10270073
5705980
29955013
5134338
11709322
5537731
10134454
4800987
22466524
27881328
7498490
32501811
33502814
5266595
24002012
27710883
5988530
13702741
31463936
34630663
10349997
14637696
16533888
23494805
10549007
6379308
9452216
21641365
13854859
14788712
13211881
5307872
12606958
19183729
17074968
15740935
11827823
16073747
6890432
14566558
8476531
11650486
27519132
7952021
34164379
7252723
8791444
29874409
5715633
23741348
33315294
12147412
19338721
7242495
22842182
28084882
21286603
25594729
14081559
30596941
6605265
10887297
7458269
31748195
7565871
26349575
14406236
7254501
9888742
4866253
14145995
19400869
1638689
12391385
12184012
8825879
14098093
5168825
7416119
11021240
9221094
27308847
12281193
17709886
5681169
17905165
6012610
32372574
34400857
11838320
9045934
7228139
13887526
30877080
15322427
6361818
4722726
7491991
14374800
19738003
13419887
23941841
29056213
7745313
10342887
14826885
13789556
32095494
21663832
13933252
9101815
6118998
34773224
35509771
33613440
34455097
4691713
34438057
31677245
8707773
15600163
27293844
5509789
6432522
15781359
5014150
14331389
8166391
13068275
27952548
8259926
22929320
20210728
13128786
12037883
6044953
27525885
8703108
12721807
17204155
13380135
12381057
9053082
31490891
28176700
11585675
7461331
32192007
12190396
13814324
9090770
11103469
29737270
6138974
11666869
8627770
10588216
31789550
9983485
27798549
32526000
9865991
31120904
8539948
17312857
8831273
34106626
8823937
17280028
12102929
7934951
9475354
6323683
10637553
24224948
24558290
29631874
14679866
8723100
10962717
6492166
20587312
6395850
7776538
6099479
22840034
19410946
10907336
32689227
13114279
31441715
11154607
35222332
32359923
15410269
19478248
10126637
13012002
19587400
6341371
15039901
18711256
33272565
11111433
13473755
7364066
15500189
9077795
6662909
15076792
23847218
8632705
22823255
6265258
16150169
14741148
13594782
10125175
9968870
17567032
8767569
14411069
21496507
7781287
20333695
14434533
13333972
11864687
15878223
12515717
9758038
10293701
9245459
30224204
28033815
33992616
35048132
30709127
6727553
13232586
15135170
4466075
15685393
28653463
23294540
9734345
10959400
9380410
10903231
4960726
4966031
14946655
16095233
31286888
8739137
28121545
8876771
7041135
6704811
9976506
30993463
5526738
14170339
21518245
6952884
11125874
9867660
10574735
13311780
16066690
26012269
28660045
13456113
11924685
11885821
15904672
9076957
20608789
9439269
30117860
8583160
23245355
5414575
18905419
28241689
32431257
4899687
24129644
9362082
5578315
31395578
7536847
8212570
13276790
14780086
9020549
9942828
12026614
29055667
11955350
12827201
6587552
15730568
18887617
6614746
14228631
12599161
20378341
30332699
11567286
23356304
17219020
9979859
25695712
14177471
19657993
20017927
30412559
33430664
10571616
8509236
14437153
9290949
11771096
17471077
30032275
4745491
10691605
23155427
6025339
8173352
22542896
27908616
10493382
25523374
23216966
11831960
5812091
25640113
14924241
11017449
23401874
5698035
9288120
19162723
11104111
15302722
7554506
13369037
13086460
13273146
15419130
22007515
31314807
14430979
9886786
13630352
8991328
5952525
12764645
28954954
28070254
24644138
4775156
5666310
15340643
4677976
5926813
14205910
7557842
22263883
10158610
13374240
29129776
31626370
8850258
10265815
13002159
17509084
6556866
17353897
10866157
21561418
21869452
12089602
21021052
32836155
8461833
8613543
14002563
7295396
7888523
26251745
6082357
17976400
11532905
10940796
13571971
14213126
6673885
24771308
8069609
16221582
34284865
32958195
35200090
5530373
5973106
15138154
11845267
27201708
33078069
22402468
7304449
5019062
4924287
19088044
6011775
9246910
21966016
32918808
5902898
33979095
35386129
13866475
6202725
9613542
11027490
16147484
14154176
10162913
7065197
15752179
31437371
15874297
31420190
15280491
10455873
8888801
13543088
31434524
5408101
12865946
31822280
15391611
4838705
5591829
21069304
26016937
31845488
21719500
12215383
22384762
12723924
9339945
12523831
4882023
9014100
12775860
7381713
6404754
10221490
9104878
11239383
13798212
28230826
35324251
22383787
21268993
4947520
13564471
5737473
34652260
10220918
6181677
20733739
18283882
19447420
7586561
11867973
13204464
15976138
12700552
8051883
14261988
13349742
8149011
4906858
3299743
11648517
6599468
5607609
16108856
34081537
10087344
12415264
34642879
11870106
22918190
19597069
5252919
5990935
32672565
7784099
20971513
6430448
13104876
34546045
6511293
15647702
7056216
20713471
5026090
24402872
10817552
13150257
29833672
19264066
19496965
30012685
9751623
20088484
14773407
25511440
24305828
15050128
14420507
11032912
11106307
15156273
15680074
10396865
12439792
26081866
15925178
28021590
15198676
19321462
7492215
7836041
12058931
14132308
26056654
4690428
7500402
17231209
11196383
13172666
14594715
6968311
8423786
20224474
24129152
27722640
27439665
33064719
33337898
24865022
12222679
9105641
16830387
14012575
7476351
10945191
31188178
20005492
29326642
16142300
9063162
29475217
8984489
9132018
29350129
12544258
11395749
9411461
5272735
13208857
13573057
19604602
31741829
5529731
5107059
24147515
13478965
14927215
15471640
25179166
9544683
21772408
15471449
15515256
7498795
13631868
9100140
17887915
20002969
28540681
9647103
9198479
8385011
15597897
5994106
22128385