24533831
29753374
15991552
8257595
28960120
11819906
13561105
7195152
26117054
6774774
23247926
31906702
10162836
22089712
27797082
17699179
22884875
6197290
8840251
31431254
15060082
16149374
33390644
8577386
22277728
6300411
6350959
12667875
7348752
6591949
10624238
27581343
13970619
13075184
9688176
26156054
26354315
7600413
26847398
12737941
16096346
10998220
9665425
11549038
11903725
6436865
25757740
16035748
4907424
11236449
32082909
7804812
26339039
26392442
8105290
22997456
11893526
9070536
13184345
26193311
4697193
22796549
15931004
4762109
22021930
6021463
24362291
30527098
20554363
11084398
32171928
10289911
5977284
24767315
11936302
11897780
7357855
15646844
15432819
10955256
33177408
23375276
11319792
12676293
13559728
18403498
14272043
13425672
15878860
27519498
7536153
10820584
7860845
21398908
34158970
29268589
15707208
9256520
20179405
11840145
15155067
17941705
26732348
29047039
5265477
8409445
29468347
7593754
9812050
10565983
12137039
34369528
11423486
12846531
9109496
12247238
20394277
9805828
23450033
33018300
22850384
12455959
26717549
12001661
13603952
7136976
16039772
30186992
5163272
32900490
29348575
19547614
22841399
11401705
11232081
35418646
7189892
25817119
7968042
8491141
5648632
13534761
25546963
30038116
11727208
15728427
35354212
27691908
11476566
5448495
14603953
11042484
34512688
11829763
25567255
8011060
32758755
7374255
9619623
9598157
26036020
11245471
19890868
10386229
7724085
11841049
13159614
13662509
10796849
5613473
5796946
10830455
16803372
9818301
8773997
27524844
6724262
9757495
31827323
18105085
8166185
5938566
19764637
29428342
23966606
5451644
15557209
5968274
14235260
7519136
25713979
10182390
7023095
12046541
13903023
17032824
11168771
10417298
8804027
35486002
32128740
29369269
23854331
13836422
9383212
9938646
7620725
15482104
12949575
6296059
19184524
12258033
33438350
5919898
34337656
24850853
16365561
13624665
6941346
18500617
23350736
9273428
12201565
5053430
14328826
34724583
9608463
6878597
10719071
18908026
4749033
11776381
14315972
11771704
9959884
24418430
6927005
15339579
5996267
15223829
9884581
9959131
24731201
26253941
25500655
13559902
15732545
19638850
13296433
23747138
7706963
27317424
20007487
29349286
31680641
10506611
16256038
30830607
5836512
14030842
14760409
13877786
13618456
31859885
6127686
8649775
29315536
8375923
24824171
7001198
15260436
12249008
31117823
13489325
25393435
6017854
29412019
24844880
24590624
18369934
9228982
13087652
33842718
11429206
5969523
15170975
8789624
23037902
6298782
19615315
25212883
5176263
25312390
23357159
24850850
8580842
31335490
34538404
8011544
10869560
15530679
17693263
6766620
13239642
5230669
29730982
8915733
9919380
23602226
32336538
11395122
7851234
23423069
941552
28076278
19466710
28126105
12464511
19326196
26861615
12461216
7487645
10003473
30931995
20086036
4809498
13020805
18666862
8772513
15258765
14342241
9082300
35323789
8017542
14590278
32126082
13758147
7206589
22056013
32812233
6456951
13050957
15148348
23910782
11873255
32430210
22416904
21117733
15140146
28245778
6740662
32795628
5820219
21553444
5387229
20745991
8196524
10499337
10884130
6328226
24441032
34689555
31568164
12432509
20821234
32024978
10586844
9489206
4712189
12793697
9496834
16173001
30524527
34519219
7513772
19615366
16155018
18904246
10688531
26510297
15233162
17332543
12334172
21544558
15057896
34106350
32547123
4842246
16641429
10862150
5432306
8529603
8319882
12505509
25868593
16303519
13206996
20462509
30188408
13804229
15841853
8313444
25893604
24318017
12540668
14465617
15769943
32164773
11829593
5008442
15194099
9540312
14480495
7198071
25586017
30849228
30926553
12397609
5539106
16237989
5117016
6292465
15952113
7848789
11075960
24903524
5215911
11144306
10629462
8420715
29645158
19754755
7787965
22174693
28938679
31198528
28017630
14397013
12519443
7485900
25918954
21054409
10217702
28268026
20146219
10594324
28890490
8645063
27009378
10659331
7392089
13411899
8145228
15393262
13519089
13645377
24215207
20610502
5868687
16427055
35532436
26574473
21737749
27258282
27314166
13678849
12498161
7183644
4851581
35260711
25053154
21263473
6121855
13642294
21591784
5483042
31812110
16234643
10552309
13407296
8484269
7549761
15947118
12615368
28950313
28696531
6052209
18906466
6265615
12117626
5154791
11519087
28909939
33845817
6430693
10375695
11579791
28708777
25432486
8391661
10730652
4879853
5527024
23516087
12525735
22670606
23452964
34945958
28813621
33408527
20366674
6995980
26601716
25872730
6402571
29072635
13298048
10045054
23535143
11495567
8691803
16054151
7869339
8108237
5542457
7467460
8125132
30887973
5658795
10597436
21064075
11455333
5793866
7114210
17704945
10369215
31465991
8698387
14421238
13134480
12248697
7002845
29546788
18603082
35116010
13318852
25163530
8908990
11458028
13554341
20940490
12016773
11761668
23024729
5625342
11494526
34937747
14935968
22857179
9830877
13928596
28200814
25858813
10274980
24823502
23284868
12882481
15834078
28370821
19279702
17208106
8565475
15110089
6053892
14846387
4935938
10033337
14799933
20208406
7942232
18707614
33493901
20328679
21299671
7291206
6028244
11711364
13209857
8593766
4871152
11322175
35449123
33039258
5074002
34863329
24976516
15735973
19069531
7572376
34317610
12993071
6231059
33077856
6596438
9197118
34372825
23398871
31679399
14943088
17908678
28599127
9134599
5076970
26330867
31941316
23105810
8543585
12947159
15247381
12400955
23624543
4758541
10239380
17299987
21549151
4814019
11497150
19025359
26616386
13682482
15638094
34054357
9325412
8762825
7608674
31990094
14374667
9115248
35340508
6156181
6544507
5820285
11887798
8835060
10894219
8707689
8543093
24619901
13495759
13895004
14601083
10759739
15693000
22528643
10110495
14191384
5247995
11499545
30277724
8894397
14372332
24093929
31475069
22209283
21111733
12626542
19056340
13358435
13838426
7642568
13597619
11222682
9440784
13493873
8630569
9951050
25571335
21855298
16110294
5566416
10586208
13397704
9576121
13434168
4789624
8838714
31831799
14300320
31814282
35320012
12713325
28057197
13970385
10685403
12484038
9598893
27957306
14283710
31211350
10253080
30563536
6093884
18291925
5870534
5887804
13723423
13620412
16421979
19180462
5654978
9181635
25696075
32094768
6076492
33951042
12365881
12869081
4793524
17649019
12054235
34933931
15506997
9888099
19896370
22847909
9708141
9038647
5260732
30918981
8175688
30771408
7334076
28012029
27378606
12733442
15005297
15528932
35522110
33032421
34625188
9119565
12274541
31789454
6610714
6309999
14664662
15631469
10749976
12975248
7827847
28745512
9175967
27124152
22419895
4896298
7492446
6746483
19034437
21611542
6689584
7800034
11824867
16932291
26667944
13834950
8481194
11694610
12548180
20099125
10541104
10873165
9880550
11357851
29130142
26420831
8467879
31021045
10406244
8497891
14577320
26563313
29537839
20005492
8467083
16450020
15369715
12759714
11184225
11893520
15777275
12202053
31824293
29964082
13057209
4948559
19756180
16151325
11401838
5000803
1878325
11974210
6811083
29920540
9250095
14583645
16112120
11849315
6392921
8741854
6470426
10168247
13890569
28212562
6043637
6391315
13005310
9517005
34730244
32167059
9842399
17307193
8059445
15179645
24313589
13596933
11377679
5155599
8442721
28413463
23816441
14473083
16198977
29918545
27675948
21314209
15038790
28078297
6057423
8138193
11834912
32690016
24401999
9062414
30368246
32775591
13819526
28206754
4921785
16108645
6115843
14505872
10099675
10860096
12553158
7566176
8221756
32234727
34299787
17728948
6940387
12173233
10722542
16667208
15007595
22750832
34938920
5799177
13002156
26330360
35336974
11385529
23033972
11260703
11940214
26691461
29543488
15759546
27378192
13569331
4719120
15987856
34490224
16283259
21063661
14272302
30063880
21046189
25097890
12085964
5651907
5949074
15460587
30277442
10102854
10898486
14120029
4956343
9906741
27560856
10632112
15161963
6656874
24406688
34675330
12806555
13529579
12408419
13287652
34274890
10853400
16147126
9134328
12156534
21719110
16715691
9033687
4927839
30025537
11177196
30473630
13367069
25096747
26423840
10951574
10456065
35454253
10802740
8923383
14211407
14178820
14724897
25969501
8240141
16166371
8952125
5880357
21382660
32175936
5926150
13583610
27993147
19854349
15303853
9950993
15384115
19255066
8946762
14302424
9876539
13950637
24465257
26326364
33456416
6075040
23050742
7363619
18780373
6411373
5523032
27149988
13529716
9277401
24164612
24089987
27963816
16142792
12207351
9998898
5796200
16175851
10455290
11691474
16858704
8146765
7485531
6018202
9282375
9891314
9260885
32762772
12093447
18973393
33437213
31286924
5802582
20050933
13658598
6199264
13218827
11013592
7948886
10736296
15863874
8008524
28955239
15725835
19108591
5079229
13178221
23015531
27953589
10767561
15579254
4871623
12739768
8308222
5142963
22029820
15185886
8223646
34737216
19005331
30582574
16183261
8524498
13059679
14262250
10403076
7570407
11971427
7145815
14791578
9159898
8321262
4872398
9629348
26730542
31296047
5016348
29473603
5451320
7297996
31374586
34278991
7321753
7652578
5573004
11157986
35431114
21714772
9800593
17713081
26602568
35109101
23469641
33639312
35307268
19051585
16411992
7246707
34011681
11036665
13934051
16991871
13143300
26803859
7716385
10189127
12627067
27553545
23643581
6932348
5079536
21953281
15549490
20482720
7356225
25723390
25505221
10831009
15715499
6040097
9014223
30385034
11961929
20034994
15038004
13150689
14402780
8668331
5277807
6531577
18565543
6149309
5668353
17861752
12305615
5726472
13538953
5676702
12198362
9329251
15610365
23624594
18651742
23521403
9372110
9398009
28474330
4758961
23441897
30149405
19395661
11287060
11458274
13195470
17207791
15888295
27794121
4956921
10803383
25866238
9414949
15937226
16209847
15627331
13539489
5997310
16759521
13347240
9530595
32221722
5495548
5842260
21665677
9001750
21042307
25776589
9342910
9591904
30465782
8304812
27262302
13767881
28431010
7286807
15387328
13102997
10462351
4842848
12961479
18678871
30417506
7467680
29614588
7201728
17558611
6239223
10743306
27079593
15389968
21920212
8899667
19595281
22431079
14214444
10847990
14172611
6924208
5010999
10752504
34209901
15674119
7347406
20491387
6560140
8544979
8270190
9845302
14618298
7611178
21128995
13439679
13551587
26298857
13854133
14931271
5421130
15270605
17343271
8581060
5927373
6301347
19461442
12178547
34012584
34002630
10968465
9182821
22948781
14072742
24678218
14434617
17326564
12306579
8045015
10677053
11100250
14715856
13618378
15993831
11941095
33868107
10008433
10394982
22039852
12152287
13183625
32500716
9427728
15377361
25513378
9837143
7217710
10780746
33883101
14342873
6306373
29607712
16237130
22901627
16228669
15182980
29831251
21746893
33664329
9203347
5735276
17125824
14731093
10515134
13877300
12174933
12490226
6255972
7394556
8148217
32711694
10813331
5255020
1965906
5326600
12270241
19696684
35533843
18588685
25530529
12777280
11256904
15657300
6623699
12275186
15475954
12158472
10486654
15528486
12498763
7864438
6941757
28591798
30235889
32012015
7741407
31764971
11413306
20767789
5034738
25361452
28362766
17866942
13445406
22063840
5254737
33574581
13791498
8502783
31124693
13601846
6229404
31189495
15857571
34970228
6758007
8427553
9622483
6612506
13358630
15066148
10718150
12464481
35430463
16320405
6946362
6673789
15288570
22361746
29883040
33047943
22685765
6115159
7727523
26779832
9746385
24066272
9955310
21121324
11590682
13308815
23587751
32446044
12209208
15618569
19370569
8305590
14341482
7550603
14819481
22213156
10082655
13158437
8762404
26750972
10025196
14683792
12303152
32891307
11223125
17086242
7500686
32351838
10720840
6675558
9139515
8185907
15134280
12412927
12484161
21864115
14428158
14311904
22129009
6618063
8039269
34343656
22365334
9553944
15851664
11404670
9103861
13020205
16111723
16105393
7402263
7511870
18491785
9050041
21703366
6143585
27348714
26186603
13889169
11158115
18605773
11109026
14690550
14070386
13401680
24225737
9938926
15235432
23542817
7653727
23508227
11857272
10568035
22597190
26950526
9670604
34183141
11147138
12951603
24728723
8835912
13055509
5201709
4708131
31254811
5512674
11069225
12680876
5905458
15218573
6387280
11960572
6292479
21552181
6044881
15373461
35047028
12656938
32511120
6570215
13769066
17447719
5799421
12089619
32990124
16909950
27426501
21368791
15752742
15848131
22088191
19194733
29826421
4781639
12813731
12429325
23997293
25263634
6749424
8829160
6903782
6803721
32765658
13066039
13042982
12306978
33325782
30074209
5964995
14820344
28095712
17133864
9445305
10459282
6032169
13647954
12870381
6318632
16336137
14738347
7063868
11638444
8812298
13150322
6956000
31561735
15845444
14073841
25902304
30280853
6359435
12311772
13142796
5526052
13013295
34738320
5029122
12857825
5196064
33074964
28166518
31306161
4890427
12277841
7932178
16318128
31376785
21545065
20954026
10703681
29085499
9203157
26147081
7959755
10341941
5326888
18229825
6391008
28848058
32391819
14328463
7947875
8238512
10656028
29303401
28681057
9338455
21846454
32847441
15894510
6534566
15639230
25480192
5795930
33600150
8947590
13378100
11248139
8276442
14051456
10952396
23387219
9828293
11371463
26751329
17113245
18929974
26497523
7361945
26470892
18104419
16193599
12386801
10889677
10374243
34748034
12858290
31311351
8965342
27537699
14353710
16351080
32183013
6847886
8102739
29210296
20327887
8055388
19389091
5628109
23291447
15683449
18473188
21387499
10764153
27054033
24569954
13367902
9064369
8667713
27422895
17382193
7409928
10860921
4867335
8768752
14592178
16303985
7125956
7867964
19410118
28219531
14749173
15174869
10160556
31395320
23757350
16824201
30629170
12445737
20177401
28890403
22660691
6125228
8621333
14674772
6141010
10607217
9342163
10524856
14388672
30360350
30497824
10059910
6639418
14859747
9904807
9817108
27616926
21125716
6432945
5867168
13350784
10205807
10291524
33666948
9263753
9769086
8838770
14171788
13842288
16342245
28465507
14978088
35389456
23029331
13830916
19936636
7399125
32014451
16060505
16781340
22702787
15081497
16011961
8423575
22065577
9248924
15110392
12797520
27430704
28685518
6737018
12394529
21996238
5588453
14158626
21861925
11127145
6362775
23841341
24520904
6158852
26903462
7829786
7550163
14586387
9608065
8142344
27247233
7406972
13749423
15061805
29516608
23774357
32380311
7385374
11218920
27798009
16655607
8643852
17491612
14963572
6055830
12470418
5580258
24543314
21154246
12864204
16166300
32058804
4690508
6699424
35293924
11373100
8379292
25447579
35512861
24845453
10743739
17208157
14961915
18078433
23450891
5835975
24472076
10480340
16205235
11113954
9376693
16753956
27319455
17075157
20728687
4983855
8306926
14214008
8269670
7180665
13779752
8695336
34336993
35421193
26441960
8779436
34858085
15684276
13964779
7529690
8950868
30495811
11667783
8218836
4785201
29583826
8967274
31650821
12010512
22556909
8290370
32457807
6516379
6306119
8563317
5116741
6831192
13635817
34566775
9576464
15613364
22281220
5394628
29575573
13576560
29792896
8027941
13464499
11681433
13431791
11042959
10643140
10546687
12570365
7328287
26962568
13492747
12142604
9634071
7386251
17082471
10326191
22503722
32435559
33067614
12614731
29331532
6352163
9359184
10412342
15894679
10515813
10744787
29746957
22549841
7387172
13130682
9363502
33895887
7643054
7037472
12555890
34756433
13592318
22484690
10281091
30279938
24639824
20206186
6562859
12616657
14954301
12296734
8032932
24312779
5239284
8619218
17616763
14064640
33026559
13526160
13694830
11907653
12807365
33699462
11699629
14939039
13371622
34383442
11658273
24745154
18050962
30876624
11860677
34450168
6635452
7815664
4731078
20821171
10439955
10131400
22202179
33478193
11726971
31290824
7260000
12162647
15453877
1741404
6713762
10279879
26304782
7320468
27237990
17757013
14235194
7697089
5952838
13217057
6264555
30624844
10597203
10447462
7194155
6872250
11329353
19106902
14738067
29997304
20660845
18516631
16492383
9082199
18761962
30097085
17740018
9184513
12874290
15119295
24237248
8329139
14655585
11122763
11019963
25205977
5829491
10664905
18036274
23147567
11568301
30476312
8759255
18363202
7418280
21661270
26303885
9841529
5967882
24640910
10264511
5643667
12385801
28973644
21733291
15104044
5852148
9177794
11320001
27222189
5399306
14639997
10372727
11361258
10858728
27487005
25633639
6805037
17670436
12606965
9448199
34761290
28695151
25208797
30730235
32242353
19408621
25469263
7053680
22387165
7174562
23394056
11968245
5392157
31723430
7170065
9557262
21325492
12495695
8108914
11057216
25421356
22251220
12606618
14993160
4816742
6237534
6397765
16214753
28032990
10586239
32791506
24789224
28533388
12057112
15755564
13577942
21774364
32407017
34384765
11773580
15654741
31567117
12170159
9082353
14751942
34396663
14566505
22212628
17018505
10328935
7059459
9205798
18214480
31458890
12594795
5027756
34426462
34018890
26507252
9279990
33308679
15025790
23848544
9602413
29449741
15711011
10217706
6389098
7265531
6954498
13278337
13200671
23159471
14423245
23819261
26857970
16639392
11696764
16206444
10462492
19568332
26196239
13616117
34171309
9767574
12269624
25116832
11655280
24362366
31604557
15176950
16851147
12694361
6394481
9931080
22998527
21900730
6906458
18473287
32943591
18546133
16649550
31465244
11623530
19157095
8696918
22096864
27089541
16187502
13896657
30062263
6344804
17226352
24694349
22662797
6570373
5080599
17556781
34918076
9793126
12590725
8206453
9676197
8722055
29845684
13117469
34818527
10368310
6372367
19087345
22024063
8283385
18022477
10269139
8485638
7140157
28851178
17903206
19729681
14914703
10009267
7697999
9778898
9758384
32661225
12006441
7103178
20150785
14812386
11116064
9374912
6841590
10536417
14046119
26390804
9468829
32447892
11962087
16720857
32359539
24069080
16093253
25145887
13335589
10694373
32862771
10198090
27943749
11009374
31254190
8205387
28047714
10068267
12195202
10931672
9836600
10196658
11733583
27737841
9426280
9872541
6912563
10181523
35396014
7082897
12871059
10445568
11645318
8635820
29591449
13867541
11132523
11771946
6889771
12784662
16197452
8687060
9676665
18361030
24516551
20151019
7992567
10815906
6454192
26914652
13871756
20662855
30731381
18192412
9439307
15654289
5134206
18008626
31119257
9664908
31676252
32187603
7763609
14011380
27798189
12035101
11376182
35325730
9908685
27722895
6000160
13024540
20869792
5415275
16570770
12158759
26235596
7547931
17867398
30156542
6026807
19182571
21060115
29684470
15547613
8560153
15492647
15285140
10161629
30729911
31305864
6585314
12965936
12037873
34853927
15680182
13881857
21922798
10234651
7167255
9561706
7737795
21687460
14223882
29229688
15530250
14002338
27798144
5461864
25146421
13603060
11178873
6090404
15243075
21633361
30564355
9560682
7314750
29207650
24289550
6957856
17784451
16153052
18453076
7984730
25763125
24713768
6817183
25213762
6228306
28767214
23880977
12080572
6032670
30308963
22398721
9217929
28966027
27111108
11288881
7832850
19945033
33789864
14035942
7815424
13101289
15719137
13565326
18348091
6860319
34055674
11662674
7555082
18848656
8322981
14058879
10706661
6138008
29500204
7893639
8422577
13860991
12849526
13083376
8843461
12022533
26065627
23808434
31531369
15364848
13792622
13387232
12600757
15785696
4901271
6280242
16786854
32722308
12588470
24098489
14963211
17731180
26640839
14141094
18429415
17309863
35051057
5670373
4817880
16907460
6375205
35331859
6677908
14358965
23698457
8215571
5019162
4798525
25203565
10698667
7032043
28205290
14268667
30879006
7058479
31731212
20959627
15990509
14792284
12180739
12629939
6653076
13273666
13331444
12087983
13923718
12988955
11032072
8856520
11805286
18605296
11368166
10990104
11129179
14234264
10717494
25198474
21569761
18995818
6379942
15836619
7727244
30947797
11455022
34523236
7240546
7727990
9680162
12511791
13735588
10709138
30601360
11119176
32043297
14340215
17116038
9949307
9005492
16140173
17509270
13261328
9839323
10609518
7512859
12523413
5244259
13420202
20156314
35263342
22979924
6779041
28541464
14049407
35045393
6582319
26937083
14386107
8661390
35428327
15094589
15783525
10306292
14850405
17334850
28510291
7636049
9056836
8025606
5071566
15132479
11492163
7407335
13673619
4930635
17116341
8957415
5290575
7046592
7080781
5477711
10551809
25902277
5558669
9815585
13390526
14216517
5361556
7338570
34032141
15784348
5521348
7883561
14299216
10829581
32242404
28072870
17236132
8386715
6530504
34121458
24453890
23543375
21994780
11938432
35430811
6337778
7771876
5055777
7625240
6533211
10787357
10691639
15562687
14915909
7622653
10057688
33885669
9809551
8087614
24470159
11067943
5321929
23264957
11343786
7533422
14444302
15620786
12179131
33079260
9438277
26192024
5360388
35140556
11460977
9692589
31402922
11469031
6238843
32237622
9034509
6332106
14079011
32508903
15049046
28452169
12688553
15318295
24323015
14676059
15342225
11963892
24750494
13796336
4876309
11870855
8959119
5367890
6968092
15792786
34413910
9575397
11414042
15137333
12946443
10663174
13315375
16268648
5574416
26850227
6347489
30030682
8705082
6452624
10032297
30014425
14373924
16278333
15409863
6117674
3503152
15798823
24788735
13411123
12545842
16622910
12879495
14697889
8984635
5543615
12008265
21773524
24562112
12985789
14055200
7684955
8089024
5292675
17795593
19790383
14829178
32481933
17871406
34561240
5616510
15304468
16697703
14237809
33569724
15285118
23762909
9611102
5566325
19738996
6234586
4815753
8837207
12739262
17855779
10614003
6873280
25096417
8207881
8698333
32493849
20147779
11328053
7893238
24308666
14223350
15397111
10022680
26150519
11250049
19836793
25833313
29396782
24544016
18798193
13472311
25093039
13838891
27876720
23340815
33199512
13413710
4968636
24530279
29391076
9310641
5075127
4754620
5388560
33791568
23559929
34008750
11081123
6263919
16132595
9447948
6019784
13355042
17375722
20701936
4693471
20230645
8284868
6803664
5228130
12944633
11002099
26554214
26881883
27826737
14596742
6304784
21859198
29220841
17561410
28043742
24765668
21073177
12038715
7558655
11228335
13049102
29750614
11820834
31620529
31854521
5450858
15765706
5242662
13040171
14501248
15971488
14582977
15663866
14501370
9051459
16368324
12752749
9404737
13320849
6894342
8945694
32448321
13889925
35488948
13906150
23307560
9149824
9685399
8210259
7447932
29681368
26346872
32609055
15680845
13772590
25725859
21514972
33873432
25792570
10009524
13649237
6169779
6133026
28608625
8314766
5861449
8620737
15741821
26401037
19843402
9531298
13169056
9653303
5398051
26224856
23335727
18300523
11275765
4761196
18524308
32687205
5339367
18895642
18582514
6544169
19991542
6398889
11823930
12582783
10977974
5054363
25621483
10894925
14618729
14164682
13881296
10689596
15315425
13606760
14719931
6221077
13853984
15442492
14148624
11127325
12644595
14084238
8505820
32286645
29349826
16821603
12726685
16090866
27917859
19828096
35182825
32672763
14094424
13133464
35259391
14882999
29207710
22192435
24920378
15683597
23077343
10803921
19650706
27051465
14428125
31245751
11106587
28082836
11979683
10123512
11055943
28788631
14291078
6644762
34460161
11785220
21419758
6559141
4716839
14840204
10038140
6096731
30577420
7115420
30594967
12219329
11915268
8072632
13884431
33688140
30161099
17621068
16228498
8256389
14687418
11110052
24818507
10746856
32653785
5918295
35014199
4735034
26383544
8206617
22627040
14466847
16134414
15322906
11338796
12267551
12112393
10559290
8836208
7030157
11136770
15635802
6828404
29956210
23962277
33208080
7314700
17157316
11920431
21820237
7865346
7304393
5852685
7835713
5518682
29637283
5509573
13624305
6909710
15547987
29848783
14872878
9199720
22135978
8102896
14680571
5090724
6113976
23647298
10407347
20894092
28291054
27338394
31888159
5532757
4813930
31172080
14645031
12350105
6093311
10447057
34476688
6834429
5603096
15365229
6202596
22587194
10549367
10967038
20722120
25469926
34431382
10189725
9655583
25436752
12781520
33926337
34002162
34835408
21444907
22205893
14229562
9823923
12076605
6780966
21437440
10724909
28173877
11208800
13960814
9048384
32288862
11686294
7018979
21221605
11980824
7343018
25164925
20429344
8554109
4186907
8122883
5045129
15361328
11014158
7498801
14144702
23860439
11243564
21970921
14360006
7976190
6774034
8339195
30242585
12173151
6971367
19395565
10508671
12309835
5294224
11530318
13830960
15496633
28347109
32760003
11994279
8864425
23596322
15982117
11793183
33861513
24373862
29359675
18305014
23280995
10687055
8841657
15651985
9053210
5017521
7342008
22646393
18949210
23232431
6370973
31422167
14156507
11380895
34997552
13182299
29024272
12636787
11348276
24800558
11343752
12682939
18344137
10336966
14875496
15949212
7834869
29785807
32294829
6632874
34135117
29690455
10740704
12007672
20336626
12112693
5958560
13421325
32669034
12138293
13086254
7582948
28519450
8911168
28262647
5297255
9436532
5432992
9466012
32818758
9415536
6803213
14016919
16298626
28536400
7752528
33113775
7728768
12745115
16888731
19410877
6728438
20635321
15243518
15668271
14595142
8437458
15500831
29954440
14018923
24758456
32796171
13647935
25285201
16180371
34239550
26997570
28066759
14693409
13597124
7476315
15328370
5275976
14695953
27022416
7074675
14335939
16582818
18824764
10246359
11339517
15904057
32798775
34735953
11064353
4945365
30102497
26390294
20417371
12518606
9607323
12771807
10138037
5879839
11956388
5701353
28346371
24009974
15519878
5309199
12435811
8731748
10233527
23400521
11359454
11144835
20990992
24041273
16723332
10313265
10151151
29870335
13211929
13114040
5752087
9003470
20823712
11508382
9273178
4974489
27967281
15867550
13030281
13433952
33169221
12127055
12327316
11246346
9065622
13932105
6480853
16240455
19145686
6840685
6668593
7646128
13426333
30804522
12043882
33596520
10320822
28676044
10718621
30060487
13956226
22105621
32689311
12973714
5852394
9291157
8258178
5156878
11676882
6976789
4744448
19434463
15094135
35436112
6410982
29457565
10784327
12132572
10085684
32394690
5666572
28408336
7019985
8593019
25156912
9126997
6613415
16053354
25467058
4872358
13667049
7406869
10590700
16308621
10873161
15966366
6126523
9171616
32409216
14158010
14433413
32650566
27211764
12024037
5034243
13800985
28111114
7630255
14001292
14719544
33266724
13003761
31910686
9424702
14472044
22899776
12229808
5467144
5136223
6356532
26717819
11697686
28263733
29219296
5600941
15349730
19209049
12804778
6227252
12266270
15717169
30366107
17439193
14455366
12635971
30253181
13080789
9960813
11075029
27482010
8867430
20438014
7260339
12965367
25784449
13369053
15364303
10416744
15768434
5287737
21782230
26011198
19921381
13749322
7172620
15425137
28171675
13437849
14770598
17725606
29226778
13015002
9940331
14023127
13026374
11748169
11220727
35326288
13182591
20133244
22906619
28578088
23225243
5287948
6308447
31848857
8829863
5765594
21416338
27913941
25530907
13762694
7848585
13950976
15079412
12535068
29480173
9064764
8280920
12795167
29654443
8212565
25474477
25574002
13110685
12090214
16766568
14102585
22701944
16281345
28857175
15007399
6051849
32342292
5860672
14522507
10946645
16235517
9283132
15032659
16219554
5407672
14562805
12366885
5752524
11365251
15842690
11011439
9792608
32406858
6250178
11114556
14951300
13485979
5278016
14795679
10578820
31657274
30087468
15426644
9607637
6836862
31168067
31692176
4694052
4872067
8426909
9085807
5866373
32244735
10321105
7426110
5348671
13546988
11183020
18854197
5636934
34656337
12820996
5738820
5341150
4815195
10957629
32497827
5598666
15609317
32408331
7851281
14987933
6964084
7075423
4851835
8553218
8823380
19315441
7304981
11903038
8837388
14562131
17802154
8886508
21858250
13476069
14945736
22155265
31610137
16850154
5104390
15520669
34345576
4976959
13768624
31992335
15084628
16993605
14680225
8108058
20425792
16049928
29674762
8444020
24605645
6832449
34003407
17393695
4787285
23515445
9176010
10807820
8885687
5773518
8880333
33817188
15437259
22435882
27609945
12026257
7286751
32062602
27986190
25141387
6030239
11482004
9740377
7549667
12234201
8324399
11863147
34092103
29974726
15024010
5148097
17628058
11636938
22344883
23575754
32110332
10079687
5731023
23074136
6600399
15438345
26690999
9895305
10220177
4774672
10931689
13933636
31620058
15066569
10697269
28948462
10821154
6618979
5052078
15811789
32970480
26105074
7614437
33723198
26096800
19844809
24323993
22801475
13795346
8725584
32254095
11392380
13301929
6173861
4703439
11520271
14713943
7758086
12605759
8358944
16431315
7197838
12128339
9519274
5316224
14305700
34481260
13503244
32528148
18007726
27756519
26332391
8022609
12287933
9896366
24642404
7654825
22270072
10741226
11043245
19577650
9596158
12284888
19323604
9464529
6800545
30421544
15742961
26456450
32357775
10703071
5317109
34036702
20609656
6193479
15322620
10584047
31626118
33954408
8216067
4857619
9125658
15123135
5660311
10071432
4686182
5046006
15844740
10566992
11134658
19851622
15480837
14654260
11062809
14583183
15607934
8921558
31189465
23721611
22081975
10075097
21418573
18827227
34455211
32966436
10306579
15494543
4768787
27204417
4797800
8632502
11618355
15060664
13130678
7277748
13573400
31899703
29997508
10004183
8711411
30342140
17173993
7364668
26999190
30179099
32851296
29829379
4907138
9755506
9269691
9173712
9266549
6613625
26656739
18426487
25913647
18839905
9976043
12772435
24019121
8584309
23346476
5734648
14805558
22938338
11995782
5826070
5826440
2693253
8628419
13322630
5926430
26557673
7513492
7682983
27539595
9221173
14626460
5637408
30153491
33315981
9690061
34747956
20144656
5659150
9326900
28962319
6910991
7098393
6703240
33581352
4704365
10813194
24126287
9880091
17041569
30775542
29248096
10316578
6907389
29696479
14533302
15972969
9430193
12048176
32516199
10101098
8164162
16163087
15712150
13201456
15609666
11239646
11862917
32703024
26196593
23382404
34745562
15182668
34018038
7993103
7243411
18833743
20321110
7401343
25867468
33046251
27871572
13298380
14480656
20427472
8729835
8167433
5842329
11591158
14653120
9922271
15258649
25531273
26466491
15695011
16638228
8245460
22480775
4692582
25450348
30638269
10667143
18294193
21569293
4805368
28093096
27851124
23307644
18884800
30239279
23078681
6293722
25627357
23449292
10830928
6682827
14066098
11636904
10927748
22019911
13178548
8235701
8507039
16441848
6663499
7441349
10633126
6353598
14127030
3400793
19226977
30448466
9279690
12161260
33214419
28872205
7907569
10572042
13421248
15620456
31161854
27913521
33776172
6307903
27843102
20120740
32386725
23009741
31709414
10026633
22740731
14052083
15136929
8662710
14471379
23035385
5461803
7872233
33229245
26446424
18843280
11131611
23736599
30938479
12301334
32504064
27579927
15912931
6499819
33830154
14525950
8175021
6047333
25742995
7633536
35256799
14494622
7759454
22602167
9791963
35500606
7686618
6108133
6892701
33948525
17587576
11534225
19553434
21880783
19512487
11183150
10515047
24734243
11246441
7511853
27824643
15823728
12779320
15821111
6887253
7794705
10709851
11056918
13194185
11371652
23199773
23434475
12222651
16889607
30654886
5458502
15667446
30460115
4928311
4773000
8132171
31215139
13514859
26471066
21112021
10753463
24841319
7777266
4882723
14695513
7996796
29282842
35367085
12379854
8497547
32121567
12150924
6117204
15027947
12926331
19795378
22937054
22907249
24460253
17791498
18157186
17765920
16244457
28889833
22606721
12256385
7324678
15836513
12741922
4953633
6123876
14866086
4871071
11736719
6516847
34837127
12718212
11521082
10221029
6237238
12478286
29333911
20666233
4972810
30266096
12481072
9288242
6959993
6872899
25221376
33659601
30157295
15434091
12563590
13423444
25719910
14065260
21320170
5000015
12870227
5649082
5257416
31524536
13808687
34709556
10973855
14114626
11415278
16957158
34460005
32730015
5756552
12987213
29820034
10668789
34498714
33620454
15341807
16493307
13946110
26163593
7740605
9647585
20427583
11774949
9701406
30602227
16338447
29491576
15060110
10957385
21102157
29939371
15112484
6967793
5121973
35311756
15289640
14624269
12026838
33763035
31807514
12731753
7115035
6977226
11974513
16917150
18944878
23449229
22050430
5106268
14271692
15953073
8802500
25598839
4774022
19783639
16080297
13301675
21230491
5756032
26799536
22325611
9059322
35347123
25474381
31723247
19316722
18264766
5199489
34125100
33005307
31203160
9259804
27985635
20880280
17147419
27303186
7491481
6694094
32434122
17078826
5040323
32082357
14325043
31871264
12205016
10154345
32239020
19174588
6269158
9948526
27851118
8360455
19580200
8094768
9213320
25971187
6299454
6523740
15853582
7270135
8436929
16203951
8216932
24425072
24045242
12945216
7611148
16115048
15649348
24936745
24158339
33489299
14279336
18090196
21326542
21490792
34603120
22786757
13508221
11708137
29010508
22450204
10097058
10802320
12722628
31683890
6550708
7436573
11465463
10639586
15473257
8191217
10805261
8443591
17846191
6852548
24911453
16105687
20148790
9179396
16995030
5223970
8799228
13492062
6649428
12553373
9343224
25187074
5098507
23995910
13934119
32772264
10635870
9511374
12384590
5135277
14534780
8424826
20206471
9043312
8428817
27790617
13509031
18877660
5793184
14058303
5069158
19975669
8501567
15433889
25532392
15132060
24996202
11200609
14536096
24468872
14636128
11680572
8991828
10376751
30394328
11140132
8239697
11121125
13340506
33326571
6903888
14046136
5429848
34028940
22934342
14024169
7083426
16576038
9703680
27790581
11567927
5295194
5095342
30596044
10598689
13207217
15226391
13067603
21489379
6902194
33719439
32359284
15892685
9623004
20615128
12603861
14836057
18159562
9882403
18086482
5614922
30525472
7850905
19807564
4678246
26380853
21001081
34602496
6180847
13659659
7135830
7432421
15861001
21395914
8681658
7204392
11598393
5361235
31596382
15430031
6936847
9219626
6229090
12641549
34303159
13606054
13134412
17954542
35027513
11079442
35266594
12051067
29278771
11062403
33454937
10034971
17654905
5399316
10082040
10805880
16134407
10114819
17331553
33004440
9312948
15187088
34408918
19921225
2734787
27428169
13781000
11711861
15871097
31236784
24501470
29280313
6015626
10409937
27782865
16366491
12035590
32564826
25721722
5505365
9294608
13788267
10770008
20558335
11626134
4705771
9478722
13078898
15913626
15423571
16505865
30694453
5132027
6050816
7145676
23049002
5815095
19153243
28531438
11288601
8565732
15383103
28838455
9966459
28274497
9350661
14249544
12686350
4955828
29315257
12900360
28919665
29732668
14047554
11638702
18619408
25079896
30421502
5236762
12036879
29221741
34149895
25355818
18218173
6487712
14483298
30786246
16042507
10130323
5189344
5255337
20976490
21846247
13339940
10472640
13583957
13167487
23898572
19257700
15189106
12219800
10762499
14298260
12140824
10640564
16110886
30466532
7231940
6762776
12455679
16040547
10324983
17316631
11592589
8625696
8759699
6864957
13299464
7528638
12567369
8880078
35205766
14128252
7446693
23305670
16102410
12493667
29710756
17923255
5293946
12157549
14176942
5144561
3874870
17297197
14916177
13852257
5518509
12159101
7859749
18737572
5614548
11403254
6255004
17474566
12393859
15315794
13148612
20494579
25552297
11422198
14920440
11041010
8081178
7502575
16301988
29744869
10279150
7912125
27946635
23134301
25915405
22362988
8395139
27635970
25397608
24740510
14197931
12997864
10248490
11371828
12105074
30975007
11855103
8137319
11349490
31074827
10573600
13550253
8642683
33781845
18282961
9849840
23074904
13475743
9913050
13082180
33113895
7485844
15562722
11540333
15318689
7545195
27780537
15163972
9633376
19324921
7648498
35258062
15675425
13321516
10074707
8935350
12722190
9077499
21590542
19580491
20406505
10904798
15298515
31041628
19173907
35147305
16136556
5099088
4995243
5041172
6514728
8065986
14798808
11434567
7431379
12468591
8050334
8480495
26992368
11914600
9044798
26549735
10083671
13614042
11446874
20427070
14255017
31246882
7472099
27308043
25072816
14106211
29292490
11965514
5320361
21307669
13739183
22967693
9003582
12733591
7641597
31262791
10776454
20063005
35385763
13656644
15144592
14970959
9659742
8830359
12994480
16025054
6470071
26370449
11774080
32332596
16187967
14763774
6331133
9043928
18838624
30162023
9530973
19035319
15133632
15703274
11946430
12264660
14343632
10698700
25240459
15202499
4788919
16140908
17490064
14436747
25189474
17049306
14907809
30369827
18958366
8816648
8754803
7966450
18997264
20349613
4699453
8481284
13333112
25330159
13336982
17513362
5590998
8171527
7984893
6666826
6747431
6986673
16769325
15752470
11395893
21223720
14897104
34367203
5547178
30460655
6640789
8646026
9155061
9676828
27771852
34847231
10624346
12258443
22175959
15602248
13206009
29119543
26541587
13607724
4901777
26078023
25723699
11061344
15252501
23705378
11419933
20135836
6549032
31403363
2875420
6184420
17261851
35319115
14248065
24013961
14660775
6879936
10608488
14168107
8847282
5224095
16037238
29466061
8509251
6525202
14459068
24081128
31137785
21994585
23458436
17328925
18748882
10916454
22320076
15048419
33055170
28019748
14284019
12016536
30031108
9148049
24292208
35141081
29768788
11227039
12264531
4971346
28162891
17312722
15421602
18734407
7764914
25926010
23822843
14384271
30980953
8067977
10773011
22805627
16509432
35156980
13380623
9259532
5731783
6018174
30761478
8498897
8107780
32981952
24652937
9097772
6868405
6672839
6284931
26655638
16207670
27392802
11185866
10524408
18058171
24471452
25319971
6666962
14982755
13588150
5073810
28761658
9793331
5827365
9793196
5768581
4686689
14888913
32316894
15765467
11314141
9690793
13405616
8344885
11439667
5176028
28062591
27825732
24431621
29811034
7728150
13266712
11197427
25789690
8062306
35177047
8479195
34165771
6586780
27028062
24870284
13061750
34923719
32278641
9085735
15196203
15297704
16049721
15244842
13061631
12529957
10237423
12180498
13008531
16207847
27482226
33296508
19428805
28078612
10203230
8921350
15418925
16036781
27123840
5509802
13115631
25707709
11472870
9009557
8297310
10982063
14586462
11548060
10173112
10334717
29185411
22973177
22849709
35199991
9192575
26690534
14418695
10195720
11430004
14576137
9710057
13814635
10416108
7803992
17678743
34550050
24260288
11009458
8151991
11781915
11565678
8909449
7485048
6797743
31680539
33922842
34148707
19773769
23651669
15418859
13301346
28699675
33102891
5879846
12018150
21477697
9596874
26076115
25296823
10960439
5096987
24419333
35309503
29562607
31742063
30162725
7624337
11080170
29846053
12895852
13096772
7060679
27829626
19665670
24690785
24206450
34762862
14934466
13020006
9202483
8995832
8856800
15614029
14839780
33079782
14011067
9191223
7052865
15507782
8387956
14503789
8578119
14456626
6541549
13389035
6459962
6074886
6825428
18603043
11988460
7546209
12998080
8864877
33503363
29930377
35111501
5122434
20299975
7735241
26551619
6369090
12306169
19014568
15025939
11596067
20575156
14894175
9590666
33731331
23513678
4983296
18757810
13205909
5538625
11886163
8016593
27489699
4889447
24345335
16121289
26803544
29363245
11065195
23624636
5596986
6341162
11593995
16054984
28343500
27005940
31715570
29969506
5697207
14950110
4990969
33333872
14745774
12217086
26597288
13698943
29212204
7598320
13472145
6349147
11220117
13934812
24752573
7209818
16192223
6629599
7716785
10581555
13129095
5750851
33775398
14078346
14839894
11675725
34173784
27333669
26392118
13646200
7138752
7558966
15574185
21147139
13836509
16475817
5717312
11355247
9333746
20213587
11150777
10902370
16096484
32444355
12141269
35119616
5636453
24859433
10921778
12825461
10802975
12610806
30578692
14743446
35118305
6525899
6011061
19964197
10562139
5868511
12675076
6385592
26963363
19323982
8876384
15474827
5074104
10567049
22136389
13448459
9747813
21911833
21564949
7459606
12355700
34590100
19084243
8762208
8215183
9478863
32339403
12018293
14999666
11208901
29285818
29654641
13769167
26323466
31591435
18127699
26615816
10008755
9179420
19526092
15183118
14588377
23829452
27049254
19111948
11304677
35535070
7711004
13966859
16018284
11709988
15316854
14538928
17136393
12725861
5612490
25001359
15648483
13118240
20982223
10765604
7649912
31098845
32128500
15690888
13316164
13614214
9641011
5539153
6192817
13520735
9064868
11655492
21254470
28164745
11334667
11434824
8097256
9400410
5972991
27630084
15377580
27513216
20113288
16483728
7238002
26939585
13479725
22257670
8584134
18840163
8724669
16483002
12943468
12468726
6854199
7181078
34622884
20843989
7696283
5635856
10099225
32075727
11633622
26129195
14760311
15232377
13007560
9341697
7828612
10250472
16488522
9843451
9901670
12567318
8204808
14152704
15572835
16060219
27292284
17217238
29465380
33208995
8277534
8826730
10524575
11047303
8163603
30267779
5952097
24402848
16068167
11347467
10626350
35071355
6884768
31847741
10505690
18648535
4771445
28836871
7250620
5977112
16152611
15558731
6472063
19179139
17355553
16133382
11359696
14308373
5525493
15868388
21718828
10707468
9130139
22986590
35277262
27630384
9915137
15596467
31832324
14044714
12639972
16098403
11654686
11631030
17383699
35190715
10587985
7346396
5411571
8744978
7602800
21161137
26146361
16119916
11858410
35398369
8374230
15313712
8081967
21479761
29797648
32287605
8427740
6521788
16711908
7864202
26191391
9522062
5094492
32414859
11675743
23796386
5624918
5301407
13353140
11949866
26533382
32447658
20280400
6651743
13002214
6092940
8351170
15788799
4705844
9499680
6352257
7461499
13359206
18920641
9361744
14891733
4686150
9897843
6686846
28044333
9090002
33071265
13034000
23538365
12511802
11653669
7103558
14085750
6935531
4690266
14202755
4809933
14768421
16334823
13444960
23705795
28247164
11740221
32980767
11123802
22254541
17581450
5512677
31869386
14198676
31555924
31974050
10596218
25710970
32234109
8051574
33243636
15431867
14183366
8176537
33801978
5686213
12845349
12121822
34194988
8493224
5388418
12791625
16401639
18826519
29654089
13349720
25260805
29025994
18537577
14531288
24826502
15916610
15234796
12020355
3869161
33675321
30167246
8101599
12818462
6439081
14330698
21720718
8081208
34097746
15698618
9137582
10613614
14753897
27745827
7625389
11105563
8333759
15250712
19267180
23850854
6356901
11268547
14413998
34711413
15138998
19291918
23158136
8176066
24704519
34407469
20315503
8790838
12617179
23122814
9284901
11019317
11976323
13385756
9723083
13937665
12982538
7543295
33074157
7478334
4875835
12772584
13055042
17571046
12952858
20952049
30868593
30768051
15902516
31038331
26957015
32661564
28508473
22744304
26389223
29044267
11820051
22702145
9269702
8282101
11502448
14963915
35512141
14359074
17673796
12491673
31315704
12439842
10839570
7191240
30064405
32547429
12845157
15072767
11841213
28274062
6190295
21401557
31228120
28091731
26624870
10233753
22527647
16618365
8660077
6360339
9063869
15731324
20778844
35034125
6587132
8704912
6113826
15281395
23860745
8401028
10126388
13009733
12461579
20535457
22794749
16941654
10095615
15000555
17208853
29822632
8741746
16570236
21534049
7969759
32778135
14342197
13387835
32183370
14944457
34628596
26310707
14521371
11954529
10867729
24109505
27136464
5190079
11983769
12828045
14428830
29034052
11512999
8211572
21091885
6221144
8170674
29794183
15229157
26548064
5562716
27960297
14780853
20474320
8367581
14833856
12128538
12286020
7110672
27396042
1645762
7856336
8282026
24718289
7883787
24688985
7535862
8916560
6811236
15789621
5410199
15974513
7311157
25408222
25905178
5385588
7229831
34119913
30164813
27063240
4941187
13799538
28087630
23863832
5629701
11719062
14945881
14299127
12479909
8845501
12018341
10518355
27077952
14215322
6254901
15106572
11533605
25266223
34764068
7581022
10247090
26767802
12913580
5321051
6117943
8950203
8661718
5968228
30402602
6674393
6077800
5423289
34175710
17545480
17463853
11048684
15778031
10453190
15000563
12140917
9036940
7568056
28308112
11002545
11942132
7029984
5859323
23233496
32254722
27257271
6676376
7348607
9233205
3238830
15799784
1246081
9622969
16563609
11988376
10941013
16545474
9572579
22821293
7087387
24506495
12025047
12043834
21247804
14411240
7976604
12796556
10651231
14569910
12898247
12133029
17183416
13006794
17037198
2065993
12926643
16707810
6823354
14699529
11332669
11632983
27268878
6379251
9783446
24673484
24666329
32212134
30457409
9864343
14421624
12245006
11930357
14418895
32646003
14308383
11990485
13065258
8331604
9023121
32217417
33724887
15042129
12179295
23213306
13151177
13478020
18607921
4014721
26380793
4655902
19817098
16238914
24453959
9101046
10371001
8107135
10152117
15837272
6316651
6877206
10413769
21297598
11645247
20433847
16115853
21221353
7510361
15562815
12078041
23424542
24111233
10564613
23647961
27074841
8515940
9225351
33047865
16646904
11861702
35491180
4792573
20770600
18922519
23515661
29136484
10420568
4787666
14313860
15272655
34917965
20914396
19261792
14267444
4820640
20180842
9719310
4916046
17743753
21120961
12658728
8991593
6479224
13596959
14222476
7937779
15723911
28083625
8747494
21136417
11301971
11800662
4991040
21525073
18077770
8359786
15882716
9398286
8821049
27293490
15444627
34604842
15103900
12671348
19352290
29570782
30072295
16859823
14851869
16648500
12085266
14093222
14487777
13040691
21032650
13609473
13859412
35420077
12106351
20614258
33702636
9650546
14376450
8141541
10711047
10510836
11338746
6438551
10958738
29143570
15615967
33726105
19319749
13026747
11042753
27473499
10332383
11673187
9675903
14974946
34354756
20695423
16140071
10998432
16889886
7878709
14513257
29214505
6809214
10005125
7333745
14036416
32873775
21730609
34482592
12523770
13677911
31316451
8939998
24215501
10667487
6702300
27570924
8050711
13727946
25556224
16361907
17942641
13943354
12647651
6564049
15718891
20846446
30790650
12721223
25873672
11302149
26797370
35118419
18208324
6234309
5522851
24734987
16696290
9636701
16849191
15148701
4368054
25711240
8730747
31513985
5110892
27988302
15534119
9003525
33902091
30871302
34781054
6477913
6749488
26164373
7819225
20936332
14510034
14671152
6692987
15393652
32026172
11129845
15462493
17058531
7467644
5591111
7715243
15388384
12219127
6131643
13381547
14513833
5707763
5909937
10615565
17047848
14380616
35094179
8074463
11727355
6975664
11881116
5581677
12829382
13620119
16119451
14976369
11259388
8647270
14610245
35371267
12063583
15166615
21273793
11092061
23530676
21247402
28830889
5657101
7812112
5095813
26725031
8234340
14778543
14881052
9889372
24561509
10288626
10911299
10215957
8518214
15534726
25528990
5256686
24812879
11948221
15013795
9555876
29480164
15951790
6734800
24177227
24312320
33950325
10907281
9264499
12999257
34611100
13103740
14149443
10646661
11122581
14700052
15630307
15309952
5498709
11233037
9905371
24009305
28823413
15905757
31640071
25268617
12592264
7073379
7055590
7587372
26509532
25938640
18866611
14953453
14491224
3373937
8763159
6825439
21278236
12979771
24217736
12396046
9124201
26384471
28670725
24662630
15593803
5430334
14004500
13154832
4887631
22480799
15895805
4746905
5727626
13588927
16181052
31668764
33126432
6198391
22383748
30804684
26445329
29672215
10367741
16055144
11367960
18411469
8861550
14289785
30930396
12059564
5983967
22202047
7119054
33156780
20973121
24675398
8249543
5651721
7456082
21128434
14712228
10282315
10466730
12499051
13709345
22966388
8609424
16794648
5070083
34602823
34822490
30194024
8509882
14730708
15561534
7361603
8003185
25755547
6419647
13475322
11016276
31262380
16274920
12071878
14690771
8020308
13096014
9787347
5485712
21577459
10223921
24749078
12374398
28138513
22926812
15928983
15563525
10969669
9170093
7774964
26547275
5004168
14404880
10345721
7023894
19913983
25344256
9508598
17681104
11267930
32241687
2734378
15125774
11389991
34439836
7833260
10710019
16273421
23442083
7001476
29422498
24316931
10550639
10193030
6685077
19109023
32286021
20020375
13239309
11461830
21339667
4743659
6520277
32882061
8042423
10084064
30539824
6575829
15814884
5629012
12443338
33306216
6619756
11182793
12869787
8700122
12314709
9429046
9176984
12004286
10740707
22374376
14648311
9038946
19373809
19077397
5117317
10959724
21360763
25695751
10445288
27257958
12648384
11484346
5145817
17941447
19762861
13537314
12842267
12637796
6359429
26722109
10066335
9099898
33769464
12495746
19011910
15389595
32019242
2315627
11702339
34450000
10631292
12680718
16430757
9897107
5445632
13607625
8482640
9309806
15773223
20301586
11696254
21173320
29378278
5566294
5536324
9582705
29806915
12258228
14190350
7657461
19663522
5748594
34414924
25214143
6959193
26376053
30122981
9804856
11208515
4884580
32815080
26595275
28014939
5991433
22196929
27370152
32001575
21228073
15417218
19410592
11604080
14578831
6968731
15015858
19699741
12720757
33257271
7984968
30254579
14212287
14729364
15246916
5747889
10730312
15659464
31781609
8832149
31134464
16082278
16258340
10859644
8290817
23823182
20467669
31544551
28067839
9592299
23887973
11340221
15840997
12060577
12086867
12208975
16612650
25431298
13193699
12777924
12663626
23909363
7549298
9645040
6457783
9804673
7579822
11665687
12511753
11556738
14402241
14727813
6924562
11242941
15504424
22452115
32745000
5962957
13344827
14762838
32522799
15819847
2060440
12714464
11768682
14542449
20037709
25081249
31994474
4712848
15681620
9184792
11582755
9982871
9033296
30335075
16661124
7055409
9716208
10016086
13906910
15881451
15286873
8228138
4885686
16263857
12226454
34491130
10551136
25409251
32836800
31296788
34701888
11602467
5923416
11014043
12049841
5655464
11047883
10921408
15353806
4703419
13739267
34106434
12685636
34795745
16347657
21926140
5472433
9354261
19802158
28392412
21172048
24035285
8391393
16611072
10552987
14510450
6652586
14257782
26568887
8649341
18608593
7497645
30877950
26447867
19120435
8620329
33556881
27291384
12651985
19643434
10987862
10785019
25263754
5943048
14077119
23512151
12339121
6360408
14461243
5584769
32390184
26440727
9729575
23114813
16717560
6824743
10202631
5552922
28454656
10515900
7554803
33188145
33237288
31193128
16685868
23024309
8275144
12959223
23463755
5116708
20502958
11127085
9785004
23015216
13442337
8860790
30337487
6402258
11100519
7833586
13661519
12784037
7577669
12330956
9967757
5694794
10932088
10509074
6565394
10098794
14897044
31858811
17764609
31687385
7325495
21001753
13914643
12244905
14852998
32891106
16548066
25152124
19262359
6508594
29166205
26434883
32138778
6423330
10558398
27076281
7063344
13045533
21880120
8677933
7582194
29707462
15342775
6082315
12466129
22954583
13518056
15247324
9832932
16791690
12659743
27125769
31721807
12913469
5611945
24991063
5108445
16286242
9240268
33009231
10031176
10126712
13116557
6735775
15791814
16085950
16291924
31152008
18258001
4875151
27993192
8092815
11637391
11495640
15801646
6859246
20079382
8688212
5020648
10360728
14829277
10709190
34672522
32664168
12707635
13918259
19893631
27319122
14874672
34838105
13282004
10008708
15774687
3557593
14385388
10956515
5253961
9121239
27828306
32497677
16078428
12592257
5080705
20169316
14649930
8729295
10025957
8645371
27070284
15752195
22118149
14541740
25193911
12356198
10503797
5974302
12202470
34635709
13736711
6160085
4675356
6630731
11349689
22701530
21778414
7643540
14101442
18376936
23991248
32746554
7939206
6944207
26228087
5902284
31572538
14268700
8478272
31659449
6807686
11801120
11999558
9437984
8494110
11405987
25446448
14404652
5333632
25239799
16525356
13377565
5469000
10890811
27633462
14379834
18810439
22125382
12279325
11442885
31485005
15733191
27965616
4813582
28985041
12116890
12144504
5335391
13595689
26936276
8833718
16077344
4990187
14390042
16505913
27956505
7292213
30347933
31570135
5334980
26932274
9395734
31424162
14006698
10725921
6435026
12709283
20695147
12852702
26702558
11822232
11420957
13241060
21292948
12191724
6981890
7511110
18400798
8739218
15758037
23218037
6690088
7451162
8383742
26016889
16211956
13538462
15999612
6579884
14615195
17521534
10505440
9836208
16834803
5563269
11305595
9048536
26213642
13011025
7289563
11249049
5822662
13797145
13012899
10425853
8764881
5589231
35525923
5490549
13735270
7790373
10475578
30135494
19628839
7454321
24689123
14877758
4676345
31498370
10225376
27442401
23284436
21522499
32738778
35232334
22184113
9407412
9107376
12810388
14243561
5932383
11511335
14769682
11445449
17567587
30058819
20401018
2017958
26272697
16900419
9822305
7231138
9804412
13234198
23086082
29913826
11777354
17002851
18482392
6178034
16045471
31981928
4896310
23056688
25790098
7943643
11505208
13367251
11222802
22244248
13637520
12902043
6961385
6893420
15578430
27672984
17006208
5640976
26431058
6961855
32337711
8708606
8190731
5844082
9197601
13693338
30754083
8455721
24207383
13695699
18060169
30912033
33878973
14186488
31868144
9659799
26641055
21303862
16530966
18101647
10739064
11675207
10744392
28942834
14794801
12973442
13082853
8757527
30165533
8632098
10381235
32690166
27951543
8232090
25883665
23446139
5227371
14268051
13584803
19085002
15489595
13609379
7066064
1876249
8419371
6961006
11658621
33664836
8926649
6126265
15422502
22887017
10299980
7139134
11848070
7914303
13679058
4829499
8367275
8094587
15200583
4893449
32665032
8789173
9709311
19787884
29350240
31857773
31049381
30973018
32566203
10734289
14868143
13421090
25274983
6602216
7005681
16596087
30677815
6741071
18571762
27217035
14983415
7213219
11600848
11228783
20028469
18584209
11152203
9291609
34736172
9745797
6803031
22547102
20082175
24510299
10984976
11955956
13942598
16646601
27778437
7558497
22436242
14329961
25341328
17831857
4801733
22995641
6768448
10165146
26828153
11363545
10362182
16624887
7671897
16102317
34688001
5810797
8271303
17190520
16207897
7337416
28990489
32612406
9196790
16650042
12855030
30725999
28648756
12239131
34980446
16891248
15948239
8695676
7671983
31426613
4772731
7024015
29093641
8719314
5833339
9345536
33902958
13645033
13456239
5351045
14749939
10205079
29735662
13890167
19127149
19394956
17935063
14378978
27081081
14791702
24249551
20096806
11202552
15007794
34237717
4698526
13030325
10438481
20567506
34737993
7541597
10930964
28597105
10165395
17490163
31670138
18322318
8482373
12903482
9677520
5491725
11429874
25934641
14463117
31167710
15057758
31512965
12001000
14887769
7118389
13610276
35292550
12825275
23442194
5678979
14912867
22761449
8835626
11726622
4686269
8494211
21621871
26035777
13796633
27942879
26491844
12979683
9606043
26249168
4943177
10789625
5371055
18775642
5501778
5463885
26719124
9984113
11967632
12974352
26141687
24046106
6452492
6574554
30611785
14324894
9400504
9277621
8951272
16204537
21002668
14131925
7500689
10865870
6779671
31547779
35350960
10248578
14943294
34559428
6390851
10388540
30368849
28757197
12667249
30705824
6851253
33687840
4920324
5447308
6092902
33023712
28330888
33646605
25081528
9690074
10376551
33106341
6736442
26141366
10113445
9546185
13722504
25587874
15467687
30078523
8593159
9221103
29118169
13588729
14920598
25350529
19417546
6413567
8275185
15738044
12895802
15923833
30244412
6468349
13154198
16737132
9470041
4931360
15826414
5539224
12078409
29453326
12992468
8857775
13386923
29249908
23418275
17030796
6704405
7520239
17644141
6717253
15727898
32486061
8200097
5206204
13943661
23660585
24296354
25803541
7016058
31308714
21042361
23762621
9373995
19541557
13963621
20548858
5218752
4714954
22987073
13835780
33158076
13103283
21648622
9698184
15801238
6357855
5160628
11177264
13389956
11206467
8874206
12819711
14779298
14852651
32762010
12778872
17172748
7283720
11905863
6989467
8088003
30304961
19131604
8369040
6623643
34353283
6670820
21248752
5874983
31090991
32153310
5608528
14904609
16013565
5430691
8435285
8658065
4827461
27541500
25339450
8605762
10231408
16293334
15784798
25896673
19445542
14447693
16273115
7171943
10238845
22670702
5454774
25231249
28343695
5522477
14722908
7764250
19801267
13578695
5425996
3586492
21485089
9098201
14096160
11673907
26327168
11487966
5912649
29609986
30844656
16880412
32135937
13389641
18008131
24375116
22362205
9433498
13727147
7920225
15789294
12530882
27962127
12756566
13035970
21307114
7086069
4765747
7018360
35395744
23431505
12819212
11313894
17025525
26823167
5936544
5691401
13351982
12348218
6325827
12610988
6205996
12968853
12117414
30274271
10266427
30572503
13219130
5028022
10418872
7337021
6986190
25252777
15439519
5017702
16271068
24597935
6311018
6623966
9805334
11709970
6305022
19911769
6834454
9011462
23406749
6895957
10705309
11198916
15612675
11283610
30594178
9718801
13297983
16204288
24210173
18467926
11891644
22271770
6892607
34874501
8545212
23835647
15820690
15511987
34585540
21316492
9633602
5429532
26873504
11937568
15908504
4942172
24654521
16327530
10774750
27879402
19855306
7949318
5411818
15185338
33383054
15982776
22152589
33122049
6094695
14446988
30998998
7917331
14671144
19846603
25480276
4689134
6614150
14981505
33793443
11616895
34053313
16298932
12507376
30029134
31205458
22015303
11118546
9063416
5202088
31255666
26467487
13826794
27966273
10893135
25741204
7586010
5023732
29611534
30528856
6087567
32861118
17462038
29632180
35418895
6369052
15296087
16134695
29847532
13525970
8710602
14184373
8215276
13221384
11841916
6029930
10409838
6989264
9029593
12357377
19419598
8594784
34618909
7289679
6421662
6345260
29856016
7491250
23355419
29188570
16054584
15430627
7415922
13144279
22186321
11267412
7743476
30491422
16335819
6958700
14520723
8157554
5643347
27278100
31955525
27013473
31931806
13362673
7619496
12443789
12152302
6313618
11535292
7959503
11486356
25022854
13972636
9287863
14145292
9787033
11936977
29349682
29216623
12305475
11811435
15415793
5020715
13400373
5924545
26975315
14043780
15778523
16792218
6624680
28386361
15250281
5823070
15185188
11122955
18684514
7430789
19103023
8760033
22937981
31213210
6835254
5456500
8100402
34953092
28865668
6210386
23530769
17877088
9793537
16271523
13468895
13475921
5598720
24876599
15010349
15049551
9882029
6248195
12335659
28903933
16106333
4892054
10383722
12829493
8845847
5733547
16831632
10083003
15003698
8451017
26989710
13984275
29839960
11489999
34434853
11876902
33772290
20050825
18358012
25176037
14380804
34290949
9840241
15556149
25165630
15123364
8019476
15416245
25036837
33356582
9124606
22720757
6617898
7688292
29841115
15311172
24665789
12901467
26534462
24011540
4727258
26485847
10525801
8956804
35051897
10242327
16155947
23583959
6456258
7866421
28015626
14640534
21138112
29455498
32644440
15098815
7158524
15240392
11880538
7310571
32735754
24903101
8526732
27203850
12811973
17983477
6363855
9380948
8788252
28983820
33172734
13630670
20690200
11017034
7408851
27132399
22761356
10675440
7866987
19236976
27229395
13646295
14809182
7291470
8119863
28266247
7504287
24453494
5041560
8690246
14367862
25075840
5166098
4856889
4738815
5951497
14970592
24586616
32499963
12177557
16251003
11943485
34716117
34967369
23761280
29247826
26845856
14086715
19556620
14198884
5680871
33345731
12614896
8801577
9505063
8812239
5357638
10540248
15189514
5291807
13279455
14346889
7161953
31232722
13688183
14635886
15394533
33758727
22122283
34740960
7607331
16292676
12560204
27949788
30184400
10739195
14735757
30427670
13545692
32373495
16862607
11908129
12358310
26999718
11103598
6815297
7838308
30021955
26609648
10684391
19670464
10756850
25953241
11837371
28998898
8405838
7083979
8848023
24165500
10658373
26475989
12615966
8305888
16327386
19381171
24758834
7777977
18374122
8063376
18018622
14743929
7617003
5886545
26402270
28919233
5902086
15768814
24656402
32652168
28973026
22957454
9419160
8401655
23656286
8490962
34087558
34072396
12965880
10412169
16126957
35428858
11617263
9022850
16254239
16187479
26379458
7617830
6324677
18265711
24563600
13635054
34588276
33821898
8892690
30942910
32905035
11140538
5490314
11357413
9870304
31536415
27892494
10633724
29623501
12261538
30744555
1356437
14720774
13801287
21938020
19103677
30456635
34087324
8394298
5865335
10817972
15138041
13751116
11840483
13266125
11296488
14689657
17187802
6601672
11317787
7908592
18220807
9994142
23553548
6436249
10011346
19870165
30522331
33138183
10012782
21815491
19095538
14380491
12505113
6779102
26725124
8812349
10637570
25346668
10670467
4958137
26015446
16353594
12361908
12764410
14355238
13068974
12907603
15934901
12215949
8994680
13076419
14771178
24948832
14790022
15154570
14910828
13790622
6689962
19383655
19179229
11689590
31948469
21933271
27767571
4891193
22876670
28029027
10859770
34583938
11986927
11906506
13793762
8372165
14858944
30394739
28026459
11742561
28406275
15220970
11754524
5392906
17158861
24931616
13417180
22523072
31137281
9208679
16663827
5566652
12439364
33499802
5773755
15071256
24769142
12791993
22151236
27344739
12705458
27693774
15919743
29906887
12329675
32046822
27168285
12688122
11013290
24485915
14351528
15954986
10056538
31438397
13692087
35106872
22159402
9708890
9841484
34901738
31681928
13265529
23788904
13301199
15692422
12116156
10661831
29135854
6511791
29005063
7442795
4983449
15741978
6275969
9369589
5461636
26438762
15025720
8408661
23694557
20946748
6404198
13524719
10033796
6254189
12069416
12528117
12071605
14889653
6535893
17682391
16403367
6011336
12964139
15994546
11241732
15951610
6564849
9788924
34327744
21267136
31659011
11754633
5189465
31214077
27077463
24444977
8070404
35156569
10263363
17799862
24117185
6210577
9756367
19155868
22442995
27982497
11951191
12503040
16294285
19079995
10217921
33045171
5807609
9704773
14527995
15663589
8258386
10394254
11733938
7763756
22090195
6598447
24525233
10880782
8503848
18776248
25298857
14436423
7249987
9207275
32775510
30367325
6507193
32773065
27461649
4797442
24644969
28737844
8009521
6904036
10555076
11814459
7491480
5793279
6409173
7305446
5168544
14476288
15661131
14270269
16045970
4876712
5610333
20379355
27968439
16088605
31275038
8397404
11485343
33350387
15342925
10146069
16722741
13065862
32500140
7369986
24805907
34334473
27017406
23204846
9774108
15170351
15413189
32979174
12789884
32323908
8467683
5396377
32456094
15560149
28778167
9531887
9590682
8358702
14843771
13396444
6278718
11291924
14258484
31338244
15526568
15506941
21304114
29474848
32139567
27583746
10313435
13123541
15858018
5290005
13351477
28693672
23212607
7158640
27702648
29469439
33738927
9165714
20255629
7801448
9805409
9098799
7980594
29604955
18347611
14471991
23525039
6431943
12961497
6973458
9668447
22784138
13739562
23894651
17560045
15060822
22254391
12580382
7125317
8789600
32685900
11571779
4950851
10293275
11711598
13764733
21150211
9258317
18021109
18637969
34262794
10379977
11371400
10358802
12221422
28252102
8332032
10066729
28753834
13753056
14101637
5804468
9176813
14705419
26687501
5488116
26008321
14077655
9920266
5111743
14703411
13091562
13205403
32379237
8413111
10791725
6218923
16915050
5619820
16678014
18117313
19963924
15873738
7492522
6493880
11515190
8716909
33245346
5044323
32479818
15172019
15585495
20751079
11597042
4977244
7734503
15999380
17001246
13716898
30525586
6867846
4691213
11055622
11006924
33359654
9439833
21169645
24513305
13884672
8226917
30904353
15364269
11576973
31560067
26617553
14646590
25814971
7948831
30950650
15469778
6532443
11301893
12811370
9213404
27107676
26057233
33040989
33409760
33182940
4721127
26955182
10870272
16730793
16268725
27064599
11111692
6818225
6046229
26640992
15181056
17186284
14246300
9826844
21825892
10258426
13102557
6914811
9820677
12616741
6157973
20829625
12740440
12466020
24222728
27145878
6103180
33971457
7041445
16411734
15110891
25811536
31194385
16166980
23671346
10621879
26732453
6650119
14437835
20780431
23108705
13690761
9855563
12026396
4852317
15234922
17936755
13982982
26453168
15703458
23357048
24247481
8760861
7397474
3300052
8217671
7100303
29265409
27472413
14268105
19567453
15687193
5230505
33284232
17092605
10951877
13312777
32746113
30020764
18967801
12454812
14577277
14974883
25641892
30508942
9575542
14942499
18036166
11052991
32474700
12630040
6688059
7035684
28777501
17067876
11654469
11288578
4935696
8183231
31082612
27402369
33321066
13005313
16259011
29907205
4767439
5192521
26395013
20211523
32917086
4991219
9871283
26308796
34553515
9646424
20515702
34919306
27442698
26182868
7422607
7703689
5429218
17559622
18875866
6491488
20140309
29893384
6787304
11369943
8982706
7776352
7571748
29518945
24553208
7493049
15222292
18665329
10542198
22781699
11537915
12357456
34985903
21746932
14114113
17105709
29370043
13146176
6112543
24226061
23893727
12765656
7007720
13719138
8841638
11703439
5218707
9225362
33435461
12955020
4983095
24593414
13706045
25294885
10600522
5645220
22205038
8349174
11055961
5070334
22364224
7373409
15607184
10612179
15967397
14513364
14603970
8537096
10724508
10049603
9955681
22945634
19165675
20065357
21587932
8068706
8947580
31069886
14987642
7331743
34773470
7467439
12461677
23310638
6943670
30379265
27440217
23220500
14858922
7675821
8695979
15970317
12417273
22646870
12737589
10373784
20836189
12750308
20257366
7973437
5031493
28425394
4683349
20263216
16194809
14938009
6282249
14883736
6281430
13948245
12343639
23336777
22111369
25926199
11585410
9763113
9715701
12349346
9337876
6411135
32143662
9062165
19150705
6264213
13942295
31413698
11266666
5369544
13629175
7942877
28197904
14136359
35464780
5749821
7932245
11592879
7295732
27598509
16308354
12998117
12882178
15861662
9735306
26662283
23134379
14516288
7487562
19243423
31537726
22485107
34256476
7612299
11125109
30406628
12879771
8720726
21501037
27833418
14618289
5680634
15492791
24764693
33867339
8234836
9462326
11240880
12984270
15577414
15394384
12855453
29990629
35087891
12993608
6370372
33904038
9709240
13808769
12454937
5400708
14179732
8583542
11757092
13258486
18455491
16937205
26135975
12431205
23819819
31628419
8483817
8221341
6558532
25285471
7699632
21562684
5186412
13250390
28623856
7990029
9157664
12668052
6238185
17777200
34744515
18992653
10799973
18703345
12048563
12275743
10641740
8840697
13162510
12551424
12754143
9187443
34028328
23029094
9715025
11935260
9544527
8410977
11645852
28861051
20045029
16980228
6667935
8894676
33852219
32472768
4903458
13590185
24787166
5850282
30185879
19481437
14298761
5513114
7640165
6564666
13417901
15236935
28809562
12999837
11653914
25592992
9336257
14260007
14049168
14778769
32353143
28851010
13176682
14379708
32010749
15306807
32886123
32484411
13040720
11915199
11911758
6990882
9838684
12862454
34403413
32154519
5314002
8228366
14236936
6017808
9988924
13405029
26722790
13962485
11389157
8624589
11092325
5447371
5467293
10550001
6749346
13141154
5341704
19737370
12715355
31207417
15305255
6078637
6924186
10748102
6666084
24507194
23454551
14753258
13629876
13338542
5604758
32644383
23206298
7205418
10970234
9956483
8506083
14963303
24717203
10465242
5869495
6229697
11818187
17680225
13606922
31179106
12817461
27791058
5020386
8017273
22686806
29777359
20964907
6306921
7144021
15854805
7725145
7852043
6182120
13439754
4874763
6189578
10677972
13185080
12028394
11048059
9209578
9865240
11700282
8203292
7680294
9996197
23197412
11920962
33970110
7928921
11522492
9374415
22152850
10491908
12524836
5593089
16248686
10178748
14233728
8084028
10158388
14566111
7078516
4727737
13628270
28191742
11450031
12466802
14155564
5203246
21528916
14822190
35431081
28508914
30165281
15701781
7115503
9797424
5781931
34117546
25103632
13247458
12560517
27848952
19252084
5565143
17437372
17334037
7063248
12546590
5138343
34979180
16062563
4839800
27930615
8578224
8039018
9212197
20193121
13302032
9376966
7052485
9915487
8254535
17208322
9191708
7654380
26648555
4921341
22952438
14973771
20476558
6271475
14360912
7485120
15820294
30480380
12776020
29681047
10255389
6030875
27422439
5279382
29764216
22172140
15050286
30190124
10980791
24419312
11355817
11809671
33797151
14674299
9583770
7062103
28323964
5263575
18447580
33910146
10002851
23063450
26873339
10892675
10050565
24351824
17168209
9942487
12204831
7498186
28169290
8007845
8590345
7343929
14535157
27757944
11383756
6022654
10722856
23717693
12686294
20357443
5106318
13503006
17393305
11847781
13172250
10627034
15259196
12864590
9012277
32198067
18130747
9793751
6522097
14143319
22539164
9681886
7350607
14997317
11441578
10634743
27518304
26690972
8688009
13350043
35245693
9272177
13451245
7056355
4984615
7829296
20977378
33485123
11421705
13569804
23060225
7566950
10611425
7860785
6599588
5511831
7767101
11082539
24417254
28138867
25073158
12274044
12203741
6930808
9309479
8703330
11375369
14705964
20145673
18326440
26965469
15782896
20090635
12346205
8831760
10117129
13609321
6156621
10133796
8223679
30878382
33794418
18690661
19991572
9508292
6823765
15663968
13120435
10658067
30328274
22823228
7927508
10272253
5263018
7509287
6060467
34737396
11979973
9533275
32656959
33709773
4984200
12290050
25920550
11923145
32492235
27590412
15020966
15837782
14855834
11473573
6977457
21104683
7936601
25262731
14406103
33059241
10364879
29185177
13654205
33192111
17944876
10077900
32798343
11503139
7469467
9639526
30835743
5028357
22528928
22019086
9701361
8480517
24863828
9080095
7533016
13065404
34892744
9125092
13929788
6114336
8629035
27571683
6105993
13139559
5760455
13632232
4712635
5360233
7151752
11893651
6695472
14552404
7337115
18614407
16974036
24226046
11813878
21618550
22994924
13441536
6930444
23122340
7532985
11168622
22388104
5400871
7488398
11919980
7471757
7854676
7654199
29546683
6353021
9221960
16299731
10061431
10389546
20479237
8290989
13982711
10638067
7827906
7565644
9654668
14937049
8269409
12665445
10888874
10347758
32713554
11710592
14157822
13693117
6216232
7552315
34678069
26387825
7105331
9634780
10911782
28382914
15675340
26230322
29130679
10077095
6271456
12198286
10770271
5978328
24250841
24522674
12138008
17658331
12340126
10268285
12640813
12473529
4905414
31720316
13953877
6777619
9125716
13096922
11306345
11192547
33038628
7786376
13616467
8075841
16279818
7841978
34061350
6757437
21479890
11982281
10234464
27101973
17751877
14042081
11745442
22588124
12898904
35304436
9027211
18370216
9865404
9318746
7937490
29084890
27637014
11266563
31899979
7236561
28136911
31872797
10780567
15881706
12605876
15438265
15853362
16566084
22611869
19455268
8523719
21194575
28832212
4866976
30174767
13944815
30540211
6937194
25306543
9381588
10912806
12220390
9021854
21442105
31293395
5047716
20735890
21852379
32651976
12974284
7466283
23950166
33227268
7776647
7750787
15690613
7396622
35377201
15509025
5355733
4856978
18407695
3886428
17147296
5046144
34874006
10792241
13657936
15293093
4691006
12310580
26075749
9687450
14326915
24250016
13308944
30367790
13156067
6694087
2263235
14425902
25565101
17884285
34070770
16179719
12831905
30341189
6882777
13177766
22157713
21449950
19580743
12799926
7447301
32805975
10006583
15881411
7247540
28942987
24372305
6257488
31498367
8290120
6349236
14544199
28001937
16224944
14214783
10962444
11433819
21376951
15077918
9168090
4707342
26504348
11420486
6979016
15073809
20217193
5719432
7814727
33283341
28918951
10001892
15499773
6393735
17022117
26623307
25314487
13529587
5887521
24928847
5685434
14490762
12653871
9616814
13303887
10157333
10625234
30726905
13341826
8420421
12899270
18638281
13479920
22698188
20505727
25769212
18077470
8507678
15108681
21729541
4728700
27781062
5398987
16852989
30587929
4904087
10724247
13770783
30657721
5156600
5115539
33524415
11025156
11283015
21845344
31639651
34970351
15876572
27766704
4675302
11337611
12076950
16228310
12600643
13131701
11967838
12669835
5446110
32080773
12848478
20859223
27577416
10381154
9685934
4785615
8610944
5097463
26837789
27819192
15562761
31407236
30950281
18220027
7472053
9318682
8105310
16033709
30330143
19256137
13367645
32348874
9819251
15075601
13147724
18687796
14934488
18938647
31383215
9029288
10740238
12496864
32330001
12127105
23607647
29205604
12068639
7634815
13489295
17602207
17504344
35478394
13912470
16783695
15695473
10965218
23477744
4755572
25562887
5161963
11380525
14817925
15367740
16107860
10126507
34072744
12068779
14085894
7450377
11665701
6976603
13538509
6709244
5368199
16247675
22276381
22810310
8224661
14517344
6331343
13314980
6269529
13531131
13726594
5519520
6885814
15692798
7591985
22874102
11736196
27632418
6097760
15694572
15429486
30037501
12016944
7813821
5553791
30573229
9525144
30112031
5322929
8596623
34133050
11648996
14969791
20736391
9495230
5080058
26775947
11219756
14430145
5924764
5534396
31085558
9839159
11089124
17010957
8793738
32765457
13341500
6247225
4819476
14129137
5515363
7505852
9431401
25736893
17183725
26797829
9496140
6560442
7227930
12265649
21764239
12496690
6560762
27882603
15813203
12546573
11720792
14093853
5745015
8136660
31069118
29142868
16274134
26528555
17405710
7072813
11238251
17221777
10797465
20879149
13120352
10563584
9962993
16997337
9430332
34793480
12435353
33925974
35068358
28079869
9368435
5376887
5035083
4689301
12114605
11026714
7134264
25680514
6110149
13454007
9284526
17126094
26011933
6123031
19379167
25958188
14473626
10726474
13183518
12642373
31935778
7873170
20196688
10061232
16911141
32153160
26767139
30701491
27204810
9321594
12075908
23294867
14273620
5724579
7377676
25638514
27858033
23795687
8171146
7514040
8756701
28599793
11106710
11521509
13871349
6925747
15294368
11099529
9413235
29302924
35144138
21121495
8701664
11650537
29121703
14173540
32742762
14492909
15497222
17121387
7934259
9382880
35233030
6837555
13091110
11920615
11904129
8960082
7145002
18832927
4844816
32104299
10525971
31294379
5652043
13474865
15732801
8806147
9376103
7134396
18389890
4871579
19123525
11451863
6668111
19391983
5808449
10932370
14619815
4752619
14551586
13526971
15906273
6563932
8571711
35215708
5753288
17879482
12277445
5273083
9895146
13527291
15743161
9931011
35178373
15034183
12805705
14977899
7390254
21043252
26347928
12640770
34465609
34605733
7258054
15868594
34719171
32671677
9858954
11382722
23426903
30934290
9975672
10055550
14460714
5438361
14255959
14823266
7572645
15957421
29493235
35527009
16195680
29880211
6203523
26936993
17112288
14510372
25353367
6532801
12133122
14377338
28940773
5581841
29625829
14309295
12430753
11732419
2142156
23486456
35303974
33581178
16192966
33955500
20762335
29299804
29829352
16111204
7386751
10364856
21368680
23466560
8291245
9019117
7524393
13220630
7859070
13472131
7953950
32111226
33335678
31646651
19093198
10611938
22293112
23745605
20966470
25032514
14524018
15037874
15446617
22404949
10506305
8536294
25486552
10688588
6669235
17788927
12016597
27336243
26645096
34638448
18386242
14956422
16304429
35515546
33857919
34331104
15581661
31821728
33019989
5709222
4997776
8987607
7370513
18792100
13139986
4781856
7730437
9418900
30480218
9024128
15577938
8165563
11424556
30645259
18420517
13456988
17774212
32083218
7439158
4681162
5369602
19321924
31823792
9534767
14999185
12119115
21141169
23632676
19833901
16082962
18110842
30014890
18085705
5684837
27946806
11081238
31869893
14367593
21499246
28051827
8581653
13798325
10036120
8287503
10039810
12477809
6004292
34678624
13973199
12636324
31349992
34049101
5207222
9672873
7220773
7497803
22995821
9027351
15880257
32840946
33248883
19278232
9237252
35315986
26309687
11669351
8216786
12266199
6892847
14173450
16045676
33066126
10561773
11829846
6817860
14311408
12152541
9600978
18974614
12798015
10006255
24625715
25164376
8671019
34396966
26331104
15429111
13675198
15008266
25334992
28246264
9125340
28622164
5104983
11381169
12708580
11975099
9487228
21265897
4965414
12509477
9525697
12629773
17480893
27798696
24919493
14436314
6270157
15605536
10317177
14107056
8079238
7764773
26064631
9630170
6977296
23213486
7184524
16229450
7810825
30928641
9251240
34351606
9354590
34334020
29219950
7814384
23489615
25530811
11307889
15974281
7685984
10873178
9942318
4884208
16596885
14771333
7424774
14728852
10749906
26567873
34461643
35022299
12767320
10663986
9574371
17850940
33845355
22323310
34400911
30342533
32525778
6219864
5730552
6719317
15742519
8965280
20917033
4746475
17666203
22189588
14347349
12439902
15429059
32835543
13027804
29033638
8402097
15878044
13122872
11826983
10870390
9847316
6988446
15636477
20661913
5821141
22555691
25767538
22637420
28611187
11212749
35173189
28231789
30848616
19125787
5715575
711878
7283729
8669930
6680005
16119023
26586239
22737170
6665617
27626322
10835867
27186627
18025393
28390585
23082062
6737295
22626044
34572718
12850409
6640437
27278223
14838281
14116964
10510973
10011107
15280900
19185325
9818111
11245761
11283852
30398927
20318467
13389615
7170829
28455415
5350445
7445061
16234926
12258494
5988716
14766641
12132750
4992091
6506702
13207086
8422361
10672349
19651303
32751462
14033294
17518672
10109634
12830846
12171934
8274571
5513789
14080048
35209096
15311434
18298579
13385658
21831616
14922450
28729930
12340287
9552374
14567513
9442179
18951580
13496962
12322945
12026645
19507981
7023261
7728777
5590836
14538668
27458598
8650084
32398164
4764704
10530908
6190586
35363941
15717850
8565356
15106556
27929364
15344209
28071760
21170152
18070054
13011994
25845403
6920046
31453448
12242859
11915075
11069196
12796022
14224011
21874198
35095718
19668250
29846002
7522314
16552851
8306538
11186887
9845924
32651505
14672960
31794083
9060055
15688179
9922897
6960970
10854550
5393349
15451921
17196844
15744678
25969786
24175604
5575187
8972576
9408572
25546345
7872803
18983194
13311180
5114829
5419267
35528629
12337227
7782336
15708765
18864673
11023086
21772258
34450549
6926535
11153306
15097680
10532449
13626554
19100524
33085005
19561156
23799470
28945972
15561565
13740908
33208002
33560457
29357605
23896811
6415744
10215902
29045698
25817356
10655326
8370068
9521810
31649378
4998648
4839850
7654178
14935399
7270313
8986996
8862232
13699644
21839077
8857522
13729378
4458293
30178703
18654877
33208572
4706997
24429638
4700066
9917347
19743541
14079963
21440839
5189992
10212410
13593849
28630390
14485567
5787696
11041477
10688570
16137920
6022723
24472826
23568167
6828628
11773690
23333294
10187969
20803768
13652402
7309745
5516437
12228635
6129843
6160183
7685184
9787983
8725527
20051878
4983634
23782559
9828725
13962090
14316211
13260224
7806930
7674048
7909349
12065312
17996413
8747259
10253713
8765700
14693805
14236276
29025262
30350810
14242640
7499830
12372575
33581769
21467269
13145787
10310583
4675467
9073929
13253426
6778968
5891970
30000913
9929290
32053851
34531549
15299575
21740962
14139346
10035054
10414646
17946535
6288265
7564436
22288021
11425873
8677798
10804180
34162762
8020588
8661274
5109944
15280138
16459203
10951374
11184092
13486313
13027534
7684683
13542699
31948328
7463577
29714425
12652661
8607926
6447299
33158310
5951586
11514313
5382570
30634834
33940251
15174423
15145944
15387343
11708320
9114618
6703083
6526266
9365889
11453906
34384615
9945325
5679756
29020969
10831472
22456189
4961356
16815222
11944784
34032906
13105333
10056786
12793185
16172184
15605452
9895462
14052753
16508040
10097504
11454526
20171287
31382591
12167194
30198584
23178395
5827861
5707508
11421657
5211313
8363871
7864317
11130678
4843951
6022705
29383051
25086079
21392323
14929960
14497725
26892944
6897459
10137670
10625260
16660845
16149286
15256824
31289384
33211791
19605856
17762740
32494641
17250973
24275828
11274506
14300252
12667592
14976505
11001553
24463160
33414701
11912545
8109750
16698282
13956759
5525098
11890132
5250636
8854959
34065094
24853667
15247681
10211088
4779067
10146104
25162573
5076905
13881097
30211289
35439367
11978248
12761909
21334273
12313869
4686417
35154325
27656610
3286313
6171805
33632595
16273142
6939927
23144234
10712507
11398915
13582522
31455884
33688743
12206809
8041399
26250821
7657717
20569159
10050912
25312264
8434927
9755786
11661102
26883062
7800746
14663859
24689744
29871583
6926117
5955711
7792592
8221798
18415981
8251776
33618531
12281608
23549960
11151815
11439116
8376157
5965850
14607120
13403472
20916334
9094327
13436612
29556019
22093429
11991409
5939028
5501839
16267137
7522594
31815653
6183585
23965244
25877434
14589526
12847711
14062883
11552283
14499612
9340925
19326640
14861346
13637861
13541116
4730168
14402599
6700275
15220063
3931394
15143883
12600282
20088904
10797550
7278780
9846406
32188389
10238490
6011025
7939347
14227629
25515007
10417991
23258252
7563390
19932556
28902349
11797576
25826536
15168823
7202740
12893287
16169903
12508416
17199460
18911293
5881903
14216566
7705678
15109140
5587127
12055837
35452744
4897321
16795848
22913186
33845271
10916276
11370017
17015529
23054606
16282864
9920202
10313476
11410665
9838760
21554194
5261518
9791707
32151849
5530922
22693259
11309787
8418576
9572479
32072280
6073892
30673795
9448305
14619387
24345269
9516051
30600196
7547229
31534237
33112536
8577794
24877883
29145187
5170154
30162032
20192662
15103828
19241629
7820487
34910048
6788188
8979350
11369091
33382262
24150392
10091366
13046573
14328582
29338801
13605070
11126455
12739066
15134648
6036924
5987252
7045070
28665379
16125387
11505671
9915006
5552755
15604314
12310944
10688631
11502916
32619411
25188709
29861128
18326884
13363436
15140948
14980867
16085184
27720285
17479456
19532029
11479882
32997651
12158149
31934995
18605095
28537297
15771691
13632564
3530647
12302415
31423100
14543474
5573371
7936390
25451236
31258693
9933749
9577290
23583710
18200392
14758751
6720849
7508045
29664202
22390951
7955959
14685033
11688086
12325486
12162602
27201255
9846072
25316482
24306242
29514262
5272500
22336528
11232241
12619637
8198896
9963856
4852454
5234147
9343363
15788063
10666586
29669986
9117781
24799937
7761423
7840273
8150769
8882567
6252669
12394134
18768148
6489520
13624318
15596601
11348135
32007080
7319492
30032617
16085436
34529011
7128387
7884474
15550820
35177173
12269837
25090102
29283478
8889385
14997514
14805449
6982855
9852528
9170948
12294154
34117336
13358176
6857984
23346395
7242296
11331694
9220989
9732189
8746265
14910275
11669500
16503228
18213493
5757646
21869587
23629523
16200493
14952926
26519213
35281702
29317315
29195260
35017136
14916513
33919068
9844333
27369771
13568039
9740247
8525120
23334641
30410012
12595523
10662704
11495133
15855014
26767655
16096631
12923517
8119338
11113738
14115620
5706023
6934450
6239128
26595650
5050474
12532393
5998173
8462143
11987497
15871330
6649092
8024005
18587722
22440076
7475530
5435913
8783968
5502140
10877929
31453631
19145668
31625515
9499370
4742929
23902376
14720955
14987528
6492019
22237804
21804772
22366030
22928126
34742718
23926736
9707881
14843826
14868614
14268431
12821933
13492870
4891763
8836427
14272850
16420491
6580597
7636300
7602118
16278032
15711402
33070128
29744032
7447361
13173490
31060730
35169235
15829157
27859716
12762977
7278279
2805167
20660515
32048601
15347529
14200106
15982184
12911538
10863790
15618895
27301467
4922009
10227840
35387008
28141501
35503471
5533244
7537490
13187971
6085729
7240494
10552455
8389182
29496052
10409334
12744442
31543099
27672240
12411413
11777137
31618858
31528993
8242643
20440369
4774328
8874941
31988231
5659047
8244455
5441874
12324905
10294425
21614485
32085582
27383913
11822657
5171736
12479152
18353050
6369860
31571755
31608163
14700455
13167093
10373499
5107563
14774632
4770430
26661527
8614160
21642082
13843007
26782238
8966807
6817360
19917778
11596161
19997836
14552294
7855698
13905018
8331026
18380689
17957749
30403343
7673114
6326296
30709904
24721499
21877849
7547725
18925306
27708600
4997500
21511471
4779001
13967597
10081098
6518812
25849804
6040441
14119010
6976462
5730477
19263919
35491489
33391910
9224698
12860018
33942867
7205084
18021961
24594002
5670271
24980797
10672234
8466616
31989554
17232841
24743780
13359057
15035334
6095327
6130711
11358159
21975217
12307618
25559050
10262040
8874362
21189640
8578419
20543095
5837276
27378429
8006205
16160137
7928631
22447162
25854529
17649319
13218135
5275728
15960295
7658666
6155575
12929206
24861152
11539039
8621505
24006080
32576973
26734493
7851741
8338503
14010370
7675174
30660586
16059050
10745521
28666144
25401157
9521941
17318527
6924173
6516473
31936648
11060848
8866974
7299444
8144935
11401109
9931396
14376722
7483235
9021859
29860024
5181224
15645175
5006115
26127305
14403481
23941901
6297928
13465744
30374333
13626786
14945006
24402422
12241920
10018553
16144568
12509073
16995492
24221642
18217399
5795521
34333078
8928691
5096668
20179531
12768225
19369945
14613885
14616518
13048873
22161406
32543751
9060616
21944122
15242640
21034159
9031505
17302360
25074079
22040080
33068769
22511414
34081114
24264905
12522411
13474936
13491754
16186055
5530074
28183609
14072892
10504095
10948105
14175213
14436427
14762612
10991998
6191654
26817776
15471451
22706462
6445309
31487981
23204711
10458490
6941947
6014447
15975800
15462919
33279297
30984127
32607816
11505570
5439492
10505691
6426475
32235789
19745734
33122751
7830669
10899536
12615063
8546357
24837191
31000528
4679518
5832396
24507488
8280097
6277760
30914310
5482085
9536437
31626796
31074869
22281463
10930815
16032562
16397151
22430053
34443022
10904013
31808840
9021368
34421110
11194325
14094708
15491004
4799467
12379597
28163608
29567068
8403079
5380267
6910115
7888244
9226882
5887962
16777149
31031158
16538439
25057306
7155185
12180579
9389266
23653079
29324248
27258450
26539763
7088510
23667116
4997714
14898828
7427528
15579446
15943546
28234924
10542710
5739316
13179360
6481253
34447831
21055759
13772897
20330080
11447152
13250536
11368531
16040904
24740978
15136162
19289290
31796036
15704371
8658766
27767748
12234391
19580134
27733566
28539904
31507250
34801385
25065190
18463135
27558993
33281874
8203273
7566231
21746353
35402332
15647257
15131974
19105159
10122082
28218706
11146665
5883358
20953054
33183333
30433298
10823742
8104867
33767397
9889115
14316487
33975189
10426786
12350251
5711673
17696053
23141543
8086578
14636432
20960851
12823687
34914959
9402164
27346848
15443816
32894817
15713139
9786132
9087255
14221768
6997619
13776558
26304656
5663462
19660492
5964790
24913760
30766374
15851986
30125123
8064061
31664102
7434413
30402611
21343195
5199690
12370036
19235416
12748493
13195900
30117011
5961350
4831152
17692042
9740891
9367694
14607304
6580169
31061396
9124152
20914015
7641062
33870924
5490793
15075722
6899498
7745230
35193430
14721215
10498384
5670690
12320831
7238483
15380291
19053934
12865764
8098534
11526063
23495828
19185355
6492258
19081828
27439068
12346107
13673060
33877443
8676796
12524861
12745188
22618337
5844024
8454848
8919255
9471681
28618723
21742744
10815342
29607934
12919271
13750706
9277205
6172936
7327866
21873574
34218292
13633036
23261783
18577351
11853180
7685781
9042772
25953163
7922993
14472443
27648429
11447139
14468764
17626033
14980070
30106868
6761640
7911134
6402416
4676613
31929904
23613482
5263943
8524837
16126844
23301341
13855377
12783621
7185154
9477324
22920500
9138588
31773179
31028287
23242454
13421464
19867759
31317591
16325370
11470670
9723726
15189172
14425947
34848575
13080330
12116896
13938207
15578394
15815505
12579152
6195695
9072890
6107482
5026206
27891276
11832622
16448514
28926547
8084018
14096423
6557930
13336630
8821883
12048581
28585186
32813361
16366635
1618403
5385758
8032906
8195911
5709895
31847618
4964462
19983967
14472654
32627961
9788464
7877609
20776030
14551081
9611206
15502834
33945327
27900336
24687356
14646498
12818029
12577334
9417640
28052919
29399659
5632623
7753067
9027128
4829795
33366065
9888404
27263805
25804675
7238121
32467626
33016377
11509572
19909069
10373823
27999396
12722956
13703252
8668770
21515056
21615862
17353900
15949965
12238931
10807059
32182023
13052128
12719218
6193146
13537487
6216376
7684600
30803847
5341551
29735968
20283421
14682752
17521021
33019836
9428832
10146352
15266581
8978904
24500081
8048903
19366741
30486694
9333945
12853171
26820359
13360429
4732252
20644768
7616696
4821641
8494682
27617544
4928746
9417092
27426789
8622200
7571747
10261328
33961548
32067042
12337888
32433267
8675319
8802988
12182071
10116130
12097087
26192708
6119223
22418974
14268865
14086288
14107402
9415570
16604904
35145457
16486239
8263724
14162019
6086176
9169975
13724715
19745293
26964215
5474531
6001846
9853996
27821010
10541735
21213232
11744527
3106023
26711702
6029248
23096234
32155470
16098705
8976689
15688674
15731629
16126457
9548162
26596070
34398232
11353201
14638344
4742758
30247820
23436773
6194260
15176232
9151618
8152152
35314969
15001253
12565576
7101920
27210219
4706522
13133463
4892498
31277705
7485586
20473777
6692046
15077939
27678555
10169960
13202976
15487173
7960452
6013106
9288821
31221160
8680112
27488541
5726749
12363121
17735440
34044106
18752713
6828421
23452253
2810370
23867030
21274891
13321875
17590966
31510538
23510459
6279836
31172230
21928651
9273418
11656073
8891997
7821189
28578721
28015806
15351401
13747127
6172312
4675040
9800258
5610538
7429253
11961804
10365878
7035041
31573024
7569190
14555150
11345327
6829419
6189560
12852886
14143313
12812212
15890862
11847734
18197473
28522831
11063034
10308277
17212042
13769159
6024574
27011409
13669445
6518855
7393247
34002732
29080702
16608513
5138566
12242035
15964148
5532737
16560765
14569116
6755108
5625208
12903889
31663382
10422522
13179406
25985008
15955489
10504200
12501245
25235323
18333664
21929188
11565841
6877888
5361256
32569062
20872846
16042767
11944735
6426335
12789258
22904516
32618601
24933026
12535819
26289407
8179332
10481155
8068604
10286973
14465841
14422965
12193672
25085131
23524265
22086031
8841090
4729895
10525039
34208968
17916445
14120999
14738466
14013573
8175043
19910221
13891763
12701361
23135465
21406810
17945083
20060428
18546592
7622376
17726710
10351256
13037137
29470633
8518877
14545845
17087916
31104557
16218922
7458646
10635611
15479886
14194709
12795519
9800958
13443544
20875033
15209530
6183645
32063925
14921332
9284146
12179627
12318614
10582558
17058072
9914082
14449150
9927973
9249395
29258065
8715118
8747691
6680269
14071886
29955463
28306702
14012495
8059227
8102258
8523015
31987379
15554157
29990977
15905841
13422466
35321026
35202352
30645091
24627785
18594205
17993581
29407084
4712888
10183283
6266072
15592186
14522609
28166227
22328257
34220491
7098265
6447221
17083371
5290871
6724462
13639092
27220566
9782298
4891346
16124920
34624417
10658649
18417139
13190654
6245164
11603950
10068446
14326955
25663243
11166318
34465009
16125851
13086970
26328842
33540543
31751357
10448243
4843750
7908405
9721595
10079072
24390398
8531510
7044862
33140001
23130464
27483111
8941975
9517758
18318082
28253167
8995051
14481260
29290594
6828842
30592672
20611831
6332461
25511851
11862521
7877882
12929374
12132660
10408248
15140107
9095429
23421458
13176649
29719225
6129183
35325442
12024779
8875340
4977354
13402022
35163832
5685323
8291803
32289408
10938707
16756284
10439430
33112479
22472380
7158572
34689108
34652926
5978976
17049591
30550861
21997315
20446363
19456489
33338318
15944620
22842647
35032355
7085013
29995411
20678434
8075320
22839743
15340214
11027876
6932419
11008547
5939520
11323343
17623690
5998306
6058581
6493711
8205682
22891034
16883628
22543052
13618930
24147440
7090546
33215232
10136847
4921681
13059544
32919096
19548796
13669346
7652035
22894457
9650333
4803201
16305339
6233446
8026586
15921939
5462310
29952496
15800129
6473591
8154283
20844487
5881842
12516058
11301903
7192888
6314098
25994068
22029031
5935943
27677772
14246059
15613367
8166967
12871771
31346773
13827022
7985991
13642237
31231396
6595102
12873335
28850059
13570849
10030305
9770753
22901783
14685318
16477572
17934511
10573226
15881329
12083840
12638463
29614078
29343253
26884217
7395479
14482621
15948658
12170713
17515534
24528647
14997630
12508895
35287948
14787563
29385895
4880593
7057633
16304117
28913653
4994871
20613781
24050651
15500842
15555875
5294645
32738709
13162015
6126486
14216303
9511836
30811551
6264158
10137289
12279695
23713142
4769532
28674472
5212418
27205779
30192590
13135476
29838442
7122550
11591087
11192478
13334025
17940478
5133976
11679986
13443988
23270621
10546458
6076067
10470311
14025381
27246051
8071981
28089088
34302517
12050631
12102159
20347477
27744741
14279640
5940069
23072054
6250190
33934773
29447251
31583389
11217660
32739369
13001891
15152481
1670984
21669994
10987670
11007290
33402632
24623864
19087756
10676849
20416219
21071545
32781534
22821587
8028529
25696636
6100940
11512052
28512271
16063218
7034634
29754718
22590488
18803740
13501016
8343930
15730806
14980824
7220836
21641716
12408360
9225959
16564800
9607238
6054476
24223475
8349438
8959810
28200175
5188202
19267234
11567897
13308168
25637008
34698048
10555672
33658899
18085786
21121870
16066265
28642780
33057957
14879061
5553709
28554229
16212536
19036588
11303322
7966686
12049650
33890388
14208817
3735468
13836116
19762879
20479573
10869668
30090170
18787036
10257854
4715421
6000831
29096806
11263084
30134723
11812151
15907222
8686392
24040928
8044785
12255632
30189509
4991473
9439787
5884923
5545429
35231554
6264126
22588748
18189094
26040991
22100707
5916098
14420395
7622898
7801623
34628278
30391307
11915311
14925470
11507232
11433750
11149063
12396594
4997354
15768207
14041574
10196675
19328941
34287574
12074560
13556085
13040493
13687510
7249436
10132659
7347037
28406347
26097460
9104257
8330834
32811636
13089359
33748392
11983034
29392633
5458352
34955003
13277835
23115869
8724103
32962704
11821470
24065426
8754544
11809061
18154264
26770562
30685372
27436599
14254355
6296923
12056522
6547558
14859715
7918396
13993627
25956301
15311754
11882098
21564313
19253281
5084516
23508191
6300610
13817551
8483468
20476993
6054774
18989998
16735512
5122994
9680670
13876281
13605550
15789910
10417793
20559718
6748632
6296806
13601468
12502657
15659606
7307893
26889989
12000674
7600339
12534069
6674385
15490794
5792932
14514377
5103643
5465173
7023345
7614849
17376328
27632193
12536388
32452842
6290141
5906598
7023674
6064703
4948569
18324097
11510923
14457032
35054783
13068638
20719372
5073835
4752136
22164553
11773069
7890806
13494886
5180712
6313092
13552462
25097401
16121054
29597311
8630156
11048519
29358406
14859089
31984103
17582164
23028719
13340094
32200236
12386046
6705268
13083715
22276474
26412866
10122205
21331909
24412034
12706706
9798557
16895667
12447539
28423558
11385841
12847316
7734459
6806304
9340782
31577836
12837108
10423017
9889701
10355761
26931407
24199892
11724938
31300543
31854227
34786514
5035161
9898645
12621983
16671144
11987873
24572693
35103716
33227001
10421940
12435507
7127777
32916489
11111001
27627738
19640857
6198960
8175510
4815233
10900291
34789040
19684456
26833523
7496606
15807606
9560053
14431330
27491793
13868538
10680921
11589499
6870279
9503097
13674386
28010574
25628539
25712551
15150099
16142378
12730443
19471942
15588330
8696615
5366735
21900667
25244077
14880970
8657361
26043472
33151509
7215360
6210339
15995004
10072049
16082406
21160672
34559038
20936893
15771890
14613178
10903566
25776586
5589773
31922293
19600387
10313241
7695713
34908029
31087853
24791921
28308415
15267393
8648624
29537701
9329537
11120136
9274833
6703915
14063620
26591864
15795125
31340905
15585761
18209386
9268514
9291803
18252271
4837172
12997748
15526097
21159571
15123652
16032785
10691058
24256478
23670938
8598229
5742587
31911244
11712419
5793705
6594779
15189277
7259992
13808378
29544829
14201415
24272555
23116871
6148013
16734417
31055456
20293252
34819910
15358381
23595707
11013274
25377379
9886120
12021066
35463496
6241243
9515023
4946187
12468885
11500922
19273315
4689091
22545821
27742419
9258999
6168367
4792227
5309631
13898762
8609575
12947800
34566187
29756878
20618578
23622941
13475470
21664765
15670271
27958785
7398912
26795027
31252459
33137484
6519103
15283292
13912084
13685866
25287256
8802138
33533643
23128244
21456109
21062551
13814724
29228917
13557260
8686410
6675849
5865837
20934130
23320757
14660528
7470501
7691354
10187706
33156504
28263946
12880838
7445814
13467549
30393776
15087431
13537411
20956798
11378841
7312110
9963787
15458137
20114404
15863932
6488010
8037043
27091299
21404833
30313013
7972317
35273746
14615479
27674808
11571454
7331364
10032812
14611887
6483304
14443956
6349301
6526473
15739892
9953486
14028647
5002322
9226601
32935125
11731846
23623952
24628163
18736777
35291119
3737633
15090617
6789261
16558566
19524034
31361077
15928434
15683027
24055406
29440276
15036101
12727080
11062580
14889046
6447961
27964260
6989931
6137381
19199464
21930943
7305885
10810283
6939047
6261245
10355099
23178467
15727632
21296806
15411896
24974032
11837923
16408107
5692921
35417530
26993016
6351427
18883882
8255943
25678276
35162548
30219719
11961854
22869449
26015857
5949677
23245631
27291312
11937022
12460511
12798781
12353142
30001246
7651989
19726612
28717816
10027831
14812958
11627212
25269280
23753636
23298755
32894064
14292678
6456457
7010379
10849905
6620378
9211423
11626202
20602825
6340652
33164694
26885432
28870255
6250542
5000991
10294755
15342797
19693051
6919552
8576945
22545134
32735892
18695437
10406952
6683212
22648028
31548202
16119811
15805002
13490125
11177689
6027492
6274716
26043091
14796987
11989374
33391289
10862549
15135235
14958025
29091883
12827402
20994790
24355397
8525154
27117141
11293145
14715580
16288598
7595395
16389057
13245527
10874151
30655708
32792646
6915187
32166063
25929520
21734617
11729157
11269706
27738468
30315011
8789353
20014420
23624531
6701065
29321053
5667822
8865658
13956537
5190935
12599590
6401527
14474763
5991221
11622823
21959038
27870531
30096866
21894223
24755957
7350249
9093855
7832732
31488557
9016805
23552795
6953014
15417069
8897497
7252683
9386993
5660120
13708662
23901158
11338032
5161151
24414317
34501969
34300111
13944266
14567666
14214470
11163823
11484488
21922294
8963241
6351544
33033339
8271409
5419283
11874991
30559051
12216386
16047045
20332954
13024026
10636632
11384902
29322061
31216969
22832234
15545909
11098663
9973074
14948222
19230352
30521686
12655350
34672774
5190515
6886852
15047498
8081941
31925503
9733141
9321036
12664289
19387780
10668273
17603635
9684765
8199421
14147152
14920419
28654819
5863923
15118945
14819649
34200991
8679175
19783576
31734830
4686346
9465218
29387830
14785232
33406256
18007792
18220954
11360628
14091679
11176554
11099151
9480943
33655125
8451716
6383248
6458326
8195611
12813638
10988230
20304262
9508574
29068633
29221441
27732714
7987298
14216203
10631191
31443011
8887517
12111465
11614786
6677774
6779034
11529331
7536817
15642568
15177144
14070729
5246693
27883944
13701168
28094368
15515675
15421735
14395339
27096249
10169192
11999476
7192202
5849703
7036297
23070890
7597813
7571553
32382852
22221478
15518917
5910954
5718061
15335285
13487714
10812381
8464855
6307184
30781581
10099740
7574199
15526125
9090204
32885664
32454915
11447874
23267537
1605467
28365571
13841904
8057151
22637687
4928723
17053011
25941739
8966890
15879368
17633527
10350913
4925127
14951220
9037072
10326104
14530138
23818805
9017081
7241156
15579429
10964289
15122003
11525142
33951438
28269748
12395344
5414357
12936866
10203237
34351744
7950286
13533375
8296764
10680983
14788129
27327123
10003975
3475371
8693560
31031080
28992325
10234960
34665370
34537822
9886170
11130446
6660842
14086322
21225595
30342881
30509044
6453748
11225320
27219408
30450926
31421834
16667166
10921976
34480153
5895117
22991000
12897058
11103765
21360163
14039185
12643346
10997383
7043298
4815312
7316785
13236416
12298540
10078650
11097660
22805243
16862229
20922751
13276105
15621953
25170961
34581028
32280219
13817482
14477246
26167268
7843141
13645748
34714584
30414830
18668938
12180483
32558139
29781709
5366054
33712833
19000618
13860462
9533327
10334680
11612914
17321590
13955250
11977894
14165829
14922107
20661832
5045972
10205119
15188641
19589737
20849179
25064773
27960936
20533915
30680338
16257884
12310219
13049573
8186131
15222777
9807473
30690574
14317861
7754030
27922794
12947770
11929171
11298076
21697681
30137156
9817039
11704334
20177620
28721044
15124730
10677328
14846332
6691225
5472477
11385430
32296290
15525420
23740352
10846314
9015112
10719749
7463655
11671393
31449320
34717665
19749964
7269006
13391165
19959391
10468948
22305487
9318572
13607574
13410297
6653306
7770597
14333779
9708713
28151026
15948436
35133263
22934006
14108839
5832697
11865017
16332549
16928298
19277434
34338217
33176742
30924462
5876872
5178084
16253708
4721699
21952354
9011987
10341020
12429876
24832937
21504352
12885491
6464597
6016232
22374892
15353338
11617092
7733970
20348815
32006153
34319023
14629448
6285613
19352521
28073995
30933249
9170079
31354459
9028220
8675501
19100629
13573734
13464943
13583383
10120844
15778805
12541142
33386231
12569898
13061880
10207107
11476608
9523767
21222676
29506036
12813350
27622086
8521864
13017800
8580328
22871465
18787591
13610145
5110493
27528750
12273288
17489308
31979756
6294444
5777375
23424986
19532245
8158959
13809984
15437017
29259481
6749224
6661679
15229459
34866908
19220440
7016554
8383746
11564700
26769596
23236277
20750212
26402606
25491385
5589628
34394179
8016565
9267688
15304320
29798899
25057753
8918444
32614314
8022746
9363883
18287737
8577842
5076224
24999229
13469619
33740493
11473593
4935855
13574979
8077656
15910287
15236582
34867868
20846680
24734750
19011412
7515882
12795835
15296185
15831279
10227135
14895301
6868836
34348597
23631341
33602406
18215467
12396880
13608160
15610800
25983556
29654044
12422135
12680899
26093530
14451572
13780800
18951121
7623460
26342276
13160846
6262917
30224858
13282455
35199745
15330020
28019829
4806060
6521316
11133519
13022652
32715153
11895386
6374250
9652620
13293433
15726784
12191180
12105535
31068737
8798437
27075735
5576468
9809491
6582578
14005213
5708393
22599704
18318607
8870131
8783296
28247350
10246417
5460584
11285370
19463470
31246138
5354013
6591858
15472279
12754734
18010045
33244782
18535627
8547240
30232070
11374407
31281245
23548700
15696783
7752343
14310146
4781191
10988104
13526478
19986082
7643104
12472480
21303151
26158973
18742207
19569589
9207873
25207405
18577942
15541309
15149710
18215569
11404924
28092556
5043473
3880589
15566840
18142102
8941528
7648061
10516622
15621854
12080188
7631136
9576848
9345316
9840381
10672683
28627855
22863179
12619021
17246194
8432113
6430936
31741736
31750625
25703347
14920557
12171098
28845640
17217148
7672404
5259707
5112840
7847144
34188130
6603445
4747466
11013717
34146520
7976180
18157768
8979182
11655090
11771487
11920938
6525193
19606897
12578827
30009904
12099286
30272084
11430218
8383153
26439317
19849420
23864255
5482398
13670476
23270108
14714913
16265330
22786469
6012597
11851333
13971780
20943340
8009348
11945588
13312922
5027519
6916428
26109976
32403405
5353228
11511930
14529026
14215557
10184199
19422157
10633444
8462864
7633379
4788817
25475977
25466686
6907570
7626011
34791650
5655913
6364984
9697401
31409603
15097916
6000777
5227784
9862744
8407976
14993692
20106682
10302197
11428035
12713893
8628117
20327002
9279449
16578147
18195835
8420293
9547970
15744838
16027210
15887214
9289397
9732821
16166886
17162494
31910467
5447425
14347204
30008719
23224388
30600475
35441206
10569663
17245696
25512313
7887349
10998140
13100822
30354746
16473972
32696175
13177519
14941551
25259482
12581479
16097864
10998766
12133565
8154019
18808423
9432735
13286757
7958170
7800181
12011654
26557085
13795618
6797715
24101942
10226170
7238829
25440379
33385229
5165795
22036417
28517698
12989078
15133985
8644648
8925434
16694676
13004192
15328340
8575721
24277784
15091172
7590359
16962492
15318606
9180623
12979087
8929948
6023596
25002982
11505018
5840132
11004616
6885797
26076226
3219275
30846819
19448809
19213999
30566521
17519365
14966444
12813717
11075068
7049334
10578954
33104244
11052317
32850984
26105926
22595333
29099566
5379451
24773372
12146263
20980882
7851755
5361812
4883148
14474221
9682657
5494036
15349083
15015869
10417911
8931125
6178242
14449669
8291223
6632456
11431576
34233532
9293527
7517205
12081756
10766878
6871947
6373499
16560339
12425293
8664573
34903913
13038377
2082660
15324051
17106672
12566666
32228307
9877762
28121065
24396182
14461021
9734330
10656188
29837650
13954713
26323532
32396910
7645501
26799041
6664927
10955095
9539518
33637497
4352156
15761846
26344670
10967941
4725887
7238509
9694169
33535620
5690200
8135130
24416993
13570688
11833230
32467101
15135507
33544926
8019928
5160002
6774707
16422660
7107011
34880840
11007505
4977297
14084879
25752724
35322076
12096934
28735867
25748128
24308066
13033129
10506266
20207800
10962872
21762898
31907044
14444185
11148858
35338540
6172872
8386486
13357367
6429736
35095697
14130031
12411013
13954417
11384213
27701775
13307831
23210654
16174906
26956907
4719583
20884747
7665880
5233616
14474131
8930927
31423469
14272065
23838101
7827812
15926796
4696142
17247826
29261719
12406939
19650721
5211455
31870463
33609795
10087078
8562546
10880874
24366353
13504418
7171001
34046722
5292723
9177363
6637280
6254098
9619799
5850004
7037020
7423957
14697200
8542434
12149007
15117884
26438807
14591544
27822552
21339787
5254769
32136768
4754277
10883206
21452806
5494447
14134692
14376798
30010612
32428749
27749055
7129553
12453035
29852638
12769398
6912305
16140829
26340416
7804793
14398093
8551617
34896635
6145913
8537756
33505802
10019185
21141121
9808070
34845878
28158082
20911897
12705624
24574280
4779138
8161696
16770699
29562484
35474020
27096384
16185242
30295592
13194830
27472584
5149458
19532503
14594600
30123302
9302383
14042145
16211915
13588709
30283373
11717806
24963355
8655238
5942351
30129374
7101367
14362419
26545718
11702427
30997495
30072241
10718956
6384592
19530490
14249795
11225928
35213992
5811173
13323143
14886308
11763973
30192470
10911219
21466978
7849942
24720893
6238579
16116723
12078285
13431352
5275626
32389083
16749024
6884639
11691431
31885861
14892113
22624370
18214387
9444982
19178833
9163125
10131972
8348742
3966451
20997565
6864802
34649074
5458051
21175603
8886528
7021953
15969721
18061858
19606516
31560205
9820030
4729720
17363302
10975202
21449833
7263289
13581918
12940596
18341401
21058666
20285209
24642209
25141825
8652842
8297046
6703185
8273589
22283572
15897532
15063736
7789153
27862893
11854863
15244184
30728300
21555190
12699612
19491775
15310354
30475925
19381078
12746254
7611263
23760698
32772414
15072521
28418983
8205414
31761350
14012387
15295337
29952244
8931112
9107015
6958385
5668554
16214238
8429684
31714640
9622786
12552766
9261832
9711224
13703589
25881853
4716536
32309250
4899508
5984092
25807699
8939504
8998430
11676740
7451500
6371148
5631325
30932718
7087653
24500114
22891832
32787327
13636244
20073136
34528891
6013061
10794969
8562360
13194009
25183774
8546916
10909140
26988660
16534119
28056603
12522727
13478454
22791749
15963769
25724377
11063867
14038606
18787363
30050458
10086588
34890113
8157255
30525589
13129299
6169895
11054366
16168394
14077398
29550502
18668056
16190165
9810507
31666958
9513026
8626160
12832574
17182489
10006112
10772207
21958570
16122391
25206910
12588687
13457355
5034954
11569456
32700399
22299133
32172921
12135722
16956591
4758939
12093179
26848034
17941924
28421026
29711221
15654205
12628196
4714558
13065326
15871308
13156148
23029256
14083210
24208244
27774600
8443614
35000738
17642428
7538507
11181508
17870035
10163587
19458256
12379563
8304745
29863900
11410722
27786495
23382356
14030582
8564211
7338688
8420732
8800488
16327830
16207100
10630360
9499901
34079554
34667914
14961013
12633620
22685666
12139510
22764086
15101176
5510433
17985682
27615237
23614274
8600480
5132702
35448358
8653676
29649349
11302969
14929170
31438982
15395221
20635117
13447801
7537097
21522922
8873682
11049101
15492638
8706253
14732733
13035650
28581742
6275287
8724319
4866775
24495161
13429925
12678755
27311136
14914773
6734707
14281023
9521352
21923236
22004002
17818375
6523495
34081942
15672272
10144769
22576133
17798329
29882887
8806821
4862149
26753525
12954206
15945648
2517302
7804343
11714663
20325967
4972569
21763714
14544996
5064398
17039952
10889196
14563167
12171933
22699646
18851929
30945289
30022324
13688629
34672336
21751852
31412954
5742473
12278573
26083777
8936008
28947037
25180051
18828586
23049359
16351263
31423751
11055259
29005360
8891087
10262943
15079968
34091539
8152279
9943685
7036783
10703649
14619412
5358946
15886541
23057033
10342727
30831369
4997046
16536546
15485705
9894894
7792258
26642366
4779154
3961383
9074347
20020195
30116573
13487856
23065601
13393912
26621792
29196292
11951744
15659604
5717788
18972547
23984807
4966035
7399879
14415400
26707478
23959679
34472242
33265083
10096888
35371945
31025359
12913922
14168222
29085976
11914588
15821500
18405682
6852168
27223173
15405809
10516000
13705134
35340019
13349112
12996795
7261119
11847571
31478900
15124384
7274798
4968278
19380820
5930598
9392797
11141221
4698247
15042963
8806777
21721696
9812212
32758605
21761341
8043334
11510311
12880238
5052151
27563811
11653476
25245049
28346635
8231521
32538468
15238400
4854789
8452929
5175193
35249194
9174354
13616255
14236955
30274994
5554567
15365997
33754800
8913487
20910850
27353508
4726017
26794592
22656458
33236979
35095808
8436616
15598595
32903154
14990004
6563328
23035559
7998811
6564677
35238232
16411821
3708648
12011175
24377324
15696512
7180427
14137160
8856259
10895253
6128172
10210038
33451436
5003658
5531199
30185342
19877593
13958483
5315096
10509497
13195016
16852422
34276564
14594319
20648881
20122495
32554188
6963555
34583929
10908207
16065889
27345909
25826977
24806501
19495210
23868482
6295790
6210406
10892257
13278055
19124155
11274141
18108004
13833402
28025817
35134592
15887161
27794334
8792271
15982972
7315529
24032852
4958462
24692282
24590099
13842804
9653567
26104024
7594946
32079072
6422004
19625221
14609081
35491639
7088414
16112257
8736376
32247288
24228965
7033111
24802229
6839576
30089354
27713721
5003211
7377487
10121799
16341333
19793611
14185675
11412843
27469365
20026375
7615168
14231598
6121472
21836614
10774770
8730535
7705706
4798449
10888973
7124976
24021749
26934047
22854848
9147912
17127105
27075117
34361878
29363491
16286331
20951773
28825681
10851319
6122759
15422371
24449864
26590151
13327725
30476330
6070962
13991786
14867701
5638165
11140162
31964021
6050317
11295486
17460715
13566177
22840379
28589563
11317742
31752632
30290939
5668811
5671377
18992923
17934724
12383118
12983713
26745797
6834888
30761109
34234231
13119822
8745648
15493877
11078874
15981194
16254996
5163339
10343509
7665306
12149247
10248627
20044768
18064684
32072490
31734791
34110604
9133847
5020787
6358270
9454121
15313141
25215280
13513609
22349560
13302456
34447513
21586906
25192471
6932715
28713871
24489908
19885651
6381685
12122222
11787092
6256725
15617893
7435487
12940693
12095327
7349502
7310569
32972007
27903600
27037263
15133527
13440120
22808498
25218424
27127179
8223915
17357371
13230443
16220012
18256069
13605821
11907902
9249000
35534761
32280783
17515153
17664733
27713877
31048021
24932309
21889084
14019010
27690459
10477891
33900165
8967294
10765637
34537459
13802437
6124097
15895356
8252707
35292505
5085209
34639867
12584584
14171398
13727355
11972110
32628657
27670791
16975707
14174789
13052015
16293611
5801417
10566859
7175961
31165181
15474211
6843919
16234397
33995892
33458927
16599783
26006365
16045916
17359183
17827849
13933413
29366683
6973074
7445312
24482171
25194496
6124875
6507494
13832730
30201317
12352346
25668154
23168903
15737354
19257274
12725473
4743417
6866363
12055166
32918181
19609987
27947790
13755741
23822636
32311059
13203180
5340200
27611808
21301711
5803755
13638374
14408008
8412917
34921232
13122552
7518551
15489373
5737264
29590786
12816403
19206106
10268177
12790733
8266960
11914389
13576988
29893585
16231448
21560086
33690870
8549813
33456443
19186180
6913678
7946388
29724532
17495722
13474056
14163913
11263654
19125220
11445399
8731708
7838472
7385046
6071568
24421814
8930053
15535573
32001272
30089600
15999064
26097724
27665451
35466220
11631704
4871241
14784521
7998501
7437045
5799792
21275758
6559117
6289753
29636527
20020543
35481112
6172596
21149110
8543270
8566278
28373080
10974846
10429034
9996054
6489337
16110521
6795557
17340409
9178593
7693828
6112811
11948390
8745524
16311138
10134051
27719097
17399866
15868560
21870403
29645992
12525500
9614155
8982421
29339368
9955606
5073214
24127433
29788393
26445929
14180996
16445562
12320048
5531945
8573726
5905687
11759417
10302918
33937776
4681888
28272988
6798071
19112707
15246713
15091091
16088345
14654264
32889210
31999313
1946445
17459620
16207551
10047883
11131343
15686170
32832792
15049579
10465159
4950213
31154387
10640177
18422989
20381590
9375948
6089585
32088516
12206957
33141948
6558744
15521026
15669852
20045785
8261731
31319703
28206979
9841106
6435622
33511724
34877300
35038778
10299409
12202811
16208751
12457503
9091429
10676622
30510790
24108194
15628428
17755504
13708318
33517244
28093264
5291531
34437499
8943575
5622219
16004448
28244326
5073560
11637427
8168391
13075507
6729329
7874532
14552319
16009861
33876231
7221609
32031587
17040924
15757158
29441878
8534026
15585927
12229954
29426872
8850458
10639080
11185917
33254043
33954087
32602785
28034925
8674882
9942448
29471005
23887709
6014535
11679140
14792726
14318236
22508234
15149095
15338110
22609082
15149847
14686538
21471928
19983565
33257883
6950764
10478291
12411604
14785679
33155262
9563611
6590951
35195683
9601821
15557440
5181883
18253756
11306340
15366707
10865085
34211275
19397041
19897999
19215145
20462689
35308594
7415419
31027843
8506963
10311510
12402613
5293409
14561225
33272763
12089392
17437969
30518869
13455147
11102890
10587180
7150787
4730304
5544315
21411880
23028737
25438489
14771874
9493827
31755218
28200274
6731901
6832816
10032542
18100465
13837257
15557891
13548164
8806304
24530273
27653739
15998051
33606387
17397892
29492533
15368088
25770148
33793011
20428930
15192388
5107455
15287036
34000578
5799630
6144101
5791390
17901520
5532040
5707823
23472359
30102836
32190861
12716959
10321247
35514244
30803463
10686470
16726467
21240940
30567058
12975454
25763989
11585054
6431957
7777878
13109927
13637671
32804511
8653027
8280523
24767924
8133843
15902224
6675898
20880625
5817457
13532485
16180434
15676332
20637178
7862903
11131658
23186672
11634397
7173899
5613822
9202914
19686712
6888589
29734198
27718029
12448220
14180642
33028749
8394713
14399396
33715770
33486413
9087966
19896649
12650067
18948229
9658893
22932530
26617994
21172417
5376779
11134272
13291630
8816604
14302712
24612299
15273909
28158043
13042102
17180146
7394854
33900558
19684399
22549418
6792888
13712812
10998904
13749373
12389736
16977234
11999282
26659154
23597387
7989283
15098611
9424337
11013286
9912915
5589595
9807434
6295734
20343202
31454507
32718927
6403861
11416939
6623083
11058588
12740511
10559990
10905997
9674934
23718152
11991016
12306572
8173688
10239342
7562796
31200172
9000324
6160325
26654972
34783292
13545982
12794339
8858164
14639420
24246581
27593769
13970532
20561920
24380111
35034524
10325652
15715015
14621947
26637290
15222693
34890257
19577257
22429774
10253117
15235065
26503616
13583393
35208577
25056715
16292672
28679743
10263187
28090555
9705703
18334339
31361008
33361388
31572160
11575652
14343383
30965371
12055037
21841417
9921013
24948841
12578221
34412941
13018125
7032373
15043348
15963935
23246057
11574054
11476266
14827032
17202862
16022272
8960784
9808580
11235745
18431197
9109210
31007011
7975099
12485231
12150388
13168980
31872158
19942489
16023377
27043407
22996847
14677124
8362437
13420695
8714151
6766422
17327896
13229543
11646391
28045638
30490540
17215498
28395697
9808184
4869312
8878710
15267429
22896698
11078512
13805595
31951889
5298836
7954755
20428792
19279246
15092024
31953254
30546823
15580435
6029316
32877516
15498927
13978480
20877649
18713866
13625428
8175951
12963764
15585917
18085834
10731712
9503179
15973391
13683430
13846101
7778384
23698742
24272879
28053426
13142129
26182280
33846549
13609745
13428752
12916648
4827919
13048965
5461623
19685341
15610981
9881208
29805082
23442266
12248641
17306542
12793008
34600111
9848058
24603899
22697726
25806274
27922782
24538055
13805479
25218685
14794328
22879091
32911695
33085902
11472185
11465319
7650157
11470192
6081639
9173890
27951087
20319526
10195418
14751603
32178945
26512298
12083081
9933791
15013573
14043715
14407562
26268368
6063729
10832179
13986229
10961259
28830610
14929296
13405588
12292331
19420888
4725604
6385041
26216333
6141771
6961694
12597735
7618166
5818546
8227881
20987752
15075180
5021517
34019862
12078258
21316177
32088201
12028347
16173298
11143122
11158587
4912027
5233529
13260092
15830697
7905233
10119668
10053483
6449055
31345228
5719204
34195648
6834756
30629572
13337809
29987878
12522124
27032667
10453747
32557947
8402279
13501659
4957151
11928610
5253413
18622144
6104500
27422064
8671480
14477151
2001320
13489066
8680211
35331853
33498047
11853252
29469121
10252266
6411156
5818639
11039618
8422567
5543352
12492627
25980805
10926515
15775887
9046686
24519413
12583618
12027847
16830486
4727774
7392095
15566573
15164411
6850891
13160191
19490863
6022224
5909998
14121738
6846132
18270928
7938547
4695346
35294509
4960591
15380773
15557757
33735438
10604119
8131721
11040216
12490705
32366904
11475289
14036854
22621394
21635113
19903327
14919686
11805564
18995941
30993292
25628134
9205777
14838402
10891695
29685565
12312030
34527025
14669565
32256252
30786159
6543288
25141486
33973686
29861821
9763171
29187067
8734383
8491164
33220578
25140724
14773518
8635353
16000866
11968527
30604756
5899389
5459035
4884308
8155924
19118284
17199298
5333390
16048872
20996845
17450476
11589413
31926748
33110007
21265513
17266231
11223412
25604119
15461403
19897294
11681752
8124661
13950085
11334368
8312412
7161020
31150796
14687100
21269161
28319335
26236193
32699757
7497487
9890622
8353799
5109232
10059881
7147423
8908376
5153397
8225988
19978657
22341724
24006014
25210654
9879825
7348372
16044653
1423560
16131135
18260311
14882974
34375438
24869816
9598144
19533439
33526224
34827839
27381945
9335248
10436043
10356868
20722165
13382894
8109635
21722992
6496091
15439255
10666844
14239906
14496969
28391842
10799845
12313439
30152186
12463206
22816304
27684621
14464130
15297129
34848932
8315822
10559906
6116332
12229091
31753310
23953850
6908445
8936659
6082321
6962581
10779912
5571108
6089302
4983439
13760701
20331778
13368846
7243767
16172473
11404110
5153360
4744075
27945822
4702656
26604071
10818452
29371114
17414464
34135699
6361654
20479729
28457956
13521807
31425707
17657821
11178768
13793542
7392767
18085642
1819034
12920436
10733712
10971691
13699050
11199971
5760093
20480023
23404487
33087711
5442115
11784944
30922728
15251940
24109277
5063252
15749259
16631013
7818155
11645030
5968863
8534562
34635547
19493299
21669904
8335354
24800309
8144706
18688999
26295608
8841790
10104951
23442917
11470233
28205689
11121525
12576253
14532751
22870349
15714617
12121625
11139727
21684085
14218216
35495626
21662857
15077337
9098235
32486049
11141610
6964507
8332671
27166410
12498365
27919962
20055745
14100595
17934697
21311680
4866266
24012239
21330460
19297357
7342002
5133128
7812336
25286905
5556921
26569478
28019538
11874472
6183753
29717758
12924038
11156561
5018006
13530320
8409829
17439139
25478833
10950234
32956842
12559969
6562154
30139172
9431396
27103158
12241714
8686028
35028386
20667037
14587978
12525403
5534560
17728066
13850237
6029999
31172575
31348702
17867164
20435329
12795387
13932277
14420744
13757403
13424350
8628915
24988753
11504133
15011423
18213976
11584850
5914939
22066441
17473192
17391220
7736710
30509491
9114429
34491949
5316303
6015137
16748283
13752152
12827508
15041163
15577955
13340110
21978889
9702265
16151119
16711887
23185016
33816942
14965621
20799331
24872204
15671310
23649383
28446493
4871231
20226529
31590967
5240457
26413766
25954048
30927591
4699614
23858666
13891565
22613720
30461855
28142776
16235810
6149927
14863886
8996423
27144705
12836330
15627759
7595406
32344449
19097878
1444130
10370668
8705330
33823257
25971235
15751406
10113345
26750150
5627331
23095148
23323034
9905613
26394038
6223748
28227403
9570500
15722401
12147799
12101704
13888227
7864377
16501791
17950819
4684475
16613862
32268738
11365874
9794130
19368115
27044757
33110544
27297663
12621039
5398867
7510680
7626499
18103504
25108312
12318260
9094598
15065936
9180790
22956440
12918808
29822722
11887085
6244862
6113295
21510895
30917019
8438239
35280604
28856218
4899033
27808131
5068556
10197570
15575952
13697134
35443771
7982009
15011844
18237325
22811846
28344331
33265020
17252788
14282883
34903196
31477133
6934146
26571074
10011087
17357770
9114030
13752504
26062210
5495631
7310099
6794231
7434632
19675456
10598072
8484828
12855325
12582328
10386295
13970627
10197276
5112535
9939471
10390364
28053789
9107512
8694131
27452319
17931877
10446866
11687762
4908740
8565144
4966707
12062374
11916781
23423207
6032079
14761059
13163349
13444769
5872895
10230744
30560812
6381772
14915713
17848546
15752883
8374093
31165622
25694593
27601566
5810249
9878420
14874558
10113383
11155546
31940710
15113363
34188925
12796359
31264291
13611976
17735104
34035063
15694862
20870536
17117931
10088402
26714042
14928573
10373318
12103826
12649861
5721120
32037281
7372221
14575212
29266387
29856925
34788215
5668782
18955993
14118439
14134730
16970535
4682946
8387477
8092202
12397675
14011606
14172878
8273055
32915067
6247183
11284231
19334875
20237722
30839463
33002625
11796545
30244841
8580285
10442338
26542235
11080236
19334626
27417684
7163307
7589173
15127102
5084462
18985780
14664551
5483603
10063930
23876129
18061909
11173115
8376829
9670130
19255108
26524664
13160767
24519344
7591118
14688411
10395760
5264459
21392491
13644903
10951953
21822259
13957381
5520980
8082533
10083586
17116536
34452358
8614035
15798993
5419660
13123163
4721613
12130553
6520776
7208234
29537344
12814008
4925353
13005537
9700785
24875477
29144524
9701700
12681566
9897812
18725986
11646839
14539610
13300713
11176909
34943483
27418968
29232682
32973876
35156854
15938371
8353007
4943521
7899172
8767771
32352843
6793550
8986173
27013329
7824654
27416538
8744614
16187946
11220377
33966126
22333306
13849483
12233953
5526677
5405974
11387107
10374140
33694047
12932944
12685800
7320559
16614147
6089559
6487055
28547230
4781853
10731544
28574698
27448401
6679983
6822162
13810727
26995113
27425334
20743690
16434891
10646869
20056783
13467517
7802828
6411072
17217457
15060525
32350494
14135033
27593622
27911142
6242906
14696856
25273567
14919820
8602719
15051458
5838451
25815850
16666281
24408347
5911563
7374589
13333770
5558120
15774493
5474051
14496863
14656323
24936166
32351274
9889229
10476734
24996139
6196289
11544083
11337575
7801038
13853756
5887183
10316955
12433543
27434841
15993088
13632600
6572095
28476550
14126177
4931108
15592763
24996133
32408265
2749341
27119934
21741715
8832657
22572863
29492959
17452699
10366235
6523400
14993398
23286002
14653905
6842666
14819799
27389628
21687433
11764822
12081569
32507208
12198259
32259498
5652368
8402521
22296325
10075934
11369977
27154491
7116467
15753245
33897831
6346807
11214857
12828019
16218630
6252811
5609479
19187608
27896022
9969278
10513904
32793324
5782342
25580899
5387737
21112657
26925278
26979089
9118072
8025962
11650404
24103433
28119916
33791394
11031552
5553424
13345659
5448016
14157337
13263054
22130353
24365186
14450458
23210621
6787242
20259076
14080143
19646692
9704780
32492364
10253626
5669417
18075115
13117351
22861967
16234075
11836195
15215441
11031378
9755993
14080094
14718033
14689093
9826485
21738892
31365976
21173665
13743276
23423945
4793557
9134513
9865219
11636849
16080332
13426367
33568695
33147936
6934748
19179937
32617188
5866884
16284351
9311481
17375479
6014190
4887295
34135912
18129004
14616994
15677720
9523680
7361443
9107250
33222831
34113349
19427128
23414267
11511380
12395833
18834370
24628598
12537508
8861689
8712127
11488675
13822620
5843546
12140655
32416926
8040698
19269592
5591392
15883034
16299528
14644205
23684540
25253815
30679006
31680452
15026415
15394615
26736107
15095097
5667080
19885945
5148682
13489220
34380592
33463643
3846696
6001463
5117630
26206490
12316444
15730358
24664043
5208333
24782684
21530758
16336353
22222768
9266576
9672197
17154628
11441165
23835227
4997729
25150552
7127080
14167592
10515992
12012652
10964647
5470364
5854761
16884165
11731667
7634741
34369174
29546293
26250896
13557051
19640212
7594879
5751342
21465916
18578491
9801868
11828736
29847571
19205875
27855906
9417191
7905033
15213330
15170846
14963533
3868956
18291499
14202244
5892913
30495121
13086565
17834260
32671008
28393249
13094459
5579664
12679899
12862548
5607294
31498754
14102246
30275198
14478776
35498527
6834802
27929493
31993148
12522933
34032603
25439710
7891968
13511916
8561389
20906002
24015452
12015883
26020666
8767589
18620920
12551358
7620441
30165827
6967167
10646709
27161517
12451844
4751836
11829452
10951643
24802889
10317665
15651354
9357944
11972656
6757956
14782381
32920323
10836859
11508427
27502518
11190945
8989060
9197708
21823462
28997536
8549448
15817208
12307449
10950754
31413722
17230504
9283276
10089003
25763698
5912047
13700650
16180957
12887121
9744639
25743871
25947166
6193482
14716787
11306241
24375539
13032517
29381593
12570245
24246317
6819213
23795981
11219372
12291520
22362574
12526350
18949342
10272092
6599223
14338799
32672343
29915701
28014375
12867642
32668242
25934866
22728620
15930926
11218817
23307020
23197709
10082519
13361823
11974319
14832302
18279328
9313374
13329557
22229074
21165388
6616181
4861227
6933052
12825401
5645167
14966935
6900923
29742985
6643152
15725661
9685250
26538428
13126919
15554863
10355853
14161739
15982162
21926221
4846998
7762630
11697945
28957939
8583657
18901471
13069020
11573178
32939574
10180916
15406090
5032028
13317900
13879274
19387411
6788203
8869787
12446396
26093356
11392686
34785368
15602613
7532231
15752928
20726323
11168993
10566993
30722156
9920853
14322141
23290028
12443093
34808399
7319198
12119711
11747088
15082948
11462724
22873874
13129029
24022478
22056988
19486426
7070053
27027462
23398544
22530302
12953775
28579687
11700107
21519958
13143804
16888221
15620782
33946566
29264104
22736870
9634221
32915283
24869336
7028955
12657968
33148719
24199925
10428796
15904686
19947868
22855745
11108610
32605998
6547714
19924897
17203576
7413770
11572564
32733753
15357115
30590545
9687808
13484057
17920120
27191325
14785934
8889757
10139943
9714409
12557131
14320083
14267468
11046647
5034240
19851787
26670428
9967535
14350229
5059749
5734909
11586954
28257025
18543853
7690532
14670062
12530475
20419279
33328557
13335810
14803226
26459489
10196563
13934059
15816880
12494228
25352374
9237179
9588954
6683427
5665720
13402904
31809521
17783212
11208009
32900475
21643477
10481675
28425673
9768204
22005874
4723070
16723263
28302805
9620119
11295344
27420882
11237563
32608524
29553283
7430532
13632493
8220501
4907016
12696237
30318368
8195259
10689814
6973659
4698524
23976329
6859325
14762539
11202651
19851271
9859452
25211215
13334276
26354999
23960651
11385055
29727331
10917123
17447641
20811346
14913161
8298147
31828178
5961285
11636101
5437508
32507598
26170985
5541999
23598119
8505795
9406198
20228125
19723618
10328546
13250153
9172273
10143561
14668707
8390629
8322571
13538538
31070690
10530818
12211577
13895440
33273615
9581705
15417263
15997638
4795887
15548529
8147522
7477567
10328515
11495438
35456278
15841402
4220062
16669443
34058290
7980730
6644316
20541121
26191211
10785844
21492586
26775389
6986749
33658779
16716360
4812187
28299283
15214511
14391308
14373726
12365293
30790020
5915542
29619259
7932834
24153485
15581471
20696425
23797601
7941926
8448097
19521895
16891662
18084004
12661323
11380030
5636107
10044949
5444646
11853094
14419047
21064573
27961206
14438354
13480659
9771305
26524826
12009672
12935829
24862448
13579882
21041581
31145825
13109298
8715596
16193932
28225876
12705874
7127378
13719472
10928693
22164067
6502389
34973147
9726748
9594526
7091469
5460624
5091872
4917254
24195866
30101891
14610945
11097165
14682573
15830736
14277430
14925180
21303271
30101708
14547316
15129152
11182014
8416816
30395564
6263531
11101307
6573515
16187521
14407700
6108644
16963347
8597965
26128844
26918435
15691907
26675003
16208260
8270500
11003738
32327907
26926442
10177840
17090121
12378250
31891801
26626685
32149539
22800551
34549504
17830423
12023205
29186500
20926465
21004288
13222315
32967375
6633704
14106257
16220698
5857935
34404325
10723550
14771009
26376110
11907986
30325001
7573232
6536471
6267262
21613315
25778257
7960370
17996668
8768334
12911406
11323285
12869546
6661665
11467955
18804190
12580579
10868511
6969638
27749127
25994926
11923008
16630851
13258562
17533159
7042805
21139378
22915259
4980803
13039205
22646912
8342937
30835656
23128013
8215446
17867647
4847254
32181078
13748563
20021011
28450513
13833331
35383756
14975948
13536688
8484259
31142396
13148580
32890830
24444263
19925002
13866137
13128618
11571496
14985688
6176422
9725758
12959692
15124550
5457201
14964631
34446040
18449581
22035199
7862939
16350189
14854190
7854665
10841374
32180511
10653607
12963145
12334608
13526618
29592658
12615626
12011792
33941805
7047019
26156999
9931385
13149720
8326429
17530306
6520033
5918426
15925995
13844918
32323608
20484718
31246507
17106426
6743531
12628040
33966606
16200797
26545490
12666968
22610468
8655286
18684307
17497951
8984460
7852202
18701791
23739572
20031472
24802424
5787663
14882330
5673757
11696698
10091025
6771215
25863913
9920285
6930849
6364091
5658608
26340536
7236002
23594945
12380822
5165957
31812305
5653755
16703526
34201087
9365936
4841022
6325146
15409008
15938723
25714801
11237248
31335463
26284034
28351546
34435405
29713219
22791545
27596139
32845206
5287757
4818570
10508316
29787001
7290451
15865601
5971481
21829909
29222491
32768757
5258217
31040011
24765437
33909570
23720534
7684725
11248397
27600918
4873659
12641604
10684680
22276564
6684854
15562713
7928720
5105177
9973836
13302046
34372003
33040254
12071766
8141363
8110367
28166851
25025023
5361010
21578113
14871344
10955735
11861206
16067170
11567373
8653825
17657752
19492510
8412858
9450426
26899019
30300848
5981654
33640770
25183447
8136803
5083321
25126435
19463362
11658150
32788131
33241845
9529079
24998563
15990265
13098044
10653559
23275916
5058733
12363328
28019442
25056157
25991365
14080030
31790693
27459303
12871034
13541824
25625044
29122333
13439874
27958308
13162643
28552516
4988759
4976891
30197645
15094350
32346273
28637800
9214741
13043282
24488405
6254359
15561013
29850127
10230358
30194483
25713970
17831407
13547688
29356225
24683561
21198079
9255554
4796372
3580141
34464868
27973185
12058297
21909820
26821484
6799926
16191338
11910920
5948480
21272170
30490561
7183076
6142401
8845356
5616374
13810211
11225273
16704666
14921358
14377045
21419089
14522377
15224758
30569080
15239947
34373590
12471051
4945184
8558710
9104423
8548268
9908109
14001008
32570064
6740623
24903557
5946199
20850133
10144942
7334986
13934502
16165333
9746962
17798995
13035270
9056714
7265477
13172340
20940163
2314871
14778675
6720525
20362552
8184484
29115064
6815667
9243106
14769176
17631271
10789369
6017466
15872078
29372614
16281252
11359317
11111293
5315546
23419283
6830913
13569833
21356275
32302569
6382531
27788136
17629009
24305891
12374845
25257499
17967721
16966878
8533575
5323111
11223680
5592614
8410976
8683765
11484515
33763161
12062135
23871917
11511535
15044539
9217649
23249843
12843616
6589827
27973863
34570564
14279863
12805801
9671068
23561822
14082215
18686434
7346189
14558005
5075155
28592590
5535475
9109734
16419678
10181310
28231024
15322517
25392385
7476170
23303294
29463070
5509247
5589083
34662469
11303081
20496151
9704602
35463628
30030427
5890822
12411228
12584188
13566836
19838482
7887090
11559181
24802673
22496105
6009769
12800724
5885062
15929850
11254997
13042208
16682259
14049062
13704829
8189973
9226217
35518864
6266127
5013356
32938317
12493727
14762122
12034679
33958623
7764016
23288453
18016948
4797888
7129925
16045652
27455694
19662520
25862830
34271869
31154342
32947716
9675662
10851381
23987756
9365634
8217195
9809413
11238055
9476222
17264965
13609273
7608448
19532506
3053923
34034364
32273223
32841357
25131463
9538966
32024948
6076279
23106872
29990683
8102882
7390700
24201293
5214652
12869453
23898410
16161567
10372873
7534792
7144426
6275952
13301003
6937802
27144738
23863628
33106713
7572380
10329505
12646933
5741483
16217808
12320592
15409383
29328376
16207650
10830526
12729629
13662719
27746019
9142837
13635508
11687233
11107020
23060921
7938399
26015125
10883787
32293824
9155380
35037848
12381519
15600019
6641944
10541966
18445099
12551264
7536748
12334776
31498988
8777215
9921271
15691923
9002823
5109412
6076854
9030882
8713512
32876832
9043257
24300746
16133856
15739274
12982797
19759540
6322725
19961716
15781764
15610034
13939319
27261885
8956765
7033990
14807933
8763904
19413088
9297340
24299615
30725669
24300977
8633856
9941721
4733113
33776187
20748319
30776118
20130226
33094737
29745250
7469303
21973996
6645798
12232654
12110846
5379125
15458978
6433140
33741276
10533529
13901134
7688285
12117863
6693212
11208411
8865994
34545958
24500798
24593051
16650408
9748549
14134628
11879297
10508531
10208996
31023007
24815207
9265456
25919872
10239400
24894149
15719371
18661819
10297306
8539847
12731137
28900054
29695981
6608861
21117199
13997210
14672992
9664430
7557775
11184229
14027510
13407795
6066265
14324467
16863012
34608847
33751167
9343752
5424205
14041779
10440068
33848835
8157234
17968366
21960244
14453290
27116004
11648586
20464699
7253136
15234377
23451011
3109440
14283479
7351431
5370386
6109232
15947137
23741471
10954685
25413037
14195649
12864498
15189791
15500355
28933396
15345605
11214013
11279830
9383393
8965762
11945966
28518595
14719122
6553121
9166592
16318269
9811638
13955269
5175031
18511825
15592490
27128430
8962247
12449714
12278028
5027084
23074253
35191705
11739816
12845291
7404183
12817574
18718882
17044248
6222415
13404763
28555141
9673295
12766426
35339182
12217048
23887721
4427728
13859403
32267043
8726763
6486263
27635889
21057787
9411987
23601296
14641774
8196831
16470348
5921438
26345024
18095878
18993763
6236988
7788895
29182279
23341664
9093163
6995433
15492222
7350756
23295719
8888302
28319815
16478697
30119012
7369138
13782200
15928325
8368882
31930507
10817925
17321653
25939561
28158337
10497789
6354465
8280460
20837365
13513769
12473406
35421373
5401241
27873963
24359942
13390192
5343418
4899613
8460628
35138138
32179650
12694049
13042505
14599127
22795904
17386369
9076125
6948764
24253163
20504416
18835387
16260557
6400249
22440004
29384158
5968603
16869084
33303687
19622650
25871524
5418034
10236619
5101919
6195977
35494465
10501318
18339622
15216005
8345007
9413123
23366318
11739113
20261134
28532710
27781932
12936794
13571321
15975948
12631032
25065571
12394710
22196209
11557012
10718768
29426572
4720152
24497423
7124991
25766179
15939487
29365525
12109872
7601941
22263874
6380339
26847176
29068132
31716155
16101267
12824408
15236346
4152530
12209666
4629447
6114257
5716534
25769542
11737261
30693817
16012841
5951583
1745637
11501182
17785036
13094111
15679244
12934173
7233863
22552310
9534236
22446775
26466374
7279077
16853478
14671346
19731406
15595681
16919706
7197069
5867985
20299039
15573502
31834307
4870610
13210435
13550462
22253617
8989592
14365212
8434890
29167327
8446312
26315342
9133982
18610003
17652781
27542181
14406317
13825787
11775477
13535569
8055761
8598159
13708187
35328889
12968930
10118165
27176334
5645215
11753759
30656593
19388659
13476817
29519332
15715052
5517840
30581746
10749920
28756873
8927509
12715786
8137369
16768182
12622360
12900281
21151999
34835264
1634666
7488650
23000633
14156287
15649911
22670060
8702526
16184356
10061603
6672526
4732437
9499509
14791935
11688757
29843893
5464661
21713998
14073158
34553059
21066805
5897740
5292085
9608679
31756715
14793539
12510487
30576130
10855385
4871990
6107286
31491884
12466454
12396766
27628611
29657680
18585136
32390097
8722249
18125653
15346606
5738539
9452035
10235489
11479359
17057850
5508649
27389340
5099997
7161050
12029203
9099679
25728046
12818436
25437325
8327941
27000465
5198750
20175850
15437303
12613589
22655024
13638260
4591109
12891164
20847196
14384258
30155219
17622283
6810694
21072211
23973968
17437534
29226676
5263357
15228785
22836674
32649981
7753627
16214088
22289530
18652501
1717241
9326730
26161223
13930490
12603926
7635973
8024745
28602769
14470761
22621985
33020565
25475488
28559476
11304463
8682963
27445746
32195196
15120570
5681702
13086836
28816861
30279794
30228512
19594765
15903094
14968808
12412732
22576817
19806883
8134019
34633240
16949736
25987942
9285792
14933428
24599783
14631609
13179673
30057715
15340762
8761952
24095303
7910190
32576634
10799515
21723487
32748051
14266885
22172098
6074876
12409782
18905221
6632647
17868058
12718304
10233462
8004395
13419211
14303917
15278516
12844671
13518292
26362055
5369800
7764170
11028089
16242842
11677934
9830626
12201985
32733288
15317813
13297100
33243699
11809501
34724592
33802590
33981384
32699298
8962847
29743321
4901936
13160062
24634304
11687532
6709115
10319512
28951396
22952267
10994426
5000738
9589049
24551009
24235061
30165548
23718950
15611910
7461182
14527927
20796256
14443401
35527306
35388319
12021935
24306266
8230904
28265830
13193843
29585341
14713514
21172903
14732330
27443967
11182155
34388413
6355405
31052411
11726893
10127466
12824696
9915964
30267572
12412738
7966988
14531675
11991462
13320475
26100658
13101418
16052445
13845015
31123976
24785735
7293183
27219120
24541316
9514897
5331657
19184131
9797233
33934854
15204934
9533558
18706336
21686476
32540481
34516453
6550486
7030033
14211885
10281556
20513089
7227975
16789146
32405433
34821209
14916554
11598849
34437181
21303016
33469205
6009687
27108510
7628721
14060155
8524200
14520629
4918073
20849176
10576881
12562945
26360543
8910450
23067218
11871647
8859797
6400826
14089328
28942894
8546408
2145186
32032097
10691543
8520626
12325960
18784273
6124488
7700734
9391867
12816088
4741021
5086653
5555891
22892018
12571198
29195785
29858185
7089130
20589184
8138219
31864232
12326453
12288817
14132653
14449842
34157632
5824330
26842553
10440498
8206571
21127600
32339379
23659568
5808186
32738421
26184515
30151586
31644094
11851351
32786256
34692288
8497273
12939445
12058053
12577582
6985582
18124762
28346323
8448026
7841722
8254249
6413451
26843069
6603172
15224743
13040989
12000870
28251634
5472398
15154698
12280418
8816388
18796957
13839160
8139446
16247132
17902744
14139929
6839777
12626090
27795672
22999208
11715316
10152054
13614866
32836365
20183614
32228223
13064677
12672733
19197256
32539941
16130920
34866341
12302992
14753301
7391489
30725522
22520189
13249643
30288263
12318254
32158167
4795283
10666860
27916329
10695097
14656594
16411449
8532174
6422328
31326130
30035413
13916721
12246210
5280462
8855298
30533104
6872603
7155138
21502831
15740892
11451279
21923485
4797643
12279347
29527132
25754179
18816517
18226630
9025763
30496786
16323663
29233471
15507759
13929825
19199719
16244238
21609838
23004695
16870278
4778726
15072455
14198075
15789133
5536070
11437954
24435866
15952434
17778283
7240339
15983191
7323329
9583635
17234989
8830207
26606630
23613425
9496357
32936094
6456248
13994218
34048738
25213843
13872119
27718185
11777909
22706612
24351989
33670407
12666081
14932873
21692524
10380314
10128665
6120606
5393341
7803004
13399014
5145390
24874541
8817740
25324771
6478762
13207021
7601499
10522022
15057796
10627866
11643129
28912366
11630651
14310935
16634736
32468214
24630200
11889712
16172577
14340373
15275479
12710257
16128194
25905508
33381503
22225267
10825844
12341183
33402902
30673276
25529380
17471164
11946105
19017946
18453496
5186020
12652280
6562033
32824113
29994904
34205389
7844771
6795455
11962419
30790506
34702707
5450272
15571371
12820882
7670020
27864951
16698216
5307156
20896360
35300137
6489644
27151182
22044115
11621243
19928662
14639299
7402668
10965896
14207316
7419847
14163495
4780208
10601497
14217479
16239197
5002687
8685388
5422540
8604271
21109870
18954082
14275042
33366488
5177885
28380097
10949176
14928752
7549247
34542853
15684590
5549784
12427663
15464123
13124353
15178366
24435293
12877923
9316992
8631411
8887587
7124897
19989187
29544166
15472229
8774571
9767750
6237484
32556066
25280461
8666159
11980781
23460071
15665217
26635112
14935493
9882829
24193115
9770912
16684431
16713528
19294168
28839244
15311816
10212629
6731105
24081713
8067492
20616985
15414474
10624470
26892764
12413690
12326005
10736374
27811707
34759862
8868328
34624450
14416171
28706602
11934926
9004364
10179926
13950730
8070914
10474937
30112295
20478367
12589597
33920886
15565543
6030325
7441515
8309429
15167895
23118692
11926412
10984441
25558042
16187201
11725179
8780440
30156602
9700772
4707331
21757639
14245038
9916928
34628455
9527495
27631890
8880070
25584112
9486289
33830745
23222867
31611007
15344159
15699816
15336021
13203511
12383197
6584125
20082337
12317506
19160164
5545799
12612550
27266289
10216919
28755166
7277050
5872670
10725662
10555742
22528187
20989975
14283345
11506687
30381248
10571166
34352272
20873275
6446707
9787598
24652514
4731448
26728301
35357821
31481831
5182674
15844295
12275374
11525634
30261815
15412811
10906388
26546021
15627550
19449166
12701823
16937973
14574734
10489741
16904484
12632894
15451300
4894920
5584458
7087918
15639716
22936487
34954889
12713584
5934156
15154322
10155144
21390826
10108884
21860599
33175098
16378527
6000145
13598662
25592323
24282176
14507765
32503422
23069810
20304967
16069564
25455208
10452596
12717388
22161826
7424986
22506908
31662662
28054068
4823463
15177918
23240273
13473696
5866932
16222302
32377842
25953775
14519496
9590680
12067522
8310231
9616500
8792735
5457333
18116722
9005909
15620814
28949929
14616713
6623754
13719309
16554333
10524845
14978247
20901379
28145947
15850394
7212574
7183124
26217197
8534705
6334214
11749153
12178790
7481064
19596559
27191859
34773116
4959957
31539352
4711995
8249750
7259697
13235781
24360308
7185991
24059984
5868034
33931647
5705870
10571807
6698569
6751327
28915351
12202829
14820295
30307925
7313039
27685065
7225453
15586860
14845153
21643816
15727193
29928877
10612440
14853772
12167841
5579748
32650467
11301684
12596123
4199530
15266595
12023693
30189551
23540222
21007975
12762569
12672026
14134821
9942543
31448015
30871959
16764486
5361468
27415713
10375902
15579677
7801558
7659410
11231447
14120914
27292248
9242179
30282920
22030549
11074708
7549800
13419358
33415526
31876220
5146194
13265788
14710815
13700882
5118078
12045737
9662885
27178074
13098239
12184384
34601719
31734812
14591184
17209471
9578171
13040232
34358575
31576549
7124334
12475746
13387477
19499023
12122358
26456735
13631634
32812302
12390732
7593334
32190612
9514474
10584051
22437709
10933954
25622587
24876560
12374985
23810237
10894439
34142125
13120398
12274859
18246199
29222989
31810922
10043124
8716101
6426474
15713991
15454400
9515250
14664209
32737137
10487050
12507380
32487198
24526847
6729058
14813985
5957929
13374773
11973383
11583991
14169520
6498767
10102721
16032247
31523114
5031223
22393390
12908422
11917796
29153212
28444429
22176367
18638788
33928125
26726345
16150671
10078734
14132572
7641940
13044876
14217727
5676269
5208018
24432569
9364299
10519366
28114384
8394086
34990307
8421324
15500202
15525331
9272894
7331762
14301955
16817370
18837667
11438683
34335505
26905343
6788537
11914430
15008483
23558504
11764699
5365576
12114694
6470355
8379226
21943174
11476496
10788063
7272405
17977798
8993865
12865014
8271505
8777861
11118055
9241860
14358798
11855803
11318990
32296422
11485248
10969796
29590501
16031860
14271177
5760139
7706103
19002718
14725052
8414405
5439851
13599000
15035259
7771369
11356600
5033365
30394928
13140959
13342702
5676944
4802658
12586511
8047522
5579394
8587250
13352736
22438570
8089489
14815225
19613407
21016219
8307906
9840852
13058147
8560654
33761991
9689978
8048428
8645075
10312117
13430550
21537610
20604211
27370470
4864327
5648557
24290546
7645863
24944083
14504815
13102247
17179822
12295611
9081379
7403791
9551823
19245280
5764596
20193196
22103383
15345045
8843452
7042363
16111539
35084663
27329937
7576577
29506885
11178880
33869325
13946383
33727437
27427689
8063908
9504002
20459032
10900298
25015102
7351497
7264351
16143138
31641175
10359656
8451475
19403572
10422443
23812838
24774995
11919791
29844313
12681875
34278277
22393090
15274559
8032258
26939618
7971353
15432246
7805706
32287242
6013188
14991070
5807129
18761227
24917714
32484243
6383399
16557414
15920854
15636248
32720025
15145005
28622818
9979560
11006301
8422286
17649154
12965454
19234450
21566263
5154840
8029315
26951909
16627635
17930629
5290866
9694334
8370229
7453920
12263055
35401135
22932377
11938010
29785879
34576624
13980369
10893976
27084543
6086655
15165195
14387149
11284956
18260809
33311919
5928675
28114867
12871894
13912081
21733294
5010114
15688547
13181901
18756355
11610834
8915696
12836227
31856561
16254333
15959138
12997018
7578292
12699899
11296913
29733256
30062320
29225686
5130867
6117593
15385367
10462573
13775360
7695030
35465854
8215631
30971335
18872947
17504449
33507092
9327196
6507930
6281289
5781949
33157728
8213527
10380317
10853444
33435605
4971460
8901760
33276333
24140261
24389210
13160326
26995368
16163848
10522066
9734677
9994983
10500930
13316083
13787848
15286475
11741311
14761603
20033677
29240161
8395543
10690268
33764262
6161852
34893614
13283429
34525522
6175683
8747454
15576621
16291306
4885623
7485745
24315677
6037034
26250959
27753378
8293687
4907936
22385557
22610807
13685997
8565384
21219106
13789712
32847003
5937011
11584832
11064460
6237344
33179403
12886806
24850202
30296252
5980332
8158953
13636305
12706714
9699729
12295001
4806378
13682962
23982200
7811491
5652701
9839083
24347462
13197039
15337988
20247139
34248913
10898793
13894844
12882835
7325849
25313734
9610352
13052142
9499221
30445211
25192822
29420419
26115253
16418916
14555691
33603393
10088195
25017721
14433656
6073571
4886812
9705438
34065883
22671470
21965446
15257915
15688852
10887459
4807228
12643522
11787031
14940563
28225831
6300234
9816143
28892899
7514594
26893583
4833057
23692490
14221161
11898543
5613856
7476335
31286309
11246507
10991650
11338125
8211071
13561294
12804500
8147286
11812234
10907094
29143810
9316043
34256338
17750269
12662739
10469539
21407857
11552211
15913912
22529969
19313203
8179142
12649729
14703711
35140682
14815805
12423813
24287486
8279784
11191625
27962178
25069162
21853639
15020967
8995982
13317854
9472555
12613211
9090257
15214586
33047442
4907934
5096318
28784461
4871481
33223914
24484406
24790208
24014270
31375510
12912099
15564330
34403461
7135663
13366763
12793375
9242299
24306641
20681038
10016812
15493978
22789187
21896074
34498411
7263819
14677328
31637395
7982981
9233244
6086413
16132480
22500935
30111443
31275557
5328700
13428970
22791377
25529047
20428609
5139522
9508085
4879632
7390336
5531948
5700792
12125760
15642325
5734819
12343984
11020002
18425083
12317817
14507241
6768329
11212161
11860944
20477125
27502725
11357555
15252595
6981388
15448102
5466544
11210972
7984360
32982831
6901152
7305516
28897057
21606775
21364603
8560056
5185381
7227554
10271257
33183750
15626133
12526153
14408636
13055753
5227573
15737595
9055429
15437556
15094506
16025169
9360895
30006826
11191526
12386954
12069554
10508320
34103896
14442849
5697735
8892315
22111519
32660877
13146188
33194562
6486734
15717773
5125840
5207323
9173800
20019949
29766112
31221334
12639633
11835130
5493347
32432172
8389207
26110348
16405299
12605353
13393182
14388598
10546419
20700961
15665084
17304505
12674772
12983843
10223185
35305939
8612482
26077366
17946676
6691229
8793921
7695618
15001117
32972784
34286776
11867638
24125333
10351709
30508927
12662660
27264678
23403029
28157029
5689674
29969194
20022946
17102505
7994476
28039605
32564154
21633616
33978468
5770551
18260440
13313297
2803774
13362309
13018071
25176370
7688055
18698242
17940889
5089644
30156524
12395304
35462992
27310800
22240216
26014672
8506183
27939807
9385702
12397054
15473940
34410736
23108219
8374842
14838869
14769137
5158162
24888476
21099712
13590195
10713442
8472886
18360913
8941037
14759337
15837537
6690612
12441608
13093365
34926536
33945093
9749347
15456831
14573135
22398541
10483389
8025771
13288784
14500176
10837989
15786262
15025264
12210777
7612135
5301939
32000891
17401015
7126545
6055973
28131979
8164862
24682124
6768034
28066639
19084447
13711135
12760547
7161197
15705022
16077550
15995662
14840353
30390002
28382077
6876642
35513683
15584948
16001531
18077710
20862706
34023561
22491710
25090450
12556738
15107152
22723478
6390842
10753794
22701863
11096310
22702574
10451895
29013745
14548636
10528906
5741984
13769790
13861422
29854852
10184213
14959833
15554335
12148675
21688957
26570213
8076830
7372756
11679062
31192966
16331004
16401927
27202758
35346406
17605903
13541892
25342213
18036394
12068358
13771813
11370025
9475188
30374465
6072634
5366587
33501860
13711149
21520291
21894163
31429436
5951271
34264840
30086430
15278285
13405695
27348216
33242601
5802760
25227505
16098817
13737496
14629333
5509742
15437502
34308850
23757881
12228709
11616547
5047796
33607290
15287125
14646528
10290601
8903947
24016079
9426037
33347489
4867122
25190944
30601666
25763524
9632750
12273233
32447403
22142425
32278563
32823960
13217421
6548925
6020904
6915247
6562959
16236358
10065873
16237309
8979084
7622871
8409299
7695132
34498282
8495539
35159419
31904182
5170127
10781945
6295606
12679168
12712477
13620047
5783715
25657564
27070665
7405265
27089193
7696682
5034764
6585630
15465646
17714017
24486725
16787598
20377063
11345149
16642581
10306525
4786481
9037459
7628195
8960344
12081557
9254253
7244289
11408644
15374464
18684631
19863514
9695877
30343946
5774935
12952698
9100056
28775824
19556410
24295262
13316233
14219617
24212405
18896308
13513343
27850758
6546564
12196296
6708005
25599037
10702412
18335617
8105970
14879989
28508869
15711961
5816026
11295392
33017643
10464510
11181775
15429850
7874192
13103769
5726696
5785998
27946272
15425938
14456246
33382397
14341357
15099466
13159329
26996661
11884642
34180486
35249299
6814010
25557757
14013625
14870077
24701906
4793658
7494599
12018879
8617945
8445041
5709998
7517061
6837974
8815416
10507986
23834084
14975997
8643316
10298443
13531854
35491450
12493731
13399832
14365513
32116179
30975379
15105314
8157278
7674212
18032887
10349874
14399123
9024057
28432384
6810360
14175018
11054116
22519124
29493370
14487956
9876432
9408585
15117817
6701509
6381320
14440713
5071281
15712742
12194703
6722134
12930564
17388022
5127524
13198177
22560326
33728472
10315235
22967687
34756586
29607895
32196621
27638004
9781803
12240109
24473354
11710870
15784160
11803030
6657732
7551949
13401328
4730576
16177782
15787771
8892079
14994070
31953734
8723757
15098076
29205409
14272691
7448791
7647945
9976465
13563813
28004370
29018134
5257354
31878418
13816184
11009661
29809840
26633087
13874717
12696130
13420317
35443216
13962804
5699998
13007624
16016933
26973326
12113411
30917211
19598017
23213807
7564048
33091533
15994053
31564921
5524058
25854817
32458935
13192008
17342845
10859250
28854493
32416233
25914871
12131887
34173337
13763827
22566806
7291843
5123854
14029911
24891296
33152124
9709950
11344493
20121703
7702452
7963853
6808822
15955723
23671508
29435941
20135953
34540954
9599604
7299977
18708985
32850612
14636892
16458960
9438002
10305223
7237243
16084034
34125484
17649079
7840877
24664166
16899969
18313306
12362019
4710479
11688381
20016487
17303266
11761141
7385619
15370648
14131762
24050486
12399520
11640576
16848339
6980246
15563617
4792015
13977413
29352256
23249204
8320631
10551657
17813926
26910404
5881892
8176458
19483222
30817047
5739695
11974757
6162678
21223534
13704318
9817361
17216215
5223184
9223581
17292292
34405432
7302685
18202216
10267764
5759748
12803507
5588829
34890806
13711158
8089987
6799876
5197557
12404881
13653918
30308072
35463172
13190106
5015037
12285388
8159478
29835919
15172101
6180753
23160674
12713680
12878651
4871184
13615930
15457312
8933427
25408687
7852855
26168558
10793000
7422994
13103739
35279806
21372856
19759063
27402387
5925599
31771448
5776560
7040487
20298412
24636743
5071783
5510101
13221893
11526386
9931489
27067581
7587601
9312153
2640849
7351883
20731255
10299148
28589284
14107006
6542061
13230194
13296458
9642631
15487358
9819729
16641693
29992156
32120982
33482198
26285825
5996756
7706748
14668113
29529157
28867033
5472564
11171331
18013342
9748454
10362885
8609409
10739248
5744936
12314038
9676735
9983298
8438358
5301592
12819448
15824745
12411672
10874578
11876747
5414086
15551719
6696615
12531640
20392762
28272928
14916109
15613776
12362717
22558718
5372263
18704536
15516592
22474052
4877233
11305836
12311818
6027831
24830831
6338877
8087221
14032963
20274556
15537985
18718360
2115116
5747449
34162615
31515581
29925415
10403259
13359896
15175597
34405120
16900119
5351556
15405533
30599017
5027017
19595650
11949801
11022827
31994066
11042225
3031575
20795098
29727136
10698569
9759791
23689823
16589991
15901083
16066248
15045634
7291967
25969699
15842421
16777818
16232617
8333519
34542637
4922955
12022722
14634823
11590526
7440595
14786222
6137068
10108829
5757334
33889356
15849618
18072289
19476967
5529152
25167532
10382508
28658899
18958120
12843471
10992262
27194880
6488024
12553088
23365073
10606110
30243857
18499882
9231551
32264670
5144386
5930978
16105622
5149993
26334110
14361703
32140848
18548851
17610829
8134319
9243995
19975513
6014389
8406855
28591594
10611168
6960787
18193648
34849922
3721740
9247109
15820699
6950170
11315325
15939906
11487755
14205404
10791840
13234526
9640041
8507241
14973306
11695293
11722753
8831439
10685107
17980570
5693979
17270479
25466551
13203988
17190499
33998250
8626018
31816598
20503429
5670519
25705981
14463338
12498606
6706581
6200579
8434365
5955250
11339062
10575416
31795886
12481739
15265895
31363561
12094116
4680735
28353136
10224652
25746649
15564407
14275868
12882788
7904835
28965136
12514124
12967544
7470592
6548296
23637860
5299451
14812069
18962368
22402099
7249244
12518416
12469436
7411899
8694759
7467515
6547247
5013613
15078641
7414084
6528395
14173760
5059367
10607746
7287623
11294207
19320175
34383778
6577831
35487661
25561552
5804349
16670901
7059600
14888436
34369255
13914129
13514208
11129494
27218427
9216545
11064517
33321084
16129589
5588090
34746813
13292968
12131319
6287922
16151252
10779908
4870054
27518070
16097689
12348546
15418032
33858876
8326978
12232385
7798258
5439815
29105380
11565435
6533820
9122110
15704595
19986958
7617222
7473409
15576965
10094150
9012251
6165875
24210617
11108762
17594278
31176571
9792130
11922177
8651717
33242646
30090446
20135782
2127004
32459127
13535877
7562440
9165860
16880370
7512000
10562223
14394755
12832400
25723099
9585233
14355871
15743596
7139386
15910071
14772514
16068614
10707376
11844021
11408513
6128648
12618435
7104106
5665414
13916289
26497325
10264162
31459355
11560679
10109662
12798823
11727105
6873134
5805389
5738492
12298590
6374709
10733763
5386472
7576725
33946110
11626622
16024083
15640259
10826555
10963316
12776852
11782461
7783266
3796632
24372026
12777084
8281999
10567087
15598048
14167700
10358307
7797803
13209793
14052633
17892769
8732597
29545006
27024543
5841079
4693995
10809147
33340475
6989032
27150360
4923252
9075873
19005775
10704884
8075960
21556159
13151427
9600833
23892998
30072439
34410802
8374331
10109608
33750837
31320234
17914543
28191898
30085989
15360286
23633234
4952248
13735021
26820065
15023558
6353766
12753654
4916294
13648957
20674591
9293225
14552279
7216651
34967762
33743085
8241767
13782738
6294188
13537418
8251072
13956688
6724625
10457162
6342516
14541309
9636100
25435387
22506542
6808379
18928447
10787857
28826947
14897615
6834669
6600932
25818073
5940783
9855365
33452840
7113421
25442017
20977174
25272595
21197821
15382749
24081350
10535809
33744084
6641838
8103154
13504905
11665071
13986471
25657933
29639194
11176188
11624765
32087328
9331947
12013010
8313324
12300408
15406058
35452582
12707275
7893780
33577032
25405441
13785629
15849754
8390870
25058527
5870045
6293068
35030663
31913986
14128909
11032211
14126770
7490418
19587220
12702542
21630943
8493637
18715093
10915455
13701563
16909686
22880696
9033645
11565631
34889099
14154997
6028673
1109435
25286608
9621032
26750810
14002688
7810800
28507228
31531522
9452097
6178483
4974675
1251252
31924480
26266367
21609061
13293462
25927612
14539469
8621362
11090995
7799899
12418640
19641307
34256044
29015425
5466264
5934796
18865999
29694178
33379211
6575561
34127608
32645637
14585135
9555802
24453152
18840403
24029108
18893053
10263476
17434144
13962184
9241618
28300579
10623258
25618789
5829855
10287912
17291848
10689105
6139569
10840334
10226980
30831639
34324279
8408211
19569508
14134320
21881956
13090722
25319038
32584761
6063496
8795010
6848558
12717749
17832901
21145552
13076947
10453689
25994065
7062262
18615847
13857170
22376032
9868493
9537600
13221515
30516955
18211930
10252461
20008162
15358189
29307265
6802053
4946355
4985801
19746070
18499696
33148173
11676562
33810762
23458634
22813430
20773525
5713939
8177045
20986525
19764598
26912612
30193859
27288474
26530013
13979377
5070330
15725481
15566046
8742278
6310562
32338338
11564356
27920346
8249227
9175881
35199133
15196363
31567420
13780981
14541768
29640292
7960641
32627715
12063471
5335102
9381138
15207944
5787343
9399679
11496732
7557140
13318303
35060108
14306462
6055760
12538568
35230465
7596122
29288233
5783778
14783395
15858273
19588375
8860245
29585359
15710504
6254643
12217538
14717784
33245622
12279416
16259603
23010440
9980161
8404690
13386367
6957703
33539325
9479808
4895460
12232448
24265652
23099393
7006964
7798559
11590173
33983670
35341063
6666446
17216023
9084667
16330647
34155631
21025954
28870621
29777401
20496046
21188170
17049606
11707061
15476819
21356488
19453105
15960748
28285438
13327949
1726066
10442826
11241679
17765473
4961454
25064659
29345974
10119066
14228778
5488141
7545533
33148605
7026577
9338959
9007303
26577614
14228566
5249124
15843511
5378889
6368347
16252764
15890403
12407419
15212962
18804874
5118001
15517037
13241358
8934123
15238716
9830202
23728280
7601854
27653370
7790023
33028089
6760483
12414273
15817254
14809967
12635655
33678315
9034726
25055911
9582647
24372128
28774213
10933409
9634478
12291827
12306728
33068397
21149287
7387841
19683613
33262446
10380288
32411589
10181496
32137263
8904492
9884325
12527596
7824162
34826885
19900279
16154851
28574401
27439422
12726464
6912597
5169667
22935071
8148074
28992505
9130826
35320591
15280519
34879151
12423437
32085972
8904682
17409679
16085484
16866714
30065731
28978636
14961022
5926195
8821205
23113217
11687726
5247340
35374837
26417720
22425640
6056940
16827321
10605302
23504576
25345642
7504634
16076050
28417450
28199401
7194733
10027509
10974852
14502852
15950642
17400778
24773795
8540022
25626037
24353339
13486670
10014254
10103025
21651454
11467889
6034847
7754120
14823061
14936228
5301505
29174680
17070534
21931558
10625377
13352708
18899347
30673822
12784718
5529933
27310365
13871640
13175686
8544760
23953358
16007884
7704029
11655180
30379127
30558598
33448682
9511872
9051402
9217176
30701644
12842127
18854947
7170833
9362186
27986958
20395147
22920368
21178513
11265744
9141842
13002839
29477086
7464299
24180758
5841538
34326865
4806022
18768019
9143502
18260257
7686231
15357101
29828809
4957933
33892380
20893207
14771325
8842666
34364806
15898689
8246933
32838177
6946052
8557540
25931590
7922926
12330341
15719927
29270137
9478121
11857613
18876670
20117311
11853151
15518872
7702924
7713303
11224741
34839179
13111704
16008855
12078891
25729534
35365345
4764630
26986046
6177113
18915712
4842707
13655936
18693523
32943708
12215629
26213372
11610215
9148603
30860496
23317430
13720062
14738519
5958282
7525217
16236912
13423773
29944015
14835025
7093889
13442630
28498372
31136327
18088012
12649526
18072025
8946818
5916015
31866800
22783172
11723965
30336152
7903976
10033706
5794715
16313181
16017830
34234258
16075122
24725807
14519990
10883676
4839843
14513881
12717734
21640009
13583179
15372007
14877535
8414285
12189258
32258019
9526021
6953452
15425997
9303968
21792649
30931464
32147439
4837932
12749594
8910031
24325706
26046217
30314996
18559093
5078402
8908010
25025398
13704560
15769395
7457808
23590787
6032380
7145330
14472931
14445736
9447563
6562587
6790491
33284313
15862752
19032718
34221790
24459026
15085094
13773606
10279212
6913513
29696512
17424916
10610470
27458481
7284504
6293663
14233700
8046397
4855167
8635678
13832497
15247596
7278347
9754401
10732746
9535559
24298184
1081415
14533402
13374814
26680868
15331001
10239809
14386652
5774355
14510054
7073574
12225662
24797183
19284121
15770619
25313374
32845044
20658964
26933084
5706881
20271889
27302499
21626458
18340813
30050491
14655046
19394140
11764703
12680531
14968013
20901760
28081057
16243582
33288915
25980604
6921239
13891429
5736731
31549645
9092745
7168723
7258786
15116635
11381900
18005611
23086196
34942682
8032897
13902403
16141686
14263966
8787828
13765682
23755505
13417302
8230162
7189154
22038529
11721061
12996230
16438035
7632800
35349568
27287151
30920493
9132119
6153299
6520353
8438079
9941335
19131544
28373581
19479454
11547088
14000535
6867414
31677764
34611613
8859964
11283654
14900159
28980073
32542938
25704025
14292146
13097086
5504445
5635430
12908512
25982143
7745021
30440537
13342210
18335251
16011960
13800482
33111825
29734333
10274917
30783915
32258772
8684098
16211141
6233443
13013146
30043219
21164725
13944202
6161326
29598379
25297822
27205866
22082092
24846488
11729533
20877934
15783665
35173321
10378790
13136983
28978717
9414721
7590203
7973488
16860813
14261247
21155587
4853267
35518888
11649124
33817614
23574755
5995924
5778472
32115123
12505314
13156684
6838451
6065282
19323586
14657779
10393511
18308335
5375944
9746151
13173223
5131190
12316009
25574323
12634638
11066328
20137177
9930737
10482831
7873630
8251423
22352194
29100874
17124339
9785935
7415937
5550966
6856120
22777442
10310430
4716239
12285979
19480918
12821696
5892992
7598611
21345703
14973653
15712944
19785778
6260880
29844466
5298922
14912295
7630912
11001044
10461946
12198722
6133900
16851453
35407396
4521088
12659487
4996422
23555834
8604582
10208046
15674949
15661019
6007395
5188602
15055476
4709824
8223993
12421560
12001906
30815919
7084901
33666456
10435560
13765431
6100399
26679692
5763306
6747324
7643780
12161288
7163433
25848916
14684066
24135254
6496140
5367448
5716711
14146321
10723913
25489597
34411948
12715007
27745950
7628967
10170248
7213749
6389988
2117962
12970357
19503169
13648908
12085425
21008770
6815407
7716976
33031641
34420894
28025475
26546363
8681100
14860480
27882663
9465848
24194432
12596793
5562215
6565716
9614432
10906154
9847326
23445440
14886708
33654858
28909426
20486377
13961991
25584316
22195006
6272047
10262172
30601636
8109410
8896298
13312696
25215913
5537274
12591469
17101218
6252808
6738524
10121290
5608835
11201618
13464215
12755422
11500661
5198776
8143430
11865474
23483114
10150703
33814443
5381360
8285955
13514925
8118180
12052068
10431223
9382373
5274612
7428211
10110084
10853604
11880143
31603408
16096319
21449362
7608702
12121199
6493073
32036276
7130552
6752432
26638610
18379543
5076781
9882327
20533939
11118261
27495810
28807342
4902719
9546680
22601381
19287697
18385432
11416532
35422573
25745320
14963705
7966700
14215185
14041651
31675838
15006405
7796132
18908872
14097670
21181576
24651263
5896702
11814536
28620196
13440368
27283245
5484661
29099827
8825071
16286442
22874216
33371753
23913575
13803010
13730466
16010540
10675596
10001264
16971357
10302221
5284116
9334410
26661566
31036096
13182533
10523621
13530997
10143874
32091315
17357275
20333524
9587037
4804523
27666666
25637542
7648326
5774877
12133330
7288343
31514075
7448157
5905123
6057581
7812892
10305638
20067727
28991485
10283417
5430471
33594336
31685993
14272583
30355937
17026359
4554425
33494063
27771957
8502849
17106744
29689339
27664371
24616757
5027402
23959877
13490598
18471523
21175003
15683546
11920426
6519728
20178388
12302682
16385268
12714041
30242147
5315632
11442213
8601390
6751989
16048914
8167225
9691130
15719185
14869570
16053664
21399415
28555678
23924480
31088252
32638317
26167787
23759219
9960681
11240751
24745685
7953539
5973894
13827079
31941070
21625117
12745947
4856171
21266047
11125516
16583958
26375594
15470647
14855867
27796521
5183253
20497645
12046992
25154662
10389279
23441360
25714789
13442327
12271687
14245535
8829219
9789540
24790571
8582903
10196377
30574714
19350565
8332006
10592388
7370060
16104700
26261342
10048385
33764778
14755661
10442641
23685566
11130592
9930608
34376722
25010167
10227211
16152286
6437421
25608418
14763941
12373633
14073182
30449807
10447221
28810189
18512620
7817159
31909090
10919013
6856252
9055774
10916512
15543323
31526897
15044609
7790239
7164714
34186771
6531017
21868915
27121638
14043695
31344952
7219139
5361512
13847198
8057535
6280477
13411012
12539093
24801716
14383953
29462188
15650710
31002283
17842273
8958785
14319152
3238344
10341856
28089688
11417876
34404466
31416482
5654208
5678196
29943631
13500012
19365778
14439779
11532072
35300236
6137845
26490689
8637493
11601488
34589785
12362146
10697858
34756916
3799478
16158459
33281610
9945227
16215849
6024538
11488463
20309611
31646948
15761860
24899804
10707907
7156672
33826248
14806045
6254936
12082667
16616586
8029619
11531551
16189045
8666491
8473406
33710946
26719793
4915187
6616933
28140859
15020302
7854410
9124432
9153255
15084297
27809193
1290357
9381820
26872214
15804356
27875772
32003579
6986727
2215322
12510017
11538077
15488999
7214900
30869943
13424040
5414265
25188718
8122576
15912390
27852687
8966020
7268058
5910296
6176105
20506675
14793281
34558771
21255499
21916840
3337429
11133910
17598301
14726380
19383595
16175191
5355081
11545386
4796416
27495528
20588413
6381687
6802787
32998092
8467197
20723983
6029756
20201068
31442453
20693050
13538360
33346088
15025910
22506212
27196320
16583544
9735597
34233613
22829249
22548305
19879750
12848326
34120279
13200988
7494872
18016435
23613062
7775582
34695030
6916744
18387913
13433552
10709484
15345334
4829676
5369432
31406519
17823763
11686717
13560633
8063898
26672786
31237783
15515332
8281453
12380392
7778762
7011144
13932529
8113530
28610542
8629600
13713588
5849005
29897539
10495627
34166698
15393592
14115330
30845121
6014173
23444531
13927716
15195307
12884408
6435367
6667080
25519567
6802655
29948455
17871166
26483861
20738341
13346352
12448635
24677192
28348696
16198739
31798454
7949322
7277508
7213843
9739389
19602844
13684352
19668535
30009019
5422459
8684241
16908675
26976395
6909422
19881298
34481143
5478338
21071380
34618075
33106407
25832182
30005278
25815922
13726093
5046937
16043452
27967992
21734452
13285315
14133369
27637440
11400039
10669646
13254013
26588006
13398159
14700941
4723163
30423437
15658964
11052639
26474225
31992479
13781197
34982117
12755192
7699249
17521873
30628738
21850417
26096731
32785836
34371559
20975104
7579337
7059411
9087466
12263671
13082006
15997634
11411641
13253979
12155345
13230229
32215791
15310771
11256280
10876403
22007599
11478202
33427130
15919348
9960535
10299468
16024967
7279396
24983968
9173935
22373359
5360773
13671868
23138678
6361696
32437614
34996883
13923205
12735928
8460161
9980831
31607674
15677272
9397987
10263315
17182666
15698484
25004044
26074690
9949332
9121067
10774571
10286829
12544629
7165834
7414924
16188362
31014910
15805207
20858665
12511112
6096062
12371773
6866257
24050450
10834586
10394032
17679235
14077913
25204192
19692322
12117126
23794352
24842903
21074470
35432212
33485399
30518497
31414184
7368912
8463827
32864553
18746620
9754003
30815202
24694511
5703693
6303909
26397614
21357994
35287705
22285030
4959603
7443126
11180523
9980173
10598773
10299295
13509831
5104202
12281437
32929320
12314593
4842579
31493732
29630476
6313954
14752498
15815803
6706685
9161933
34335478
10050355
35320216
14107012
30354308
18863176
22743971
12596335
11742438
27328956
23278634
34796111
5565459
6593536
24577421
6616009
28867450
21557593
23156267
29203318
8609059
12156770
7215723
18123223
33425837
10496119
11511357
17765521
10262645
11850510
10542843
34427941
10184552
17613817
7392629
4760693
14904547
14714494
12635583
17956711
9929761
22819895
11731786
33287721
12864226
9788078
8366351
13864139
12435132
11516220
5126923
23822768
13899278
8677596
8486701
5964388
17001714
27797061
15624981
6400483
17723896
6862816
16395669
15320096
27826209
11374698
14025389
7133438
8244855
12879730
8367942
17286010
6394140
12355480
9878499
6816920
33506003
10949851
12710473
5644009
23809001
14194564
24925403
5058076
25588996
18888958
16686402
8007194
5460389
7019466
31013326
12674976
11174069
27631431
21230305
11016966
30372494
14018096
35153482
7753778
24560963
9064026
33916491
29685178
10322291
28852981
27325275
11818460
15660952
14746295
14942534
15217877
27317472
19498150
8193122
24824741
7366628
13767204
16532559
7593886
10243970
25737289
12766344
8199170
9121670
32568774
9526117
33301347
29622439
6094447
25494148
27908760
8155849
12632014
10212167
11710975
13436007
34205815
33218286
9387059
15500763
7009321
6935041
4736659
15784762
4829531
7129228
14291048
31311225
25789981
6447815
19180693
28921609
15902646
12303558
20363653
7215418
7726592
35339980
12201606
33755820
10976807
30158612
21878722
10053583
25078927
13737309
10078750
27485232
10129622
27383181
6949116
6199189
13622829
23345288
17821885
11387832
4759517
10918395
13470898
12403824
18173923
12674827
15620384
6434515
4858511
7855109
28008546
9298952
12911326
25463380
33321804
23450663
10042156
21980269
35257510
28705390
19746430
29836498
14649346
28858729
7506222
16387392
8367794
32248542
8266116
5017312
27412119
25903462
10689031
31260175
21704752
6034544
14379160
15819487
11737791
15242185
8137379
9025090
19255084
9559926
30907194
15235012
30460151
19533550
5201893
10407424
5857419
8177439
12275222
15841188
24980176
32526441
23986199
26747825
9113866
9048601
34655674
14328440
12706690
5281926
25225366
34940168
11876369
6062505
6887852
14164927
13137869
10737792
33268794
15375748
20499862
10652878
9793989
9395244
16119699
9493493
5841594
22854281
35274202
8265875
13507561
10103652
6020072
23268260
34501534
10725840
32793747
12064825
23149850
6657017
24333215
12625288
11027814
26018428
12697128
7277567
25529686
29930566
15884929
13163251
34419988
30011323
24182864
22568198
33089979
19210873
14018215
11676934
5407576
20972437
9550916
25677262
8760099
5619197
9153484
10966087
7035101
11201424
25411213
29666407
6385928
24566663
4859995
28052004
9586518
22777196
9595659
13773280
17330776
7925996
13956141
8865978
13626701
30978733
34668775
35405035
26470790
10081754
28510945
6568818
7603723
34216075
8988136
12541519
32961621
16059439
32989020
21320095
34297588
22969073
10958642
35061278
7628105
26318396
29437177
7561196
14994937
15757179
15658059
6968336
12739017
23469485
13885590
6454816
16571991
10016769
13061939
9895006
25817908
26236313
16071140
25055380
25739776
13647180
26243672
25349365
5791200
5773358
8370978
9693615
5529462
5860067
16136716
15588227
7638911
7943832
5822452
7111097
11466971
31179814
25215151
23902814
12295643
21347515
19969630
15637001
9497134
14552381
10274768
6196114
19053658
13110826
6545070
12984741
10311499
24340583
6782689
6353915
11004554
15935687
28280341
5332815
9495057
10647954
31353478
4753891
14172381
14581605
4734386
29185981
32122602
11886474
15524597
15115018
11067895
27760098
26048236
14147057
33689376
8309480
6073034
6361494
21739375
11519580
26846147
7866267
26110258
16689306
4711121
4733520
16234511
33522862
15015564
10962076
34021485
17976280
14910009
10043161
9708767
14450077
4913471
9547611
10963842
15088417
7885719
31760903
29523073
18198085
8066649
27301272
10046226
7409231
23774777
29021929
34213315
29030866
21076513
18552049
5811598
10102915
24226499
17175121
7409664
6318418
16716324
12814799
35207884
9123993
13753934
6751027
27990258
28908904
10494540
33626775
8987848
12532464
14852160
9043881
15745632
32377062
14929710
34010985
8902372
12957209
8968133
21047083
35237284
10502335
20585347
17839516
28590937
21711727
11427333
14415780
14829517
29488450
12342531
11488404
30602383
12804990
13750957
12965104
11136872
31504019
15143443
14335804
5737868
29396587
6832484
7792359
13531453
19751545
14801906
22145992
7052557
14466214
10317461
6134989
19867033
5955911
26040295
10665502
21702796
12772925
6632284
5082744
15940085
29808268
11455074
27341445
7585901
24678467
34276543
11172869
9080291
5489157
15090455
8098348
10573985
35240854
19935850
9911105
10173369
33057357
5932264
12135110
18043249
11800293
7296939
24381125
6483104
17400733
21679060
12468614
11263596
16863582
10103658
18773470
6617020
15955815
11117768
6369569
15924699
33760620
11224864
19083562
6595452
31804304
14239020
21068950
11789765
8432609
5916129
14249549
13965120
30140678
21754831
6175642
34952165
16092743
25047940
13963465
30438065
10207743
33839769
4726507
31387997
8354310
12449188
14032408
13066225
27077634
8724597
10150901
15083173
29931325
32526279
27824169
9463423
14304354
9995773
30727649
22493363
14227785
6434001
4981272
28117474
14425893
21897388
14608103
14058950
22896659
8938523
15848432
20908717
34675783
10334990
14027507
12377905
21576421
11010113
6009697
14420889
19436347
30946954
15855111
15360929
14143884
15855668
12415730
10261102
25566964
29912812
13595338
4802113
7331670
7118589
15342465
33858804
5047408
16287005
14688172
15071957
12812154
15548341
24841502
13303314
11664338
5642550
15252029
12873927
13546940
12994907
24617552
12166462
14263853
6362792
16249010
9164750
10097307
34964366
5066029
22316392
35000507
11187621
6768571
14780483
23788697
30598327
5300664
14450280
26013127
18727996
18117829
12866408
7335640
11222119
14991802
25876912
12409861
11520505
32298027
11381700
26192507
6819907
12111309
19871848
12588067
10733913
33580527
15885464
13218931
29152471
3563737
13655854
18777151
23357177
1931091
26066155
24118631
34068352
9446911
7415519
13389221
19077952
5045084
8991949
19388551
7234632
18185719
12754158
29700652
11608806
11981894
13151678
8568484
12984756
15433583
15714292
16058276
13123799
33128982
31428860
6697752
26397488
31763570
26912099
13014501
30731051
8856245
13263754
13619588
24686507
14185956
8377291
10982794
35037284
34027554
6620235
21825736
9761224
19565443
22734644
9472216
13006906
14240870
27773388
18275149
10247952
10167936
33957426
32079216
13630458
22122775
4764810
24801821
11999800
23843972
8273098
6242524
10972721
13743369
12997643
7760401
32819025
6547952
6014834
10108827
17113716
11763869
8854369
12582497
24486851
9514844
10547268
6047221
12970028
6985486
34367089
16830774
33093198
12655471
27735711
5403080
14592706
11546487
22544615
30535843
27675666
6216326
10772603
12215127
7003787
15143822
8541714
10565695
7759848
20883064
15292905
6407817
10761130
22278151
33082815
8706843
23999888
5932649
34536367
6692567
34496149
33003489
21767812
14057435
13716036
13146914
11222222
9238524
14303865
29735668
26171366
8013388
4979210
26496932
13020313
5792405
28750978
12981371
7096472
27826992
23735438
6081047
11203112
10611352
12976107
34271956
9416997
8095414
32512773
7420667
22880225
14841601
30258530
14808831
8263478
31928893
10940305
12422551
19379407
12058807
12730947
31998467
10993830
10879979
15463705
8765875
12735527
21006970
7486288
8775664
26478509
12615462
7154021
4938538
24845126
14135359
7743941
8766565
8312415
7209251
30083055
9039980
23141489
26671325
29322373
14190302
9802176
34018404
10357649
10161900
15584354
14723580
30766680
24754217
14813169
16792302
34809752
18971929
9626745
17366290
11085835
12491419
10031481
33358145
11536794
6588451
6039933
13895608
8626975
14533315
32172855
26818076
11410212
22242481
26979434
4847157
26637179
20370610
27574032
10449217
23429135
8728055
24881846
6596654
33433865
6702059
5449560
27414567
6765711
11765950
15224971
24790361
26583746
33608970
7420495
11794699
24322484
15252028
20335609
27683946
5632844
27191127
8350496
22899701
9670046
12950374
5351822
15362690
9164229
24643082
8205700
33651360
5939958
13572647
7683163
23620163
10386771
29691154
22526600
33397604
26455292
27114966
6094228
25475584
5282581
13330784
13456449
5294739
33896796
23230295
14269170
26315552
5803563
6857887
8459800
5238583
14987346
17367952
14967279
11864791
16837272
10556457
26036929
10595806
11960294
4741095
31260967
10239810
17200036
19594078
9421935
23986124
15652082
13743945
16013457
14973807
28956181
7826191
8075966
34213552
11846289
22196725
13097551
33691689
9742606
7917274
15312175
21425380
19852876
17311960
5790242
30001681
23305115
5404191
29536642
7412591
24190631
8540213
10028469
16910892
22604618
10070544
12866656
5755291
29626888
7211508
18381100
9619055
10117215
21020371
11170882
19019806
28111534
15704993
12103039
33287598
7473756
5352921
25008472
24823661
15205507
4887642
12999454
4773785
7330575
15423142
12361747
14702846
23729303
6165998
5040263
21507058
29253586
8409904
27027435
11683914
15753618
5305984
5844206
16000505
10509936
25039804
14984926
20202499
6432888
11849715
8219901
13481295
15381793
18840769
6193411
25370140
6374790
14432225
16444746
18306301
5477328
30170543
19157659
21731776
26449364
12785155
5669196
4946991
7308680
7055125
6944230
33236607
11421825
12145762
12908749
10967913
13622797
5686723
18990820
23897873
32872920
30850995
13572876
10971193
6445993
15465886
4710127
12423164
13431807
7045179
7614297
6184662
22748009
13011724
25095535
6146777
34733718
13820877
22086904
27987714
34810118
33721341
13076445
25175290
12652074
15269019
5927115
18331531
4723912
8613935
5331874
6045732
21351052
33829533
8064805
13406444
22242556
25806013
13608950
14302157
5040628
20784742
11590819
28474561
11798320
12175101
14216413
10076391
20261215
27793953
10820606
25030762
22476776
12624828
14022068
9398234
6642138
14638719
19528174
33844344
14188110
15047065
30403802
6137150
24025409
15348154
34409863
15909521
7753266
9011582
33321384
7454174
12974024
12301064
15356681
6135026
25038679
6711716
5715456
29415613
30421085
27595716
17973532
31253347
33849372
18524131
28387096
10692420
7970813
24103424
26954573
29809594
24797990
6357866
33063105
8803127
15624173
7564610
31802324
6729567
8047665
10830495
34295617
6489632
8775467
11853303
32614038
10753151
34769849
33091473
13718693
13120998
21203146
10824162
34587244
10309049
8165542
13214234
5583054
9866579
31049537
17363464
12523604
32690970
10465800
6118073
6215609
20783011
9877127
4729521
11501538
14839471
12998384
10003855
7910079
13768923
7920636
21188743
14229507
35468533
11964368
34411741
20997820
11953963
29655388
12846890
15618001
21822031
5980059
12184949
29653468
6769137
22517270
24047684
7577333
7188136
10263093
4869032
31364545
16133440
8046658
6961416
14401224
5491512
6770636
16072154
18227302
11174197
7342803
28259095
21141415
8914441
15137756
20131885
18281875
13865381
6922943
5633656
4773924
10866164
31859333
14580156
14960329
4861798
14262787
8707506
12761725
15847622
5621405
6546862
18103546
35470180
2124753
19500703
24211283
15645889
30889737
9877166
24653066
14615649
6999223
12984144
13699473
32830716
14000209
32311779
28655716
8587783
8617722
14727067
6676528
29801557
7694949
14463018
34911440
17724160
26179853
35504428
11472683
7252963
29581078
15845016
23865884
8538274
34936043
6344276
12513416
4678581
10604139
5688774
26773580
30647305
14459660
31924525
16166978
12898763
13507978
35199640
31048742
8057964
34024848
31790285
12319238
28072717
25044082
12812426
21618211
31457549
14045991
24315710
9369128
6515851
28214341
12380811
8970482
8789001
22305322
15759556
24781811
5195598
34622917
35033156
14502679
7487850
35500573
4805476
5190151
31381037
16779267
17555590
6136054
16082609
32558259
12952569
8789260
15639363
12397288
12211981
28940596
9248976
32352840
14272412
26508422
19249687
29257111
8438051
9238181
16087671
24886112
15236137
14296899
21918844
22938755
31522469
7845478
10808043
10442912
10224184
12700490
5218716
24164915
15996202
30963130
15731190
27840039
6166121
10560124
15295963
10810036
5685124
22762199
8685377
26368307
13747932
12604476
31353217
27149043
5094596
16910505
27204207
16688001
22994216
18351304
15292587
7920969
35301724
15114351
17728654
31575403
28198183
7589895
11370376
6091151
20818492
14778836
7066524
8107668
19667428
18610234
9935898
12320500
24488615
15293066
5063407
14519888
14812029
19408174
16282507
21382969
11445042
14070043
29332873
11722622
12661357
18813631
8894415
10076674
7528143
31400438
31565050
29216557
17888194
30596209
7573404
16725867
32833449
14048545
10356884
8766509
6468965
32221596
5190503
7354456
5384963
25764367
8215890
22308112
20542021
14586866
22235032
6648613
13466575
9020741
34188382
17789605
15311902
25185922
23090864
7180991
14725735
27014484
2875700
26167133
26356022
33731199
10718478
12867627
5731811
15647226
15495341
10481022
15350047
7216558
10673529
11987030
4765176
14961392
25916596
13057665
6701068
32690481
13391979
13767735
6682769
14568799
32782353
30013225
15976447
31020634
8192461
20142562
12363920
31674407
11402286
32167563
10822346
11240887
12637852
7474113
31045870
11247609
28263445
7166394
33933933
5194594
15638905
14441055
12975530
15024880
3039103
29390158
23038490
32155041
30407975
5405853
5093417
5176344
13645184
33704601
32176260
25657129
30637540
32092650
21259366
30352427
9804795
15679333
14059617
9747535
17012343
16261753
6589353
26977778
5811278
4792590
7641263
14768759
35463199
11936150
13223775
26349938
32853627
25240690
8358040
23048354
21022495
7367139
5365718
6910641
28760416
28041627
20016937
5386259
29020552
13405683
7898712
28454665
13618190
13995460
6781028
15658118
19779220
8888867
9104096
13377727
8615897
10269837
7304752
5130876
5830144
28387810
15561993
1606523
13272338
25477429
8694822
11638318
11148114
7547163
6806582
7787636
13041626
11722207
9605999
5174767
34419484
30980821
30619072
6437363
12713182
5366328
15694800
30663091
33507947
24052805
6707804
20442901
15350433
27034584
13347537
10557675
13615836
12434725
24588443
33083328
4723527
5585031
30020608
27374505
20305312
25213732
11932352
12986498
12382083
14463150
12848585
14625237
14219386
9527858
15965322
20655706
15246100
8907786
7712007
16515072
31988603
8025246
15489936
22003339
9102737
10005256
4896077
13650834
11185650
20288386
19243672
7189395
24104024
15226645
14244808
7313812
23848346
6622994
8576664
13482045
12740925
32414214
6916624
7841603
8918696
5407264
32119947
13109685
6309794
32721246
12494480
5571827
22292650
35514394
15430995
12177123
33412166
27721041
16129732
23804093
31965299
9390238
18402025
14119176
4858953
27014121
14772606
23251727
18899788
8639132
10125103
12922982
8024738
7895880
4685123
11356735
12638442
20133304
14706643
14998296
22907870
28682512
13384542
6427896
12535355
15857579
12058817
12888742
5379778
5014240
16033186
24059513
32958039
15817156
29533036
6429915
10063009
26384276
7355642
13095529
13375013
21471100
18787453
28404112
19205761
5357194
10763721
10144045
29323753
13984702
15847026
16158839
6039387
5291769
5409909
12082709
9118727
7750069
18129055
26264957
5223636
13451170
21268276
23335661
17954233
13192963
15700968
13169742
13580831
12716845
11702585
14745392
1576174
8318649
13205092
15299619
32081037
8177534
6466761
7175656
6950844
9334620
9981020
14017122
16396773
22064182
11496032
10516934
7054416
6430331
13222329
12819227
9457759
19560931
27508443
29605942
29972008
4871870
20311411
9318976
21444334
22403245
13255498
10146222
5875353
26093827
26689949
14642837
22913672
7134405
25586761
14085196
9820532
15873482
12657703
15758582
10339622
14174237
34988453
11752627
24983062
8427820
12114480
11322763
16046972
16121190
7884260
7193572
6395322
15311584
15975942
7606519
14813194
14719888
5164871
10611102
7078562
28697743
8056982
6017351
15912473
7382038
28432798
20305585
16797042
7705559
28424272
15504641
4809449
5649630
13382886
9186566
14331284
12439851
10287145
35140142
20416309
14861916
6254517
5923124
26788802
28680850
9772540
12332608
34000623
22387414
25942918
25701055
23898734
7188726
15273869
7343061
20097268
25185598
7120198
9666155
31257751
24272867
8400473
9979327
31508381
30451280
13446667
13836689
9767853
31020235
32929290
9398491
10849779
8078849
7275455
22729706
8566250
14122353
5578253
19812061
29742325
25487314
29072821
32166645
14115238
11254137
14815314
6252772
10132818
15558940
22135183
35514517
32894532
13644388
5706152
7650268
12827256
14284139
17525317
23123360
11639575
10115170
27651057
5232050
23436911
6665927
31430948
17157229
34876598
16012995
34495492
13144998
5864905
5730511
9960803
34797782
33917760
5140320
7963239
27057234
23734400
6254222
25896145
14080508
14349042
29969737
9525249
15170800
14416494
17770417
13660546
14250952
14735447
7887720
5141109
7509661
29816716
14290099
24004127
20559985
23765459
12771220
33181227
14084068
7670632
15379971
7878133
8135746
9619310
20626018
15823346
34323937
4816342
34874453
10494254
10835439
12632293
15848808
6974076
8658841
32010152
5928122
12923165
9537296
25496980
30352187
9951454
12451953
12219914
24414890
9552600
33348491
27882456
16302122
10644881
13001604
9144120
6065467
15018803
8590784
19614250
4848296
23886314
5845775
12627394
13554263
18456691
8483027
14238409
26130773
8527294
21332239
30281066
12842175
9173640
8721664
4730599
25071580
26985020
34560022
6060546
17076159
21777157
13011962
23680448
6569841
9938120
15244339
8115158
10530584
34759772
10804883
35106524
11915229
9716574
29965117
8929290
13055134
23109668
6936397
11364438
10988332
29042962
7130031
19841653
7517995
10850923
13384461
15453949
19651174
10470973
16104211
15702221
24051254
12565110
9019820
17583883
24521489
5454328
25753486
13798678
34349143
14122639
10425429
8846411
12864592
15080375
23612555
29902738
10328387
5516311
27581028
12026082
5444335
5058220
12351446
12854464
15186602
10486686
16067605
25604779
14280130
5573393
30699418
6902561
17807488
10704643
13992497
21345064
28839508
8938171
10812179
29109601
12265112
11463263
29497336
25257076
32391648
10752060
5179185
27542673
13408651
6248286
10516399
20033245
4145009
6400292
13527877
21452080
15835948
11709436
6828143
5522220
31384937
32878215
27496203
22925009
18703306
9550375
12616206
11829916
6428613
8421454
32623947
3349994
21558913
14977549
7099863
9138386
23742467
11371268
28560871
13406033
12427050
34542745
15973124
21149848
16380654
8695018
19652056
7086698
10898755
11963468
10840619
11514764
6429792
9173499
32977056
5789395
13662771
12168467
9339149
14380132
23850194
25262224
17827195
24221372
9279913
16286555
6880304
6670914
27809340
30148076
17916205
14301408
14965806
9260093
14369204
8871804
13724727
7389834
26536280
13100651
15727810
5245371
31578286
26071849
29804809
21975643
14725372
12492258
11861233
11422638
6943107
9409585
34824056
21797164
12483716
9432443
4250084
9684611
13348347
13076123
6945710
3333091
12169935
22449424
10654366
10592868
10399926
26456129
18685141
9831597
18591748
9401700
12605627
15256411
17378620
13080960
23001911
18699313
5554993
21153838
31411841
8072082
6846871
12672782
35121935
8854620
5811327
6400436
13985227
12761383
10380011
20369269
13515789
24109103
14696641
8430181
12295487
23136947
24994231
11182609
5870795
32300300
17054334
27147171
30437780
11820773
30117185
27766452
14541137
12970432
30486184
7477297
14135524
9093784
11072142
5156545
7940025
19025956
19089628
14711422
35001356
12298678
5412159
31879507
15937799
8457175
9584802
15941521
6545955
26633471
10441901
18849295
30904101
24438854
26290661
33501743
27041394
9764456
21537781
11545778
32337729
6465059
31387688
34069741
10416965
4710544
10951679
7644067
27169728
3364942
10336326
35287156
15124237
7040089
28584211
9005543
34117420
5706557
4694336
30902193
6367993
13928884
16895751
6232112
5552357
6009265
14769244
7233241
14891021
8039175
15064467
23510228
27186741
31113308
10312041
23942930
12700589
8026747
31420952
27907794
5352151
7361478
15840275
9175162
25302331
14978589
8331324
29351023
7922783
22678226
18891232
12325629
16103919
9437279
5944998
5739258
15571628
11602867
25536028
2424953
33347945
20603485
10416931
23698193
22648688
29291482
11907249
6266791
5927992
25982983
30344255
9715965
17769028
7804543
28600633
11697959
19397074
33939663
18601840
16461831
22079815
8284129
30429332
6940021
32009531
20159371
5678685
7708955
33859980
23438693
8915642
34978601
13022872
17968048
15570058
9344141
8824512
25431787
20386795
28491097
10296234
23263514
20406895
6917445
7288232
7317841
21322342
11730340
32814312
5783218
13389090
12283282
35168887
11103065
31926259
11050830
9681714
26160518
10470115
31757849
22515917
25361683
13400441
35028296
14831015
12324721
15156073
23550452
9657220
14312600
6984133
13981216
10963039
15853967
29287669
19265923
17365036
11578860
5621596
11133935
18392914
5122558
19769101
12951508
11135851
9331782
28651357
33029511
28043814
34658908
12492580
14222280
31803317
21258754
31760738
30418784
25930207
26091790
15558843
8011000
16418667
35376265
10137848
14502425
13144704
18114508
23598458
25481095
25753324
31630213
12926387
17533837
12875130
19885609
21409927
13333878
7846945
30513991
12401557
8593121
26619086
31320672
16301888
30141308
5705428
31359277
9947061
13603320
34323007
12656885
7329742
33774720
29971333
16656315
32155668
9997972
28090870
12626189
10104966
10538514
15202415
28685287
12259114
19849771
6816366
32587098
23449265
12386035
14972467
15693066
12534598
22458118
15238731
35389666
34364083
16417728
14358024
10847939
28154752
13131810
31696421
8803471
7480618
23856500
15815745
12101205
11306367
7598502
8734195
18734416
35453161
10923122
13457443
4905932
10391670
6307635
18197566
10878767
32144046
22920194
30069016
8072376
6864074
24902525
29543434
4927225
15940597
22888043
12295576
5906163
25902445
16206890
25707850
31070879
27419493
4987391
6281849
12636900
12949532
15520813
8746970
7228775
32226846
21006679
5482638
32641641
4804915
9489984
18241450
6258960
20720980
11500374
8048102
10662276
12115778
9367756
15878411
25762408
15547374
11007371
6459668
26831030
5088228
8343150
11582408
9391287
28363342
21728893
9524872
30750336
6930260
24627509
11139990
19810096
11145006
17529391
12823346
8293769
14093799
6934398
14974179
25590232
4848542
6932474
14651171
12219629
6544346
12360257
3696899
12767822
22756922
15528615
28655551
13058324
15957244
14814579
7405564
13763460
14458368
23291132
5047876
13210542
24354758
12428444
31009195
33854877
12341084
7022254
21150058
7138379
10228423
10225863
25420876
25427905
6786778
34052863
6841070
34987565
7232282
9217387
20802121
20063797
14275237
10016229
22044808
9566811
9474973
11292966
22091485
14033091
7398596
7477742
15643686
4724572
33838782
7071852
5825972
10160170
16570410
6588579
20182246
5768341
34022868
29270029
13605897
10213221
22640660
7641485
22737950
5620967
12126376
10624325
14312949
23768165
5457804
10164097
21739105
17928925
9161184
14798052
25313884
5275752
23604965
5930145
23727353
16244515
15718748
23536349
22584161
14889327
10604652
20276185
23071004
9430515
12895393
4343400
30179987
5765920
4907409
21817414
29897395
7548837
29240872
21787747
5469498
12283917
8599849
14906425
27137334
14260577
17318494
14994659
15159175
6070353
7289177
4875144
34752003
11544760
23487593
22809170
5994286
29587414
13959744
35514961
24627860
28619575
12348939
9081029
17838352
9555197
14681470
9158507
10663578
10653965
15393355
19089571
15652714
19647790
32688360
15268757
34870985
8871974
5433413
33468635
33348437
28582708
22856618
13357802
32469030
6090984
14549384
32397840
26622377
6243106
35336890
34409923
4188520
6345379
11817667
16071944
9485924
27026049
25783582
9227046
13400621
8663186
7664557
24154469
7830887
15142099
9658295
15655655
9594038
19388932
13040292
12474255
34758137
13598902
28242979
11733293
9744874
32690172
30743322
10281885
23064587
7741806
5984591
16990020
7273433
8324869
9947124
15989522
7068852
7728589
5703124
9152327
12583006
4881528
34331362
7759168
5908735
11215885
12709500
13631864
7037247
9807744
30423749
13801164
7250953
13767374
7748946
12671908
14706074
16241238
29538973
11360937
34972163
10059049
22725836
33449786
34224259
6491629
5801243
8536156
7842402
5270539
10796262
13016162
7092344
11210268
15893824
18230776
11415347
34004733
15893613
15663748
11864511
6737327
33595599
30392297
32770158
25954933
10389914
22013164
8640485
7427614
15289613
5186398
10014029
5745524
27040281
15852942
6878520
10736497
7078763
35019158
27275268
32010953
31052054
26987901
12780831
10777124
15592430
13411516
14571006
10394362
14365843
18837310
29547715
31622998
5200861
6042039
14695090
8736652
29940160
13933828
28374256
5379955
16266182
21583144
32695431
12180278
15859063
8439619
31522010
23204546
5343891
33772431
11720386
34872080
7226720
20051794
30612766
12256504
4856187
5517800
15461557
7624252
7402736
5746178
13933362
15894004
27158847
23559851
9417481
33320010
34221271
25778791
4736768
32430024
22875167
14006346
9218131
28157797
14964657
7967446
29124136
30069460
7860457
7379384
15600723
10264642
7890860
21395377
10234225
15765040
14573746
13944755
28773742
15686028
7043636
7278104
7363171
15285264
15120643
5112850
27319206
22998821
25422160
9936868
12124131
15965852
13978748
12477073
19245637
16491432
15138043
9449773
11967951
29370430
4937703
22546472
8354554
12736241
13506994
12318843
25627333
24134813
12926638
8185539
33346547
16537302
12115650
29636407
30655039
33278796
6229615
5806201
32126631
12116681
8717730
35411026
17498149
25328161
22055308
29031184
4763953
13564352
7506690
5828655
21689848
5369479
12801766
11932627
11687301
12317077
8339076
9858264
26530649
8464810
9734008
23857577
30535150
5643041
5075329
15589994
10641101
21001510
12187874
13262445
8330288
18677515
24004796
10549005
12184340
4704443
34783949
34280215
12509547
11740563
29989861
28634989
12957061
28279336
10370920
18931222
13926667
28802137
14667717
15003550
14531489
15373308
5711578
27007716
11260571
31045789
25042603
18187561
6224386
12092952
8624020
19517275
10098120
4131920
6280161
29125564
14960125
13877044
33822255
12462967
6484237
28831948
11915540
9217358
6349193
5812255
16030568
6414276
12935668
16935963
13913974
24310592
11615164
5064978
31322625
30704271
5603786
15955502
6600968
10053345
14355144
14494736
15634438
10072225
6681256
7277465
15100488
13656023
30751641
30390029
16004951
10196422
15353053
9828846
30466682
32100594
30407480
11532432
12158563
21116161
10837756
34448875
5009353
8391678
19614079
6693757
14520581
17048832
7994612
14544106
5494817
5946036
10918536
14765613
15252616
6591833
31274831
7873544
9742182
28827535
9596602
15280598
20136406
17808622
15002809
8827720
29863609
16282795
14791606
12789123
5318630
7587744
10441988
13144560
8455231
10296128
33344612
27045501
20985574
15471218
11787738
6561935
8107417
30071629
35243677
6757486
8750894
31658435
12923215
24362666
32117316
24915869
12975096
12643443
5786026
7456149
13543699
19711555
28335673
13738082
3887031
15457616
28197472
14636817
18772969
6187384
33169554
10315452
2131109
6696650
15305619
8102962
8041603
13951725
9380346
8535005
8972285
19641001
16442577
29141716
14101279
6200193
15352593
8121587
28187905
5253195
32618712
17000343
23888933
7744675
7577281
21502882
6411155
24224948
15490861
31314489
15306325
14718319
14564913
11267668
12249290
8930290
13957868
9069905
24973018
32609802
11016325
8201183
13013067
5244035
9244302
14154028
34936424
26028697
12411594
18263689
10169790
13354886
9129744
12047112
5921043
27298233
28554715
11618275
31320822
15984395
8293931
5018236
9916175
14753906
31939303
14507623
26034715
9808220
13099730
10135328
10429090
15088879
34987772
28472053
31733438
30796905
33508271
12300885
22936979
9186795
15414354
10521137
10220916
29995996
10893607
5052501
7985291
11123898
14062465
22478747
5295044
13393948
5139406
18404665
11641972
8512517
27219444
15684361
10434620
13529809
23071424
11766638
24070061
6910317
5040358
7434942
5218555
6169546
11471883
6731753
7630486
11168647
10518729
30793236
5408842
26706656
10771525
29508280
12645915
28139815
30588898
24985465
17704864
12728611
27730527
8325129
19267150
10134583
26140841
27115065
7860353
24896381
15093240
9784567
14149800
15338573
31836254
32696496
8876041
31324408
5108595
20329837
10431143
29928679
31918678
18640555
11779187
9160737
32111676
4723964
12313792
10576842
14834348
8148816
12947051
13026683
24891800
4845148
8736485
10165530
8709108
18116917
6834160
13408455
6750036
15190564
15937633
13860883
18170374
34537759
30593305
6118443
6758083
12948317
17347045
34234348
15322120
10418217
6915517
12085514
28904236
10134376
7734870
11296737
10274953
28097881
8352431
16736964
8210092
7519656
14594125
10118098
19636423
10421375
11806162
14043093
33691218
12444078
18204268
14846017
11662440
8174805
6635619
31823624
4732896
23149007
34587058
8352217
7833868
4985269
7572886
7186266
19292392
25319806
26643425
16202845
5188252
30228617
32745558
5956620
13211057
5477338
7585179
12939350
35385817
13483385
15941032
30118436
6113896
9093828
11468972
10512412
11039240
29145892
14334980
20380135
28581445
25835503
17035896
5178343
7284509
26675540
22542950
28951981
7549796
6702644
5092850
31794410
5777448
12514261
13866290
29663881
27049275
28746727
31444397
25787488
10536844
16699272
12810755
18759046
25386823
14599577
10910679
31085204
27260247
16253387
13990305
21906880
13325714
12808195
28642873
13206228
13384137
8795659
7345765
8557637
29430580
33668424
9728768
5297927
29191942
12493527
13411422
10261217
15136247
32094582
5870708
26457944
11446965
16685157
21861286
27427005
10660101
17049198
24870416
5000664
12594551
32004644
27731484
15932560
7327137
12942091
25963783
6474162
30413918
26191868
11957193
5023425
21924682
7902203
10790320
15825649
6304199
34296082
7087877
11910846
29687785
5788248
34568218
22846604
30172814
14141849
8089399
10326057
29837803
27170559
11826445
8386905
8069517
32891631
34785839
31730480
14725498
30530569
19059430
14596179
11628250
8137389
14568428
22305346
35341918
9494530
15127915
26389889
13305427
11493624
4851449
33412181
31381913
25315282
15620301
25023577
12398847
27728700
5168661
15958122
13784322
32212632
17121597
14614764
9063936
15050051
13209878
7323459
14719196
15367094
10427348
27797562
9775926
17494990
12576444
26011159
24536003
6866484
34762496
21140977
5002524
24295880
7867071
11444937
34687029
6542553
22712948
28241800
11920421
19262683
12052214
8303683
14931477
10953863
22311484
12272104
10459376
12000949
4897330
12198863
12987345
34343242
22035976
6365108
4896146
13824453
13798679
11082245
5577883
14057750
11223848
11408603
12272846
29995270
7832689
30062488
13149528
7503536
5167753
24649844
26459660
23550797
10638876
10147911
23154248
5281702
25368298
11838206
16125954
11285937
26751599
11572148
32163009
13040895
7979420
13297807
6596226
13393048
26869907
26789345
8975005
14848902
14587410
13303493
9523315
19209922
14027232
12011370
31020538
11253215
14210445
35175064
16158167
11954142
10006683
20023033
33961554
15180800
31586434
17519989
9587041
5490744
18034642
7319987
31812704
14660915
13273428
26226986
9264964
14338888
7483815
11169850
17015877
6848593
21572896
10332687
25305724
10735705
12783914
19386655
6205809
4866401
35335231
15217828
32374170
19041964
6299615
5174009
28051557
14424281
9385890
8439726
10929375
28536334
28333357
32749614
15744934
5321081
15782482
5347904
6106688
6678405
25214326
15580961
13086003
9881581
13318460
8132200
21802978
9734589
13291994
25689541
10276522
30302081
12067156
8108998
34010751
13085873
25039714
14967138
11215812
26505167
11020303
23951846
35310637
14896200
11107915
26823722
14528902
11455173
10823821
24222452
12975572
9185396
16222244
9078035
25072369
16784568
5051612
35291686
10372816
8661442
21016804
11248518
6934104
23021102
7355702
29186116
11979896
12311402
15490445
29280856
9297681
15010822
12951838
9908493
34767749
15966720
16681848
22744607
33801258
27897603
14331207
9325162
9934034
26217944
19655080
25651615
29224855
27881322
8296696
15856851
11185442
5736258
13014015
27436491
8269291
11251627
22266055
34331686
14448120
18623431
11043575
4864041
24801092
12083688
10787993
26349635
5176651
24927875
30764154
30661024
9332700
9067412
16274357
5344113
32399733
15124226
10046120
10502503
9229534
28571821
5068472
9998422
14025926
9660512
8193372
16126184
12260245
5712253
7736158
13535650
31476749
30390077
9938896
16209532
16104336
12907904
17783473
9253401
11787020
7009968
23191607
5955560
21291877
13962831
33194649
9168883
34298614
11117348
19137928
5681919
17037231
26605727
6712989
15960366
24862847
33419036
1338721
5727035
7729934
33757638
26734871
11530594
11685174
16304922
15614176
14155454
7678862
23243492
22514177
11638703
7444883
28526713
13549932
15594083
12644724
31296962
12090347
8344585
24755411
9039103
7408346
6717889
14533686
26213252
14656649
29868658
8721688
34328944
9854388
15332506
5065770
12009537
24459410
29430079
13930679
15522724
30982846
34405366
22539875
26031076
11900897
26348270
8705539
30795096
11225245
13231637
9928131
23438117
17446201
8508713
9803353
15277321
9089596
5315309
4729455
30410378
15721362
21999184
12863948
21961789
27475635
13160890
9396058
10173006
16797126
17169130
12276213
8853710
10505455
11549083
6183950
12586536
30324209
13593179
11889191
8435950
23440055
15480412
5847847
11658346
13637157
15129590
12012808
12775693
28894135
30369467
31154171
8262812
15891242
9958423
25723792
6453529
24065756
16083283
7238316
26341925
15786786
7663061
30353570
11743155
25576204
35244277
19700608
8365754
7628857
32965932
9456626
21263398
15081679
8044755
1695204
28494151
27864012
13388423
20835499
14729447
29369887
12109147
16092368
10093731
21889432
10898543
33615501
10498474
5112828
6669827
10229576
7313960
6471051
11172517
8326401
34855289
14094839
10751779
13538745
14968753
5330133
5141840
14798782
6297674
9512583
13841935
16391229
11188479
27886713
15510484
17643145
26051149
12508749
17241889
21585085
9913200
10327157
4906433
15937319
21159208
19335877
22549634
15169766
11689257
6289844
12846513
11240120
10033099
11967746
9182097
15968731
12536035
21594988
9728225
16812327
31271669
27032493
21612811
14963137
12913872
7994465
12671523
28967998
14465568
12035240
34846679
6988435
15489650
2443880
34020360
7061161
9335998
33266520
33194490
8071973
15499338
12224568
14493183
6243165
7169341
4882520
22063804
9950197
18220708
11102950
33770655
24252467
20311837
23753114
33105174
18048136
9253529
28028451
10055195
15642955
20916403
7769472
27482469
24666563
7874190
34734714
4969664
12518240
23968910
8486737
12375131
28578631
8461290
7953696
35348497
6381344
4799963
4734753
22667570
8150561
31925215
14305162
27652962
16051098
27137670
12581987
18724603
33195534
12858234
12813772
10488572
22213225
12310461
13552025
16067846
26835074
8313864
9686597
5614159
34784870
8807934
9040243
17428966
29867785
35513527
23908703
14704526
6051819
7008681
29603005
14268614
8923486
18179395
7125035
8768357
9762125
29928652
10059883
5151415
29935786
19802800
10016574
8997450
13312042
27460701
28708330
12798736
13939063
29997811
15968323
29670097
5256557
7745371
9256895
10985011
6466631
27115038
23637278
13142481
15146343
19387075
33031794
14155678
34036591
13878771
24383495
12313952
21924421
13852492
16117684
14220766
33990837
14390270
8532591
4801141
7125920
10850271
6211793
7881823
18602863
11834394
5144226
8968229
10819024
15282670
11317346
33747834
15686098
5980722
31266905
8685650
16083358
15363388
24093983
32092494
15449380
12682505
12583560
35053580
24417896
32904129
23740889
7539324
9991758
10911045
10877150
8592990
5005105
22782560
14854115
6730785
10884676
11821999
15883555
13577097
8581576
14730368
26959211
9606312
13944030
26892143
5253880
23660114
10239344
15555979
28369033
31339894
7038633
30524566
10422415
25161676
5057256
14146566
13610579
10572850
7424569
14340335
14719231
26357894
14845864
12260411
8717553
22548629
16285012
18275683
20887696
24294773
34548904
15045660
13602410
12638151
9596793
32514252
12081977
25063576
11666004
14157664
34049869
12814588
27090774
8337284
6893260
7147393
28170328
32249436
13312478
12028619
6651987
28024182
13282201
16205958
5060566
11161649
13671968
13661382
4852493
12095481
6159464
7294307
13928296
17705890
4876033
33507161
34659736
29422639
10904553
8213914
26705108
29453542
8691680
31617952
13086294
8156846
9630881
19070695
20435680
5879059
23013797
6997969
8375359
13244303
11729992
23962544
5919122
8832865
7522740
25345360
13752619
11434778
22833899
5013399
9124487
31726487
15442100
13596226
7697536
28158931
11574787
15295542
8845529
30294503
34442872
7672421
6075841
11207304
34216744
26058091
33552252
12513674
7424717
14699641
24357563
5970922
17660398
5409738
21008833
5029659
29218618
12589508
15176275
30593626
8083896
29777467
15773843
14324040
10844569
11052802
16252724
7196834
15699503
13640433
25262335
5105190
31203247
8747346
16252910
11996069
17340631
20599384
5060755
29110015
17442283
5897432
32959926
32731665
13714016
20880322
8384029
5681451
14891720
10216385
29071783
16553622
15143709
16636248
28193254
11633796
33147003
5645505
15827260
6582795
13589799
15427494
6570809
10791514
8422339
15799230
20541499
12021184
6378290
33268428
8038516
13348778
15207911
9764370
6351822
13037810
9646477
34373782
8592671
16439898
8556005
15743492
8294713
19508236
24220877
8732184
30281078
22779602
11259202
31543318
6677564
6236035
14183829
17536939
25466416
11445188
12788257
25441060
22252330
17481847
7128280
20663776
14683712
7195305
32917005
24605546
5324085
17073441
26912027
8374020
11260194
33919074
13284263
14465343
7195895
14763169
10027010
33731394
17603230
13317226
18880324
4756248
28545988
26659652
10200477
10224776
10870114
20018035
5513612
15888532
30486895
4407548
12782533
12974891
7352655
11677594
19944418
28682569
14768856
5617611
14821096
13361310
29967400
7458485
28593970
19980868
19704808
16742829
8896386
7642988
4909403
8002818
14237340
6523338
12811036
15500907
25253668
14038927
24564434
5214679
9169522
16303781
14069506
30844713
6553412
22527770
13584489
11028712
9629231
23035253
17852236
6341157
11652918
8673919
15543434
6313784
4823599
15678002
18897304
17655205
16289212
6567846
17066109
6813316
13757842
35507632
4691930
31287152
14823460
30625210
29629081
6938255
31768001
18345877
35005370
15758301
14775077
10777206
11351767
11158541
32003825
31095689
15330754
11834371
15475361
16915096
34305715
18926251
6740197
6617997
8396723
34938806
29078899
31391915
4413445
9931865
14062115
16739862
10908286
31995044
29090149
28233334
8569759
14460221
9864051
12226078
6969052
8282887
8453805
18228307
25632022
10251603
25348567
34220560
24206636
8158473
11432269
29781658
35506645
8901155
9693348
11720441
14791795
13294858
9171466
17117238
12531808
9652312
15441908
12248001
20946946
12639934
6237967
5062161
12381303
14909329
21468463
8694411
31520159
5398182
22156063
26393969
23605022
13706167
11982596
12253348
34836053
9405441
18405865
10517259
12597871
29414101
22330264
11137962
7194438
12256999
7396894
29278939
23732825
8483540
5494361
11747981
13486173
30700162
10761729
11063393
16293185
32999865
9686668
13327863
10143821
32196462
14886061
11036092
4886799
12938600
8328467
30523345
6311975
12729738
23166629
26699564
6151684
8931534
10449537
31029013
13427189
14582419
20039374
16922199
5897250
10520055
6227380
3578679
28190296
12282771
32344692
16179805
9599512
32389914
12400316
14737671
5942077
9937430
13577980
10042950
7726437
10712749
35053199
15890213
5608889
14925247
27222237
15971553
29652091
9323431
33053328
34637134
12749589
10485344
7596182
20188636
21449239
9681519
12046014
7785816
8174828
11027392
5311908
15060962
10545490
11262227
21373909
7603706
19640797
8055211
11822064
28993780
18552037
28189141
35200576
11663865
21104440
9908769
26333204
11152740
14586981
5292799
13422831
10804745
8028562
7796028
33769365
6570396
26943158
20231830
34676539
11962382
9071745
14769465
14026663
11713919
18296749
12090825
12844917
13712540
15718296
8378402
11837515
7536396
16037960
13008915
6330159
32092209
11254339
15414358
11872307
13537877
20334757
17417752
26383004
32593338
13652743
14918414
32278491
14200977
13559185
12050641
10725500
25585075
15657013
18035416
6369951
14385913
35099039
28798180
5437935
14259850
7838842
15535360
5316782
5995072
31639831
26227247
19900654
17214370
28111003
20982019
15038796
26252837
7300857
29651464
7124078
7448355
33013572
9460344
4787018
29860939
32058744
24163232
27344172
20247025
24662816
12827222
25492846
33557814
32774508
28189663
8176665
13780312
13736595
17152900
11655460
8430574
23607932
8164393
14575650
14548836
10895647
10851767
21575182
8841692
6847721
6579106
5238893
8662125
5211301
5194146
10969519
33763785
9086011
9245877
14066310
32855127
16061919
20834035
5863204
11535300
9295584
20124709
9527642
29075845
33221934
11825764
5603824
21085777
13014226
6745545
5473764
17440774
22836548
29577262
13708233
4954106
5757233
31572142
16118860
9917318
22990238
6467351
10255065
10510852
6344464
11416301
7195458
29920936
31344286
13084559
13924543
16102923
15585965
6084498
19186975
19121620
7650530
11685655
5819804
33686028
35186188
11179503
5642622
22748591
13441279
8580256
22058143
15764033
33726606
6878596
14900438
4906711
13953418
18656350
21857239
29244610
16146476
6204665
13104802
28321225
21387760
5306548
12611330
21759232
13328999
29945548
17538658
10150386
28890709
13845467
8560247
9962747
11804016
8026159
7693441
11158793
33177465
5056753
13675137
13074368
24930659
5532588
6694040
9945061
6826546
4893615
4924284
5888740
12139251
11149711
14288754
29094178
24110789
5585387
32456286
34128661
14584644
27190203
16126890
5280890
8475775
7226293
6334322
7594993
14284042
20546077
22334839
11509314
34900757
8491998
15757022
10702628
10939226
11922146
10803590
4893414
29516878
29788432
10890200
7186158
14369021
6329456
23363264
7768413
9839478
33805539
30244655
10682069
13171827
9385586
24272822
8741706
14906089
14603255
12147315
18375625
16276522
12486937
28611361
15971200
12385282
17193229
29004943
8768518
9464836
13625395
6616790
14018924
6244928
10366641
26843591
20607139
18935362
14646836
6513463
6434048
34930616
10624596
8276982
5410831
25127974
6548367
11117799
11378353
10747514
22279450
11890275
7842574
27813264
5554975
32815299
30701959
32978655
10383269
5269762
24661751
14407372
16185529
20502187
25707517
15726302
12947429
13802931
4768301
9815915
13234513
11236505
18665695
10893075
34779386
15407547
6968402
28415266
8611288
18846589
30987238
13074999
15585427
22385401
13608966
10159794
14323118
22754366
12423433
13006516
10489642
6447280
27476973
5986618
18953302
34461025
26563508
12028239
12235701
19802614
7368697
15173479
9956402
18023389
9486113
12594915
5620819
24566801
13765192
14138810
29960080
11270643
28155775
17858497
8274913
17881609
33337481
4848012
8688580
13950113
10595476
5582612
11863187
7848487
11550102
25840015
28074874
9976179
8485998
21442765
12246433
23176934
9332019
6801042
34454587
13793019
11453485
27611049
5383912
32967819
31346854
11875758
28689184
9450795
24294932
5758656
23009408
13339839
18708946
25690063
12141151
9206274
15328011
18723289
4713151
3377190
13265452
15956658
6005552
9970144
28917685
29361754
5709227
12902000
26060809
7114967
10248983
13442923
10378396
5961248
8819676
7842127
12300970
24996355
6554767
30123674
8021461
5800627
33088311
9249504
11425821
31185403
29408881
7108124
18229660
27040854
23309447
6048042
11351699
6973386
28908382
18300145
11715294
35289406
7372044
8176980
12013007
9494549
9961320
13462428
22461964
32341215
6670828
5704108
24215309
7002755
10312237
11125693
30323369
9821019
4240569
30590608
16979010
10744128
6164016
19741216
16160603
11781638
5056263
22566863
12694065
11422774
10947080
17749660
13395103
14187274
21385171
14578868
25321375
11949730
25652083
25999213
8330433
7450955
23551739
7594177
5561155
10167378
8244717
30849495
11904231
10823485
11649311
12355761
3127178
19383187
20780797
16302112
13861755
10650930
22422895
26336567
13817539
27535098
13902854
21549829
7882537
5885087
27329862
10574298
13371881
16032722
13834162
24928196
8014182
34228000
13289739
14170891
18800317
14764205
19375660
34127071
20659213
11638186
12360476
4841106
21116737
30626935
10572360
9406915
14546071
7693285
12416234
6914402
7141216
7658763
8197235
9483317
31234141
6838233
5095149
6648353
26106433
6997795
29002966
13930746
26557811
14016445
27244068
12531930
10402926
21694063
12840325
31679264
18857653
15780117
12422248
16163267
7248347
6211965
29173417
11752991
25605700
7356959
7555914
32817207
6832677
10288387
5643886
11246611
17735026
9102627
34142146
7886748
6611270
28903519
27963957
13886069
21092767
28191652
7083766
15335029
10941468
11071425
7658297
8629201
20461762
17112513
8056839
16021640
11057785
10630501
9624911
9061831
14966342
28364350
5217177
20779507
14816745
26950826
26401496
15331983
34059511
9955923
29871319
2495921
7023325
14748090
21673300
5881933
27217764
29157385
15897711
32761410
30494731
15648848
34393378
10675329
14075987
4871440
34066174
4702922
8140758
10468786
9169696
10105643
11856485
11976170
32883960
28000176
16036336
27187062
16793376
35284948
11659355
7233212
26115463
7066018
10364114
7671017
15274160
9511163
7426604
27538962
5391913
7691985
11817480
19394641
32460348
8224306
13629707
22962140
11406841
5637824
14616923
7423861
25502872
15860657
25148767
15378288
35258902
18630640
6522176
23583098
6862140
11770488
8288357
26709818
11206708
10197754
25226749
12330931
12712226
29337385
12322581
10183967
13728790
21424432
4974401
4965604
28797730
16851486
5780611
11846326
5518918
6092700
13913127
28796071
6691101
10298093
22777334
12788703
14171173
6875092
35458273
15211457
8166558
13892793
13844058
16289808
5510978
12943932
11642849
29860378
10652089
13464038
25201084
11641633
11755196
31798247
12733724
6016676
13003264
30908703
27851640
11412961
8325894
7752303
28691965
14729653
15441398
7371677
31672268
16756392
32687793
34344826
7179728
27167610
17407564
21765841
9509080
5077317
5670535
21564433
34713456
16567296
32294034
35314165
21615757
10887740
22491506
11831500
19085371
6960918
14846600
29443924
11669403
25578856
28531072
19117381
5754206
5835599
10164496
11685849
16979580
29309323
14623360
9824847
5751953
14857546
6101756
9135882
28991893
31102925
12905780
7918309
8892918
22400470
22255411
25493332
25524481
5601429
31759562
32016380
32929986
35112392
28389256
28948072
10181702
11429009
24668726
32334264
7626106
8842890
5090671
11073420
15869049
12783735
13933541
33023361
19123771
4963691
12121435
5859989
28177540
6754543
5049879
33778560
5724204
24587600
21896542
15284883
13203027
5808238
14175174
5753224
22779305
27155922
27642753
4811623
4907948
9242393
13826504
33795456
11512934
23213534
27626178
12013458
10691883
11055170
6537169
5189783
21720562
2981845
6105418
7660138
30156356
13712947
14052924
11580278
25525657
14954884
31572352
32012276
27059829
13148027
32015084
13258656
4837557
11349614
14957560
12482390
4924042
11104777
10842475
9475785
20854792
35113940
6896775
22263880
5397981
14115972
7925052
22666247
15904174
26743751
15336089
13605960
7638823
8770812
7626441
21971713
4950873
10628675
8490467
14921436
15732241
25998301
16142980
35021441
12330482
31671836
24612998
8327577
10121007
16625829
33805197
6900944
20516836
7857237
22122400
14022788
12912262
9595760
5567336
33501971
2300525
13493656
33555333
19975078
15359055
27026967
26309210
4899145
17539138
9289239
12560780
7754821
6007767
14012813
7195007
28081876
31432484
16209191
11791708
9721047
27750894
11156522
14081959
26075722
23030207
12497359
6220587
31282208
9950563
25171246
11688750
22551416
31957988
4914404
13947350
9842500
12647868
14494914
29895277
29328109
23283962
9884554
32781684
28101451
8269004
27558333
14677653
27902445
19378486
6370247
18789469
10455907
33080319
11953953
21550117
19727647
12682236
14805031
11044923
10255914
10366661
20550478
11636953
12917162
11937875
12457637
9128214
13704679
32146029
23362712
7141388
18936853
26285270
28137757
16110257
34116115
12129681
10653486
5619630
12039518
15039505
7791985
16265993
4946924
5481882
31730681
5791827
27428901
26198825
12170397
7184286
32070483
11700605
25126336
31385327
6487811
21087601
31489475
9140336
27388248
6164630
13745064
12424765
8662624
32318127
9738835
14418874
19042690
6076636
8929722
11908331
33290433
5126969
35398492
10793719
24481979
26553077
10921225
30462656
7802829
12171915
26729939
31416587
5653268
10826530
8660734
8256989
14604404
27192792
10753410
16047202
6352646
8005561
6082758
6190132
26569700
30999433
26732984
12759673
7411190
7939273
14417986
12414033
8889095
7121512
29797972
10780436
19761388
10771017
12784700
8684989
31985621
11659075
27990744
34369366
30215939
10582443
28545823
11686814
17725213
30062896
11331266
15416752
7068838
11649365
31603954
7975585
11240235
5322047
6494442
28794577
10197030
28522870
17457232
8900633
7695223
32185929
22917038
14541921
6599482
15683322
17949958
27164868
26910746
8726893
13049316
12091042
14187825
15059362
14801178
28559548
9558327
12826175
10251462
14783837
4853049
21118978
6886503
10347387
22778681
6823544
25386313
6263114
12960661
32856774
5466587
13419572
10741150
23166338
15365436
14262814
30355679
10870190
4917743
16341567
10002784
12646510
8756597
16005257
26114584
26448875
24704828
10614118
6964609
8661043
11314488
23560004
24640859
12557229
11888544
5148316
22416823
27555348
15155377
13155583
27237552
6716123
9104307
5251060
12959089
16380432
9010535
33185844
15233683
14453864
27195129
6161768
10214178
9058151
14107095
5502974
10822556
12731952
8733823
11650802
14390228
26556137
13204549
5027881
9375442
22883876
16144794
21731725
7749610
4871677
11206372
6472429
18921835
6545539
28345927
20573719
8170867
26416811
11393359
28199575
7455546
22487537
15195267
13533465
8393780
8956205
6121326
17330542
18404653
27390621
25653709
32497875
6396952
6135770
10310786
25308913
28264318
8849746
13145461
28972342
8111008
27456828
12824095
4821526
4829624
8839880
6201978
13773169
15704559
9322386
6386460
21537016
10129997
20403232
9141486
5277080
25442548
6471463
20167561
6732005
19244728
15781361
28813051
35526007
25594237
12737584
14474866
19699429
14882933
9421750
33745881
31740275
14156079
12807121
13297388
14002550
9479595
6414150
31730441
32326485
13066226
24686120
6187460
10876234
25185109
12847342
34571140
11068967
6258799
11489814
4712946
13391017
19597258
13185015
22492847
9506876
14804410
31547020
6678582
6749888
20575372
23407679
34815209
14289582
30972916
23286635
19146781
6606284
10947355
28411000
12463141
6968626
11711998
7626237
14017800
4994281
12756905
32282499
15284811
7141533
7519245
13741628
5360445
7954915
32074521
4766603
13074527
15284989
12451799
26202023
9487702
14406793
11429753
6956548
15399402
13922155
19522909
11685332
11467065
8804492
7132536
10307307
17881690
8939106
21510730
18710326
7217417
18719362
29271817
20008150
15381011
6092600
16073457
9794067
13354750
30380945
25783318
33641364
34807379
14486177
14380787
12018539
5008556
5239828
5193949
6028525
6538299
11953537
16166628
18093289
10959367
7172345
9300818
8621252
8155040
17843116
21134296
18282844
13622811
6258899
34837043
7116750
20872036
35239828
7539958
31346227
12503403
31730525
10882456
5832104
11606494
25992511
6825831
7316009
7497052
8154647
31964906
4367863
35308225
26356052
7875942
5761839
9718703
15209594
9752764
23545757
30503359
28361860
15213598
12700377
34045180
11523545
24366032
9057735
5494697
23219747
11654782
14657948
8159539
31632727
13673524
32201271
5945248
18828823
9567294
11306634
10524667
5715533
9907739
6270547
34292656
13778165
6622221
18250846
6396947
22748639
8922480
9864640
31422851
7889304
33432707
20995642
6694274
8856240
13871503
23437604
16300827
13886240
15818247
14536372
10302025
35490823
15082612
10661330
17732530
9086268
6431470
7533226
10104724
7916527
11268618
10981606
12211095
12849939
6414872
5002659
5886549
20073259
7299503
20387467
5842849
10699853
6698896
19966954
22572728
12276020
5277125
8733498
13799218
10054165
24104813
20419321
17314021
29551624
13177992
11349364
9792664
27450927
24106673
6931450
12455907
14319766
23802440
6928717
10059395
28709473
6018195
31966133
11181960
31061537
30312524
21768547
18628081
6482734
6196388
13036724
14801496
29104513
12479228
10652526
5924808
24657977
15404287
12205979
28098850
4810395
14222642
31723550
11812113
13979765
7994100
6132853
9449691
12175446
15053642
11399789
33413207
15062459
12180804
24137507
33027189
9292600
28863157
8925836
9473126
10358906
22088551
9785628
8432033
18863500
17979547
8853570
10913018
19133650
8328590
10380250
13885629
7453924
22447729
15107094
7875649
17339644
27907734
12001300
11621867
6185186
31086020
8055397
7881678
20818081
15080755
31773947
5125809
23779175
34643449
15981714
7565619
24292004
16148176
17345560
7025997
9500662
30790509
6111478
6958173
21382984
19723603
13105618
24174308
9198476
8625794
6073891
12879485
15816331
11198778
11801869
5159568
12009619
15234717
7151788
25733176
10206678
8137895
9047134
6234930
29464255
21164482
12299396
21005368
10730887
28946938
25216135
25004626
24441596
15999733
12518140
12502820
5997836
11148426
20761255
13640545
33341789
9901549
21553588
30204971
24171785
22505576
8649188
13425820
34186606
9049659
6946449
25099267
19603819
27502590
4428242
4884842
13869030
15005447
5557067
15255666
12503463
35004152
10446901
18613168
31457915
18362752
16013903
12384121
29420461
5607041
7265440
33580548
26904524
35053898
5205447
12045101
8013421
15909430
7999907
9147341
7322257
10164910
19429948
21927010
5346755
21830404
33604938
15018806
7365973
31425140
35193658
26759588
18586228
30839460
28848781
35466676
5028451
15837531
22696733
21323695
18412522
13156992
8158935
11226801
11182525
21640231
8057652
20963443
12909481
12586244
12974674
15707275
6438076
32107275
27397149
5444534
7586631
32988303
10944763
11929432
29658409
7606587
6037134
11409601
33957744
33930411
29740216
16728597
5951712
32555613
9803550
6588702
12214599
14593316
29243122
34353229
10770569
20698285
10970487
31780451
9965847
11000554
6070923
15053768
16294833
8882972
27022860
17211445
28916278
8962842
34961588
9587967
6378693
15890946
5483834
5892888
5110869
12781634
15477754
28139479
8022759
15842077
7393585
8795452
10546968
25985407
15738670
20164993
5290545
28281796
15942874
11041657
5405318
19323037
9774594
5397644
5121006
7620876
15831022
16295758
7000894
11901131
13163808
8167459
22720832
17791660
12769945
9928688
12768133
16124522
8881791
8539150
8076222
25873738
13388953
8523403
9125298
13922190
18822934
7838509
9163010
8739422
12398355
8833395
5902561
14620497
8974492
20313220
14342299
29175811
17833576
5476541
24980686
12010633
15058611
10090782
15908875
26979794
30892530
8977621
8819950
4779053
14452200
11317199
14765032
20853667
11690318
12684860
29476624
28849075
14920857
7264866
7822751
12192941
6506921
11417064
22726904
25228651
21941446
10380202
10218146
6428849
15043663
5447573
5819053
33043368
15189446
30638413
30269618
29572150
11511187
5892136
8395805
9886008
11351707
20618638
9156531
5038614
15200201
8929935
16544241
8669633
9617237
5768489
20396311
20778217
21342559
7459353
12898376
18985228
11779914
14916951
7096989
13073575
28805110
11715469
9718025
17468209
16187338
20565349
8749444
10095287
17868139
32725002
34752105
12092919
28663192
11993826
7036009
20785645
6925824
5475698
25056334
26481365
4939791
13101194
13902561
31315236
30145928
8726229
9437660
7219568
12157105
19883710
30118370
14551405
11768567
7036289
4919038
16061684
6013699
8241816
6754181
32869536
14877908
6172474
33694575
6126151
12074599
9855361
10532535
12951820
13382381
12741842
19914367
22796246
30993499
21706792
11757709
5395800
32833323
5956681
35185096
26578505
28851511
15379783
10279683
16021084
13111841
30428591
7910277
10038427
31243252
17179693
23898467
7283276
15869214
14437313
16195755
28835590
14889585
8075089
17746594
20511430
34281388
7114038
26736914
5755201
24381623
30470843
13820259
24261056
22316167
17115858
12893019
16231041
8421023
13106480
5812875
8001451
7769131
32068842
11290618
13067877
11877256
18836824
21961825
7601932
14826418
11088102
8843089
5777117
13198505
15304706
7500698
10023982
13606756
8376270
5030121
14799278
26446922
26485790
5494466
8500794
23200991
22025014
33611505
12952314
6097687
14908784
4860362
10482431
10707311
22313980
5099215
8797632
10203434
8824163
6876006
12691559
8809543
20482699
16935909
19548661
7409465
10263288
30664174
9884807
6003049
25666978
30241277
15706766
28733032
29286217
17677744
16958514
29377753
4970441
9718076
16041527
13814491
9161843
17300671
9613984
27350952
26318288
27142551
15833892
25454146
30626347
5077301
21706243
33953106
24393275
33263976
16810284
6384486
35346277
23164553
9254080
13512023
9359675
19456111
9538143
14796636
5191330
21884266
12964808
23367035
14564464
28674433
24321581
8458690
30016285
14533868
5179286
15317302
12912447
13133878
9401450
13603160
33273909
10878066
29947081
26579423
18254875
16282222
13076478
10012714
19128946
12286012
13220045
9648356
15479252
11240217
15105860
11633043
20167312
10867692
14770870
9928365
12099843
18904399
28048248
11590267
17236513
11667074
19761682
26359931
13746186
30948013
8273438
29132059
22342624
15060634
33354449
16141810
25671157
6896332
8639600
15492269
16116593
19890862
15568887
10239895
22782398
5141825
21358927
8960695
6931656
14293330
20301091
7159338
12322279
28460860
23713532
7708635
6848551
4962668
27427671
26853917
10788191
21740278
13606736
12829477
35297875
21037960
29770543
22775477
16335198
9109563
13692447
10762832
9602203
7997233
32842071
7957791
15547323
17971234
4769164
8140115
29544295
5725678
30845637
24711149
30569392
16785939
11161131
9916249
24877055
10015188
7451687
26717273
7125453
33493562
17266969
3880823
12408639
11646173
14258310
9027315
27940116
14058684
27947130
14027345
32840043
12318059
8630161
14677920
16083394
13526838
27466191
9929314
21268132
21146830
35462275
25343440
6141216
4823070
29099335
33158400
9648298
12410038
13188856
6650298
23541497
9025881
9738950
12088929
13474160
20887720
18937120
7186138
28961701
8465502
17800195
5797503
26514938
6753841
16567749
34862285
16073421
27026145
8487976
16126671
13220858
20082460
6203208
10849550
33878124
19878088
24334028
25118467
14711144
8520914
19681999
32807010
7615887
14278453
31138844
6016225
6541108
22902437
21827887
6312277
29068669
31067348
19534306
16623315
11582625
8242651
26005141
20120956
11430300
12470370
12745982
10255119
12198090
32706276
28766227
24879938
11298353
6912377
10526772
27930459
5538189
34249780
10215800
18223174
11083219
24150209
14055916
11898795
33259374
7037080
6232638
24827753
11612775
12635961
8058097
17738977
32214411
6620396
2912959
14976691
5673360
28650586
18747481
17343598
9871360
6515746
34886972
9893266
7071563
11533432
13042861
28873465
27362388
10522437
10648929
22050634
14000595
9907817
12506901
15355838
9860048
11296522
25635163
8419914
30179927
32899728
15529411
7380193
16049583
33433880
10679858
17434774
30458384
11564642
5933277
8702062
7138526
11619685
11402384
24343337
12897435
35036711
7971644
22615826
13510355
30828267
9719684
25836448
35289040
5880125
16067445
14983586
12032001
17036238
28138612
21359770
28687633
6494007
13584837
6663302
16440798
20199307
18271006
7710611
24638621
9122554
13399291
15543917
5631738
10773410
5540595
8114109
17056548
30002755
12519080
24147365
13740871
10142889
6974854
4955815
5342373
16022185
10135056
9819248
26582414
11237714
12054984
7032429
34322497
25782739
27313335
12384053
31598548
28683883
31225222
7550503
10363219
9488155
25792777
13421243
15253499
7958826
30668029
8045155
8536160
11821934
19072789
14844221
5406903
33823269
4959829
10667687
28822693
13860878
14593599
29469385
5588965
28740928
28928677
7959959
10623103
2004976
9661954
33253245
25987540
11819484
23979179
17174596
14601146
5379173
5767715
14241705
21735415
6680864
9249210
6960842
11564795
13470598
13588940
7346449
11115689
20837899
30669277
17776168
30155003
9919728
8665258
11071125
7339696
34759904
20272120
29060665
6401971
6502927
9239403
22522247
33273543
8103032
11326995
6253338
19625119
12912315
15808185
30515332
27353481
15532202
14058068
11325489
11311984
5000861
5741994
33812430
7324702
9652688
15824829
4861228
7657029
15585635
12774967
13788298
13946397
32743986
31645027
23747387
30336503
13601790
28379587
14928317
29230417
5551288
33415592
30286982
20663236
8214829
13790891
15272622
14893972
12454352
16196594
13614743
5798953
31400921
16631091
8577316
13476316
30990130
8684802
14334639
8331619
29928184
22101631
5109914
8919681
28920367
8661938
18716764
14139893
32637138
10050521
11417870
27314535
8647817
11208786
31496708
6205472
12267025
27955860
8355061
33308073
32296722
29375542
7901163
31404908
5585706
11505860
13129305
33683340
34996727
11921036
29318056
8817356
14175322
21556162
12813963
14932731
28826872
12405316
9425354
8063750
21159616
6265631
7635683
28961245
11873974
31669649
30826659
10314950
14533609
5492730
25701637
28571434
17073144
26592842
16008663
32420796
12182151
17710327
13316430
14201504
29677792
31569994
26781980
9065836
8177100
15425687
10282672
13143721
9137719
30589759
14828612
9391085
21536758
9639383
10084129
20064226
12080803
13715486
15257388
10137274
11171282
7157324
25874848
8825232
33171999
28973962
5261097
7981275
14398507
21095344
15938248
13765864
22972079
7692342
30115943
14963377
30906585
7891790
28740034
28047954
17635306
9224962
12144834
30441947
32838093
15127587
22333096
32833380
26907296
4860369
13251742
9473222
8511031
10476087
11825413
7805287
13628462
18583147
27846216
29082226
7657601
5331701
8202038
13660628
4306958
10691766
19403830
11731645
9700668
16314132
12976528
19127767
7009728
15103122
8783076
12411893
10619784
31868531
14719609
14752814
14637665
31154009
20884426
25945249
11335469
4838748
13822353
8475015
10883747
9814985
13990460
8847724
22530122
23464196
5679041
28600810
19958506
7233373
8730547
16038940
19895830
11934020
27674850
21093700
17415784
7172186
15273033
14994730
15694277
4951413
20780110
7127931
13491082
11671145
14754544
14355243
30519172
13100674
9404756
7572456
15688878
15710308
24834026
6389104
8102367
10430928
13723001
22900307
14124777
19742176
8629997
13932863
14241923
21765571
9603697
13712781
11843399
6545368
22901075
7618622
16246383
10427630
33054108
31700756
12281526
28980670
8303858
24870791
5687236
25718104
8442143
24824360
20172463
34448872
9364515
9711842
15445428
13070816
14575854
14940089
5408906
12238364
4685306
12962272
25132642
22770845
5361535
6114017
7992290
8828990
32184417
16249050
30146087
6770861
30492577
7337037
13152299
12893041
12972748
30666964
29105167
33453707
5164240
21344290
26543675
19563757
27961602
14461038
6506901
31242841
21221224
13701054
13594076
14665517
22616888
33777789
24925331
15479019
31175368
12219564
14303418
10764683
28002285
6776367
22870307
27498891
15828008
6595309
7980644
5732044
34336882
12539519
11642165
15276283
9750443
5660661
25213468
11652269
8328283
29650108
33544575
30197267
10143502
29272216
10305906
18194446
28945444
6125960
8642731
12093743
26293775
14427063
12586795
13437953
18947278
15245722
6998039
20666269
15041533
9836375
10553604
14975304
8932684
11451758
9553974
23470988
15236946
6621400
12519503
23416349
27933417
15383921
12176542
7422467
15613250
16201770
18269296
26825918
32918166
10308593
31131929
9830343
13450411
5507530
19126066
10555055
32374938
5729663
16082926
14038514
5326665
21452962
30231107
14593298
32185986
18821173
12263521
6630957
23300693
13774993
22669160
9900409
12130797
33633834
13070210
11059037
14322878
26450282
12452117
24310505
7287225
14925481
25210429
6627973
8823391
21571513
28516663
9348289
17224276
17684680
24132905
15202626
17536678
11003645
8352912
11756146
33541731
6274652
10123128
5320667
21490126
16056402
13442282
26766644
30625114
8489583
19942750
32585439
14130783
11214289
13813593
9242959
20296180
12356877
16548423
19697110
34277179
24041633
5608423
11379373
15869409
24909428
26296841
5739108
27502515
13351451
21634528
16249929
16082627
7698719
13314774
21276418
7866565
13432933
19899445
15372847
31948268
13367900
10592238
10838907
18163504
18901636
33751191
7231878
4666060
15711696
8471821
5927432
25495780
34056073
10477650
15514350
14736107
10751278
13298785
9331434
10391237
15024142
22676282
13705923
14744610
6561806
15658361
11523443
7446494
19792699
21589063
32396397
33413963
7029493
7402962
13714885
11263117
29985403
11595329
27738159
5352325
18588454
11672429
7963807
5287570
8661146
7484522
13107198
11703752
6287343
11080499
35168719
34122604
22790954
16576533
17047764
5000092
28736455
19789219
6520404
18823012
16261785
7207171
6611183
6861910
13408473
13230466
9806506
6081515
10475467
6884603
11240759
14758206
6469825
5759525
12662525
14876548
20407699
7560849
13235126
21930787
11005309
31601746
24536258
30229601
10925078
15945032
27207255
26250614
12906665
11777470
15550521
8550523
9828298
7684916
15326420
6784837
8433350
25166416
22023496
5991736
7477941
4975660
13891780
35378101
6233775
21781717
14269204
15667798
16009901
33168525
10024406
30781020
32177973
10966305
12193677
14076398
35344543
11285762
16326741
11199068
28426624
14043586
7975387
14849989
14628210
8479086
16237352
5367935
22945859
13259090
8023830
27754329
15383303
15854259
29815852
4681600
20718205
20032336
7770499
9238273
14588121
12507903
30394877
13605675
22293091
35314501
11881987
5347476
14274143
9213628
9527607
13918349
7139020
23150588
4776636
18558586
21646834
12673898
8893781
9420587
14407634
17159503
32864022
16179582
8008576
5287020
11550385
18132106
6372683
7259002
8462186
16791252
6475047
5755477
20741392
5901034
28931401
6814546
25950694
12338981
9823119
14128865
5889398
7474730
15881805
28281844
23377799
18253378
13239738
15381732
21323587
17802754
20089825
16093543
32056866
6463707
13652539
28358332
10685761
34182028
12961206
31450280
11538643
20960944
12947905
5328393
9329579
12086549
16278428
15132151
28027656
17532334
23704253
15948305
9976626
10001367
5881974
5105590
10049453
14109704
6381374
32377206
33240315
11834264
31160858
11677302
24137120
14808554
10001389
32329143
15079482
14732902
12538416
23165876
12943731
6829601
6224610
6903377
15279407
11973656
26897840
12302629
27883470
11355870
13153508
8695113
28858738
12955140
10829577
19172215
9471584
10567751
20329765
13626329
5601516
22442272
29792917
12615358
7175809
16131765
33056172
8943145
6164691
32480316
10340935
11084098
12557343
20545195
27643668
6665397
11182642
7884845
22493582
4803660
14563413
5207285
6906502
34603702
16101663
14433988
8583914
27363246
18869467
9837253
10602088
9907378
11487963
15866376
22975049
33960162
27186537
12923880
8338935
7576345
25540708
26200415
22611929
6520383
8511777
11139663
22855934
7569326
15842949
30890841
27390474
9570436
14820814
13131150
25378264
10603512
17875786
24884129
9809247
4802348
5329017
5129450
6172659
14745526
27213675
16230942
26050408
11989731
13399492
35341588
5923574
17388967
9130541
5839144
30394031
22465129
9383552
20769700
21656965
6211434
7343054
14007925
28521370
11042733
10781958
9844066
32526996
6124224
7409926
7043228
9306022
24353543
11497238
11796623
8616931
19019065
31301810
30119843
23451896
14362038
5269876
35058890
11322541
17119029
20908783
26576624
8754664
34876055
30029458
24607268
7659929
14165048
17827504
15427044
16741479
18173734
28517911
34752563
25483198
16884960
29279713
13886172
29966257
34068961
15691180
12470296
10933927
27578307
13231917
14494445
10311087
11415397
9177994
9874281
5646060
31846628
18414766
26931239
15836628
13054142
14787560
5414414
12948258
16046323
11377925
28712473
15863855
24008453
34244005
29996056
9255770
4998435
12696777
18429013
26539751
6584834
14582618
26870258
10634078
18684058
14455845
26755634
7507985
10336022
12528060
32783607
11072634
9121659
12954118
13279540
11085784
14044606
13369641
14741182
13769369
15576094
11825396
32332254
13596719
8225520
32047836
20237074
28214533
14395285
8218712
6782668
13084939
13569129
6280010
32512017
24723545
12370865
15006009
32217645
23431589
10553399
19327342
15834884
31746254
10425844
30258842
11574552
7596180
10947092
34359172
11872155
16281827
14762145
4838257
4884866
19654870
15938949
30874782
19392493
20190463
16263150
19526134
11285249
14923819
21294823
11799840
15862777
16460040
24870875
20714620
31078769
7357184
27629733
15531029
19904320
31463012
24930806
29231869
9829740
16956693
12130596
5183495
23995553
33091200
13170595
9938314
10806230
21638686
15432259
8645889
35224873
10675920
6267961
15270352
14660862
34929542
8729795
13084448
14305581
14093994
5076771
17709133
23231564
23883746
23736263
34513102
8103688
31617292
14223490
16240535
8450090
10158512
7433691
6417731
7832656
15809817
25074478
7863141
8999338
14030159
9175787
6239013
8292681
15814283
11360464
10115418
32814006
22881386
8232777
12418123
14281667
8090056
12495321
8216295
1522492
18833104
6137625
17603101
6792850
14375360
20511808
19348951
16684674
13658286
5107218
30365186
12516526
18875974
6420335
13416233
5281019
8493296
5867163
10219429
12244513
16097586
25827079
27533274
25234138
15137695
31737365
31606387
32332959
4906807
14337478
19061080
26226296
6751711
10705360
5303954
25913395
27940290
14208264
13179802
33639153
16760946
23569862
8582154
9087962
10751834
23361617
15158017
28924537
8802444
5141739
22055353
11884285
27394104
16256494
14834336
28244683
23201273
4874955
14279150
7472232
5699346
7551988
33221595
15587868
5657203
15350237
4720522
19905595
7491354
30862506
6678258
7634216
19980292
10393256
20171842
6418514
9227058
25962274
19945435
28555276
31130210
27791958
9643421
12142597
15107723
9028421
13117370
12219830
14426374
25780954
6691068
10422376
33508229
15349514
10674254
10678474
10329388
13591069
27649950
12943664
20396245
21820699
14089271
15056550
6772439
10229768
20014417
16803498
12009680
11726336
33501626
21722023
9213148
9631612
27358032
8260844
12092394
26111890
14309234
7056432
10496988
20979004
4795840
12719747
4924578
24995590
30382724
11289993
15971867
23247404
13938467
10590760
19441591
31369513
35152462
25544533
13567479
11272264
8649537
10444527
32014907
19172212
28173733
15384011
6571088
10288187
11840246
9660123
15885772
15884541
8987664
31451171
25260115
12466533
5242371
34072885
14273035
6576346
8472225
23367848
11333275
23295068
21144760
6227989
27661368
22040029
4997347
13977673
11146899
33718695
14440094
8422383
31269221
15956119
5506788
6152713
20302858
16106425
27363390
7624307
8932968
9054889
15338235
8713361
19864807
12333373
30887784
10200301
8961654
15064911
31427147
24766955
20183200
15264607
32833251
9247462
23130902
7285399
19527010
7789786
23359637
12045509
8261803
20950114
31209211
6247865
20372164
13761717
14676594
8283156
30555679
9138233
33372341
17554921
15265227
12679610
12475181
12040219
11274232
4867812
6117477
24046127
27599964
6453490
10182105
9143174
12765516
17831521
33362714
10728101
14329547
20827429
31102316
6393499
13220879
11441326
12753390
30533665
6215522
14875808
12325404
9487081
14499607
12239501
7168936
29261059
7749161
28265902
18441868
10562063
18581185
8421153
6608305
9593823
29718061
14307535
10202642
15006183
14577953
13630894
22111576
6787915
13383906
15886955
13067159
10113501
7349667
19540471
9883844
6726721
30682429
14701720
17071944
4977334
16224543
6091856
12524561
7501075
7009926
9451917
6464028
9758359
8572815
13630654
11438285
6952599
19521643
15572961
6119389
11544110
5748985
10089756
22755122
23672507
5856140
16417767
14229137
5809714
5255082
34008252
25391671
19199140
9942803
16305459
13422845
12819547
7287890
14582843
28809079
18375919
30060376
31197622
32863287
15214352
6734805
6398186
29595202
30900303
16170885
9278648
21716287
4926613
13785644
16207509
4897895
27618015
11224589
13731444
12203636
24820250
13690427
24782792
13789918
13621808
12628685
34794716
9949111
7873712
29295301
33667122
11797661
7156383
15804053
30657730
12253480
33154146
32106441
11089357
17172364
12350050
31904389
13144525
4954934
13662846
10112577
17919628
13984094
4998814
11251503
21162730
34319338
7363951
16703790
24405629
8678168
10519739
30803742
7223662
8126248
32299011
12569880
10371166
13466895
11190049
24009260
26973245
5327844
15092471
18892270
31147583
26526722
6674261
6652852
9327248
4748240
7304476
13416906
8987046
14549886
7574096
11577159
10364063
15264446
11344401
5125106
31367260
18265333
13570986
13861843
8409357
35194426
12546014
29646445
24328073
25067614
10671947
34811720
28374088
11072299
12454060
14210891
5010757
5570889
7979272
14816676
19356331
22093633
14544709
33452702
16685496
31117682
13918787
22230253
1865518
13490472
19206046
9770805
30552841
6240065
30700603
8759989
10171537
11523742
26777543
32082465
12344998
15019855
6121759
31729781
5262162
29294935
23562971
10747515
20854042
11641597
21907948
30829686
21801523
19344166
34863095
12654804
15222720
35109071
12853217
8769561
9178497
10931104
32625576
9724065
5230200
15256880
16879728
16262977
5146179
12669426
27477840
7360419
27848451
8895140
17962267
14159256
23963897
6815131
27880248
23714168
28201141
5053545
20829979
12764744
35049647
13259120
12302373
21151669
11573820
10082177
4907609
7274534
12638603
11522424
15085630
31997738
13051726
6606266
16318272
30211832
20826550
22993502
20756509
30815070
20080141
6731097
29760817
11066519
4958451
10045471
31074740
34629238
12657820
20669587
9320714
6340971
11139570
23657666
14533030
23416115
9297585
7810641
15859268
24209489
14509032
7473485
29806645
22829627
15741701
5511641
7202074
32395290
6199700
13547269
15919019
7719926
11230245
25236784
19086259
15195981
13344288
11414993
14691834
6026827
8272491
35416690
15406419
7543560
30285536
14531131
18460951
16983459
26969804
34719156
23716598
20915551
7300258
15227478
11497959
13711657
35264104
17926213
13851238
20633878
33912870
10285075
12195072
9214205
8611518
7062143
6830731
7592528
26302004
7749211
29815186
32487633
25508527
24405317
14148240
16858557
5385352
15636443
13652960
15909381
6620897
12511831
29536126
17486905
6831758
13716049
16280379
25623919
7806716
10903395
32675310
13664335
15625794
7378370
5424801
4832453
18118996
30232622
11032946
5549779
5761380
12326337
8572907
12933891
14993191
4978450
5182992
14220957
16098354
15295920
9735996
21808039
24278948
7734476
11040722
29742496
13653140
29627314
35459011
10909275
9325814
5976234
14220470
31982099
7803858
5664786
7288647
19912549
5229641
6002177
23308481
31410194
9786234
19172836
7718097
9035466
14084206
12193386
15538392
14761331
24973777
8242333
32284332
12820251
27577857
23584058
22676909
16162030
12783199
11567877
9552676
14825214
15351860
12240720
24846512
13251793
11614552
16048465
20484049
12173088
19265893
7710274
8392693
32642256
12769570
28084852
14915782
14484360
7852622
32724594
7929669
8151103
32028476
9405977
32802630
12968467
26031712
7722339
8568554
15817917
18790453
27943092
5590754
13568264
27104670
33364418
29881072
7725160
22872101
5152266
7592187
12613575
9458575
35340442
10915076
21249097
10839525
8847372
30738571
23403344
14741313
22317832
7107721
5850732
16152690
26258834
8015786
11093867
9023253
34191772
6829525
21926239
24456416
15689418
15984578
7312855
25486765
9330478
34230073
11376690
16140033
29072149
12091080
12124008
29402362
12701046
19180228
6192921
9926359
5373036
13821419
33925998
9828986
8857064
5253397
18267163
8688124
14217467
5146474
16196988
16915202
9967337
11619856
19636474
7124974
8919415
31572856
20513632
8053389
13397984
9358940
14555078
19134454
25708456
5569116
10510917
12805990
5253327
11418777
15894209
5461077
16280872
4814571
9696535
25765885
25217098
22727174
18952603
33008481
12219138
13110225
17753251
9240801
14348012
9478050
30193427
20081527
9078214
11937295
15521232
9258985
27442866
8623462
26947568
34402306
5610671
17598400
34014876
15189937
12968961
26467520
12079900
18224764
33650700
9210097
10941056
12003801
19723651
7417908
6695854
16682811
23341517
10976217
5758555
16252347
27569436
26688125
11418261
23566538
4856939
29707336
18891694
6106120
7239536
10896633
14621605
19816276
11684930
21576166
22719983
11439614
19410469
18367135
8543832
14030292
16483365
33259650
25708495
15522258
9816673
7824843
6512772
7967940
15034740
15023703
9543889
16086528
7849721
31605502
14537786
25705726
24758633
9510209
17198206
27892557
7890899
13194544
20638279
24295166
18528226
14417421
25917178
8948019
16432107
10504605
12038560
8463485
5539096
10930289
22005598
12873193
14732120
16612785
32983377
599156
6805495
29578390
28319398
5183363
12338841
28536964
13718528
18550483
27634881
34179061
32409369
5466815
21584038
8316389
14120714
13695655
8217227
9931992
27069216
15143333
8162141
33191964
20408557
27418047
33113391
30156404
12706011
25119058
21588985
12674508
20061430
13795475
12696385
6317791
11272642
7790162
20871535
6847513
12594770
10822903
8629071
34171630
21085888
14679135
9707072
13870502
26944058
14926870
5263666
15911211
15218863
5243844
18918913
13321449
9241912
16788207
14483074
24900935
7170072
7850649
25418944
6526240
12231404
35039030
9513461
7390665
8922719
27659598
15033193
19203313
10260944
15166296
12162936
15368544
14413960
30824157
8461354
6348284
15595571
15653860
27595380
6250936
6502403
14176081
7877188
11567102
5125856
15616498
7738011
19820815
13817902
10478550
16213499
33723864
31894660
29965864
12592256
5940270
15289104
5111164
13978762
8709533
15450689
20599813
23042687
32740329
10244200
12754062
20522245
29319943
9771962
9748157
11624978
14614897
35365090
10155128
13397495
29408566
12107834
30603649
15492836
11842224
10431308
8975663
10087735
15936278
9129229
7632079
27358428
19460302
22018780
13810471
20362426
28095463
10600520
31483454
14913487
13246901
4884186
11892373
7394132
14719160
10124248
23052002
8967833
23725940
16280909
15484055
7797347
18657649
4998242
12146808
27322845
13840254
12526723
18059401
8053453
6341750
11385085
25982614
10168958
22917881
25221298
9165565
6400731
28197199
15686179
18513478
7444975
13080380
11775954
13675051
6405305
25406440
12112440
24948406
4929749
34889732
28831498
27291129
14738491
13863841
13194044
8291828
24133895
8239110
7941162
7803579
23428211
10070255
7411158
11681564
6397352
13718256
27972294
9990792
20678182
11395206
15129125
15339997
4814156
19093990
5188790
9349760
7499609
11599614
16162441
7539920
24941818
24914480
30420818
25791076
5365171
33258537
20158927
7771768
9494677
7034129
32431071
15609081
10385952
7746158
27801084
11455836
21265084
8228021
26466665
12307878
6665100
33221304
14309903
16227405
6913497
28747816
17987332
25172110
9282670
33108858
5580843
8702866
24845708
6503537
6062634
27429849
8769449
27151356
17809171
19756705
34716744
5370569
8269344
13069295
34367452
21719944
33924309
8055774
8055137
15966773
8451238
29216449
13553450
12574321
14721398
15587717
19670257
6290288
27469041
11367968
18080767
31841351
24983356
12517855
8979880
22392961
25783474
33878925
34328908
8784970
26438138
13851421
24518477
29523634
15967963
8251714
26091199
15446168
14216916
13858997
9187136
25681555
21858085
9002326
7662647
23008310
10667506
9646894
23936210
5540877
11699895
11426718
5241778
10434163
14640917
10649469
13687545
9085337
8957387
31214998
27558897
11173884
13742621
8695887
6250821
23755034
33257217
7901542
13090118
12444506
5089615
12201376
8551944
5926507
10623813
30743643
12854860
9723320
18588304
17052144
7909716
7046185
6532688
10071127
9664607
7676117
28822405
29181895
27775455
7391418
11251691
5060982
12906953
21549010
31444271
10259429
7332272
18019369
28274008
6806951
3522858
16251537
33764622
8419531
10781789
14352886
11410353
8214164
9239070
13577988
15534983
13640501
23455838
12327665
26676149
15128776
9968586
17929237
5634240
30166034
33042084
34232086
18694321
15807524
34966346
6217123
5554864
17565952
16389912
12095671
9329860
32511294
28162360
11884103
15737657
6731203
7345919
6850390
25372270
8845625
11001412
6468570
33263850
24464546
14439107
9430904
11425153
15960011
12520003
17091402
33340895
15787271
10013195
5942836
12002755
26258657
10054030
10852645
27181338
22534136
7595946
23979953
11856239
10517465
8914183
24474602
10851781
20740774
10391052
18322414
5877749
4544060
33971298
33344339
6144551
13673205
11556561
11460391
4851532
20686444
15527280
30608866
12445708
15375752
18187918
5139310
15414900
9265993
21590617
6839869
12849343
14254467
13760535
12225493
30266756
12367124
13934029
19126846
12779241
12014882
13142005
10112844
19878760
26503679
17241670
26946497
28449397
23994809
16244998
8460064
2911703
15003713
8798349
19957123
16313115
17677312
30827619
5565812
5059052
13587136
11425045
8910341
24811397
4937875
25105759
30460091
20523658
10954698
15801994
23784788
20399608
25059514
34043368
11304860
16187863
12096817
7636446
10032965
13563919
15433878
32985798
14130169
6573658
15203923
14389828
21618361
8273152
8125694
13366849
6852307
13686891
9393582
4700001
24974335
19378291
11130029
26802878
23588933
7441786
9676845
6399933
5244587
8530841
11387406
23775248
5204857
24151154
16051175
10048182
17956012
6735016
8214087
8420232
34608487
24880961
27157908
6230308
8452600
33130872
28415599
22043377
5753890
7784043
1487047
12623236
30901170
32461545
14504374
15262197
28881109
13874043
27546384
5750079
15557240
13444340
10865211
15537217
6522718
13862427
12833660
18233374
11884930
14536613
11404324
31630738
7271318
8553007
9712919
8685341
9032243
29644636
6436289
17338213
16075251
15096040
7925053
27521592
16502355
6542230
16969761
26967731
22162120
27764829
15576361
13934702
29616847
18354988
16167389
24834056
35207227
28024506
13441008
29931364
15988062
13105628
9773175
5984554
11459690
5564164
30952006
15800995
8491138
33764103
14058633
12715512
25636294
8071691
9790421
35512951
19368532
25322134
28234693
6082719
7400291
7457400
5281636
32879340
14452461
12600676
6194033
9218883
13943721
12847781
32292630
4751339
7185339
21058165
16557915
2726541
17184940
25143832
5780591
21656650
7778408
6388356
16005669
9254075
14038537
23279876
7558653
34566724
9220486
31707389
13198284
6995016
22471639
7332515
5680528
27143661
14746061
15933599
15149508
5214181
15222282
30591577
15854356
24776537
22468723
20491360
27904257
23712509
7000175
31079423
10076569
16000700
7613661
10355074
21038149
12536951
11806043
8130537
6092646
12632344
34670557
11141851
12011328
6899288
6960939
12569979
9660546
15698812
16015138
11822565
5487299
14955295
12595447
12976750
32411925
16397766
5966080
9634546
7449252
8187818
33346520
24142151
27629874
9441291
12600813
26788049
5921119
5456874
7887089
33122727
12669487
7293524
8110612
20959471
6263197
6996449
7894251
29244631
32570883
10004719
14280406
6490653
18614776
6564163
25436524
15795605
12991489
15957128
29721397
6831842
29169778
26044993
5090018
11941484
10767764
7879748
15877350
7961530
30587965
6625902
15247700
5011956
14898060
14575884
11420100
15883874
7874288
8565634
32276736
6116550
14669527
30899004
9370099
14036718
25858366
12765137
6224667
34366144
11187520
29500444
15568888
6733501
6652392
29464165
18915511
13339752
33234213
14358070
8501019
24399182
32396967
26711051
12040751
9000289
21355633
10876975
5440591
30531625
18190798
19115512
13410351
25451953
9821885
20430388
7463299
31300720
34559269
19367494
10677466
8871751
28858990
5756320
30414698
5535192
15389866
22301104
27294219
11057431
15618212
14444805
21636358
25061917
15900279
12424205
10533628
13578114
5876724
10431281
6784770
13382847
24539024
27371220
30452036
7515784
13440144
10542842
11906048
33572508
12405174
15833780
10072173
15243593
14709557
27327141
5600677
17133894
7026194
7424015
8970776
10974999
22438885
27396324
8606978
6376991
8455937
29769844
14394374
10079511
12752051
11319302
16075750
31307766
24523307
13408879
13768844
7592804
11172878
6621962
15143167
8045911
32803785
4743591
13833244
31056272
35199910
13448170
6836698
7137795
11795643
10648216
8113324
16090998
6436304
9174407
6939424
26924837
8647597
14734093
26460134
9918250
13805644
22754867
21055087
32945673
4919895
15971897
7123671
12934659
9651958
7143950
15324956
13725314
4831894
10326710
7508188
34809635
4881811
30618517
13350594
32860353
10476181
29409196
13864402
11469382
15603465
10792256
14160193
7694359
6169633
8151003
33857511
5937995
11874990
7029277
26142575
33277410
13473451
5448428
15085635
18418348
14895090
26454698
29891068
9962210
12317498
14101001
14667212
11239595
34250701
19179454
28929520
6187409
3922756
10820241
11560836
8655665
33665619
14336633
21871492
19218922
9914206
27016644
23965034
27396759
13681037
30800556
13860887
5314935
4939914
31138280
25344439
14736788
10778549
31892440
7353821
28148089
14605873
19844206
11338378
20901040
10035333
18704908
11523258
9971812
5661301
20509582
6390622
23176583
32307591
7121453
11464044
32301083
8719336
10626271
14685398
4863845
27129354
11429616
27403773
8817611
8267967
14545108
29129971
22121626
18263104
15511713
10460455
16494603
25081966
33111456
30458198
16090652
8567898
14958700
15721337
15970370
15247776
15566977
15837895
15262099
22315597
9254002
28194964
6661395
19412998
35231572
13634562
12800165
30814347
7451303
11373650
10180524
14267422
5084832
6157054
8001461
25775137
9096699
27141945
33567246
28406626
32035469
25953703
10080997
11944054
23607122
13517371
15094147
12307125
15006030
30135650
5248232
13463208
25010653
12867911
12922000
7049348
12796435
6317179
13250191
21072331
23798321
14972647
10351830
35254945
13132985
21433423
13708047
21091525
12701904
11274621
6138540
17692795
34309936
18744697
30466997
33962322
14457194
20548345
31809671
13778771
9735917
11757997
9639556
16795530
15993139
28799485
14048253
9439664
34536658
16045864
12188741
12604449
31942711
18246667
33091821
5360196
10589956
7087977
21815239
14384856
4793896
5859278
29933347
27446190
22243207
13442836
7251021
30307751
19775551
4812405
32481348
16113621
13849421
20929465
25840534
26509382
23457731
23944793
8593024
12284315
27462654
13527835
12578843
31145474
5121621
8001521
17680744
11531662
9383506
30078883
6712287
32168283
8432024
8462278
16067718
28316923
22179382
25056892
15474555
13595205
8507446
11413808
25281706
18648952
8621207
6144012
12226952
11420599
4872248
33339074
34453429
16573629
15995934
20672686
25176514
26051206
5446470
15837818
26444030
21143968
15941627
12517760
33652596
27038313
6826332
19055662
9172440
23285093
13393334
10835851
28552384
25722748
15091049
10211497
35252443
7975688
13687870
7799752
6714166
12375132
33761145
8730141
25124593
11320938
22881878
17926753
14824359
13503809
7431573
31429430
16182081
7720786
9113107
24388808
7024332
16013015
12826031
8575326
8600727
18399442
6909328
14122656
8227243
10048830
7419964
15611815
4964663
12576047
9799862
13984785
6954621
14939836
14129557
13038133
34491190
11102625
4685500
8960195
32224128
26722685
17459158
14449485
10572668
7170254
35257453
13884998
15630514
11957722
29195338
15722232
13212689
32145558
8525695
9318610
25302148
22858865
11359393
33028284
32115051
34733556
7655863
19802413
30188414
8314984
31592653
34910891
31795133
17978311
5040778
21535231
7460784
21310975
13258670
30738658
6306730
5717564
26565191
12874686
25115437
28812475
4872783
20995693
5952865
11963430
22166989
8414091
16210806
6137000
10628891
9826611
10248003
9561663
9501427
7051016
25751188
4810141
17823865
23467079
24569615
22810346
9373472
7875945
13853421
5204671
15961985
33201000
16012173
4953637
14971106
18410698
26058763
22302715
15128883
12066182
13489916
26922857
13854744
6672476
13733254
26594510
16086418
5356582
8618956
23538791
5358063
13602234
34233610
14209550
21348994
9539552
20187520
7887208
29708206
11422291
14356534
13068334
8519571
11072095
8639569
29739028
14076798
11577528
13702163
5685125
12071968
14911679
16018312
17944828
15126676
11593514
23561639
10984554
16273359
22319959
15491878
5696592
17302585
15991201
9299020
21923470
12187201
7666931
9053920
6877964
13472199
14370920
5661984
7952669
31642627
9508154
30369308
11306717
25676842
11889519
14608574
15691689
31151780
8785159
7767212
10712771
15316260
23007728
21681100
5790066
7827250
13031781
23430161
13361619
10377192
12699039
33644913
15761726
15561783
5391872
9624205
5728734
27934590
28993651
11209622
8539855
13901243
13510515
9330158
11244595
14571292
15640222
6871522
23557469
8467237
8619045
7479052
24292226
12302412
23081825
18025255
23267549
5672410
10900028
26094535
8606785
7209811
15155364
8378730
9258739
7445319
11562559
14639545
13227771
11963256
13507114
4947636
8363736
5511970
13638917
12669711
10117385
10218559
5726742
16440375
13999339
14758538
7120914
16067918
4775432
27378009
6833369
7042840
6166134
5485041
14142888
19317193
5808850
9580887
33308697
12369340
9928515
9883528
5446281
29241295
13414425
15741539
14442983
34680216
15940551
24850142
11553105
15773747
19061362
16128343
7841939
12419845
29640094
35507941
10841822
27517437
9062212
17038491
4988751
5826470
12015042
16526550
15051820
25737589
29578645
10013074
29522611
10376119
6379711
10033430
26284181
21628783
14693846
19388005
5898243
10497718
12212794
24362060
13128911
15523263
20520253
27581661
25824088
21549676
23828198
31540630
7616299
9225886
5047659
33928509
5347148
13848893
19727221
5112451
23526509
28079989
25188844
16318839
28037406
16218739
23918288
6778604
11894963
6402024
23922368
30244121
29526526
16245866
11035240
19396099
6402737
12078974
12347248
21639928
32724414
7773598
15543140
23629619
28122283
11527891
11364735
5168418
28514797
14495345
5866924
7818901
17325949
7342876
12833356
7696326
34734501
30439199
10322478
32258985
8343312
21054109
6809251
34877237
12472227
19215529
4789356
5312308
14579789
31635418
12197732
33582210
15541291
9131989
12727849
6368078
21467989
11940067
4747795
10916331
22950110
7045732
17053713
11759599
5439376
15275314
30491197
21606358
24794276
12635503
23023646
27826323
14972738
22225330
12635690
13714085
26179325
6232450
15074850
15530030
31463213
13912003
31798082
7476213
14157421
7060529
17711017
23882231
7657423
24831680
21443497
35492998
24535703
13216182
26346896
15235036
5202824
15796370
13918046
12792941
7867548
15144013
6880494
14957033
13422844
15066292
14904227
18591580
17939671
6568186
8403191
13937092
5270851
15824235
31934479
11974124
21874162
19833622
26750873
10983524
25524286
12617892
8102012
6188880
15891899
8041675
11841638
12708998
27330486
5256592
28556377
6425838
11891647
28531462
34536694
25069246
11468969
28933966
12404301
13590741
19676572
7205943
17765887
7200963
20117515
8262589
9799246
29208274
9128842
12730816
34738758
27454785
28479460
5788753
19870657
24900050
21427267
14814728
29029405
11729498
31710848
11480615
18570991
31628785
13604106
19111972
10141260
11090281
29828320
11235822
26906249
31827119
12537461
13479143
11733887
5989773
8535520
28375570
6556482
15321025
22218583
12599576
16267098
12921165
8867767
22526291
11105236
14780688
32853192
9370080
12901246
13101743
12378274
4925988
11964598
7270787
11473698
12435187
25966366
31049393
29499154
15928254
21095419
8408801
16753821
27731241
13593936
28942057
23197454
22603883
7154570
25405078
18372334
18372802
33389414
5610404
13820016
14210108
12779845
26019187
34019643
15799542
4968993
5117628
32533707
30640015
9063712
6236254
28407856
19758475
33186963
18484126
1860977
12578059
12098736
7569157
22605284
14335120
16213429
7517584
8997982
12137448
16077254
14998730
11531560
9503526
13459914
12788204
6006804
5059477
32447385
24896210
35088665
12736721
16597950
15581750
20890771
13467516
14614188
6351937
12273775
16213374
32734833
28463353
12026825
11416291
7688047
5665226
4755481
24837602
7527184
21853093
6090618
29128138
10383923
17628943
8168032
5062759
6732109
32127081
12518063
32208504
22744067
19219648
30312032
10780338
15629440
10461510
15993203
15774288
16168661
13444046
34330282
12065826
14682590
13120839
23510258
5136011
20342560
13780511
29208550
28420933
8608345
16262046
5869125
6473000
34643044
17332531
10957700
23328461
12856009
21573172
31779992
23499584
13191133
9226782
31850273
29274298
9691847
23615180
16091794
6128482
19849804
12478472
31298648
5523670
15546294
28743001
34177492
7086661
23373755
33606558
10610339
11079510
6727311
19307866
6419093
9364864
9590906
13231461
32922285
21007471
14100529
10280206
12136452
13193523
23914508
8528574
4761912
11671781
5962193
17165317
23710562
25501291
5068142
21448726
8488496
9002813
13592759
32980785
10482541
13466276
7315217
5113181
32907771
22192543
14199372
5045626
9750276
6679139
9629572
35308480
28869418
10999320
30924465
31610362
13056685
15937852
29720017
8714651
10952015
9560690
15722592
24865649
19781710
13774820
18922264
12697640
33474263
22567817
6977529
15679161
8106972
7872449
11109870
7843814
11198716
22262053
4990098
35027402
9895592
18446869
14069725
16889280
12196941
32564697
26799806
15794110
27010893
9074647
4878828
7619313
27091542
32314176
7494332
9051359
18071566
27594990
14299034
9563067
7861214
13761822
5534054
18692965
18261649
14292103
5760531
9974092
5587549
4916153
7404044
13117607
6523928
18635371
11972555
11900006
11413150
26650328
21868375
7956406
9403431
16513593
5374915
32443581
32338017
14122944
24576071
7947651
26304113
8268312
9612329
27232158
34801232
10040524
15713981
15276206
10269954
12691666
15772073
19622032
8198020
19388848
18632299
8598338
5333002
8304092
7375245
27031227
24261443
22047772
33157134
12443224
13777897
16222647
20288350
5111170
13178856
6565085
8760167
13729236
12966548
14875966
9254715
6979261
28587718
14789546
27424791
33579822
21784054
34391062
13780019
12949110
5420802
15045363
9397119
14608178
23336192
11984824
7124660
21319306
11556277
5984508
13213369
10690911
27196614
8511302
30844419
30442547
10385697
5665997
14195946
12722618
12252761
12907860
12298816
12260731
34371697
4885019
8761870
18045541
6401106
31093964
7748038
12181008
29293882
16436685
20402188
21046915
16150758
4783097
8921281
13377096
10545500
23995142
15184037
8066614
17325532
11041855
13809030
7425490
19765504
13419681
17616079
7402835
13632168
12064404
21564295
6943471
25179400
31503197
6531860
11633769
34171870
24765599
32907468
24263792
11887804
23038025
15477137
27264747
12081881
26901728
11059200
34775168
27762837
14139085
8615470
29508787
8277796
10134222
21372280
30504451
27866958
26278787
11851495
8170949
10479825
27809652
6072793
26959625
22286833
12862227
26761574
9451979
34235650
30439796
9815349
29346685
31296446
17235877
10545811
30477533
27376098
13865057
25849669
11711551
11571942
4818375
5560596
21105331
14772099
10753143
6029433
22481705
9038677
14125682
23623616
21485299
12190216
23185130
6357764
35214949
14848686
31041061
15504344
5604898
8010680
7123334
16920720
11455367
6983907
22219540
6265155
9147434
8007146
16148631
14533866
15967095
11443922
7603640
13044281
7213201
16951833
5124479
20470804
6741594
29620414
12374140
29182732
12801148
8790180
6737237
5086432
31951223
5894085
29847217
25896277
15266736
5085612
24642299
5139993
21773707
9309369
13688555
11110845
10534613
5679983
4923221
14035155
24371897
8721614
12746968
21590398
5751380
27497094
16224494
6113071
18140386
7417290
13445190
18650755
28671574
10904958
5372583
5555570
11909872
9075902
17176324
15226107
11977036
13903883
24703718
30823224
6727440
26802263
8149676
12564638
8511941
9978214
21356431
16028185
35500930
8697909
28682551
14640162
10096000
5158208
9927819
15245809
32567514
13649386
32157789
13872959
24714866
21380071
6388217
35281834
21501418
15157231
23104403
20491726
16136654
5758101
5623068
17666365
20382781
9352792
25513159
30781944
6831919
22237885
12596608
11370330
6049450
30248891
4980942
19519870
22846586
23989403
5714689
9979584
24872120
24446414
6157411
28692961
11193605
10552403
16861764
15177815
25703500
8033699
14731340
9818941
9804512
32011364
13929706
14748016
12674622
24193838
34517965
33410702
11029229
14859141
23405375
25037215
22627097
18588232
10942302
11363893
10508313
13487065
28665871
15112383
9957516
30545575
6133497
9830069
15291174
28359343
34994039
14441775
13220820
12748473
21964309
16867050
29188978
8682297
24857420
28253887
23354330
8687179
11491171
29255518
17471167
14492075
4824358
5656739
25309030
29270575
7600767
12760752
7407422
33697185
16458990
21507214
30642448
15809744
13266970
15795797
35307427
14185144
31342504
30832137
14026284
14172852
9020873
33802803
34645756
22494713
5214501
10103976
4715339
31299710
9544697
26723741
10699392
32129643
6594552
14894927
9681864
5479222
12811260
29733871
9999590
20883751
15091250
20935093
9706814
21992938
5574839
12417607
14258450
11023170
27153912
14717931
30004876
21414769
31585951
8652961
4894622
14375785
32412264
8613235
5448332
11042828
16669203
12214789
14364153
6869548
11156432
34886663
20806498
27405957
21850999
15854110
22674626
22509620
8236627
14631187
11823022
7456969
9772071
17564029
24475259
9435079
17481436
10316552
6302027
8144194
21680473
32303313
25426015
7959951
8883432
13135639
14282344
22675865
20744638
16169428
13241040
5906924
10620184
4739229
34111918
9312105
34333987
26051467
10314848
14339510
29074414
5686927
34068316
15524744
15599108
34967471
21847930
12072699
16207550
33901044
17476177
12233590
15897429
6123014
11824640
6681916
10521873
15598182
6238165
5919838
14855892
27736920
4833475
16352925
9426923
28823368
7190420
18390040
29838706
30025651
25556131
18546379
15300147
16806342
14750943
11705154
15797985
9121833
14612842
30980056
14290660
8578537
24316382
14667953
25209568
24755336
16279804
4978400
27183459
15823316
14105840
21162316
11744553
4865305
31679324
15741648
5150765
19478668
13624162
29608654
5910188
15266318
9231429
10120682
6279139
8511566
7538118
12996482
23857193
10412704
7945426
13960984
11018289
13876016
9040036
11535481
19272688
16711095
5984045
11105865
20359318
11089685
20915269
31111925
13357084
15810707
11349052
24715277
13053335
19758880
13071527
13586312
9118694
14244017
8820806
6168906
13364114
14144557
9608677
10424870
12912826
5307899
21029767
29062438
16521561
10808591
25394503
8219675
10460420
19540693
17440015
11157810
23821004
8770841
20397895
6188053
5529018
5729530
12210825
25617598
23974535
6642740
6815709
13104443
5136007
16195154
13771758
27764520
31117946
12570900
16232035
22200283
34020651
14601477
12465096
12070858
8700170
21062074
17070051
10137737
9187311
11694718
14148520
22445452
11831346
15915441
20918950
15832002
30898281
19763044
16137662
15805762
14809412
10727280
13134659
16045296
15893604
29253088
4181383
5298729
4757858
31637650
25515940
34985207
10156631
12003693
6345710
13816359
9953005
18202699
7434953
29805778
26598224
14066648
22473722
24976708
9179257
8159292
19214062
10133228
7183424
31849802
28620904
32358060
6368114
14677053
12971230
3279381
32122320
15618587
6699922
7197531
27992766
12817993
5593895
34283659
16433376
7249264
11434526
17625718
11043331
14325532
32390064
14200080
12332001
11767954
25039228
13071124
24400406
13890328
7131463
15325694
23688374
7455821
11519190
19776481
5810192
9797473
5098596
35262562
16379112
22376005
11841385
13227300
20444713
34880051
9266358
15827664
13117580
11876425
4919697
13633845
18001618
29468254
29297392
20565634
12260958
10341973
14956148
22589531
26274743
13897969
8000956
10867888
32102073
5319931
11955272
27689313
6943892
18988039
9914565
35324197
17174560
7482337
26724434
14961104
11363772
11871019
11150727
14685767
11715006
7072372
20288641
5877878
29603680
5610073
5657128
13409654
6930459
6897949
14181548
22843556
9659284
28089901
11316820
34779335
14644012
9753537
12878292
7665732
23169275
15465177
18286192
5308711
34885244
5752727
9428986
27446985
5841582
33882150
16168792
12391211
29461321
31438181
33093717
7616234
34249315
17252200
21042118
16412379
31460336
11281992
25133419
25676317
13357136
8323535
7727090
26074330
30526636
6115769
12424977
8903824
4888362
5743688
15636597
11015012
14827800
18818584
17828491
11953559
5981290
33164535
6921047
24202850
22919531
6316663
14255933
10312214
5607554
7451238
13217699
9946859
35091995
31899184
12443140
20139415
16206533
9185484
28149259
12767483
26876537
28525780
15754993
12815966
25297636
6883125
5879877
8997620
12007277
9107561
9830687
5610796
17299297
8179339
11204661
12732338
6015621
23220113
13940887
9927717
28987930
35025596
19823191
23550179
8380779
15437604
34161763
11550555
23910785
8627900
11285832
12153183
6537345
11064625
13673191
15548127
13433313
4851821
10016620
11720793
6677971
15131023
13761672
4674925
10426302
9871767
8712180
7836118
31080347
11427934
7580111
8481107
29156494
23672177
23950181
10398327
11174459
15118075
6478739
34486906
21221806
18327559
14775923
13002791
32238222
9519616
14598031
20590069
15444111
7504994
24265634
20778067
16498632
5886318
14126538
9847068
5375201
34741503
14034340
16061039
34370491
15878168
21562810
33124131
24562922
22780559
8902939
9271736
34906358
35175148
12585825
24963139
7272441
28943743
25440328
15351275
13879512
28388692
5508916
9308765
18376957
27316122
11870247
10519932
19270528
11506620
13432767
16816803
12653483
9929470
22631600
7102315
22105945
6128899
26393402
15456773
16244223
15582677
6244871
15197593
6583196
14762081
16268606
15194459
28869319
21035458
30975523
21154075
34010730
13883178
7084600
25689715
9439263
32336061
17837782
11546257
11223405
24497687
23824190
15230846
21546982
14619411
34798283
12018246
17843899
23756552
21991978
14429900
26974427
28910923
13653690
19442758
22931261
28777813
33490640
16053285
9188477
16868841
30405713
8368614
16085901
8043445
16214743
11403722
26294717
10350327
6365699
6570529
16715853
14606989
15417017
18353239
10176875
11773604
6254470
10119453
29574199
19647787
9184562
19949149
15256304
6163191
15900472
22833329
8989560
5851667
7453712
5591059
22529009
26828372
25063777
29966023
14008694
12997305
7677132
10093260
9268058
18267379
32940042
13563430
12859905
9215672
25462420
15014399
10604447
7425004
16452579
8266285
10083989
6786535
20398060
11860274
21936130
12199324
11506577
18477700
33359312
7936158
24451547
14230775
34452472
13208859
29555071
12496236
12820496
5653732
18073435
7677037
29957272
21050614
11838200
16871118
5870113
19973566
15042130
10040945
6587240
13711641
34854647
12998412
29595259
5503654
12005397
12249720
13495006
12384065
13472623
10017883
10271405
29948722
25357516
16128467
14945498
26608229
31414364
15186015
14252274
20237323
17774215
27132282
6163832
12210091
17848027
29642188
11835099
6700444
9014722
9200903
11832405
13654508
14848529
12941753
16278086
16717689
9172181
15679660
12780443
9313282
28841488
4883848
11348265
14036323
16753440
16154954
14084126
17352286
6684939
11867963
9933630
26800028
7542412
8579222
13412376
5717432
31794866
17588614
7034039
22666892
29708395
13321348
28844632
22620788
5597203
11415593
5838048
12537702
15067728
10007594
32493339
6180007
24136169
14073268
29711629
13123288
4914484
34177447
9574212
24229499
24458855
33111198
18770020
4857532
7606907
31109666
18238774
13717724
7984013
12108892
14834841
32665707
12062720
18110812
16672164
23535368
33112866
20147629
23965883
11840867
17485669
14593853
10398270
5298279
23161307
5226628
12688662
28940431
5762384
24065705
23314616
7923437
19636765
14106372
5402929
10407089
25536889
10713638
12480039
14399117
5434510
12477995
31076228
8943781
6214570
23293712
16083257
25296340
27757413
31953515
7569602
9093415
5947368
14627084
14807554
34333252
10488713
5870880
5809299
9020175
13596967
7833700
5298678
9033377
11573883
34178755
28129816
9986525
17744800
10718149
6118055
5829635
4966774
13533554
10893696
14273462
14006857
4997468
6730062
14973401
11289610
23892650
10302517
5255957
11933939
6434163
11832178
4739027
8570820
35429305
15672739
15833485
4676763
22490813
30465071
13497422
28107400
15592850
12975302
28881580
32795364
12294492
13159074
20098825
10628635
34020918
6685461
15766075
13306027
12225097
5569609
29889775
10069504
6599184
9433332
12135364
34042786
10837960
18599281
14653285
10367339
27716499
10537452
11729206
7214773
12159951
7789645
32418462
19168600
24674675
8931832
5641200
12512086
15192214
14719426
7359945
13489110
11186346
27130149
17875891
25323748
9746681
27555606
33954483
19893880
12583260
7549895
7434303
32536173
21201484
14541074
12071089
10973020
14045500
11601891
32211633
11388222
11291746
21944422
11683053
13878142
6615023
5163837
19923142
12493499
22680875
25611961
13569043
6556696
6024388
10566039
31035274
9315196
6641540
11000830
31971437
14881582
5283063
13076794
7728280
8086047
15688588
9209002
13042067
7093349
26964344
8449880
23359010
28028994
22522673
9241806
11895696
23898608
25307161
13417642
11234982
10908733
13472004
10262326
10354074
29830078
12646391
19741921
10307933
6449202
15672233
7422282
14115817
19213699
7337510
30619753
14516243
34871210
13010160
22494947
11215825
13387894
6845343
7355014
34496638
14749845
5875145
4681234
14532499
3823206
13729573
13809373
15221431
18906535
23254634
11281510
11449481
11462521
23543099
30159143
5903305
18455878
7573832
27167790
9112459
13069070
6321619
9981483
28908148
17457604
11856911
8122130
6416301
20836735
13925183
20000179
4767999
27633162
8523593
14778137
10708385
11672779
23110661
15299729
7708289
13151223
15762389
11695110
11882482
10739795
6668971
7563419
16182897
15155494
26255000
17490607
6531238
14369301
11816124
29448796
8615857
4994678
5352132
20505001
9592049
15933051
15064150
13310752
10823349
16108265
12987248
26331986
27888855
14778613
7313085
13979405
32847894
5170707
5257861
33448469
28131334
20407474
5601141
6048057
9170543
9248071
5824116
9920773
32812800
14267302
31314798
12805200
16138692
10955687
7606984
34467412
15408045
15091750
34786193
11956850
11656081
35365213
33774081
7105676
16959372
8535651
9075273
20476786
7769321
9269282
6420714
15155199
13859799
12187660
10458333
30391694
17101002
33760590
10569376
5178330
20441950
11936207
11890253
14200077
11495595
7307297
19539040
30796584
8631730
4481261
32791482
25233124
6682657
11671803
16261189
11415009
13076054
16039244
10520599
34439899
8713252
10938597
34296793
14488240
13614579
15168325
11638309
24479603
18041584
25504246
18087625
23871107
14010258
4696361
8051159
25520722
10307554
22990721
14490359
12764511
10029088
28637893
5626364
16244750
15370663
15690527
6850639
25277521
5287193
10450832
4945724
31313610
4917841
21411244
6716775
6663066
12955530
17221354
12673949
16084258
31190317
22338085
7983414
13370098
10062097
24130760
11303963
10684008
14935746
4872374
5633401
33880899
21732889
12832057
8926486
12717854
5282872
10107572
31703990
6887171
4986040
13490118
11144313
14493296
10058491
21589567
10699709
5894781
13047841
5436243
15956194
5201245
22116622
6934706
16042514
34498168
11003842
24624380
14641363
5548537
12268196
28815502
24535670
20087740
32779167
13780524
17371978
21348169
28645969
6021295
30968557
16098980
7658978
30119534
14154560
8048253
24793181
11141343
7831760
4902113
10439957
27891114
25694278
16202276
15853685
16360278
14848572
9946930
7951599
9497112
22051228
15602473
19873900
11171819
12039907
7049149
30149762
22310713
11379542
6467287
15427166
21876805
33037917
12734190
25684891
14493132
14451132
11013211
19497796
27942585
8831447
24043253
17444572
7160999
35345794
6281346
14570872
11569380
24069320
15224498
28892380
19000009
10045866
5347993
22899263
6934543
16929393
7392135
17941489
24213365
12625183
5657699
12740210
6881235
9371142
6945910
5894371
29953705
17577826
11354395
32083092
12820228
31404239
10567540
12912326
12962174
17408992
11173650
14806283
14473144
31783301
6350251
18604591
8279045
11320888
9125645
7457848
16213632
22264516
7174897
16259612
14214874
29994217
6121729
16284387
13456312
30167912
30639598
15226725
17372575
10961498
8102162
24914738
32630928
8939910
5418384
29803588
4947582
22091161
34955009
23038436
10999118
23493764
8466633
6223345
23848703
19928647
5887086
25360684
7146296
12870612
16295025
26952530
11024219
6272780
11627304
10463626
26801219
7710518
28941802
8595035
5399235
23567846
26401019
8977420
17092386
8970849
11920238
10017395
13513755
18424279
12459208
20092456
28034004
16742538
8108201
15698181
33822000
5080742
14107178
28449301
13025409
24071318
14061582
13826947
13131247
29814214
5125212
29374780
29663179
12863660
27022185
14033097
12144793
12459749
32207436
10092046
5452109
19506619
6538636
29393701
34554067
13118715
19996855
10558105
31374259
6612583
9274640
12752308
17743219
11763613
10968968
30298571
10457283
14881417
11024493
30327947
23966741
27513099
15953258
12815389
10312245
16153492
20044582
25640962
21406963
32443251
27336081
15565896
6867381
32858691
35153305
13511980
8360822
33929643
33747291
16510890
6716261
6806310
6914769
14906875
34638385
8893869
15553893
33002502
8006388
9896911
22169965
28479511
35415142
5164096
13958549
10574487
25994701
25929475
35440507
26611697
12949612
11575118
13411707
10155814
11913665
35528221
7975227
31156901
7388580
8623288
11460747
10773789
11616175
29304163
13211385
20768404
18269239
5604486
13704127
12424186
3700718
32661837
28210564
15896695
10296930
10515301
15479643
29390389
12550698
11482695
5592556
25956622
23098919
21389416
15750135
33197337
25447918
35434381
16036982
9487141
33625929
29012077
32377488
12869829
34371913
5843152
32313480
11840164
10197409
24250313
8952614
15359000
29975824
20857375
9682424
13611484
7850391
13403120
17888392
7640563
10085100
15227290
8890030
32817585
9675248
29855773
34786886
17066853
14506299
6059854
4673991
5873906
8932543
33896781
12499667
6663554
10159605
7854722
12257729
6945450
23249231
7914831
5959072
10073066
8254224
19747012
24012005
11060024
21865153
13034940
18892021
15558187
9077007
4689951
11104702
29082454
17441233
15157946
30785952
17803894
5214588
11816234
13173067
5630337
30740866
14301527
14270063
7386816
11787733
11739326
30076231
30671947
5841396
31575649
9631761
26312858
5337210
13504746
5560044
31094129
8993445
28102972
9971100
31419422
13547731
32041190
8813359
19241527
20150770
16300736
7920874
7248420
15532585
12537567
3369310
31909159
14784287
16151014
13299937
14099019
10400519
13274281
4687905
6897339
19142158
31327804
8686771
12906184
18410473
13994431
12487069
5090036
4723351
5651109
14489502
5597649
25277269
28204777
7166389
17001558
15900527
12958419
27996663
20367691
30163196
12395708
11462031
9115074
7113566
14992761
22248286
15673493
8462676
8396513
33142494
19005829
14058276
10765542
12635639
6572676
17433970
9934628
9787502
12247114
6297377
28336543
20429224
10756699
7992180
17895334
11347074
15825329
15286938
11531721
9539558
8136343
23496302
11251403
28484494
10861180
20679103
6218258
7314948
21388249
6792058
35234386
26162387
15269008
13364404
12548034
17414974
16013762
14858309
33039891
8267384
16054097
19662637
11702607
16492554
18549217
5104698
11738920
5510940
9581874
8559486
8447085
14967289
11033337
10302323
13354875
5117625
33931326
8873785
16868961
23865164
14903460
7359666
27586968
14363015
20227045
34754075
10713959
20210788
29497171
14511472
28620748
6716314
4680324
17102967
16067881
25779925
13396929
7632750
19992673
10533268
14661465
14211926
6469539
7469365
14234563
10733423
18926245
14817521
20422519
31052441
21010312
31775600
14098475
21988993
11681241
29343217
20333824
27861816
22809968
7222533
15877401
12114039
26093110
5219042
15287976
26185472
14483819
8715548
4809717
21844594
21031177
21320359
10717061
7848624
21937891
32924943
12404268
28419868
8765976
11453344
7042486
12759187
4845550
15134532
28773889
30291158
34360420
26308694
7919941
34651036
24177851
33427919
17632336
28961269
29584831
11128922
23240885
5935765
33873702
8332798
18318658
26875859
32646243
8005622
7813425
24064187
14751614
7576596
5237468
7116724
5610005
15331613
13739089
9989394
31137920
22789985
29540242
8404643
30271895
5411920
24651092
8137737
7047641
9171194
23616662
31829972
31279505
24381986
15555502
5774135
15965026
5714280
10482600
14908437
35327452
4766868
25577071
8201288
6741037
30174578
20724907
13054742
23924423
13095746
10524690
7355862
4970038
16585872
19436686
8921430
14630840
10535524
10888501
35374312
31511453
10616008
15181692
15617353
34037929
14034205
16045711
17478097
33961341
10948040
32555508
10114494
10660946
8852402
29831605
15648256
30439883
9128606
29590288
34146331
7153815
35473588
12477578
24996274
29683699
11671113
10506088
13714905
13804709
25580092
12857005
12401477
33147501
24654512
13206694
28112068
5602677
32789868
29069371
28938457
12540795
6014987
14779398
11772009
15696252
11407439
29835019
25624885
9157143
17762506
16024518
31701467
32060628
15485688
34058503
9098104
13274641
29486575
9831165
9213766
12752026
18301471
12308117
13504021
8525569
25441333
7869581
25511656
8654853
5068639
28209169
33044442
15766100
5025224
26781248
9061782
16118832
33304947
25536988
23123513
11205442
5351634
18359149
28979590
6617718
12883724
12414180
30749526
23051654
11634820
11740435
10763358
25022533
8618977
15504959
9257062
7616626
9828126
14267131
9235248
13357200
33497684
11854801
14999211
9708544
9853824
18307405
27563118
6170373
15973249
12213995
25596553
13551552
6198961
27388566
14721235
6979751
33832413
26497025
18257800
15404739
5883916
7699159
19070317
5070491
6879523
31648580
7501935
19909930
23322470
9848539
34434265
11628988
19165201
21451321
14929245
5604935
8574562
31712882
9518961
11965852
27507585
20008459
21815638
9857116
31390460
31338709
12055070
26376866
14092723
8485528
12827434
14030589
32134512
8917006
26678246
31939456
10084090
30920064
27052971
16581765
6621041
35227252
23334830
35264479
14925499
31628107
9637425
6538748
9380344
13741631
22861739
10064141
16763094
11161535
16942641
28652824
10930388
13716061
11499167
6394210
18300166
26601569
20007988
17451247
12818505
25627687
14823336
14969296
28343152
17318314
14310381
10105620
10436489
12696855
6075359
7964237
13564016
24034988
7866283
6471293
34574275
11511742
5574401
4797563
5696928
7254206
6746412
10382858
27999336
15836648
9253863
25642648
15091777
9254346
15857819
8243460
26742614
4926345
11726567
12238909
7563940
10629043
14120362
15613524
11490427
15939171
12435947
20897005
15284946
15224613
11527716
11374557
13534586
29114956
27046413
12056390
7386852
10965345
13709623
4659167
14022965
19796791
14091253
7260683
30751353
11129775
30533386
10253757
5491219
5454740
11600082
6039774
10312340
15274828
6109351
12399674
4843676
11326568
30299552
26925380
15804432
14106982
13645615
23516915
34628524
12627251
9790320
32890920
35384326
5276091
18527425
10082050
33503786
8286281
12424312
8310101
14075250
30804138
35411284
33476777
20233657
18624811
10753737
12250639
22013761
14594516
15839590
16211695
15431367
34088224
4989801
9309872
17833267
16111010
16119116
16228655
24642314
12467857
28472311
5934132
22047619
11732214
32539770
6230697
23753342
13562190
6662798
16197714
30571621
6095994
10417380
11868784
23103485
30771333
12613665
21741598
10380936
7139028
14757056
6768586
6057795
13755518
28953289
8820226
19229227
15066497
4976665
22296631
34918793
5459306
20308735
11918911
22055080
31935661
33153498
10579938
11264474
8594870
9771790
28480990
5148444
14923048
7282734
33160107
13894685
9846384
34815803
24475823
26602007
9965571
9250662
33812538
22695989
4980485
20126287
10838107
29986954
7376951
16376505
29630653
29511454
16704327
15209961
5991788
8381464
9703901
18606859
5233001
13582974
4618686
21217555
12808093
8870017
17131212
16776540
25583425
21134884
15997609
29498140
5225942
4789629
5538132
14994856
14283096
12758884
4972829
19052557
7678268
34811024
19109962
23903672
19077310
14611230
8705537
12773303
32579121
13522324
12414773
25264384
9287061
33958818
14104445
19472287
30312608
12837091
8942974
7359190
10575433
14901867
6152391
29192545
16333722
10581066
13690758
6591071
6534470
21084091
35382004
15088334
6135083
18163573
5841523
4789502
5581324
5477937
10313398
33664725
12711360
4888160
16332009
4731538
25927057
13523646
28841788
26121290
7637922
7700820
10381480
8009969
19720849
12231252
12922263
5994207
7043872
7984866
32637543
6744117
7410781
7269548
24130082
13290694
7942547
11545143
11163778
27330585
14371602
12820865
35283496
16214501
12514565
8885622
10500690
6405912
10528745
8500856
22032028
8759305
10844013
10469275
7747241
6596395
23409935
1204301
14146479
16267487
21553684
15935280
6014073
8463541
32746053
35430031
8485795
5047095
8036011
34050712
31525235
12108063
20423173
29967316
15594030
13134736
9145209
28858075
7565513
12316368
16339299
27143259
11886919
7986839
14958510
13571289
11913210
8195060
14144784
11778227
29352370
9387827
14274380
14930587
8435472
22890932
16897914
26525561
12120858
28665823
5804538
15809127
5737139
10462880
22932821
10545619
6386049
12576794
35078633
9463108
19133644
8053507
5592961
31606711
9486936
15855158
15196101
8823328
5960208
11279013
5527729
4916793
5481764
5298299
32495526
4862476
11660979
14951760
10715452
12944924
13669931
23195606
13751932
15705064
15362529
25622077
5741671
15252206
22934723
14782956
22682951
34773917
14309914
30750792
13918367
13286226
14964643
15354706
10280518
7775721
18944530
20861650
20216836
5174653
10080443
7029843
13109615
29366080
32235159
30287231
7248042
14110250
22840871
15760179
9168269
15737050
23412410
6593235
12446958
22377232
28700818
27021588
33334013
34072231
6712130
9513438
12678052
30366821
28679488
15795369
9659201
5224768
24139310
4773128
18522145
18716149
8340641
32546016
7120284
10927877
4896392
25738975
11715497
18577801
11848420
23127101
9612790
14201939
31350133
7227921
30239831
5271583
16246888
31710314
13535745
14734873
15404551
6407549
9573220
6517394
31578469
31331578
7986249
18177856
28048662
11738204
12840020
35441968
12871085
30062446
12951436
7820771
20655406
10095742
11416686
13575311
14326137
16341132
8117156
9336491
5191525
21259348
6335286
7259416
20465038
11498298
9508070
11114320
20383654
15613029
10576278
21662488
15800797
29523466
4865585
15032021
25388638
9010081
30954871
23557346
25496998
12760518
9860352
10895405
19519543
20544937
5892297
33981810
31009585
23412413
7005765
34184455
12316161
11301058
8885841
7687288
9473073
15834252
14057853
14226450
14396246
11013013
7401519
14581674
12769637
8106118
15430554
11351098
22639166
10078610
20020258
13818876
24210353
12505797
16544505
8494375
15519542
7337041
6614806
14665682
33726879
7279374
8336446
33701001
25844452
10709811
8507942
18760243
5596480
33980103
5269150
23247155
19606822
10469027
16114333
33430997
13575566
34405249
22659623
13888314
30783450
33503606
6452310
13052823
13921297
11694248
29892469
27778152
26165942
4726819
13145562
10627015
1078573
14681047
15795017
11707603
10529763
12052435
27304902
16538718
14814581
12798425
15889780
24605894
32401173
22717343
4932411
28591162
6167726
13469739
14668983
9600384
16214830
13699273
8343047
20759722
6189969
15611316
34346347
25881724
14605424
13836109
5653361
6942234
8162605
8076036
13062537
9809619
8718539
26889944
18137488
7524196
28170751
35396302
4909702
12235460
8771142
25291246
16541649
5775071
24787739
4927333
23103260
4966297
6392911
16079725
10273777
9800595
13699771
12649782
16932993
21156583
15295904
35473756
28424941
27174837
11342754
11271691
30058291
14424133
6147873
5149640
8961307
13560922
32048394
7148773
25378393
7613224
5857863
31556923
13126944
8764844
31245580
10575362
7394620
7994893
32387859
29617591
15554309
10092149
11359740
8776199
5801111
8541979
33922071
7373451
23866352
8372052
29884957
9796803
25255387
13075756
20718928
28315699
27638562
13105569
15540471
27131388
13161469
23817803
14144378
7640339
15237983
25858168
6201402
23429189
6097200
20709919
12528376
15377799
7740733
31302318
5034261
25723831
34218664
15969612
12033365
21914458
34874063
14699501
28477855
5090833
7346974
32893146
15971250
22897946
18176146
7053011
10617326
13537412
5559766
8197756
25847860
35180236
15074837
12716107
8148042
34220632
33769305
31967561
14422204
17482600
4696152
14142868
14589044
32999526
8125042
7674942
5119984
20997346
9078685
9506647
10323286
18688708
24116276
31359775
6736038
7204827
7778247
10781851
14149466
7995132
5877469
14678600
17473810
15064682
10887146
29098084
17207692
24912680
6476875
16144419
6054986
14163125
31742132
34489876
9053868
8827864
15023007
6424239
17992417
6704738
35094740
16142266
6108795
8567946
14113959
9233312
11038251
22641893
13749580
12533968
25392271
13223172
26074918
5963149
15923068
5080259
17253904
34874951
15480262
7966202
14953059
8472828
8802116
10845243
19311337
25950544
6078689
12426932
25201888
15792794
14971029
31248547
17718955
14446536
31907260
8315747
25966663
4790069
11192012
11936951
11419956
8834248
18745414
11819835
21923281
18790465
8142854
14975540
21357625
30077047
7405523
14218009
8842806
18388423
14570822
8047534
13934457
12885119
33898218
19576549
31405028
13585270
14850236
9484331
6378615
27602337
20116468
21232603
12834056
5862006
9021332
4891283
28818778
29744257
27530559
5434886
26534909
9397184
27470712
9076248
9326722
15904757
11463599
16155633
17253343
11700357
31665590
7256590
19572244
15215250
19949449
15779688
26556752
20121538
35066297
33820770
7788298
17202985
33798120
5139577
14173579
6632473
14496133
29238688
21083083
13016533
7729476
14330859
6614613
29229760
26474909
6147877
33171924
9302062
29881348
15126061
22048447
27226407
12552882
11944634
21024343
12132779
26246051
31502096
30589144
30443012
9148825
15410968
14735762
5188899
11520490
6011334
8013084
35509771
11570107
12188866
18709999
11197286
11717561
14650182
25438519
8406819
17774932
9979589
16082812
15386447
9485742
29977117
23117576
12875592
7975978
6497157
8738717
13062259
7776229
13636021
23530727
13126349
8740112
14072532
14140053
12435903
25252570
29357929
34229455
9381344
6129189
10068312
16024943
11178040
11301314
34267000
16039980
6550436
16899612
7077077
11253352
25899808
5909448
15737166
27040782
29874466
7250688
27430725
11249678
12853764
5617438
7301030
15877369
34653331
21102667
6034434
5643515
12413854
7402462
11075166
17929429
28520650
5908363
11592952
5601443
12422842
20187574
6740644
8099543
25891432
6307778
5919484
26974880
5292896
10345153
8187227
8461050
11577809
9081752
33323787
9523839
12470519
9209551
14249312
19223533
35384935
12650106
11091651
1090230
11964658
24654206
7283653
17504035
30134888
19737607
11261628
14887235
6675559
13247018
25464616
20737519
10662311
13694345
6071924
6522991
6039351
18817396
5974833
13435557
13182964
20218150
13326106
16016820
24194771
7015164
11175078
21604453
19577416
10982000
14721820
22861580
14329851
7886205
8999223
1977597
8766577
12129311
7338467
7060651
25321549
13024168
7810564
13347354
5307689
13509431
31375858
15054977
11359307
27754746
15889079
21475027
4073015
30821664
30857649
11211363
19464907
9598956
29491279
14326659
5043400
21337030
12510825
15009432
33728898
10637344
6658987
30751608
8305874
14615846
15785505
13197894
11807717
32323242
15397925
12076957
10632805
13992371
5748532
14674820
16362642
13454917
5113631
14991171
13581394
19129168
9737080
21192592
5424162
30923298
12294604
6026584
8955559
13728690
7332506
27952953
9182836
31481021
16491624
6268190
8845404
34969358
27408267
7194118
4756058
23001317
34205125
14540839
9012589
29129650
22483976
15406194
22198891
29096167
28640380
10682216
24162140
12386340
34442848
31878112
21920203
5168343
9418796
11525609
13798965
12666838
10821923
27163248
20617156
26262626
21356872
9145202
11686106
31395062
27696159
12917130
8502557
10412091
15737575
8579677
21133501
13120067
29732158
6092339
28324240
7937876
28366129
14155210
16053780
17425258
13872686
13582972
15474210
13445656
14891821
10774654
33680895
13525685
18015985
6079037
10438868
5612049
13176264
12983571
7695565
6221033
15904855
22187272
10433874
10074159
5093484
4601006
8067674
25621756
5942383
13856204
8303030
32422380
13961990
28510015
12547895
10439875
14183606
27602856
32103846
24960250
15930480
8045480
27924861
9373551
3072335
12086789
13668500
8426100
15699007
12733992
8324800
6052831
19187374
35430460
12195374
5469588
5338239
9118880
28823656
9204907
25255849
10213319
9161869
8559778
5362748
4854940
13895508
15137903
13444392
23859734
19503928
32588256
13153313
11621413
11267791
5963732
10776597
4954711
6682083
27397587
33764274
13896740
15776414
7296453
35356069
16676394
30066985
33104604
5110756
14670835
11312099
15656384
22709789
6830709
11883047
9417171
13956961
26020720
8286728
8057162
13389537
14288947
13384725
22055860
29624959
22545458
13212184
26229980
11029077
14694209
13430296
7978155
28561654
13177202
27763602
9951013
13410840
15086459
13094968
8848896
29908654
5554309
25357360
9885218
30296351
7223354
7093678
7519509
14278490
11476452
6030814
21625759
14555883
5109549
6702083
13308619
12688264
14598416
30263159
8763893
14750767
14755101
35346289
11344562
12951346
9438523
7837373
5662333
9426546
31129229
13727364
6229210
17965780
7770607
31282820
13494974
5019920
13150254
12478292
27725349
16338846
26571632
14081585
30130088
11891188
34074958
14970955
13742123
21961630
5477069
12340402
15433917
16281472
7687385
29492740
16083802
25072951
29555377
8284145
20314744
7142606
5299958
20247661
26723483
9976787
2265171
10634827
6362459
28757926
6318237
26207924
23416625
10121471
25018324
23621693
13231431
4992176
8711989
4876176
11618730
15411153
9934313
12771120
10277597
32116107
12810537
6943371
16271190
23181338
7553566
6971083
10715049
7844572
10136537
35509144
12906600
4791282
10558899
14355676
13157019
4928045
25289770
6454054
33166743
26437730
6243539
25994467
28503700
7879123
7407089
14582938
35416486
11425341
13912590
13926300
24735971
12868378
31805732
33140691
14875401
6384975
10342263
5888802
11586010
23345813
6493608
24284555
7603712
32521344
13874357
19668268
18640333
8481242
6590054
34625581
28945120
31849349
6797659
11359718
5598040
5479333
25026427
8048190
6739736
20807089
5717094
11093624
8045214
14861998
29033212
12869074
15121243
5717806
31559185
33801987
8822302
23700578
11552738
29275195
31053236
20522950
9560393
18852094
35125811
29452144
29172277
22404622
8439898
15660487
7302808
15966847
13980686
34286983
15642585
23436761
24152828
26509466
19616023
19625005
12574373
7244320
33189153
14010758
24464957
14656664
12922638
10145593
13830267
9313560
16170002
16242258
8769319
35370559
11318095
9200971
10083984
29704948
12974416
15348848
11135791
27792420
19887943
12863630
11606693
13988850
5982750
15729972
14215661
15125959
30078586
29782486
15641877
10854869
6465400
9060382
12731259
18207097
11474467
13154712
20589478
17872753
10362270
9113501
6882361
16925592
28718776
9554468
15729635
7427468
15388234
33286269
17668099
13714764
32442717
33375773
27833649
15035833
13958213
33204285
13568923
6776020
26633945
14153420
7544528
22892438
12582500
13288126
17322532
6310255
13637488
14705292
12939937
12247528
12029311
14196933
31312410
16078715
11509213
12286930
7581990
6301631
11740784
14692457
25297738
26312714
13540838
13896703
14249686
14368990
12409763
27821061
7864897
13151821
4750418
12159044
26776313
20478880
25655611
9006520
13851744
5146185
7317677
11611499
10855154
11023876
14516474
29574844
26355365
34343572
5048477
8875676
12213336
6539043
16595871
6980410
15556795
30879027
16755906
26615837
30320930
11515993
9287161
6336118
14584423
13679697
12990225
10213692
13937870
15609551
9735324
12734295
6104221
8169603
13702777
5492540
8393839
8828491
21038212
7628449
13990240
15947226
6218627
18445999
11225979
16667010
7461375
7931199
14422748
12355372
11764772
7028747
23175926
30452594
13946914
23588123
11057034
11854340
15108639
10302575
13399922
15079536
18340129
25389280
14230462
10560131
20415307
5429687
20070088
13337389
11423553
17540623
9321089
7505378
9523812
9376378
5286794
33274197
13579511
23134661
10529081
13573153
24009425
13438972
7349338
28365286
8130220
9586830
9002465
16896135
7225534
9824103
13216025
21240370
27703170
21470119
14285516
26065597
22064905
14453354
22531718
17184889
31371343
12245981
15386000
11383551
32326659
28089097
12631064
22572281
13901952
21987961
16493316
8299517
5240465
21382180
6911589
22265350
9791463
16262209
15026926
7501957
4929112
24139289
7858961
24547037
13034962
8703747
13762234
27943296
7992151
32473635
11768461
8712391
24867818
23814908
14221749
26952731
33450725
11072961
13483825
5664518
6673936
17003913
15217040
25011010
7853746
5952636
22592318
13346259
5457981
16127454
11461730
27454833
6467778
8546426
25010491
8437383
32274441
20751406
5325531
12563982
15774980
17816770
7432214
8226076
33161235
19532962
9259872
31041796
27221304
9896835
5696757
35168935
34335445
6025480
28720231
24897395
14536831
9771386
7355562
13415437
12091071
12229193
10137581
10307223
19420876
5491810
13285537
5148561
6637723
16051141
27203307
15478593
11176370
7932500
8043246
7811341
20764348
5361788
11338187
9658870
12055391
6845633
28862536
26184695
10397236
12448744
28955440
12968096
35126321
11952629
4134107
14119518
30697498
8129855
33434717
33405098
8709795
33012942
15326976
12773992
11558247
7217462
7808597
19545421
9347374
15458900
16434339
11152682
8759016
8789773
14249484
10195279
6092754
18697810
9675866
24024770
29284489
23953997
26728514
30170408
11907182
7005197
4702852
23755136
34769453
10719428
13657414
27443829
6099778
7920670
11216187
11581816
12666990
15299395
17171137
25216150
7068347
24273644
16103507
15214308
13072079
20085742
20737888
32914113
11679762
10585520
15197898
18338176
33125448
12377525
17653552
5261112
20682451
11142680
29894416
23445158
10687583
4933877
22761221
33895440
33280338
5129206
6551176
11907840
25691941
5100502
14453046
9443987
5357299
8184718
12376762
13799820
16573758
24816812
7912214
27244830
9443081
19895038
34087381
22783430
14376330
26473391
6617755
13829245
19792513
24436307
7353620
7334005
24001235
21975112
8499300
16060965
7637667
8499098
20173042
25037260
5122602
24643178
7164993
8199219
10898362
10659981
15811105
10156600
8032785
34757933
12339624
15671020
23667374
8691480
26978186
24447224
26349395
6200168
6009983
18713647
8200373
12018740
20246446
14981482
20614285
13605203
9972812
7459798
5584219
9677760
11617549
22715711
34203757
12737845
34083823
10800790
8351575
8641844
10482250
27865263
23410886
31080452
28780828
31337017
34585882
14786047
13540802
10719362
5448556
5007048
10538176
28891342
34673491
6754197
11463876
19964551
23174915
5729644
13783834
15285701
25261246
11080048
5899455
17341006
11139577
11055581
10154659
7901007
4853776
12212900
15147687
24727484
9053446
23545706
5889305
30278300
7229386
5775726
25403230
6725198
5255888
7731659
20487082
6292622
35432071
9642291
11020001
11458043
28302847
6971636
12583534
26496779
23551505
12128804
13134283
22664942
5103045
14903191
22481171
5440037
29750092
14770330
24438317
15581921
11610755
6129529
24916529
35158087
9747075
23885237
11594907
6317056
26308484
22573487
8702037
28902133
9641168
6409973
24143837
10150093
34501177
26607464
19748221
26583611
31281305
7084978
16279791
11965190
9470611
15758062
9952736
11088934
26564114
15816858
10968247
19903537
13289394
9558258
31513610
15567860
9187339
12076248
22205692
11054273
11560443
22059484
32677722
19024234
24694700
19043917
4835550
24543002
12047205
14753569
4982090
24371801
10518918
15246261
12392656
20043829
22088371
7196757
26415908
34421416
34269775
8918290
7762019
19145452
9210075
16386804
17600203
5881896
24380759
19991209
26110831
10173231
7288618
31571029
23247602
10842253
7253603
14593800
5967880
5026122
34023777
15425155
20810224
5384880
14204931
6452461
5309151
23423744
13705751
32396973
11129062
6455948
5126046
15309705
8251827
26745293
8451329
15029143
28983049
7730692
6919422
8448288
9333287
34731369
27851523
5560757
12133115
29337892
12474484
23470997
23810537
31590457
12393549
6012914
29357875
26276144
28238731
28667062
5333541
13233002
12114112
20874154
15179971
11181188
30663796
15493137
15205032
19629289
24465404
11870156
10536129
24372716
10804022
20190352
21553831
8930124
7025919
7305517
3193740
14979785
12187936
17792944
12341475
16475490
18440650
5519555
13384421
30730976
11192249
11955257
7078096
10830977
23538770
9710345
27052767
35455831
8621696
5307963
7545826
5816609
10074709
29725420
14001547
33224490
9934466
15211424
30840249
8837828
9041449
7726041
8492317
13724691
12748342
13021708
12187946
23705117
29725549
11827490
17863699
19551334
14089452
14992751
5201695
15335269
15135015
15176286
29332822
34242388
20518960
16521804
5578214
8025943
35191546
14358314
28770577
13395206
16434510
9855149
14115468
13044140
25454788
10466307
8411453
10374179
11687296
5095302
6474690
23509697
6408937
32488788
13236187
23352014
10352283
10546042
17000997
6858871
22047868
13243329
12307047
14392166
11618440
6072195
16017700
28183912
16995792
26847230
10314341
12449014
12755512
1893672
10450449
12790544
10085774
26680343
7097524
20029903
11849324
18998176
4951718
18787654
12346786
27921969
11717027
17376868
13066939
12343330
12485485
6689744
6206389
15549456
9073715
5863263
15651421
7163683
13112002
13479627
20034457
14059779
15508193
10064045
7829191
20858095
12197442
13284552
6074261
11773294
6377581
31652537
29379313
19562482
5535110
12821075
29963398
7148802
18931051
5244647
8084599
11723515
28655755
7456157
13017218
30779334
32793477
8160434
13880334
7845824
14444970
14631943
10379839
24510482
4958110
9496051
23464484
8712975
17007513
15862011
7653172
21903178
11845859
28007871
18249022
25008583
30458000
10792566
16256381
11990561
12560839
8174559
14796430
15160342
7102510
14914844
10813136
9562340
23959736
16838322
8418481
17203207
7529367
4703100
14651239
5328248
25458187
10477929
15457121
5931773
31906945
34979330
29524390
13928779
27479133
20255944
32564448
10037182
27730332
11014861
7722431
12400356
6264763
35343013
32172495
8393554
12504700
29268262
12768131
12352315
13459260
8007409
15398446
24774476
27605427
30152579
14352135
11191964
10844178
15663500
14668557
12065920
6320983
7162667
11148885
7750548
13271303
7373301
18003490
7848010
17972734
8675764
9792315
31530145
13276707
11433336
30107186
6603093
28148155
35379310
6102549
8820976
11015735
20665030
14016975
27452646
23021339
10275359
19292491
8296066
32944749
32538153
8496944
26458670
8100198
12212739
8028200
8044569
8174940
30572914
12115464
16446519
14307488
15717517
17231854
5918468
17636335
12450117
5439799
15845708
6823514
19635223
5352200
14791523
8490185
13010585
9155421
13396327
5642657
11278703
9585607
9522017
19779829
18968023
12984691
9132839
13581633
7831785
22942073
20897953
9043803
21098929
30440987
4871372
29860192
9430588
12677596
8430399
7648572
20568214
9169194
8413434
23105903
14341193
25792696
25290673
32412408
7317514
25264177
19266649
9928010
5716053
13044839
9303785
14164658
12150796
33203484
24567545
8799001
5850488
14003036
10068248
5225973
8851675
31602328
8891567
15152110
35154391
34327987
10422499
27474315
8126138
12242612
10425923
7923922
5459724
21779581
31891195
12675118
6748037
13996258
6331086
17254888
11522833
18200908
8653994
11104943
13895970
15581708
15469997
11658402
15535293
12174020
12798701
23124692
21239770
14619135
6599422
6545290
24478592
22854506
9910353
8080347
17367394
5512916
16401804
15115306
13339289
11575496
5476409
34021839
6996725
4840260
19819924
24239666
6416601
9191755
14443861
17228986
9571318
26864423
7400563
32885868
14559736
6334888
28584070
30052720
14942113
14007273
8176686
28251334
21065221
13045950
11320600
13390498
12755759
25240084
10385516
15287394
19478323
20926432
10703175
8293000
32820063
8875751
5017239
15521302
8248680
11402311
26812250
31581631
15524421
8544958
14830012
25700581
32109120
11579522
17058153
25764442
28516501
21087484
34204951
13940054
12211209
9100552
31818482
18361462
23765873
19845658
5383653
5908161
11139244
9531796
18170797
17420491
14966313
16819695
31561528
16308783
8796258
29272105
11687006
23727299
16031511
1352839
15775030
14477539
6436224
14860098
6176308
14143709
30954547
5565240
15258062
14977896
6711937
15424139
12477878
6873224
11364379
23570231
12887887
18956464
6906628
28171063
20539807
12359162
8770276
7005121
11705019
10581850
8793965
24708584
21331264
8713535
8453946
30490081
23030435
13896306
12808356
10944128
4937709
10042702
20819881
9730839
10980105
4686824
8542230
24545453
10068222
26707748
25827424
14648418
6253314
33954723
6127716
12551764
13610748
5068955
6358226
26072926
26190875
14885705
28807717
29106559
16755924
33365105
31581325
32000939
18858571
12604350
7764216
5766194
21519460
28995052
5993069
25180750
21146029
16835193
27217470
9326299
14620852
34833086
19611484
16884954
12117882
7244690
8951593
7710989
6840290
13715017
7461336
7284528
4802421
19679773
7867465
12414019
15650933
6179998
12893804
14311770
10396908
11553397
16113724
6296637
20013406
8035470
20677174
10689770
10671192
14523530
16205811
6446587
33827997
8172037
15081399
16235014
7321433
28773256
5003356
14139372
13112371
10451124
34459123
5251479
31659332
24988711
18283198
12182514
9096686
25253083
25220689
9697499
16982667
8760331
8587345
10673841
7056119
33036561
11874476
25479145
20805823
8082258
19738012
4696333
13015991
15727030
10903588
14239080
11612376
32981853
10041804
29482984
32650851
16250279
23100536
23321468
18670909
15082271
12001246
4681905
7620044
29877178
23371769
9618090
12869990
21398527
25461019
31109942
27588417
14402082
17228917
11050402
13911674
17070750
14819920
30161585
11937404
7642976
24883592
21508819
15890393
13862552
5920546
7884587
10873323
27408921
14599186
22670405
33268950
30706010
17944660
15022200
9223944
23711327
15322279
8456032
10532121
29012428
10907096
25503790
11161662
7739413
6851027
10075551
21714544
15629938
5359937
13975814
23650586
6792660
10326545
7749201
20770345
14304014
8450922
11784729
15785886
10013700
13175681
9602816
10118168
32930583
7489589
15000468
12367483
4945338
12105113
12030528
3298554
9550379
8495537
5572116
27009795
5347264
6247104
8899356
9595855
14221079
27404091
30619147
23281466
11271859
33663297
18089143
8690308
8507715
11577345
12927663
13130864
16516776
5490508
7773907
20348653
25804885
28723366
10519402
9817242
12858063
4979450
17282062
9486883
9513057
11699693
24311330
18201685
6578037
11865685
16761942
12642360
12090857
15294248
9065380
13960863
27089478
19488592
6520529
15128349
6125269
9348915
15734546
19013632
13878389
18992794
25011556
29756299
15581801
13601570
11688096
13101026
20549077
6970272
6401558
20141221
8409005
14197504
6350372
17017749
13826297
17487352
5262682
32098413
7127483
17061435
7408735
32136483
8866044
29542495
32799186
15297973
4922936
10861834
14214878
22054972
12697499
13957749
21796201
16010354
11823501
22081357
5264396
8501278
18785698
34701693
26704481
8202055
34759961
11167512
2077047
26177942
9335328
8970178
16376685
12514372
13650913
12030534
17038695
6775550
7342650
25810936
28478608
21086698
17642689
29166499
12224860
31362622
12394446
25868395
16049467
34693803
19619641
5524287
33038016
14490214
25463089
28485919
35203288
8958566
5093922
26526944
29133487
34025064
29635042
23264693
7397631
6672919
16290363
23218703
15356399
27483459
27216693
6481954
24743756
23035283
15368837
34035516
8503481
13430613
12855981
26142671
5542349
31074794
6686288
5482891
15066812
34129459
26191286
9950389
31113608
6789047
27874266
20419477
16118098
5783203
28830616
5110106
8288542
15873300
29723599
9002125
8475863
34055221
15947367
13640041
10122331
10797758
21922330
4915163
24553667
12008458
12043431
28453174
5953966
14047017
34890389
9401096
13787273
13774926
11482193
31990553
8275592
16384176
12560063
11804751
11226482
30612178
5677889
22418644
11493580
13288519
7384309
8692301
29421400
10711307
15544999
15693925
17681047
15977274
12898272
9126277
23747189
34658431
10110163
27614313
10978501
26228606
14021619
14046090
21969274
31213348
12224638
9802856
13771262
10098439
14486567
14283586
7150463
34996613
12953944
12443041
8862909
16283403
27831423
25930945
14844717
13272923
21955561
9043644
9073970
14455789
14945757
6627323
35507017
23540987
5796032
11318417
10600850
5271471
4971084
21583948
12922991
30560608
15475862
5431719
7694724
19006534
15616635
7040308
4823181
5728160
8182479
15727363
22892594
33959496
15767636
6434934
23757752
8255088
16079362
28016406
4767407
20515531
7719616
5995938
9321422
19253083
12477535
5021716
29706208
6057758
6223317
16257250
9450146
32757402
7948730
11366683
11196839
7118831
5178755
19223194
8112368
11643896
6497273
35043446
6068217
6829162
13152646
18428071
5905998
13039570
13339861
15610367
29998708
27721071
11578515
8147722
30725900
25006615
28228519
14104097
29749345
20739103
5178261
12530338
27574305
14373561
35202088
10163093
9765385
12695252
33129507
29900422
16028296
13129613
11382067
15610271
17952781
15121725
5034879
21553207
15051818
29570305
19522009
9254009
18683485
15057656
13690898
10613943
35299720
34747764
29548558
34196146
5746893
13128444
5137452
17886742
8545966
15501058
15768303
8182089
7586868
6044645
22172476
6310188
4950684
23555747
16238698
32513235
30407048
22678805
34192228
7265173
23275055
7920418
15570883
29255779
22661246
11469414
11649984
15987775
4987307
28224850
4562599
13689826
16364124
14087542
10515841
5553815
15160290
6271591
26177258
35397106
17692444
13610202
33534909
18271261
25910818
13968117
25352101
5723792
6946245
5979555
8423147
32164140
25429087
25317439
14312061
21329491
11297655
31335532
17831359
9172476
16691406
29461891
28289851
17018427
12290042
5723081
21273313
6521074
16006788
9899843
35298025
8751289
14536348
10595602
8048872
14307437
14517333
6694159
29712550
20316544
32779011
31882123
26299559
25976875
12495017
12182908
7591783
27954609
5155689
19340191
4837221
7082392
11881394
18163438
17060385
29707582
20548837
6360063
5208922
27146520
16237836
11935366
8963188
11468270
19521889
12649838
9108406
9763217
10604466
13357290
13196012
10904136
14321380
13935723
12434127
15290966
16843653
35054486
8570017
27625497
22179640
12453571
15492885
7590702
16162428
13743728
28492141
16174890
32064756
7413131
6055788
10915494
10044320
27196446
14754881
22632197
1310649
5297272
23364140
11788237
7026856
14083226
32604768
13382409
24461663
6914025
31235893
11368862
15652071
17583772
17991703
12055986
30135227
16804917
6792513
8323683
24788042
16172515
5470170
9805131
26110948
5118924
25747999
6887710
10683026
15429884
12106165
10630161
15075010
14084260
15983798
19123246
9608313
11294837
15226057
17858701
6526747
21759226
11319008
32883237
34530334
27992433
7361182
6041233
28201492
14797639
15003134
7006192
23970068
15121242
9068942
11868639
30598105
33296253
10099935
7206408
30502735
18511687
4743906
6422741
10062340
35445355
16053752
13513296
32968875
24626873
8424933
5576347
28937032
13427707
10675846
19304680
34831034
8751198
12314309
26922473
30961924
12491003
7314851
12610694
10911191
22043056
17366026
15067682
14207131
28537195
10573540
11477796
11565163
24140300
6946859
12459870
14425937
11098555
13370014
13426381
19924222
17719408
18394747
10935773
31487510
5109918
8302405
30875865
21433933
8672254
13632021
20633596
10617420
20176561
13218825
5336424
16693740
16483788
9248302
15769396
26028184
7300859
19949668
31993865
12008977
28919947
31614127
13191816
13342958
22657856
31094273
9425936
34941197
9202567
10994405
13585829
11267205
25232038
18250489
8303820
18227173
17448001
14016222
33386615
19782349
10700799
10907565
28427425
15772227
14670703
14407272
28320664
18466882
9715806
10436051
8480404
5314955
33163509
15246694
16267406
16066376
16181098
7886909
5770972
9630194
10719345
12474114
22494257
11868326
21055177
16850730
12045148
22472419
7004851
13690430
14049918
14857304
34278430
17626366
14712075
11558627
12192004
28564393
29726443
7176296
34560349
22573619
18289921
17238382
21401710
11755522
25178488
9515219
13978787
10601714
15315718
32229357
28970683
35016209
26743361
23643746
14877664
9997193
26127365
5487879
12429690
5889453
18429067
33599982
18118186
15806793
31426007
12304637
21943201
5440821
17632150
4973711
30528241
13513790
6547768
27556605
6176694
29429476
8587843
23449982
19444318
11022300
23097878
18614779
11244771
20253712
10978067
5753847
7387889
25661449
6888614
7386495
14838552
9414596
20731708
9233011
13042318
5990517
25424854
13885519
9414884
26520038
6673826
31900324
12175286
19125133
11964249
9366257
7506376
5826472
9838761
14242316
28750720
13855562
4967738
14257645
23912978
8464159
15629673
17115000
6373288
18076555
33827004
7586203
22286935
12766952
24970114
27354267
10822737
5543248
9573113
10493342
12566885
10329200
30167180
20484934
9540145
8834343
19886605
10350998
10532297
4943480
30348839
13888758
9334301
8148064
16318014
22523531
5048195
15662145
15086107
26532611
20351965
15894908
6162233
10366924
5399957
10636831
16805847
11766493
13434826
31057277
6182751
5894721
13363657
20376874
29754193
25688944
7574686
16219458
22735118
5551581
31103078
13580721
21667735
26798024
29193208
33486539
8703147
10900935
13235824
31400753
30118562
18837613
14087677
5495303
24517538
24857024
19972369
16240844
34159483
4876889
28525087
30647713
32492046
8670011
19890529
16142152
13719830
9676476
23945639
20572042
5206207
13135624
15345472
5690783
28473082
5623726
8747981
17318158
13025182
15998837
6460046
6559576
8801910
16097856
15569868
26411462
31799324
14022969
34259809
22767335
15739963
8503018
35063819
7207415
12158411
10563553
14090502
28470829
33795081
18932530
6482771
12179911
16263416
15678042
14031182
33887136
13169618
11869531
16009786
28038519
9036487
11526133
11312430
28995253
15555777
31085489
15831621
14503004
6849090
5962551
23846228
10092875
20914570
17797603
10823573
34434652
1765998
10302702
15449088
15032553
33215091
19267534
10069902
10845801
27072276
9504016
11804498
15862832
16168834
5383935
8861355
11788287
26862686
26108125
28516687
10959509
23230400
10106855
4689608
14640031
28711303
6890215
14251270
15828785
17928433
34695045
13005296
8463474
25677388
8562988
19172677
34957277
17190601
14632175
24823433
20952007
14207788
30300197
8729843
19576084
30629017
15361831
9825945
11761840
12664557
27971280
8550448
9530350
8507365
5762856
8861085
14658612
20805289
28072021
7728765
7941554
8200755
5149539
7871558
10463475
7250198
7589760
10195368
6963641
31564282
25058482
24042263
15772536
14563262
34860344
15915566
20024071
12373271
7485638
7158361
14302444
24365051
13470397
13985688
13931599
27463602
29080075
9485254
27498732
8533067
8687304
14584884
22462348
9156311
19630729
28659073
28586473
27804990
22208059
32677203
11218378
5699731
22283506
33137379
10676558
11401288
6378776
10712544
13284295
35067938
12845842
18959314
13042381
31066355
10982631
8450924
22669139
31517069
4863271
33742248
16062693
12095882
6746592
5711794
8390340
30681706
9419601
11918550
13804269
15570160
14146506
14108814
11209390
25846174
15931402
13322119
21674749
9965701
15382122
15344042
17937529
29734633
32833143
31142696
31020640
7478361
5616119
30120170
7011050
24885818
33388754
11225645
24991618
5455794
13587056
6555703
8532759
11918007
11482829
32435025
17107953
6196801
29847805
8086426
9590365
12873567
5044415
30383795
23325509
5571895
27664650
8582957
11001365
21016042
33062118
11986169
33149766
12591174
8028782
6343274
10453633
7648298
8708038
5139387
14417118
2625092
14550996
9420425
10017954
13204081
11449642
34313119
18057850
15759121
13325730
19084294
31701902
28086745
9970724
10236889
8038499
29034031
29020927
22782245
11618555
20154805
31182244
28643593
8415228
6923482
8111693
6892050
33335453
20787283
14084299
6079088
10071790
8548813
24883550
24394343
17832988
27796041
27948615
5295726
13159490
17449525
35504455
32346228
18314065
33278733
12709299
22267297
16058306
9781435
9193291
30428900
30459104
10295971
5806149
17881939
22753073
20958310
12251453
7283864
24929609
14674204
31765772
8659386
14246559
23642540
9994095
27239085
12225301
12493509
17589469
13272088
15720290
13071921
23484203
16260172
5068651
14863041
9593008
27644511
9910206
12158985
26002921
5645438
12479001
8399749
8769629
1737383
5576799
35262715
32163582
33922341
8311418
28289236
27445452
17547382
25735591
18222118
10795791
28408237
10102765
9453914
22053064
11575290
15461813
10001924
6859819
19098682
31210678
29988757
11151116
34699188
17988322
6386066
8439712
25918699
11786947
1088264
27079962
15979424
11792658
34620322
4787379
10696439
32293596
31594018
18289405
16998285
28837498
27423066
30283817
25499731
35446075
4980051
9762804
7224176
22435024
5154746
7911531
20471185
15040039
22224652
10576356
9376052
12324244
7576391
34377874
12673830
4369497
8458768
11618706
24334700
28247521
35519797
11262029
9036827
30821154
13451720
26537072
9410314
15358122
7795622
25894321
7683107
15824190
8173356
12888713
10281992
24388940
15504567
22596566
11993205
11619213
6667708
9110164
30478451
19655740
8991595
6097860
24659378
19535587
6501864
20819401
14728378
12383296
21803884
14816569
18924607
22758155
22105489
30059674
9062763
6635807
15234267
7127540
7061691
10992756
8461829
22574183
20386471
16120697
8815836
32301783
11789320
20661847
12087401
13874807
24808007
7950030
15195581
22849694
11431984
9000857
24880487
10719671
19200988
16246364
12969615
13977516
12213716
9935172
15015025
8602973
10330626
5321886
13812740
7687106
10668781
20699518
7698922
27162501
4791476
6928486
16189959
8691346
8459321
10379192
12379501
11650899
7046076
6548126
8891238
12805257
31881862
15559631
7585158
21839167
15690559
7143754
1405347
8587479
4923124
9410320
13834730
13067742
5359585
13899233
11230140
9788080
8405003
8286646
20680291
8369181
11100442
15358567
13211204
25653199
12431946
15393459
15020157
6354456
31336276
16738116
12756170
25319116
34923512
7657433
8356551
8348095
22269745
28764592
27175521
28665109
28154959
9882600
5838574
19501345
11628177
16611486
30679696
16585323
14888756
8793283
17925622
33707790
15644109
9338820
16277864
35478343
9496282
13168382
15335536
18930169
30916974
10540310
16808853
30011662
12559010
16160538
6284421
5945175
31386077
13986590
31261447
16126428
15112843
4896672
16149080
12721669
6298500
7147477
7331271
11222950
13230513
23782235
8932660
11480073
15608979
6399908
4929135
10625285
5062327
33899610
15515707
6544090
11816579
6313119
14415117
33603237
9976650
10662410
3374817
24009713
14162227
28607557
6435469
29003599
31250443
13011824
13581856
11666646
8289334
29975500
7087723
19838419
33169008
7332729
18023377
33665856
11605524
13858196
23902283
14383459
4852364
7212860
15361713
14938884
14493291
28968592
12788271
34328761
15695618
25856506
30364979
15058610
6894540
11414898
21671122
25701280
15716415
7692089
10307315
15533576
15515140
7398291
19978225
25018732
11907226
9899173
16596120
13468061
12368331
7037640
10543333
7769800
8007314
11416720
18753829
7816212
22221295
11097402
8826662
25785742
11364633
5529914
15802262
20776801
8109937
10091091
8351370
14505433
17304994
4822677
6851850
15302562
33314526
12335816
34423075
8302794
8197048
30073612
13207526
6261982
6953109
9850470
25365967
32581932
8446558
18860866
8171182
13177330
15221070
17418073
12620784
10481760
12631844
7923190
26273696
19721863
20917009
32739258
24622907
14243685
16099961
6217025
20826916
6223951
7176909
34636243
7913264
8531150
11873265
15672212
28358488
17763700
29260261
25241005
20159242
5657687
8851151
10607470
5615881
13938230
4787651
10838691
26298929
2772468
11665059
13867912
16608432
15088036
21160831
9374464
14255255
34256944
23671598
12899922
16061713
13575099
20230288
11065861
4848632
5352913
22677776
26667527
27570762
31226266
6480152
8996464
12136916
7913244
10694020
13946481
17409049
11891378
5349493
17421814
22680938
19626529
7279206
5621344
29275129
11344620
11768486
15203591
14385480
26823188
8129311
28862560
10955352
25023853
35381866
12244921
7593585
30789663
12426308
20750116
27062544
10704007
24422276
15528272
11186289
18132874
26474948
6651732
28769743
16221655
14998831
27758829
34653382
34882325
5077009
8249189
31333957
11133056
12424882
10024501
29297008
7421448
8070009
15014577
26108701
8520096
6865395
25753093
24818357
6788760
6707829
24084041
32947365
26485955
10512583
23008931
2308682
10494417
33883941
21865990
11535042
16031343
10839639
30236588
10434670
14217109
6397358
6395626
14510963
10312988
7183637
19733269
16023891
14156724
10863586
28841287
34903277
5073502
11546316
10938330
16942863
32722851
14218624
7693784
21104830
17972998
15267105
24759971
5487268
7739449
28940572
35524051
7243854
17827990
7411531
11516385
32287641
5866977
11251305
12780863
7828223
28462663
9337998
13949753
7120399
33108957
9426423
5533657
11577180
11883098
35267686
7271965
16083632
12649898
11215177
25954831
11634634
15234460
25870651
12649274
7423791
10963093
6695330
26434394
7655007
14721523
6538134
30547657
9620672
14505313
15446724
14605145
23551127
10244207
11581263
4910913
7627191
18422971
11633248
26186441
6392551
11968725
8205931
26981735
5968081
32829234
34060474
9213806
14120887
27460452
15745976
25825012
13209851
18200671
8730256
6192948
9627649
7941741
33176373
9319865
9956207
7922070
6723824
7854784
15208863
32848662
15715120
5781119
13566255
18544852
23895503
16097519
10775286
32251899
12875902
6812254
7473227
24668438
17974615
6107257
6162284
15254343
12490090
32450154
5451248
5620823
13986693
10912294
24036992
13033385
21880156
6227812
26063539
17462251
13436833
9793876
16907691
13502552
25867687
8537978
13393803
31126253
5434059
8340517
6454643
6590148
4142947
22485008
6999001
16602147
7840808
12693110
12128846
14278733
11392084
29574856
9525701
7803030
13255280
15899977
15891977
34560238
26574773
5654714
11663582
19088485
7843034
33804813
10781486
16105537
5924968
20328556
24432410
9543094
17144644
30747561
15950020
18348382
9128957
27838584
15572797
14696684
10115044
14342064
22110241
14388376
15340437
31123493
8742935
8756714
15248153
9608717
6219104
5044347
6038847
14621883
7123402
13046541
11432700
8119329
8277689
22667414
16360953
16480788
14685340
33110076
11055267
10724917
27425886
12879496
18223135
18175453
15149146
28422157
11892312
24608231
24800183
14742491
6103741
33392366
12713098
35059124
6987769
11010634
15311129
28823443
7506494
25036624
11064025
10022683
8050822
10163775
32253900
16662279
15761036
4685594
10345114
29472835
21335020
32543736
9367710
10671953
14925291
12564543
11632508
19166026
5849052
16201355
13808706
8183356
11651905
34487209
32582640
23366804
17721712
8858589
13880071
20214115
5209604
4948657
12287046
5502180
13261308
23567852
25281427
13061843
9787798
33960060
31002127
35260387
16003181
18231343
23532791
19513387
32754312
8069771
12222074
8811064
8157692
13079674
12243014
4766366
8965888
12002666
27682089
16272547
6351197
15439600
35483182
12586515
7107823
28638574
4773763
33790320
12793126
8249759
8724521
6370937
8399514
12117281
13794542
8812461
14997921
6608412
26668508
8171099
5502285
10957656
30022867
12729452
5964190
5987146
17305516
14084950
15654695
11532226
17405848
13205796
16550304
6675855
26960360
13861600
33454559
19218571
11637492
29954788
32474892
31527713
16007366
35197231
16415967
29030677
5548874
8386917
9580487
13023442
8103676
30180941
31006951
5865965
29846779
15243330
21271354
6054272
19210387
12918950
6558906
26202362
8899976
12720013
10464681
35045720
12337570
22490105
14183753
33238368
30554923
15624365
15596918
12348491
10827053
13223777
5102043
14403360
5854044
16041249
6776756
11824130
31673837
14080132
26184389
12579970
13073683
23926442
33030312
8237929
9745285
15953859
9787697
34899944
16080386
22232389
6847972
12833939
23202902
20169517
4865146
11024874
14831943
14165111
8739411
32795040
10719118
34325164
29153950
8627875
5389506
17866948
7690168
28479910
15450534
4203776
8259901
14012797
9354997
10202992
32460669
16662036
23011460
25618900
23363330
5993834
7621602
6271356
24119021
27695616
5674897
16445751
8398116
15778181
10519055
7671952
8535266
14401884
12105222
18868873
20381317
11682378
12484487
20668849
4732849
12294203
32730678
10128974
21217264
24539876
10241578
23482598
12080400
11587341
7096904
14243454
26044798
14283488
5708384
5898994
9513379
15110255
19514371
11689346
14067753
24476528
16718343
13156598
32621361
13608052
12180128
14736451
27009198
15789994
25960993
26015866
5833223
20356954
7418680
9557163
35534113
4951818
27893742
13954283
25693159
15642420
20394802
12347508
5952861
8600596
21021337
5425079
21995611
29823334
15695459
8310264
26879315
14263975
25211560
31524434
14518692
7074650
34853240
8291499
14959729
10870806
17887090
5752580
27474690
9544479
24719339
30714761
8684284
27915969
23049335
25405921
10466200
29106082
26288132
8797160
7264227
25103302
30279089
13531414
14673126
13375417
13132007
33112896
32164230
8561609
8329319
9906572
21374269
20327938
22497824
25177291
5501944
11581755
10803556
25654414
25822756
11370736
7214855
19529014
13021356
15285306
7930085
33436931
25982953
9416826
18170632
19594792
14314193
5984428
13260963
25229908
17432521
7646696
31968098
7431872
15766736
6026994
22580414
10388200
23590682
4696569
9819412
26484113
24386828
15963585
26317541
13683937
8605834
17945233
9729691
8691421
6420922
8772507
8869774
11424082
16195712
11649733
10736091
29272660
14030083
23055038
11894945
24979774
9681609
34811864
24138680
6939833
17800783
5637590
31422038
18270487
23726069
12217908
16800909
26082379
14959885
6044280
23967851
8266929
16530246
7703488
27709455
13335017
13522846
20976544
13692047
5567661
15014528
6325495
5231148
11785157
4845949
8888891
15084401
9796324
15238620
5269592
28121728
13898711
17083107
16666614
12305869
14319189
27320514
14848219
10880088
33758538
9546293
24686330
32678862
26410433
26336807
12642111
9130989
12902546
19639048
28093429
12265641
25866643
24044591
11787184
17765095
34244197
25301836
10481505
14113445
6509647
13386805
15577104
13426024
20026729
14616645
14624006
11376062
24387674
6295213
7634086
33940902
13394256
34591456
6942446
12011943
15695874
15024883
14695238
27040134
7509314
25873312
17590804
14743099
8872559
2599931
13086959
33553497
7981159
15463500
6061515
14483188
10426865
12135803
4913779
7502352
17260015
11101410
16662768
6025660
23813393
19497055
15082249
11107077
13204189
5007972
12303149
30489949
11178186
6069001
7373461
19921519
21772123
26697461
29867461
21494995
11509400
10928351
10823597
12791584
35367535
12587712
14608907
6648582
13881092
15863593
30222452
29168719
5195383
10189707
5669792
24342719
14198293
11175596
18030112
13246287
16093746
5184741
34872971
14339424
13777079
5217661
23203250
10913553
21837517
26794010
14395155
21636847
11358616
26316767
9873985
26934803
27763020
33039888
5698606
8607220
19832458
26657858
10899024
30403964
7733249
26041144
15590347
25605880
16923681
35330578
7961979
9001984
30854103
26501024
26319671
30502072
11860160
13523757
23746007
5099949
5766873
5137223
15765709
5611933
14161625
24803159
17620015
10876155
11885337
34774070
13286188
33592965
10302759
10565891
4797375
7702391
14802326
16259371
16276998
18223270
26159078
5502684
30986536
7867597
5266895
12214772
13543444
10256153
13972075
6852058
14673876
19407751
23973851
13952043
18039178
16538451
30025108
7814929
9378049
28696309
11779264
7575287
6443140
17108142
14783075
11933072
12930586
10802162
13675940
11838252
32734392
17776903
12395948
15278892
7203256
15983841
29355430
6244702
9041551
24415070
13844126
30777066
5173215
11056625
11903693
5114000
12717634
7530684
11741079
32570175
29390383
26525048
9398069
14609009
31430954
7232476
21908431
25170958
35530048
9855227
28526155
15122735
27549345
22740161
30093857
23615198
10247894
34273558
25222903
14106652
15106109
21726412
28515025
13234235
6768006
7805639
15948807
26309873
22873067
12804164
19630510
19841869
6299122
5158632
13922421
21418696
8877039
7830938
23211356
21275959
29438926
34894088
30923445
12507084
4819623
4740798
15659154
11213356
30996421
4919284
6581569
6370465
19651534
15823009
16899684
14159549
24309617
15915794
7343412
9624060
15417372
7599732
9890451
14796413
34757837
25641064
14627339
14672358
5041568
5138878
20500126
19994209
8688318
24843830
11459542
10949093
19695031
12214242
7520017
5517831
19062097
10418168
11186066
35114816
31247227
9546420
11817834
26994321
6187660
7358562
11005522
30618619
25083916
12798508
35442493
12238460
24867908
15937140
16223151
21806212
23658299
11810568
11924532
16155486
15313124
31299194
23370521
35308888
10665155
14760404
11492728
22873655
29354173
27267468
8260824
29196886
30271601
14150591
9697990
29192809
11298133
7020443
2253412
9431308
16156362
5818318
12586092
8618253
11886934
9172918
7737053
7149754
4729580
11870929
12886737
31787951
7897801
28178884
5290147
13738322
12947006
33724602
6101793
5321844
13362411
14041015
10654666
8046118
12092083
15220590
6077061
26850929
9922956
5439156
12017093
15873532
6147127
13783458
12381821
12459386
14155880
15348372
13554155
5513677
26180966
27284568
11183744
15859961
10214326
23775542
10888008
10889849
31918270
9879033
6426751
16682580
11404882
31192012
23537759
15445824
15040046
23815076
27295293
32062731
14064560
26973578
12493820
30490135
6792986
20212438
12926006
11340576
21462286
6199948
6879805
12645624
8064903
13535202
9398132
13520797
13814705
7762728
13482286
10730339
6953992
6334974
7800552
6703809
7160663
5905483
14956530
11192403
10649073
12450491
21967525
30188246
15464443
32635368
12892579
6798069
9107143
7735291
5551378
16113547
9635439
10257952
6093325
7215846
6419417
22444276
24061448
7931042
6062141
9346444
33426341
16010694
4881355
9257314
5884284
33248694
16166589
17002350
33919167
10807416
14400857
24680942
24404843
14190208
18564001
18390310
18124957
13503141
31388261
11237151
6707862
5505078
6875292
27411360
27227361
5409247
35037896
30791682
6145036
18776803
10203583
14571416
33205395
22857989
21606637
5024359
8525907
16255429
11593208
16920834
13530205
13572360
9093673
19586146
23024852
13483443
13883619
10716746
34415218
35510182
5705447
19225306
6024409
12008072
14421127
7249865
21707860
5446770
19904647
28500889
10328774
12984449
10891855
35151739
11451553
11189168
5116519
16236325
4993556
25501852
6930343
16516413
33108048
29298739
7491946
32540049
5133803
15208088
22178641
19680970
6743416
14813737
14827861
11068582
27164499
12900077
11209186
7569705
14063564
14942157
14996673
34194592
15275368
5671504
9565551
4945001
13664297
26571806
18690424
20810788
32833320
11550316
19446505
18255445
13896476
9769825
1871368
9675623
11705550
26523902
16193661
22477559
24156455
13586747
13372647
7589228
16582293
12409790
15676434
12183118
13284033
4681590
14674857
12001166
9389157
28768849
8403045
8011950
9109208
7684409
14014137
28808698
15429989
14106600
21314899
34521877
26095378
35245531
11423238
14373075
17059887
35188762
5330160
13956076
18137221
7099473
15497620
23237678
13255115
30465452
11243009
19016887
29323564
6851761
12792792
7540664
22620698
13850983
11814646
26611154
9575916
8843243
8541453
31102547
6903956
24868742
33632424
18590323
17837320
5262240
14763823
15762593
10892782
6549446
35375008
20942380
5652375
7962976
22885190
9594766
33312705
9808438
16955085
11403809
15655346
5668865
5259455
10835431
24215750
5466050
13784820
10224877
26897648
11909643
14085348
15774083
13022108
18812290
14284015
6643211
15148276
11667442
12362567
27324234
26181833
31841492
4790498
31498892
13976343
29905024
31608232
26919266
23322215
33322266
5329896
26162531
29494228
18715468
13239397
7687247
5972360
23074370
28709425
34171459
9681196
21122710
14675971
5534784
4926918
28135450
8910104
9627184
22195090
18171241
13439578
7886495
9887025
9387759
6069947
8562539
20889106
27503421
33984114
12902784
9087481
22597322
5857018
13755049
11400520
13407650
8957135
6244596
30991078
9611648
27154155
14482990
9563295
5123490
31084790
15331874
14787487
9110635
14247142
20102446
14098362
6066742
11181800
28969483
29701072
27058062
1698516
6488451
11174343
33031878
11482024
7794344
16540596
30779130
8381562
19795213
13590650
12923873
31637590
11296639
15949668
24989245
10691969
10192606
14961730
13769608
26213180
19316725
16057159
23003606
8422430
30321713
18656629
14829359
15998761
19432402
11020785
21892072
23011031
6120222
28067557
15454760
20772001
11746154
7155235
17104581
12233445
4818474
14912301
13266962
28085116
11381311
10867206
12328747
13883180
9836622
13580608
15941963
34342108
13064956
14401179
8304292
14743814
6557635
25892605
7144500
8326576
16715997
32325882
32941575
9124799
27382422
6227182
5490815
28737046
17873794
7142621
7049820
20402386
28138885
6303985
14114796
7241234
26476706
17051547
13477895
17390191
9322563
33668937
15022863
29764978
11247811
30954637
13648275
8148221
12486370
13961750
7718148
16112705
9674572
30324503
17071398
35145775
5861887
14453380
19054762
9161168
16126208
20149258
14138454
6106854
24668342
31486373
13588039
11504107
29286958
18673390
9995172
25967797
25801879
21502723
22296763
4850021
8123878
13508627
23541785
15979425
30751569
4834237
13546933
8534968
25681051
5877239
16301582
9192595
7436150
29139826
25042954
14571713
11901653
4869351
29688289
26776205
33859539
16225517
19854013
11000093
34039444
7856913
7490936
17664082
7065624
10781580
10846835
18332065
27012258
33430259
12731189
34154647
5299746
16335942
17963014
22236544
20219590
12905533
27942525
10053378
7707400
28215211
13431308
30817719
5830460
8167828
11407732
5797072
12494727
25933303
10703295
16970466
35032478
13281941
15690535
12974457
26074447
11486815
16813689
9041654
32466114
13869237
15072982
16436982
29533162
32001698
14951282
11078665
24321797
6938187
9701319
23648471
31542274
6198689
31707110
18652594
8779117
12649852
12407769
22643498
12081006
9211618
10921352
12451477
26095492
14533743
10943188
8585888
14786056
23512736
21150001
14340860
14210779
26495402
14649859
14056773
18878008
23828804
11233098
9835470
10605787
2371778
11220459
28511317
10604920
20350237
6943701
30959362
15037948
6500433
13707988
26732006
13454958
23760911
15220759
14484755
34552534
13286331
32173104
13279532
14334917
12910360
10142440
24050549
15506778
13150576
21227416
10030532
5776994
5343879
15700274
15650843
9059045
24029537
15022530
5759257
12948404
9671008
28509418
10199870
30939889
8611278
14366109
6521578
8768141
25577314
5637018
32328195
30834777
9567037
10039201
12138778
21071101
14627943
4732199
23753336
29151961
33574530
27326766
26941304
11620195
32428182
32695356
23620253
31831226
10415710
29521906
6284141
14283645
23374391
23396687
23946374
7573127
12157158
27585432
17286940
5209132
20362885
17059890
32227926
11992101
20885848
14085225
14504747
16416672
11854619
6118775
6630424
8488960
4102870
34403908
30232196
15616857
5893139
7445350
25412569
13799319
9205699
31836695
14178357
25548448
33536463
9616462
12153750
5277281
16500375
7948818
8437062
14944595
8254252
13106229
8534093
30136679
7087236
33643497
32372748
35529379
31153610
16030281
29138980
7960731
13620040
13877610
25464505
35298382
19073254
28426189
22424764
5597087
29641981
14112685
6435516
30853773
27218805
9767878
16437816
19572919
7822974
18306751
8369706
11707345
6182394
13499308
10451769
5643895
14688233
28213747
12894986
23904083
11922235
6805626
8628945
9145941
5596481
9348206
15269371
23520743
9634616
16516374
8050395
7105613
12296159
13166089
31584874
15728204
1859749
13769198
4826895
30210095
21341101
33781872
6783093
18284218
15651669
11611634
31449923
30643870
18179878
11213328
5912377
28392985
13858625
15996251
6600087
12779887
5568689
21878986
11381711
14694801
9288693
8643028
15661645
7680274
24488117
9257516
8492140
15572560
16848255
15558935
16454670
15888043
18419986
12379272
22876358
6121758
13033071
24229778
27855504
9036647
8000878
6853058
12765423
6421452
24261119
11510893
12959225
13366142
16085393
34795454
13404720
22139866
8686956
27743259
31682393
11186844
30215513
9267579
6789784
33102405
14425746
13396315
14043133
8380413
7327539
10111061
11962663
14485594
12677182
25047088
13309844
12400522
11956664
9151680
13207837
9136749
12194121
23173859
8339478
14362415
6880368
28131568
15825946
13997266
7441296
12094469
7022177
33110706
19057231
8235468
15043740
20310175
4709120
25433521
8571381
34538944
8405854
13335875
35357914
27636243
11663408
26684003
14217541
12372552
24560060
9992500
33148866
8227502
12257843
17301583
32613039
24822389
13428861
16244136
26158019
9714175
20675788
27054447
10488990
15234103
15900460
9639936
9244282
33867486
14044944
7517790
11971072
5556662
30606514
20690551
12111090
6740201
9606088
15596869
25465237
4972730
15483083
9682395
33499193
22855499
28221133
7897762
15819597
18182665
34843739
11744227
27852495
24046376
3918423
12539565
11248036
9327838
9299423
11936783
5185016
12130379
5997770
33963399
13700641
12787998
12253946
9544127
9624050
7052804
16771935
29343898
16173470
9198181
16093916
7611405
7787269
10605877
8196344
12695342
4821529
14227456
13112644
8928258
24317246
12656394
32336163
31638730
11611972
19380340
6426184
8861666
22016626
12557356
11818994
9988775
18454843
5669487
20606560
8881189
19116313
14994235
13812070
10874031
10571996
11289981
10178985
12790483
5087083
15054689
31102562
15748557
22905839
15247059
5835560
24942655
31839092
9742964
10831223
8608105
14063932
17178142
10442207
30774786
12813838
8831794
33294147
24043550
14831595
2424949
28817611
5248996
24856226
7017260
12967977
20040631
11162852
10314007
12775340
33437390
7505165
26924786
35032856
14087866
16756695
12941772
22878209
19719142
14358624
9414416
22990652
22935041
26910356
8772815
33782079
11624793
5596417
8149392
23875823
20494048
27066099
14429351
16292230
6590717
16046489
9321325
28088011
11006285
15915126
9898351
33651459
29806336
14000248
20182618
13461980
30067135
11506847
27587526
28922746
17428117
25556524
14262818
25766062
5393405
4730244
33394391
11413967
22384636
5943094
15062255
16145487
10090216
8711702
11913981
16073207
16282893
21622126
9438977
32954439
12399822
8972578
15111464
6749767
5484549
15805598
5606739
9001703
24246113
14042246
7667907
7726739
19952575
35127491
4702718
12860818
34758614
18227155
18894769
17333923
22456387
11530439
6084654
8505504
11325418
18015724
6329784
4841583
16178262
33058596
24709526
9984602
6154538
5109527
24403649
34698090
29264464
9597963
13646402
7961370
16544517
14898899
14859252
13290745
10317712
14201132
12070448
10447811
14864202
14159259
29207131
31993853
30106721
8298578
4989824
8822305
12394973
12476805
5763736
26014315
29250238
18923656
13692151
11072458
7440696
32683959
15433511
22191370
8040522
11015911
32130183
35264041
10309393
19970053
7317926
13881226
13108951
13208977
14336899
13159269
31104431
26595665
15699029
10455830
15289624
25808695
12146704
13134178
31898959
29001217
7372105
17348221
15679397
10659198
32692818
6605638
7712138
23775650
14843075
23552003
11494590
27201120
8829986
28074478
20529397
7787892
13411043
13326889
16007464
14618292
33005271
20760982
35273419
5698741
16456227
14628819
24963370
22393957
5538107
24638036
30003193
6402196
20699665
17669815
19774234
5184645
14863057
15490501
13559999
30775992
24048308
26988921
31142303
9060187
13433364
11435175
26548679
9149363
14162786
26677226
6984712
27261027
25598245
9936091
30026773
5578164
5557806
6162359
12033382
6564019
20036044
34681923
12488085
12327221
24397901
12213771
12301603
4805458
10217639
8005327
14258406
6361967
6934458
8256604
18437515
13016015
12890962
24513143
25437943
15505629
23602019
10700277
6782897
12855826
13942655
18391534
15715912
14734439
11152356
24890318
6187471
33795804
11062260
8227576
5988566
33986403
5821932
20080648
18545965
7935269
28491385
19761076
24122267
13651837
27258843
22790819
12789032
13912947
20675863
30748716
19536628
30718697
33032961
21688945
6460482
14297136
30981946
6717425
10697277
33811683
11034361
6693904
6786357
32375769
26884142
24848666
11054446
6451562
35192113
7643271
6646930
12781762
25738276
25968988
5479626
7846238
11124789
25073584
13900586
13565474
9123187
6461291
23654081
16149639
6633338
12507003
31163402
35530759
35342764
10363764
35265019
13608910
9369396
10496741
9028918
16020515
25062640
17966626
13517252
25058902
13788473
15222089
6367730
25968634
26280758
15406163
6653146
28979920
26691209
7008525
19585543
16212819
8563587
10708959
31846742
7088038
26362943
7829960
14086375
5802317
24136178
13567098
14873873
11968420
12653806
21907015
7735310
31208368
12129633
34954748
11052386
28249330
24853910
17901886
16021954
12337650
14120365
16824705
7030483
7744492
6898087
6895182
13638977
13800074
10535947
18815887
6098829
17930356
26906822
5777717
6734660
12046540
24939658
20253676
14495739
9162243
15512617
9131285
9067205
11747994
15633349
10881689
6455902
14690982
9061022
6417866
15440929
12983899
25410850
27035976
11926706
6621683
14989284
31226839
15443176
20679208
14834635
13286297
20504677
27418233
26254340
9161228
13394102
32135289
15456952
6015993
11096066
31123397
13698837
15679560
8496692
15317811
22277992
28960459
12164454
14136056
9382641
7059364
9629902
34164031
31699028
11265511
10993609
21968533
15507238
26415590
7236908
8330173
19095388
19463869
14822086
21908092
11510700
19925062
6847074
8340542
27607503
10951049
20399074
13695631
8609006
9816465
16233556
12973751
29483617
10302590
15254895
31976630
15200689
31011901
13203498
16581747
6922298
8539784
6834187
16170184
27524703
33649695
7405726
11504094
8208916
13498980
22946756
10893569
19858030
5557097
12567198
13147819
15153795
16736958
20391841
13354928
10600163
5986495
13436941
6786090
12570968
32526891
18666250
11430939
6460524
24324119
5777755
13456171
15423639
28827262
8987224
27669318
11378802
13101443
11580239
10389620
15187762
21956347
13789136
25821346
7570818
30517702
33564990
5330127
18930082
27465297
9446568
11016093
29047084
5705092
35460064
7472747
5530642
10760834
9748965
11117013
20758048
27829197
33679803
13441960
8948857
14472459
13107299
4947325
11823477
13025250
4761782
35258212
34981991
19234879
11418508
30194609
13524930
25430023
22915502
7262531
32094174
12691781
13935678
8695538
26627798
10914530
6244243
12038987
11107976
11481199
18738847
32750583
27019218
15433777
30643879
12198406
27661446
13057547
5197303
9594921
10485957
8396794
16094560
11091152
6563905
5072825
5536414
12156739
31852319
14078790
5163560
12165592
16623933
13083711
25713544
14991690
27489762
22211830
30543976
27746022
26687036
6924606
21915130
16662027
11743828
31954778
33785445
5351485
19636798
14838603
23574857
8452131
10933045
6420160
10944307
6892906
10659911
5913707
27302370
12627241
5262677
8454236
19497880
29206972
14379828
6600452
10622933
13136287
29922577
11239574
6796797
19215637
4992211
5932964
13715506
12453681
8230259
15858822
34143343
14881163
9771978
7958174
27919041
4779477
15770493
28481398
24435971
9590523
18009988
13833663
9172533
12550743
12950290
14686601
11365375
19651783
11614894
9508911
23022800
17440654
8795044
5269029
7994699
11805289
29904922
30391985
7242693
18668311
7803739
31413404
8232052
32083674
9082124
22336447
28652308
6667583
13472581
20829604
10832750
32440932
4976002
7079088
13571059
16253927
27257259
33091194
33905730
13039863
26913257
7167006
23527724
22350421
8296483
29433019
30354617
15629561
29277931
5563696
10745554
13365342
9605874
14820817
9214633
13574761
21113188
8334962
14709901
6156616
29314537
30753591
9949507
12022045
10163385
12421346
23200238
20629351
16537512
12787390
12904294
7884947
17209558
15931727
6806495
25073122
20294839
34242439
4885203
13707199
21420319
33335774
32776488
22467526
6030768
26040622
15025109
23667515
20829448
30832935
16243235
14387142
27685302
9594535
9230691
27956325
14105165
35370949
15057560
14143213
15398567
30937855
34733157
11473425
34667686
5180137
10899232
29193118
4705849
33388178
6020751
15674348
15954382
15262719
5147812
30676459
34093735
16914474
15725947
14712750
8419799
9916760
5627889
32606043
10016494
9610284
27136257
8553953
14899508
10061666
8559981
6729092
10739588
25982971
30971605
15493904
16187397
28715266
11289839
15812293
31863773
9144268
13235019
12910966
6388349
24893465
12785584
11270955
5685008
15239193
17376556
9807966
11571975
9878176
32972361
5508473
10268524
7028253
5040450
12750338
5617463
20812567
10453397
4907656
6901862
14788268
12052187
10879216
5615326
8536790
15452483
8762093
12664772
30702706
8053203
6416515
4881493
8977601
23703200
16489911
4855212
14795029
16052651
7687614
14081581
10533185
14530836
29659435
6757744
10478998
30339494
5325296
15324300
12995218
10361456
9187194
23968508
8131858
15628694
20523004
23212322
13670683
14395224
18418282
32863551
23102456
13784808
16576737
15017034
8678770
13070996
9432457
18408940
31588687
4797134
5074550
17465869
33818724
28843144
14418789
20652859
10589982
15074976
8098257
15892525
14344961
20271004
15285320
31840346
9457732
30334508
31373182
15143995
17402005
12961824
29793340
7228028
17609101
7422858
12744729
16304879
5244317
16233181
34768010
15899415
32311305
22280341
34270621
15088093
12330228
23114858
17794396
34219531
27468108
9489547
11086537
26817236
8421984
6233201
28998613
28730245
8998437
7867404
7179750
11619251
12983654
11241989
7379215
17257702
7499273
12677244
15977510
8041666
15808698
16161998
3298060
13306601
12120417
13580112
29334250
11921271
13214845
15448152
5622123
12187667
26018578
25163293
7044221
6437286
7782979
19325683
18359698
10301886
17663335
11475436
8833507
7055257
5010598
34648009
5971956
12632666
10112176
31865384
16041770
12532693
8754527
4713712
6260739
13851267
8164461
25958680
7654565
33184074
33955299
7507515
16562619
13877807
5856647
7325089
10967855
13758695
19158763
28342018
9686946
13972111
10900974
11614867
31620154
5984168
16098135
11919983
8293783
12311821
19082659
18869785
28868728
14404546
32829297
32658267
28421386
13718749
29165986
9275577
11346395
6688633
14591452
11342177
14656624
20761222
5054238
10233202
4842318
15633635
11569187
33156558
32564088
10034159
6849556
34241683
26935145
6162515
30384743
9856596
28555966
10464285
19329700
24382166
5304992
14249775
5117866
16111035
19673977
27608754
30279116
10857969
33244506
6450633
14369728
22544246
11796664
25073509
15127265
12361227
8750308
5853889
29036920
5753524
23033843
11082698
33373820
18539992
9244053
5897511
20144623
7171255
8414540
4747983
14151859
22975385
15407110
13471421
5487532
14813323
11600846
23943473
10331289
8576518
10818664
15197108
10105064
9053835
18360949
13549479
5466564
14195863
9946671
12025105
12965629
9418914
16719504
8759861
7030896
12822827
12552057
14975294
29368693
17330473
22688048
5709802
14857983
14127883
8665205
5722940
27543693
15343968
4713491
8518364
12947649
31713155
8861023
9624382
12616976
35037413
13302822
27452973
10437426
16632708
11366845
32309823
6003075
17833996
6417014
5174200
27467598
7348967
34672111
17286526
32183496
6205759
10756384
11953539
6637414
7313184
12723276
21109447
33625440
17956480
5738088
8546592
19796665
13356250
10855477
14222735
8586436
17106303
13024366
10953495
28755826
6625300
13552362
9220837
12046051
18323860
10239160
13640473
22388359
20354551
9083722
9565654
14106610
14530103
32216787
20442115
12949462
13270185
5983073
11147211
18139780
14305873
24887612
12077892
11162089
24909494
12444744
10631769
4973036
5091830
35527237
20941231
5791608
10714297
11149580
13990688
22581206
11916136
22392799
10607427
34776587
11427437
8576318
21268510
8533702
32469777
7450303
8732618
11742861
12245256
16019083
24981955
13034527
14263258
26552750
29084905
7133520
16425735
10728378
7146430
21064204
19665232
5155694
12709806
17854615
12155438
9276405
4866910
9390168
4995449
5609751
12685187
30514705
10302776
31623526
15994750
6050420
15199047
14494745
5756776
34335121
23852288
7508576
24885980
26362457
32685774
5656882
13223485
10079473
7802241
19809877
26080288
6735484
3808968
6664198
27601539
8908865
9859691
4820282
8692136
14938104
7504641
28589140
12448360
17353408
9588850
12389557
9018285
14714520
18844570
10500036
22261246
5638292
19666348
8840699
11517362
15680520
11169223
25714099
4713605
15556818
11483675
29505481
34247620
7125711
16084411
7077857
24931016
8876754
14790422
9818479
23277452
8655813
30427055
14696839
6536939
7086356
15108409
12165943
5071283
12607955
32023553
11343319
8277034
8044868
15354682
6187428
35391901
32494122
13798237
16291335
23929739
14514204
20956498
13811027
21150853
32091519
11812823
21509926
19969237
25574668
32886168
11375969
6357774
17752894
31686020
17957452
26718251
14404932
13780349
9803154
11312587
12737047
12409515
9532291
26733503
8049675
13919231
14317016
14818019
19663519
23189753
12415186
5187154
7716113
9054598
6458613
15783842
12724515
11862649
34906901
6078366
27329823
19532125
9509934
25049020
10051322
7541317
13823130
28504345
22004188
4930630
6010343
15358811
20016121
14446521
15781698
11748503
11496935
33146445
25219219
25026088
28859269
14346007
5372041
32449224
20213047
12320057
16263376
12206636
9267652
11045039
14628196
13882419
11004171
34574845
25769242
7434157
11504253
27418956
9889713
8093482
26079748
30773811
9675333
5895887
24096098
10036760
20728318
5977887
13569999
27166158
5895100
10116414
27026781
32243463
10282119
9891391
10326253
23379176
12006208
27115569
9961171
22989476
22210495
34100986
21032023
25135981
26930768
8560762
27818982
19453471
31840229
9041036
16228526
25299898
27648747
14196587
7881935
24258701
22582451
12472133
11341982
24649550
19604182
29356897
19862119
12148585
31164500
11413487
14246358
34818923
34174915
26145407
6150814
13212735
30242528
9008950
26294822
9594759
12799798
5165298
16192305
22187464
22955474
20385718
8286062
29695243
26645552
29906884
30315620
4988726
14072849
13835570
31155371
20745724
12596112
30991975
30892980
14552652
30040045
17824867
12892547
4780173
14436964
33033000
7274799
15884865
29453617
6972804
18159178
13915855
19076113
10823463
29688400
13273883
16287124
7647286
13722382
16655157
34821389
4898806
10444763
5834332
31504067
15029504
31147925
13122256
15570203
18168598
10385894
12373088
26275094
14675571
25573951
11742685
5898822
9155315
6300507
11707891
14385560
13212009
5846130
27730860
26430719
14053242
13427658
6847349
10566308
14497204
13458498
18454627
12942812
7042183
14466423
10931421
17523622
20149474
20017528
14914519
13710201
6204238
11823264
12965580
9955767
10244229
34566910
15497129
10254666
19360792
16024604
22971596
33043767
13670348
14171181
33426212
15951173
12909115
27069567
7586401
13654925
5603082
12119126
27969978
12957829
26446070
13107442
15208815
8275878
8143265
8179832
12876344
7128560
12177295
6099963
5751593
12829706
28088779
15895322
6850309
5674948
13449987
32057751
21106237
14642153
10393396
31100579
29268724
32273913
8498105
11234248
10091829
28191424
12927735
17885128
5367944
5399355
8079686
4999108
16590732
14680326
27829947
15665845
24711071
8735836
31409033
15716343
35334310
19194301
7940533
23055488
18664915
10039023
15884005
10576844
15123411
15298698
24320867
7483996
13576763
14364059
9070397
32327154
7412381
34243186
32537757
11271819
22740251
34484044
7106951
4186927
8855407
16120168
28339690
6280117
13411886
27944592
7378239
15498838
11933047
21035980
6405101
33116742
26182835
12229900
6108620
14592815
31362760
34945346
31246846
13581045
19076518
29811490
7724251
10702158
34706331
11957156
24315815
6374178
19926412
9211565
14480453
16045897
9846076
12178433
9029818
19362655
31339792
5938917
9959958
19723864
8609664
6392788
11172179
25135936
33492545
6795654
8377308
14965329
32207211
16090911
15188614
16205792
8785222
14680762
13324553
15682670
6444372
18544129
10521960
26817062
27766617
14427988
7848469
7252764
34099342
19286812
25323067
13514480
9266108
7333252
14126922
13193540
20975341
28715293
6844568
28809202
15076019
11407494
13679114
11526992
13988294
9899006
5437622
31429517
9294338
11111543
11296748
35337658
15042728
8840656
17449753
26818511
15715224
13998181
13562971
22875335
18447835
25473061
10411042
32528784
14026539
7083805
28244629
5541089
12090515
25320742
14245526
13476514
8329852
6447163
34989146
6823370
15885895
22652858
6569277
29162911
30629521
11027842
26593529
9354874
28559863
12475214
18017893
18421219
8924846
29700340
31659647
9501318
8599944
11178626
8260723
35111819
27378909
33161886
6705348
15059293
26597828
29941654
14750516
28337707
13225712
14688144
12295670
17508382
16353081
6782991
25084831
10742722
6290147
10682686
8758830
16079825
8080246
10291195
25479922
11856863
16638642
35318644
8067431
11986805
32704206
16672536
6112732
14535447
13507949
10661737
33098025
16323561
9424932
20472484
17882161
23529971
8847316
15288094
34495000
35062019
24441851
32973465
8080736
16517169
7930269
5967815
12538166
19232767
6533249
27069783
15558069
15110486
8244711
9858575
7871329
22695053
16025805
12998619
6937820
33691746
13659284
6683837
18038407
11290761
29520514
9373999
25703773
12183356
9324962
34484182
16200532
5631900
22045603
34902254
20962558
9001119
7621122
13376581
23888555
34624540
10180892
31250710
14599942
9697555
34469944
5146870
16794684
30733886
8834295
6816364
25074871
30360857
4993944
9865589
29057221
4735914
26512847
22418002
13368456
16074667
11291920
5517771
25429213
5606788
7377373
5724100
6820965
32793687
10149621
12964579
9098447
8231249
8968763
9759087
6300958
19349251
15979580
15839679
31313745
24463853
12975357
21760723
5573175
7601611
9694718
22475126
25083937
15691190
9951085
18928378
7392777
22423585
20939443
25501969
14025211
12769189
6343957
9484627
4981385
14323965
7420491
4859239
6220837
12907494
14017779
33554559
12124092
28323043
14975378
24096446
35250823
20354116
26159291
15041337
11347752
15870007
33856773
27355137
25042966
11135455
13254218
6748835
11972976
17443414
7187641
24863243
9522393
23418569
25910566
29978500
29112493
27804129
9018230
33288186
4873094
5483032
12546309
5704062
33372299
14439379
14148662
10979548
14979073
14246311
10194765
8601052
6270774
14983348
4811340
6534813
11453909
9812636
4713364
20200432
7950360
14992225
16760976
26885048
21708844
24242144
15509741
10879048
30284594
14225153
4948793
13142873
12528484
6481349
5858298
26063974
5842228
5053195
24372584
9887918
23736503
14688258
6830655
12114259
35079914
12241249
25024075
29907568
12334181
9228189
28805875
32048064
13536558
13703113
5884530
21325087
14460169
4734172
33151884
8836744
6232729
9097439
18758278
22277488
4983530
17471575
10664781
13991981
7469709
13410287
10396729
9348027
14853888
5838492
6928748
8233936
21892513
29940052
13003514
7908185
32563911
12721573
8441136
16227648
15439917
6160249
23993000
6407144
11168891
5313649
19097956
31355494
10268040
9397794
7365033
11886219
8521084
13754279
7372673
12401241
12383917
26235425
9618068
16712520
32451144
28077928
11515607
9411045
26715620
7657971
5624729
9791850
4900322
18564265
19226614
30591085
9077102
10038811
23649269
34791191
28936777
24126635
10411250
11129786
20255497
8265678
20977891
13079459
28254325
32696706
8753228
5432843
11100667
30900759
5661651
13549935
14222060
30606166
13873426
33149832
30322565
26920601
34254958
7838207
6171786
6324311
15803032
7186951
7179121
15290293
23826551
26089792
15120202
26895053
5946091
15979684
11608794
9097029
12402713
16950021
14718016
6720017
7429236
6389519
29452507
7880927
11340972
12610072
9801242
27533553
10133367
13464588
9063485
5417784
31001752
8384201
6065170
7083000
11092517
7536989
11975888
17052045
8871471
6284639
7055831
11603999
16208331
15542770
7841524
5542364
11758351
32139081
7987013
12045298
9041572
27862635
8061453
11650074
27090747
17036697
8943806
7093778
12781895
14457723
27533511
20426089
8068542
13106994
23890946
14142754
34373566
20006236
6293031
14484227
14577851
18233704
28429066
15424070
10213244
15996849
31464725
6163624
30312899
8470097
25668649
7678007
8201311
24429503
15973449
20908483
26884070
8388991
17130768
8398566
25613428
11651773
11945640
9166183
8533657
6250552
15258180
28880419
15211321
26222420
22390912
5401705
7444878
20867605
6853765
25141066
33204105
16115583
35336137
22970210
20977240
12682972
23118992
13783535
15147642
19778539
9270584
5921092
5671432
10568671
17548927
35163826
30314384
6750561
11291456
25656781
6032914
13045671
13426052
31597873
17950270
13454915
14351891
8596037
29469925
20703592
9012090
10285626
27243390
12680250
23555984
23605829
14286343
14812904
30209165
5068352
10338370
14874940
10134037
26560277
6650187
11467996
12929637
9067040
28800310
14249901
20803939
18934699
24746111
10513229
10175668
13372625
14255595
26224829
18748900
13471820
29293186
28164652
12503140
20187124
21761269
30609040
12064750
31084661
5306426
14594694
11645152
27809628
28786414
14242988
8264849
13984761
17335672
10973650
10820569
5719311
20257585
19951654
27692019
29810629
29124319
12527465
16420290
16131655
8224636
15963345
12979171
35205694
28576069
4889542
21809923
29957497
8998083
9336103
9002654
20141500
18981352
26238644
10762349
15111309
13080066
22714745
10121793
9288746
34148443
5321164
5546105
5489381
28411120
8977450
16215071
30489172
11359239
10404053
35426671
17353225
10974929
31123682
15435833
17095845
16025980
5664436
10486319
5230615
14054572
15230450
11558091
24196733
29674750
12231193
26782835
9900794
29474491
16108671
13677633
34483048
14514750
4689273
29243506
11673397
7609414
23053337
17540203
5626795
33876525
15396401
13145093
26044444
19810885
24565517
24560687
22132654
8600046
13169968
5416224
31089593
14475288
12162815
8947820
5385950
8131105
34790513
18483637
7854976
32718939
11719246
6875372
5765324
30058207
24936394
32012036
11259614
17696389
20207314
1898923
9283234
26501051
9490752
8652900
22443961
15756825
11883574
18886411
28153183
17530612
13916320
28690915
6130933
13361308
23033210
12646523
30401207
33751233
33813168
10511294
29861827
35296174
11023642
18496645
8474905
27644124
12224965
11916711
12015176
17784988
13218162
5017411
13021053
9216759
15497245
6938041
10844903
11299521
30706193
5649316
26811569
33819858
18751759
15254824
10873382
17386177
7963283
31257796
20130520
10362783
30835689
9170756
11308164
27026805
14356102
4720610
8913011
32189187
15901396
5626904
5086989
17661556
9758185
14390655
27310824
34641034
23473844
25485457
13943018
7533021
10733573
19452481
5333901
14120738
15675275
28137577
34158688
34227652
27557472
14323911
19871386
8536390
17289166
11385898
33740805
14440809
9846596
8652029
17136780
19787737
31121621
5487535
25715056
30020437
34261972
16289955
16332675
13089013
29185279
5941627
19427971
9253405
10975379
12779388
15762085
35363557
22262677
17745454
8677215
11139121
5376667
29837653
4882765
34923458
8867154
16278039
10441067
24403016
25512841
31992416
31814462
8188147
32018876
29071432
12852877
8645859
32927169
16208556
22519976
10774958
25117903
24341873
13010765
12516217
33756612
9709738
8088633
13552340
13857615
13959431
12430825
24476573
26126006
7666132
6980942
25550869
33963933
16844637
7796487
33031332
25424587
32974791
15394802
5373261
15605521
12904105
4857027
26610932
13016811
14365687
21066085
15343196
18222091
13698699
6668068
24097832
15447137
15357731
14006858
16902789
14129277
22083763
8785429
12348851
15855972
32521728
9007373
12877243
34112425
8157312
30084996
14508257
12638353
4776317
13554538
29869534
5117213
10542160
5270959
27235323
4870034
7587897
15530718
4772027
21560401
27528981
8049205
14157510
13062584
35394991
10873024
30015697
6270001
28311790
17562349
11927902
27367962
7048701
15083305
10750012
6868843
6765648
32252346
19823704
12528814
6343298
9730467
9993039
7070567
11375937
12163128
9633202
6463008
13332311
21297970
9304225
34490704
26229098
10949842
5874478
31543111
6875785
23394347
20838121
14245269
28931026
14173896
12463009
7045156
13838854
5674919
13913530
12307178
16202627
10351833
9262048
25225504
15327800
17010876
7488784
27878928
10449204
24920363
13602375
13565794
13661386
10523410
15838836
15686405
10508356
28138333
33434951
24893948
8924978
28173055
23292737
15271228
10745520
10995317
16656435
6750496
10759603
34484887
7252571
14708389
13327963
10435124
6298516
5074722
5446188
4969411
24908336
7458870
15194826
11189091
12136312
24546458
12324747
13727120
20572258
16621794
25407409
12370649
4735085
8835739
9345065
11640290
29185828
8912926
34648777
14918271
6900267
14811025
32491890
24770321
9196968
12634899
6902577
23217947
7842668
10828380
5651341
9994594
32348886
13357179
35332771
8855295
7481634
8561168
6540997
31542871
7478747
8332048
14334271
19573462
26907335
7284291
19274833
11741491
6591224
31997639
7323034
6900519
18271252
14935105
27860403
8909561
16195626
10386713
11270948
17854684
23438027
22913345
16102856
15189452
29673115
7479212
16531860
9008501
16130170
20897434
11132539
4885143
18476941
34851767
9869394
22901552
34460248
13428655
26341967
23180972
11982610
14643087
5271725
21664750
7937143
13671340
16098204
19352278
16268476
25773610
4899504
25506385
4858642
10138757
31614961
32629332
10340449
11204690
3566332
6422159
8954218
29318815
33028713
16480368
14221178
12215145
29455207
18461755
35413843
6984463
23242952
8325277
6324213
7497302
34881113
12513921
31652525
21368101
8923131
30381875
9321848
28290289
12592446
12376162
34727163
5111788
23199251
7922794
18237442
8733076
19205224
26919062
21931561
5560058
13164222
8457689
31371958
8446094
9105140
34152532
8237455
9258675
8558233
26149922
20702842
9966770
27267450
16918455
7869782
9580644
32203491
32678025
9015472
7173220
12929349
22672106
11477002
19131808
8960174
12877659
5926829
25547323
12303903
28854580
14147740
34531396
12598142
23368919
21558739
7374774
18165235
31448891
4965148
12304044
17961886
23429738
18484777
12401669
25153003
8006095
26554445
27071199
12495327
29667643
11260691
7037826
24989782
8039089
6509003
5053641
10748058
29244394
14920221
29219398
22556735
15779097
33127086
23744816
6541022
13958073
14844563
20087839
25445509
15422898
5487681
14389043
23723300
10770563
18703012
10098143
29687773
6701358
7136616
27662754
5752330
8851353
8589182
15136511
15637760
17603839
16945830
10452565
9687991
12716123
24390029
5930827
20892118
8210354
33102078
17000442
9851712
29550598
9656941
16130718
26440502
32511846
6886686
24014681
13595284
31814978
8184583
14069987
12591305
33748941
18472213
7461622
27582363
31417721
11766972
7526959
14408025
11151786
13908427
26794088
20160712
15083409
24959662
29727208
20750281
14346982
25935460
16505673
7763501
13308407
30131078
32760345
7793337
11433841
33823098
8191405
11103221
14297624
12481541
11155568
12031680
32969109
13252011
10661488
14997837
4871574
12585467
23911901
7022399
12364582
33780066
8330529
29695789
14440508
31574866
23025983
24210431
29681332
9758893
11780984
23050463
4718891
13698504
4961352
12745647
29692177
28444795
7615592
11081566
32485539
15075382
30421406
9958165
12405244
19679653
12368666
29239174
8363740
10130333
5723344
9917177
11574385
31579828
12089530
9959612
13368440
15241914
16178542
22801856
9657268
28133584
32314569
13840263
22564679
13075011
12477149
12012627
6534890
8830367
16975266
11223776
9912698
15098089
9039913
22059934
16452531
17741785
14472751
5697494
29381434
9066463
9280594
4805563
15992043
15414193
7947374
13235977
30779010
4874629
26854796
31085381
33192069
5068218
33662553
10231953
5901531
22461721
26369918
22930367
7881538
34361791
19173133
10778598
13745830
21858181
14176884
32967105
29767717
26211236
33976953
9468677
16274650
15065325
8352526
12407108
9944920
29980480
32078820
13436641
11341165
24777176
32203050
19283212
11730602
30243653
29107852
13239557
25880905
17952808
8954518
26040085
14576216
35361760
15624962
31961894
14660592
13468579
33111774
30519664
6618892
13152906
26371370
12047080
22999718
16285822
23107667
7653090
34345252
7246728
20926441
11921492
18561271
15242456
12745628
11497503
18007045
12026459
32705805
25002964
31915873
24308510
13169857
11422531
21304537
33672405
20806078
20754844
11339737
8680353
24292619
11586419
15859174
17801473
14988482
6723896
34419943
7718626
17599789
25565416
20200624
5914493
29423719
11765286
24668123
24343562
15182538
12605674
29810776
29483002
7139580
34023348
31561582
17466103
24866672
23821118
12912393
9914770
20508208
11284648
33640464
8339594
7694767
9555309
7361559
13097829
16969197
5904077
10506606
9521571
10267142
9510445
7142477
7468600
10898892
23243696
14621355
19891834
29375020
30020356
28043109
25127986
30673630
7933112
31216960
6727945
14719375
21509512
5260958
14060480
13629435
23881010
20198833
12604556
6612711
5719415
32997342
26023558
8760764
14538380
21112921
16554927
18130813
16024758
12390803
5527076
6311580
15554440
31343896
12608605
34960799
13680778
10156070
27193227
10148261
14286431
29480002
8078568
16202211
26736707
15826770
6283056
8910099
5591801
32747928
12341445
25106449
13525006
7058271
30784611
6232692
27611859
10546097
13759531
13489754
11972883
4731407
6166441
14218677
10906795
29240758
19113430
14066804
8516186
31996379
25022416
14756484
27632949
24137417
14384970
10338346
13866040
11370151
33381923
12825790
13506633
18961327
7062681
14806016
7141085
16418421
20906110
13029541
7233122
20188381
12672357
12312874
35483221
12229864
15178968
19766398
5819400
27347535
25842916
10566328
30377675
13950395
16218155
32440344
4998588
6532832
31222885
14822088
28638424
16023872
14216784
18636574
20138590
16190617
5600749
14684274
9572791
25310395
12919653
8280462
22217176
11338590
13666826
12525356
14262134
11948300
12766156
32213685
8545946
6549159
8561029
14959284
28182097
9700378
10777229
8882433
22648805
7736553
6592980
26572667
11655123
33426683
7895351
22679294
13005324
30318059
10939712
7136561
5588191
11165852
20902540
19330813
5664188
14491949
12417189
13692390
32382855
28812130
7201626
9844158
13402755
14624863
10342478
4788728
10380563
34224109
14249464
15593015
16247935
5678493
12482788
13906328
27852132
7628214
22171285
11701404
14997165
22622096
6074729
5587512
6293403
26151722
6064487
21224635
31776677
14209948
12504246
25002451
10285633
10483789
9579868
8961758
16887539
10224405
15277975
7706237
16085549
7863734
12007634
11729932
23794817
5471240
24005693
11763071
8211363
16323108
7300179
25473925
14392937
27047313
20759935
5062064
26610395
14618708
9049168
11526570
11624156
6055825
28953094
9318949
22012810
10802054
16700973
14117865
27227751
26271764
28375204
26807435
9410085
11088573
13903745
18080248
8608697
10952943
13036450
9913076
25321678
23618777
12527558
12035797
18916477
16090879
22073656
26747816
23927141
5997501
7282735
19607842
6854825
7710403
7652832
14837486
8525601
21631297
5840551
14967864
8713587
18777064
22449826
18303931
12025134
29497918
33686154
9712032
12184812
15605768
24607991
24369275
6734604
23931038
10650157
14067040
18627112
13270372
25524517
26134139
13001260
11756243
18921928
6724431
30986743
5143507
16006643
13059479
22516448
13951703
10573365
13073154
10095766
7163845
13465441
16424451
12162088
13397689
7574565
15809919
13660437
6682554
7997385
35281474
16934622
20135578
25228627
31525694
31397549
6458078
11796722
27832182
13078696
18985282
32569056
9477862
14929051
15545220
13891807
32223624
12709841
10561791
9321269
11685348
7526567
16541667
7973448
5448129
34068280
13758419
16654587
6367967
26815469
5539257
1331635
27006444
26892026
19945456
22840853
30923289
7133721
24835850
5018477
27544509
7428914
13974278
13511416
5484459
14315510
15727705
6016276
9028313
32512122
12204642
13351687
24979846
5892030
4754918
18290422
11521514
33015162
8255459
9984881
21627835
6977368
11371920
15378794
33172512
6796579
11298145
16017617
7073704
5048049
19913524
17829535
22023166
16232540
10191422
15771195
21586357
6211520
23423870
15640387
7383880
9886987
6046848
13417172
6305268
9928972
21190888
32847477
5470985
22524038
12229002
6754934
8151620
24303287
4947433
10913175
32973999
15366058
5267784
29229955
8749848
4952067
5635822
10996558
6941600
8900283
21136477
13258915
1316336
32808096
21158935
7530235
14686313
34318360
6696138
9335823
10763614
14501979
34458736
15078455
13607500
8425148
15783102
7202794
8903177
28663249
6701519
33308847
11161918
32021024
12769952
8637308
13381105
12054622
32380350
20852023
34943201
35300188
10717035
10483992
27870477
28703989
5971622
23241566
5618380
12527146
13152415
14004819
8933931
16071041
27201597
12773655
24426329
28067356
31979900
7916676
13604399
10755539
12609401
6996523
9588485
5762836
7861071
18929995
24683369
14316535
32350677
10693805
26816993
17037285
6191420
12487901
33968733
9471599
15363572
29801551
12767884
27970353
10848331
31329046
28540771
15374523
10185381
8051969
5772842
24952213
10971425
13143393
25034737
10863573
6260931
26319815
20597425
8024004
26364533
24216302
11971482
9344561
27956958
29373205
31917715
11245937
6093225
34791143
19217659
7692476
11912270
27411798
29416657
15428090
8821790
10092336
23284655
8333259
21162889
27480723
9931444
11019537
9251460
20318422
7770034
23254202
14519381
29568517
5092601
6559501
20304091
10328033
10506814
8047831
5206185
10346116
9701084
7842595
20703145
5969705
4787915
6946612
5188729
8140714
22083073
8762475
10245481
5200632
33390188
4827821
11754363
11840444
9547894
15698694
3539187
6020619
6641151
21451075
11951041
20809858
33238749
15132387
7907912
5511878
14410703
35212912
30347423
16030344
26894576
6563229
22910813
28511608
16102937
14495987
9211936
23626229
28177060
33501605
11608437
25488892
20541349
9828688
14377162
6975384
35319064
11657419
26430554
14488233
5921187
28799692
15145759
11706268
10533999
7750963
6195536
14183864
21368158
4681016
8818548
27043935
7861901
7159597
26636399
14537712
15354523
8608370
31015186
14941371
13750414
7701606
21928972
7691916
28677004
10042273
26125565
30051502
6268833
15880853
9814923
14668573
7729207
19822078
7917364
22624136
11378929
8981812
25400680
21099970
9545672
11566932
7723095
13655793
12065872
14941814
22368037
31547071
6697177
11497012
4755756
5806427
5632646
15282169
26451185
4878530
13624308
20132620
7854859
17015847
22272682
5937086
18898429
32924988
12363983
21369160
29748355
10001171
28412683
22259887
11943612
31883005
12878223
12064711
8114993
18018328
20250727
29600821
9939201
30194840
15481261
8310372
11601618
16813620
11464947
5772670
9149603
15490914
9930938
33866559
22776563
18004402
33624717
29245087
33528045
10573706
13264790
10373508
10529140
18293266
8561263
11573458
28637659
8747986
12982457
30785484
24006524
12730938
6740421
9747558
11773912
10483476
5105412
11139721
5263281
8112669
13730431
23014649
7672651
14411781
24174779
28391941
32095005
27584046
10766831
10590630
6907252
11853733
19230997
15237518
10864680
6006163
29788411
7046096
24448445
7050538
24215561
6157380
11559276
23213024
12490309
4696220
13074810
5555193
14582046
16485015
35487487
9240234
32321886
23674130
31810640
29871097
29531458
18288820
9289932
32274996
7828304
34728519
33480245
23564801
16265705
8993269
7324829
14027250
10143476
14022190
6147013
4724536
16016780
32329482
4926681
14102581
20056138
28737715
30937756
14354445
22545515
23148404
29284822
10834005
33232632
27932970
7742837
31538953
8636184
7230603
14001499
16437279
11048970
11630128
7017027
29330032
31196992
13652622
16175663
6549036
10259537
8089828
7231265
35296957
5825109
29008438
16120767
32987445
28185142
11255167
27234348
11020172
10058868
5939017
12261425
27845154
11659814
20287780
7557064
6157512
6522055
6888547
5776942
13791755
12438175
18910306
16052409
33546765
15213077
6035298
9397266
15932766
33931272
33456068
7077046
5760949
21085192
24035264
15599502
25352824
20495383
5950636
853818
9530991
8447301
21143983
4705292
7691443
13249149
24320933
12950619
7650945
35133299
17645419
34899287
5273609
16146042
15967486
8897568
8463035
12903507
13391141
12761557
23715242
20037214
16005852
6783170
30672205
15931398
13085425
12905025
9931714
11770894
9356806
28770484
15564927
5544300
21498235
22250176
4983751
5865714
7484788
21555715
5209212
25737823
25998037
27404367
16219812
7193017
15505217
7037266
13123426
11302616
15505099
13416493
15989568
10152952
26893142
12699064
6661941
15039795
26854751
7456181
20208145
33725886
6586723
26789696
13685701
5322725
23486726
5646268
10749690
14201150
5861530
32180316
11461184
5927460
16298498
6533047
20220259
29539132
12972990
12398057
8108303
29575774
29566426
11398483
30047305
10506426
6255915
16920099
21878968
9016384
31124867
13224932
5427646
16346838
13729847
28687423
5026304
25805323
7871687
5234831
8993075
27773952
9150021
34100338
24632144
7923348
18516958
7157309
13208319
25047331
7809757
26431991
6879237
14468127
11304698
9847419
6502977
11624900
13003662
29470711
6683970
12367494
13448482
11620102
11056931
24286355
11675199
20158942
10385499
16259819
11421894
22761779
12726266
12869575
6289763
11132274
12768496
16194732
8618621
16325085
15027160
7951941
5251339
12735378
8858231
14299301
31223788
25770901
11285522
8893295
29912038
29493844
9116323
11211369
25582864
14112240
30488224
12187040
34238248
11787109
12434736
10029809
33388586
15131285
5275854
9653054
6811482
7782553
7392890
9740294
16605294
16555548
13121582
32164893
13578017
14063895
34660525
15752858
7667029
16862391
15099197
9016018
7023431
8857627
34759631
22196065
12923064
13987216
16725378
14581831
30202514
15924207
8474028
34564282
8464340
14333487
31085291
28202416
22832084
21268156
14000678
35408023
21531658
5230050
16245515
4968118
16133306
30362261
33377921
10685986
10441441
10944277
33066396
26840735
14266529
4779440
7079861
10983752
31617076
8191572
15930577
7190020
24850247
19291003
27984522
12188718
29811085
1968882
7260242
34010508
19961437
16706703
10057446
4980213
34312168
5588208
13657580
24491789
14393780
17202256
10408209
5969800
14095797
11922751
8095830
32576790
15224745
20246767
4929930
11068107
28079806
21080173
12430259
9073061
15712853
10625996
16633791
14965998
12130026
14189692
4813223
6530027
8750439
20917579
5992013
9105799
25163155
5012443
11836391
10587087
16647759
11746600
18777256
8110790
12909540
25717780
22716161
28677616
8596687
28005171
8151681
10978003
10249678
11709600
30859206
9359454
4832531
12929672
30921615
19570159
17553241
12381463
14756789
6910700
6712106
22052683
11819447
18566392
10272697
19191463
6205018
25644472
31313754
24799145
16542561
12373000
14504861
13917073
16021138
5453764
14209379
6683342
22338520
7721692
21549508
16015741
12386259
10969197
13191822
10964210
29512348
6305117
12642619
17755729
12839068
11577692
7442496
5264290
5638251
9928438
6006667
7618611
6106426
28512865
20261815
12060690
11242121
26572721
4928849
3088150
17017239
22059628
10580682
24404954
11320746
16077960
6731428
28472878
8886883
35007449
29467891
8251991
15443710
12241346
28020609
30390692
16555572
11302231
7949778
21893998
24678758
6631920
9249800
4600460
8444951
9428079
10843587
17311183
25328113
17608867
13343482
33664299
22160791
14890059
21447751
28944637
13740481
15436802
14063629
30412199
29305051
14909435
6448669
7339286
11437603
8103028
8654936
11783386
33142557
10407727
3273822
31206544
17931913
4949509
12724629
7729889
6088254
15930288
14272795
17672848
5234614
7452462
7034759
14978270
15123689
31705265
31010788
8632640
27663747
8009374
6234751
14218403
34040608
35325220
30324572
4976603
12077614
18811396
10570692
16923660
5228906
12363994
33173031
15656689
12624074
5192131
5308880
25650121
8400424
15011825
5143608
11227183
19346194
29101759
10785985
32663655
13679045
14722225
11424682
9043258
8236296
16246743
24334394
30173621
12146677
13402629
8240661
33970593
8335346
15962656
13253323
8354076
23751179
3657789
35057498
4980385
23899946
24080858
12230956
6910770
15959098
19762981
14792949
16229841
14266652
25593613
4822784
27715293
7479436
10294993
27755226
15483599
21207070
5493675
9977514
6652306
14389100
22665281
31596736
35348329
8629227
14294444
19845298
17070519
5067662
7759274
10593923
7010542
23620685
26149400
32155329
15085395
14652337
16256443
7028424
13753995
33544044
24888974
17008719
33349232
6835927
20331496
25731835
14267620
7064497
13555954
16176173
16295650
6515721
13349911
15999131
6596396
25013695
10747958
14448838
4757457
11034125
31384301
14896070
4803351
29958079
7537999
26925932
15941813
7083127
24826436
17779429
15427823
28158154
6236366
24456644
8196188
35428417
29626270
15152944
23664422
23767868
16190105
12120055
20928931
13656673
29652790
11499692
26377022
31961171
27205368
24184928
14806735
5914581
9780741
25479949
13455209
19873000
12671298
28349713
9170643
7786565
15382884
6562611
10181287
12464326
10143867
9405306
5675506
14781146
24560504
20236033
15662075
33895944
25874722
16015745
15564030
6756819
6518109
35359609
16967070
5745204
30208295
6476043
13302269
22512701
26622923
8773758
12369761
19151827
9981053
12187606
5934779
5835677
13515456
32186490
16703907
16420941
24401894
31957433
23249267
19561234
5486925
22071469
26443964
12139945
9500374
8926373
26477471
18071266
7670411
13006056
6702700
25442785
29021293
13005243
14616561
8497069
35419795
28482175
16602663
27653961
23716376
11186767
22343089
15335380
11778522
13685279
15476879
31724375
29235781
4990032
15737382
13090620
23682251
7455605
12140811
15570234
10765172
9629239
8774638
16100250
4950330
13983975
9523305
18072379
26624513
25684750
31946266
10952746
4709295
11531666
11128613
18524962
25089364
12905326
33844857
24691580
17244691
5077784
6272472
16885608
32815407
32113152
7859638
19370284
10712524
33000819
11461915
26810249
24006866
32292858
19285120
26171471
14900052
11806380
9510657
11156963
8650526
9405075
11195018
14290581
12919749
21603745
5454738
28933927
17728237
11754882
15396447
31734968
23495987
14400705
11921892
22610885
29334832
15532277
15001442
14756909
30858192
9347398
16772979
8740217
9858156
25021756
21697834
8176744
33812979
11709545
11740595
20072113
11245593
6900225
33038301
21370279
8184942
24679733
20812813
10528340
27898977
7635358
15325276
15582060
28462342
16061622
18813493
6492664
7347108
22112746
12168481
13272825
32647302
9576139
16625841
10993001
10838837
14145097
6648476
10770531
10431017
11149699
33592431
17159791
5728910
24833951
14332452
25856221
6594068
11944989
9425242
17713450
13530040
6966971
33977526
13769237
11107450
24281693
25365382
12180375
11040404
33906039
10854733
30648025
4883198
7447513
4825810
12388123
31033219
23994923
8641806
13519626
14511357
30988408
30378767
20053531
7839391
25654336
14813828
12962866
24402587
11584507
15930178
11617431
6907422
13550962
8658794
19886143
25769704
13809119
20222041
11313627
33285717
26340950
8489825
17461846
31560253
8626809
25034182
14411202
24896282
29585740
14366662
17424004
27051357
16299485
22281115
12925427
8620919
5842287
11222936
11441946
17102613
16079913
22238920
8836648
15884301
6514237
10836420
7527702
22428394
14342436
12353577
31820465
15099783
17105586
5489824
27042603
6854472
9324555
8520173
31757387
14768867
9057080
1887304
12918724
17247127
13360610
11862789
19187014
11020913
25204024
16783974
22781534
7825809
12960597
6905965
27078759
13413618
11182931
16267771
24683030
23859677
26844695
34589827
15465485
12887117
11055779
6570077
10745686
5606251
15255443
19382551
32763729
8107336
34672363
11973372
27968736
21058102
13561248
13363821
14787553
10315788
15467766
16621329
33270612
27224715
29917843
13774911
6341155
30369044
10127227
14155167
18493765
13100241
14982617
5986446
7894914
16416681
25701409
14596851
11550545
4831687
11199404
7525602
29266990
9925287
8083570
25675444
11378199
15689706
12606304
28052979
6923570
26804672
22648505
4827403
14520621
25671379
19697512
13837379
15673247
14412359
31055054
25022191
15298524
12497592
9484013
11101040
8026686
9613564
8205413
15626540
12641581
6235901
7695215
5915909
6285090
8636467
24858260
22982933
10696076
5853997
14592144
12726202
6696306
19902118
33091944
25554028
17280466
7213066
20740201
29433088
33838209
10527341
6809441
24154310
10243829
6669163
14478302
14964304
32117154
14737597
15961281
9742081
16152552
14752780
13627915
30327083
21167374
26307866
14037426
14311947
7077569
24647942
18839587
5104475
12241093
26960183
15217503
6159581
9498598
19685716
15279658
7759511
5212522
9761173
5963860
5127513
12399260
10276404
8572287
12124767
33271401
13589457
11918057
10549611
15289063
26108728
16176998
34258582
14861353
26197013
7204112
6470583
14510407
13301097
7401975
35509450
6129596
7411873
27244788
33769008
11418070
7239564
10196789
12278958
18139177
9776950
14568761
30871212
35188354
7608596
13863379
7290699
19669249
35347039
6397110
28597705
31104803
8324329
22632581
13243828
10750527
31807055
9002526
26076085
9170568
35504017
23465384
22487054
9901898
10870987
30281270
15098705
4983934
17249338
7811118
16382814
10651874
20424184
13633951
13488725
5807592
12133378
35479819
24365879
16243766
8163156
34397614
29785915
15750537
5722987
18234757
33304530
8891803
26763068
34997594
20677642
8279547
20385958
13597794
17650258
15866504
32449632
7200224
11687177
9334866
17682472
7863151
15975042
24271661
6350603
14777601
7644130
12278540
31656434
27535350
12185551
24555422
12733987
9576966
13278162
19427707
10239807
15608674
14264150
22140796
20259298
29566405
28637404
15008798
31174414
22280248
10810178
34101661
14154847
13226709
18145246
23562131
20565763
8922882
23631710
7869866
15420261
32355000
15476596
21638281
5162057
13483804
12522893
32144670
7179846
14313567
26477636
12289487
6444121
19757938
10879747
17401612
27205446
12501968
11329691
14337836
6833761
4892906
3055873
34208218
34825547
5926828
29170546
32791326
24726473
13849777
8374183
26375519
26808332
22717787
10165326
20221708
14613935
15327382
23214428
14176142
11266523
17874244
35266066
34698054
29017642
6407429
33336413
24169805
10628322
23432411
25881061
11155956
25272670
11105600
8524519
13237588
20696410
12757606
27799311
11531930
25417582
4713871
17418892
28764307
9769267
4914700
15951685
24907781
26728226
5722101
27693627
5388385
19172050
11971806
22040362
8683479
13129940
14613715
12291106
18600955
9839463
5729913
5340457
22346767
5586690
12886861
12560310
35469841
9293905
10840782
27829407
8976167
8516924
11116645
7658529
30120005
21387121
12155780
29304256
22673099
34398094
5355577
10806237
11133914
35320630
20193688
16007411
30636682
12375663
10735723
12121899
14790255
25479688
25282771
18725752
3967156
15285865
26929832
26813558
8164115
8416352
20134528
6149082
28677019
10227229
7637100
12759863
18459481
6044957
6457887
34798211
11950503
5124803
33348428
14020438
12572828
11155783
12542654
16724610
17907991
26916254
14416157
19960378
35177275
13805434
21304567
30457757
11392717
26014654
6020957
7793369
17539537
7124604
15342453
15997528
27592500
35008169
11158668
13502448
8569106
14828609
13577145
26870462
16325934
8317134
32740281
12895927
12703664
15997620
31486816
29537377
13365902
34020210
19771894
9519562
9987550
4690581
35001902
31597636
28411336
12216979
9611075
11409775
27025707
28973359
6521203
13552083
15574934
31132289
7464319
7055286
12693913
11607701
33586986
12692907
12472380
21534103
19918264
14744107
8433380
21619141
19176169
9849541
14074501
16491711
17497561
19775887
13060234
8357435
5725176
30389102
35425681
5936313
26796839
29233264
16175974
29912056
25171126
10506997
7448261
34768343
18398137
10119919
19010278
24050873
12208266
27866031
26812811
10815982
6686679
5059784
10253548
29871694
6094865
34672561
1841305
11649949
10032874
21812470
15966073
6735928
21085165
10082552
17409265
33939378
15620663
6571467
13318123
4844569
30297077
8233797
5457640
34644118
35064353
10793616
15169233
16036823
32291109
23984390
8478241
7519648
6939399
26786084
12838511
8158358
9945349
35336131
34886444
23411168
25529053
8532297
12556096
25793377
8549091
7218840
13574027
5874787
28230433
12965119
15244502
7123562
12995177
11593716
29990452
7799929
8220086
12930758
6846368
11663645
16220852
22100413
16169154
12228230
15960542
21390679
9118755
6130399
29256277
22622963
10357747
21138133
24686537
14121380
14985865
4770576
15102390
6254416
12750021
11672105
18222301
15009638
5246450
14214148
30644269
11355617
7355529
7905943
34968800
9697713
7830490
6668138
6016594
32963796
30124061
5629914
14896829
10669188
18146650
15788206
8530144
29551726
30973042
12280283
17137035
15224511
27365217
10742975
24155678
23938625
29175136
9191419
4759163
35031443
24109766
13967599
18289042
5336086
15153127
7029394
16279083
5329762
10269032
15395764
20162449
2264306
28375000
18504559
13903677
6518727
29067040
20304835
15901675
26995989
4953305
30476828
13924169
21782614
13536774
19551505
13336744
19063216
33216774
15806846
15732251
14074639
5333833
32266041
10602231
13167231
14978168
33805569
32666937
15964183
32112339
13295481
14251999
11777831
21958699
14319240
22528097
23956046
13494223
6423789
18352171
25333492
14435754
11943630
33796782
10291224
5096878
6847968
9206272
9261331
10717199
5270796
11035343
18144757
15694154
20426182
28985347
8682991
18463063
21276502
35395579
23756642
34627183
8461754
15432706
15271995
8787707
13623772
27328059
18474568
10309100
6470501
19257679
9984273
9424683
31148765
15916308
14303310
15531274
11520082
11897161
5858800
34601737
12617223
26735861
19163224
27289830
4690937
26820434
3770432
7268253
7103082
11518536
12152894
24919649
13158325
12189037
15044917
14469069
17870155
16185179
7634403
16924719
5691475
9582220
8850127
7998371
16293345
18084364
23172419
8339834
14996172
25037647
16156892
27090132
6484940
8037321
22778894
24801332
22536932
27865977
25562506
28691089
9225455
14104291
4829627
11503496
17900902
20631505
6450250
7490560
24063527
6001602
27506727
31575520
10822392
20774362
7018419
12554406
10958462
8183850
27067560
10139095
31298282
16686420
11627417
9397174
12002888
5709846
4830350
10977283
13734070
21248389
12515946
20821072
13749911
28607293
15625831
24532787
30972370
23339168
20304961
12745957
5687142
34980719
6841071
23423747
15880527
4785160
33329442
11074966
6831693
4752281
12369745
14568051
33883944
5542248
15346090
7745205
20704504
10650066
27499935
12321065
21630883
14040005
33715578
13169902
33442526
21952402
10052277
15112425
15969240
29095312
11439195
18714376
8293536
12186379
23031983
16129877
14711000
33146169
9406166
9077166
26620649
4907696
5194971
6531213
15813353
16718328
11499762
4725535
8522083
6276918
18113251
9325753
12995191
8737160
11081920
29537254
23774501
13215653
33033654
5452645
31664966
29777425
32966235
7819067
6101467
12810923
29996623
13336959
7672441
11874162
1286875
11158800
22951265
11800964
7467525
21810592
24462452
28227052
6323847
5768334
14145127
13156201
13505627
26196296
13062211
26562953
7947529
11740741
8473346
12614583
10933859
25689004
9551524
15156619
14724992
30588844
5588114
16305539
7312160
33160593
15361225
14844280
26424764
9220905
29151430
24380954
19774192
11888276
29494423
4907725
23311355
32779032
25732702
33658803
16009776
8440839
5740385
15587865
14940888
8542444
16217223
11259336
13625345
13579770
11358642
7920378
31526270
16282686
21536662
8677454
6182457
5685760
13233275
23856599
31253623
14729651
21249715
5175898
21406471
5757813
20806123
10693074
23475083
15545755
14137257
9330947
24437393
22929752
17095443
14795489
10351557
19072618
7683335
6317904
26993151
15578557
4986804
10290947
35068055
28940542
8684511
1997743
12240018
7183526
13536029
16305422
30650578
31607695
33419531
16243323
7420482
19990687
11867461
11270599
12065727
23945057
15490622
20594341
10352792
8164899
29194474
9496874
9013588
23589014
5187595
6427418
14642081
15813725
12402616
5511826
11428054
7227004
35391481
18791395
19839079
6900731
9959870
25574242
5376980
34842902
13972904
25564015
32599224
32117622
23796245
9000937
27330429
25963378
17359054
13229222
14168775
34625671
16263741
9829425
14878581
15569787
15386275
8145373
15220577
13917387
26132330
11965582
11304286
16046054
30687031
9416098
6013042
15645386
25659496
18742510
7366522
10499173
10656146
33470234
20631853
16262681
12894592
7896358
30049168
22698659
6664573
26753306
10078806
10958343
7606863
33533040
15104244
20304163
9446696
33274200
8316709
31316802
11850749
15270304
4766578
12071083
7883335
34745226
21326767
24427964
14183377
20266414
14439325
13475643
12890502
13265738
11957921
12004421
10834047
33536616
14855410
26224040
4145637
9875875
15722452
31466903
7215495
7098081
12998622
17660782
19248964
30910152
25175578
10959315
25113877
12256843
5450958
16141743
24661706
7717593
10058932
28912774
9722709
11131445
5198255
5607628
26477270
34157320
7923423
15081424
11564323
11794347
4806028
32954130
29754424
25143127
7841458
4935640
6839582
14919379
32777034
31708247
5775497
10032934
5621622
14033256
14756530
18547582
17369026
13375163
26609705
12611659
17391595
11927936
29969284
14114082
5614205
10139929
15458666
18002860
19637176
12356015
18114904
6768751
24953824
10312938
34937423
30370214
6064673
14536128
25161151
8203407
14879515
11175977
8304965
9958213
13473087
33162960
8357795
33711681
22509155
12417882
34692759
13492426
24925070
7052880
10529810
8437764
28411603
22429498
20573971
7127398
16021207
19996966
19633234
33834336
32285646
8835231
5009496
27401244
5650180
6573703
22486856
11861661
15625508
16058318
31601134
11961856
15751046
23016347
7615243
13941278
11994173
5981397
11644367
6852543
8369769
20996680
30957937
29852266
17221651
10895886
9983403
15310707
34233901
10071736
12672450
31179031
15335452
6120167
14892781
8702723
20755870
33230904
35447986
14244065
35003102
12393605
16276527
5938969
29419075
10764250
12120058
22059967
15053783
14818959
5600519
17021292
5877053
7052839
24221651
34538749
4966267
6025964
11426295
14002170
7841794
8968337
16347471
15013783
9995626
10850352
8225110
12497777
34674634
13450272
11909728
8754687
9041282
14868073
11045909
32970402
26674511
30100505
6471653
8199469
13027464
12746595
18032161
25406032
10352811
16229577
8572429
13944065
12662291
14507312
12330395
9319722
20022979
8774279
11543851
6751147
5449867
33011871
17047653
9099731
6936467
9170334
6809240
11545668
8066256
16224749
5571954
6602397
7482881
5117807
12643836
34060231
22269652
25059742
12154458
23611322
6758883
8108052
29238652
10725472
15060197
17920054
8437530
7107036
24655586
7366852
18862876
28811113
25592203
17170495
20932834
4695806
8020061
14704554
17306977
13941556
19920961
5593679
13222271
32909694
11813831
5062937
18815107
11930003
14059093
30960175
21329167
13600068
23827181
13316598
29598340
21625138
13076373
32034887
27271302
33493589
22678973
30329345
20199448
11629929
6093142
12517968
9798096
8037069
12732917
18988057
11917215
13736165
15595362
9000225
16092246
31874921
17851561
5510446
15368166
12102373
35031308
24740489
25249189
25957306
29071339
21041545
8408606
32174187
4903975
20896135
4844651
16275677
5387294
16516890
6688023
6664419
9699473
5848025
11057079
11760244
13958771
35022104
30277310
30110918
11080557
4810259
14077554
6097163
28632910
13478161
5905766
6020995
5837566
12448433
6553827
8319819
30830586
14714550
7823517
11322714
35192677
15741370
9157544
13550638
15639188
7888198
26816456
13303911
13305457
13697505
31626772
25176625
16241414
31415990
20630980
19572328
11935266
33794280
13354465
26897948
14012905
25722202
15028669
21929911
23563103
12118888
24215732
11869357
28055454
4785690
9075827
34459651
6547547
31862054
19729483
15846658
9910387
26540507
11617309
5642681
13971580
10156519
26577551
34022643
14389054
14099924
20938315
7931834
26623922
14642977
34570189
19799095
11279529
18772204
5884825
5206436
5740422
9230501
12966921
32495289
30618766
11767303
14150640
9860025
23203415
31597585
21637300
21598039
5027964
23928962
5687908
14562162
11963674
22345792
13638036
8159997
8884383
12156017
11659150
26963579
28660849
5358015
9792863
13704754
15424535
18778933
9857733
6812489
7170906
5303633
8854123
31210498
25727785
11609835
14230950
13214309
12762869
13335692
9968035
5247834
12581770
20390449
35051765
24148988
8588438
8721959
6099192
4716223
30048772
8440257
13411855
9731556
11000667
12156360
11809988
14679896
25308052
15030391
13630821
35205307
15364616
12146748
30078745
8800922
6395754
10933046
24086465
4933845
22003543
7024351
11466094
16122530
6117422
5312864
30197975
12714553
34595050
29400424
10858981
7010836
35370415
34870526
28970332
12185967
15226631
26042242
27198054
13863410
7207373
8160050
33819657
8659919
12427362
7777641
8362470
15656519
4688098
34570132
14789824
16301549
19163875
7897456
11326099
34169227
22159972
8633172
8388308
4979324
6294422
22189342
28991083
5136360
14082081
7050031
8755122
15157069
25098322
12842511
14317025
2245802
31417445
20923933
20559826
14427740
5359020
21778264
21122578
9622110
18022957
8203091
12127424
28836337
17218450
14178832
7721551
15422672
9882483
13900004
27557709
11852695
16233071
7945152
35416945
13788852
6944561
9191926
23650835
7592807
12417854
28257724
9877082
6000933
15758975
13168750
6408438
28269730
14825145
24065258
11079666
13931897
21705520
14597096
32261670
15720302
20934967
7111951
8967767
21130687
23814464
33506957
32798304
21231799
12062573
16286360
27110832
8085159
30612031
22570055
32387943
13614149
21597241
17626024
18904744
15980761
21271612
16368828
29702455
25512058
8695133
14152534
16100834
33285789
31912030
5044173
27541962
15035946
32947107
29583646
11359273
7944714
22399798
9519764
11320897
14583361
13365857
31232254
15184732
16459950
8406891
19325188
5386594
10676579
9631840
11586791
25624258
5801025
4107697
11486585
7133771
13121077
1939570
10633827
28603681
21728131
17917552
6048838
6751876
5138356
32911377
12517422
11013295
9802815
8565659
6798458
14511881
15675909
20256823
7063464
6542490
26760227
12094126
33723099
9655054
15347905
15033252
9380623
25198792
29857288
7331409
31266516
22499345
13355485
20450818
7466622
5740388
26567087
7636511
6341558
31247416
32309856
11086776
12435446
14589175
34450876
10350270
31136426
10850896
27586629
21604780
10334251
7637498
4682663
4702637
12339244
9142460
22327663
15066321
6439697
12415400
15418099
10349751
11295135
33081387
11998975
19447627
24947239
25740799
17018778
7315512
14766984
7275064
13533449
10233636
32861508
34350343
10020602
13876797
8638893
32973813
29059303
27695472
8861169
16594230
6102260
6088820
10941672
6537708
10800567
15027315
13968180
10745610
31808480
9816728
8877901
31289525
21832651
31410488
21408304
15043358
13006770
12621077
12330384
8626750
15209661
6941017
9265224
27811341
5814122
15173094
12467791
10237485
23155244
12383254
35060102
13587495
28542745
11689552
11978920
9732835
15263480
17353444
11876757
33562665
15911160
20370283
9097270
8236986
19976509
12101470
17735464
13565416
5572437
18229474
13994145
25241257
10888895
23293256
5627038
21492979
20357452
15795963
31785176
17614690
15852447
29641129
35119409
8783835
9963395
31524404
31217185
7651156
25158196
19020724
33648333
13763513
32726721
11997446
20613853
11042985
5464344
24295619
7767988
29915404
11098471
19125994
29673319
14629308
15116052
8257199
9647125
8719353
5217014
30922815
22760441
11224854
25632511
8129421
6326910
16938516
13314895
10020292
13697529
11517996
26538437
24136784
4716222
13471540
6703536
14612149
25905421
15067907
16172260
35178499
20575441
10678521
19030918
17842258
14908554
13862179
5955091
22436773
11085149
31784864
9328149
22442227
15273235
13640953
5954114
11995434
14451297
16059906
15790020
8544357
10823700
10418929
5241209
8524185
32619219
4891791
10542409
29957734
23389706
17459362
6501258
34043293
13701982
5358603
6880529
25513714
12879335
6271227
5779786
29073850
7836912
34645252
19881733
5491157
33070863
21387703
16269348
7112135
8684731
11633982
13760851
16258727
31348240
8116847
17631220
5020529
15579752
11945414
15530596
15644110
14543609
8555239
5682302
17311177
9395221
14147751
6252590
22513346
11060586
22411453
14034716
32000375
18483136
18997012
5956965
5939064
21876790
7582323
13210581
13429154
12177195
10713527
10135965
14009649
20105482
35153323
26601206
26902037
5314924
7526214
30060022
7541915
15774639
7871942
15278472
33030984
11998411
7954674
4934625
13049395
18054847
30574633
18848641
35358208
14893848
8778974
27156678
10597156
7732677
10575174
8117576
30302834
11678794
14128184
9417670
15808844
11925394
13851115
13270444
16632051
5424560
7747321
32682654
7949979
22817621
13776966
9177355
22318522
31144145
9153881
15102412
13883129
8666789
27237009
7563405
5971612
9215609
21226858
28474180
28952044
30993652
13703427
6182039
13104569
29331790
13346185
20286337
10345271
33979902
11187302
12580863
9867406
8109810
5780651
12744429
6711024
14228131
20992903
34217317
13338019
13585359
18419095
19493152
28923898
31310730
13433808
15286035
22926671
11628107
7647616
34344427
6841979
28982281
22596122
17994682
9052646
21109357
6884136
16228626
29077492
13033747
4751625
32947494
6651146
15397332
20356000
26185202
19737046
5414960
5007324
13076031
14045843
31645012
30209501
8735153
20565229
13535239
22912895
17425699
16182789
18579067
4727783
10235103
12233958
12722459
21604120
33684306
5442652
27136224
8184778
17446012
32109162
20215411
12427195
4875012
18852220
4135784
12478516
11168469
31030615
33572586
5331754
13384577
14344309
20544184
15071107
14048711
24554993
7849118
8025236
9581280
20928736
6851924
19537690
15675558
35105168
5135521
16649655
7139417
5518472
27525735
9983469
9928733
16278744
12513009
27261429
27379119
16454379
6613050
31632691
8643466
33394982
9835129
8536289
30368528
25973425
6436746
26262449
7310784
32124339
9024126
20298172
14724863
9650719
15274527
8607350
4725186
30069886
17682409
30966916
19646710
8658411
11473246
35156608
13773170
4802501
4929193
31488656
11857590
14897227
25767904
21779887
8688534
14253859
10791312
9944716
21652204
18744247
7896810
15115810
29582947
35144476
24331157
10572172
13899501
8919265
10764420
6912213
8290718
8700588
15711810
9878710
31323495
31072694
23714048
10215549
11309619
14555991
5237948
27847191
22017430
5569214
12163373
8720473
22588991
12312130
9400542
32960868
8729249
13160442
9239099
5004292
26618714
33548913
11623060
6667476
10340758
34237825
13310963
31906165
5669129
17968612
30922788
13970446
26303186
31107269
15691348
5185689
6570300
6439114
18156754
10770390
30318797
15841075
10266488
19356208
32002043
26836148
27186471
26372342
11163437
17061843
12307173
22375024
13352174
6805611
22864235
34915616
13317502
11926994
8952894
13834539
27871221
31770002
21092305
13500793
16157387
12835366
13658741
15123958
15044791
14554009
28547362
24770750
15467983
20929600
14010753
23098061
3232616
6847851
7179906
14253335
14976788
7701698
11384118
31324620
6835071
8232954
23151179
21489247
8707508
5669902
16144069
8585949
6208709
7131631
18636730
8899281
23574017
5124507
10596457
31549036
4761452
5544784
7223223
19308697
9355249
19291366
8456214
31127894
12276450
32376999
11813705
19751014
10816629
5911457
8613728
22739972
32533527
8449133
24732158
16313040
16068128
17910700
13425745
7158496
11575253
35113685
16167793
7451056
16174228
34299424
5765170
12311660
25848979
4475230
17535103
13573241
35341816
25397695
7054198
15261361
14673441
17461819
8900121
22685153
7536561
33446312
14746502
12884547
5775756
29498014
5994913
5667462
9859909
11249410
21497329
12746160
8068985
35112446
5176966
11415947
9731134
14820183
31217842
29752513
10246133
11734292
6071347
8547934
18175510
10357800
13659442
7789147
14799825
12877475
13055301
26250338
23014217
35472466
34813040
16003700
20609581
7160854
21401938
11165014
20604187
15434319
13277991
6658954
12828612
29917714
6675065
9725512
28032456
11520296
12302226
35326612
22101274
15170056
7907375
6639274
12037365
21045349
27632697
29063752
7468102
20032624
13448671
20937796
9142845
20999620
28837417
16765053
9024839
29729731
12936588
6621092
33995361
11014330
26209307
16727973
10544956
25088851
9591993
13449552
6161044
12397233
10935201
5182431
28958626
23247902
23474621
8761212
13178754
12812856
6024166
15979699
6449836
26432453
20920867
30594928
11374629
34047160
33782616
6113277
34473514
12312067
23372177
10633243
16199052
15212828
25900078
26720537
11423837
21035272
30418100
13269674
7741252
26781029
8512680
27177531
8645419
15976213
12667477
6710842
8137893
28460992
10927703
22883771
16844040
13987215
11805656
26842487
7060760
10120528
6641083
20717371
4722093
5689927
20198800
14263284
9695817
12132682
5370594
10729275
10584001
14902457
21019858
9815722
12241176
8270385
23779571
17694457
14469919
13230079
32285868
23550671
26947553
8342499
19785103
14284268
8722189
25451584
6100261
34497439
28007406
32868864
8963331
20878537
29721022
15366300
13346221
11018732
11478074
10795009
17597521
14924604
31373920
23555732
13646970
8044872
14480936
12545822
5571678
9186981
27433557
10556321
12070063
9997471
7386721
16248124
13629954
13746560
22393384
12118746
30908691
17600461
15862130
9847144
16740522
28166833
16126284
24013160
19798243
12454459
12634892
5912662
6568763
5773781
28988239
9308037
30229223
6255480
5439527
34827488
33388823
14183222
29128897
21266851
25018963
23786525
6307001
8032728
34561705
5961583
8708280
15867645
26104660
24577043
9516826
13697814
30275606
16216428
35071466
23516738
11127945
7062010
5756064
23484857
14699781
28447216
7717986
7522150
14145705
8287140
12058078
34241173
12079083
26001436
30487924
6690764
1841831
15266726
30241598
12355190
14531880
12945074
32764527
14442160
9501655
14142555
12834130
19771405
13917446
14770105
14254622
19259566
30913941
32460654
9669511
20263390
31181080
25391977
16068864
13270414
9906407
17730781
8738430
17800693
29330956
29829208
17472070
24299690
7190259
33405929
6805111
23254601
11940480
5897533
26194337
6105823
8419264
29231146
13196121
28418458
19144165
5791656
7442566
24092435
20728360
23251415
6857300
8962301
10629334
9956061
20902777
15485177
27914088
15876567
13554120
6517916
14504785
34251559
7342604
7668189
14292326
16475571
20041381
30734359
9444783
14929293
16080259
28043823
8333491
8382327
30880587
23125247
26187773
8866894
7891743
31960481
32931999
23704613
10433540
33719046
10649504
28647112
4886298
19406107
5726156
9832239
15242523
25510381
12893948
24959962
35225692
11815211
9822895
10971015
6490928
21087289
13778493
13886642
6585472
24313055
16524429
6861006
5334305
13358562
29847370
6523078
22701191
35395522
13050383
8435020
33736413
19230859
10953480
15824551
4865053
33504185
33533640
34672381
15758744
11038225
16723062
9004726
9972979
12329259
9535157
9136066
33120090
11519683
11745156
5375609
11745340
30601876
24168014
10453221
12398867
31154300
17583508
5225249
34314736
27846912
8274293
11540239
33273792
7679596
10245624
14466678
14250098
23856761
6716849
10653568
35229376
24066479
8634905
22952588
4702428
6759428
9472835
8549237
25143670
35006624
22689371
28550548
5435020
10660234
16006926
15817773
30425813
8710340
5754331
12067716
34308157
7727520
23571848
11700755
5310961
13535233
5191128
33860142
12031107
20322508
16896645
22985294
15873094
10176137
30351320
13350647
6686674
8425071
10977611
34483012
14656934
18726859
9028981
19875370
5920788
12124770
14335606
30991123
30383939
7773065
8116384
11531466
4807397
29672920
12422054
9919946
16929501
10618235
11725893
34193374
29474713
12668877
27222780
7579959
33023970
30692158
24169562
12374059
32447649
16352427
14862865
10037140
16184564
5480484
32377005
12980336
11451782
32772690
12263391
13493399
15027303
10579716
24317642
13047939
7698004
12929235
8934963
5801829
11671375
35224666
10978718
8106859
9445931
11445868
14693255
12506789
35308696
17934514
8181611
22589195
15594044
13613109
21256759
34245583
20799337
30029011
21185044
25881766
4852501
5530226
26045947
15049022
13128932
32367900
6781638
13169545
18827683
19609321
6050941
24433742
10927795
19889809
20803921
23146346
8593274
33703497
7806493
4959636
13682556
7138805
16058135
29637955
6517930
12925501
5598833
5343722
11940574
5035274
5189607
32395371
6380168
24545699
21424957
10835378
13917796
7579887
6013335
32472561
32803770
24912002
18902989
7966697
5160341
13058679
13782633
29633026
11594163
11283417
34973387
13812130
15501768
10437590
16028214
21830209
9178207
5017432
35515126
26343176
8108098
21466066
8205452
12148923
18601459
10902662
28098667
10681048
10171884
21488782
7235395
11627808
18360184
10106417
25082743
26922107
16233529
25576201
4749170
30678091
11138462
6800324
10000308
8742957
12809071
24427949
12741064
17555560
26677844
6107042
7419127
12598354
8534934
33938196
26126729
15025320
28586971
22529888
26114977
24271115
27950622
32367093
14227104
9102074
32504868
25591213
5571886
13697746
12529012
19490185
10452326
4707059
12823311
18947998
24549833
33050082
7082179
9080330
26786813
19439872
30852825
34799882
4685343
11243028
34681458
14076614
34936805
7229535
8704731
14705325
5381565
9166214
9741744
12888323
6896281
25750822
5128920
10130076
15439825
7116352
31014763
12412520
25952704
15917613
15563418
19347934
23972714
23370971
9493369
19187497
32773191
11631268
5511142
7932314
9922403
33247935
19722499
12312149
29516917
14622091
9652186
32495271
14481828
7726372
21858721
6015645
23696519
7963405
10072629
6896795
31339708
8896254
6702451
33497867
5572496
8517821
34783439
23190746
32378307
19354723
13390703
5668869
22438471
9878053
8919997
10598797
18994612
28358365
31905370
33845178
9472604
6915353
34457014
11842231
11443755
12774376
15098596
10351234
14406069
26446199
14945658
27986187
10755220
21767866
6274869
4866472
30965113
12900935
11158161
8242937
33585741
5962894
6589278
15696595
7939198
7402801
14641035
33762219
14676173
9162067
9698168
14574216
24969481
9486061
12630482
33742725
16414569
23807594
10259072
6679459
9269145
23684816
15373122
8277404
29522941
4751797
16155212
34855643
4838176
26879723
28929952
5021712
15453827
33076542
22142101
34815152
5121749
11003841
8140559
4643767
14529549
13531074
19700434
8158917
26073562
7246129
20413579
7194454
12638440
14089330
6061186
8132905
35318059
10204713
13988154
30744531
34282207
13742620
7286761
26041012
23542118
12039129
6640770
16160196
15603567
6407701
10062818
12758529
30723923
5573505
27299025
14236145
11238157
7675991
11040655
28115365
14865356
9452552
30045622
15354621
20265172
12400180
28199242
33658608
7364386
6705472
13778238
5782014
29784400
12404215
31571257
12749626
33650739
14057325
25783630
9263925
22744952
20559490
6315564
9398899
7671760
11603392
12793668
15591839
26354486
26287364
33876582
35510551
26342921
6867564
34473787
16842732
12857726
13725169
19220074
17479795
5607403
30066691
29061760
11921771
4841430
12279293
30189905
13051176
7562000
17172673
28592386
19769857
6255244
21420055
34406716
25178365
17963047
12984330
24155402
17833375
13192404
31831232
15268534
13257513
11628467
12203062
9000453
31197868
11069673
4875823
5443764
17500810
24715286
33296949
6237085
7150670
7669172
26401334
21126238
5373367
14366096
10982452
16918191
31352140
6679685
9929048
7215008
14893086
11902883
8908237
12989911
6557870
16151353
30969484
16801173
34868075
24290933
15046641
11892682
25286875
35504056
5160790
5923805
29988259
5418837
7430622
10979822
8311624
8650751
15433738
23045471
20389279
33980982
35350261
14038985
22301575
8464277
20490907
8186902
8187443
16206839
17934019
12765072
34782179
21391207
24825605
9483808
5519307
10668935
28489600
18354442
6364256
5309083
10975756
6217174
21935191
9810640
6413013
26141876
21044026
15105822
19952941
13165093
12968379
6953034
14604292
6201550
15101268
10762777
7528760
10585732
9823624
31841450
32423037
25299277
9547004
18602170
5498254
32848335
7116853
9320337
19354663
12197388
12812990
9455733
28870789
12871616
18319933
23899493
14165613
8559546
6163769
7141797
19256812
17195281
8753187
8022445
31226902
18854626
13711147
9291073
21678040
24901226
29679991
19111654
19555153
4957880
6384504
6072890
5263742
12465519
9135871
12383878
10435780
28808284
27035811
23483270
25488232
18301342
4836463
30964150
17836906
15537098
5033257
15624771
16095612
15747805
12563024
19212289
34446628
35404498
22819022
29944075
27548925
22662986
2113217
23282030
31757654
15091484
13048682
21938308
20061037
10187300
11035635
13736930
31775291
12436963
6239254
5292559
13932623
30334889
18734725
10366755
19924468
14612986
29253220
6985785
30202445
6057149
6305812
11248154
5444594
15285215
28643272
6718860
31239796
8106851
4720677
19008880
11210611
24182231
6632748
8591407
25910872
13539799
6556557
5345017
21463534
11199252
8930141
12611599
20305492
15131338
14317288
11708486
8809812
26750153
30555130
17305042
30035455
8641246
6609291
24453842
11181337
33925143
5150851
10688534
5077788
1184405
10661575
16454070
13564401
13001161
15426982
7749591
16015207
16589208
27065592
14999675
15084166
8023512
7656961
32774154
18717856
5107244
7301501
14513096
22997834
5991879
15731071
25955272
11016720
13201308
7814890
5693361
13210786
13721885
28649140
6479240
9068240
13152308
12885797
15191572
25564960
9881825
35246758
6038384
11164630
15461751
34778393
13469879
12615241
16011311
26055625
20946295
13522737
19325296
6317304
7811814
29949145
6633861
6057270
12714791
11407475
26821700
5700141
10551697
13103556
11192270
16752621
13796244
5306831
31781213
20131372
28539085
7994306
6443156
26799506
7364571
15943782
4835480
5358212
14824919
29132524
4811781
12357798
28318417
15052439
8760668
5743221
9915484
20115367
19678888
28832809
8816187
23956067
18002359
8060604
11232989
26797445
10573710
24110186
16420824
15546070
11644728
13207153
5477202
22279087
17620948
6455298
20771323
15163711
27595347
21373687
11032304
27322011
11732290
6246590
7237350
6590503
9498312
7848653
10344902
17093910
7615138
22620773
12944904
33961197
14485095
33305640
26887868
12509421
8078055
10752271
23943545
14405815
12933749
12061446
5084312
13183965
10701853
15004257
25102588
33509231
7102556
15228452
30354968
32154183
35044661
15899446
10214149
35289034
10562741
23143421
6383167
11906050
5007358
9960863
24610691
7845132
29449597
26016238
17617717
19574086
9189185
7896597
20030899
5282088
32643504
20186269
17780458
11209172
13637053
6109395
11240346
22034686
14172870
15585577
8939775
11926501
21411865
12099823
8531674
4955442
9998921
13878207
20579851
5385370
7396798
30323891
12634761
10418040
23212421
12213775
7281234
12284145
13264784
23612177
7496821
20742064
5260607
27160941
6505162
8221557
16865238
9075301
15885008
12266622
11970740
27604419
15704486
17420938
27254760
27545799
11228143
9819386
8561080
13250635
29679775
16651809
16015667
8430343
7205997
7879298
14911750
25082173
15674589
8192945
18531427
33948693
19240333
23931122
2962317
6759516
5994612
18980764
27332919
14771165
8627208
9537467
33359720
8004807
13384671
15148994
9347928
12699283
24856718
25619089
19974406
21130861
12028546
15843491
9353170
10515991
14411650
23794229
16876755
12477436
15986629
11119841
25494211
9748181
14898864
26258501
32270832
10286185
22303708
25640182
24191411
6503795
12700113
34724082
31343692
7359486
6810116
18567166
17431561
23563442
14595256
21628132
7275342
11140629
22728167
5288128
17819416
33158283
32974647
30045346
6712509
20847712
30647731
30038539
8063340
17990998
28681537
8194399
34683021
28991119
5349800
8830761
8237153
7444206
9088575
8801550
15506093
20280760
13866311
26962448
9041504
32791311
11960287
19129987
25166710
19156609
7036066
20976967
5088605
10604988
5019808
18154501
33659907
27200118
7595697
19965757
31870208
35041262
23964767
35154355
15727819
16674678
11340551
26883683
11239733
25009834
25232644
32134134
8740023
11090361
26497295
24313484
31433159
10882238
6953291
16114078
12212164
12356688
18687133
16075276
15458977
12037925
12419972
15752728
17076066
9861856
10946186
21830872
7151083
6768882
8079552
20837047
14057761
13308639
12514509
15052216
21775816
9392769
7835482
8339798
24663239
8156706
14924430
6424253
12343954
5883443
34350004
30805935
16225044
15165060
14594135
17617333
6078247
11444503
9633447
4694975
4706909
8168702
12652287
13410356
5126850
13337183
31566283
21490987
13558410
6805608
8340499
21658609
15936571
5130334
14569006
6002686
9470723
11309666
19289317
13616144
22106317
19905091
30723113
10361225
8069569
18012496
14733038
15878644
13101098
8830252
13000172
12289624
14326443
18617050
5660655
33025950
23419742
23602919
4844119
10102555
25311046
5681554
35342635
15591093
7167370
20491999
5391288
15730838
31038886
23902304
16891257
23670971
11817684
13801114
10646668
21676858
11209314
9278976
15946877
15100835
6694995
11928392
6315077
8250163
12195119
9606630
11647404
22841756
10978486
5582148
13317218
14463198
34380523
9969101
7283208
13205574
6939500
24483440
2010677
22703810
10023525
24214505
17003748
9134620
26606615
13118010
17544922
27319026
19735414
13827849
14578956
34145101
11417846
11590513
6529702
9305464
13563674
6568996
5640811
7100937
25522747
20537536
7580753
25058734
11023941
16943172
21875047
11037949
10442624
16738485
20213308
28492501
14491864
30962878
10034329
9464781
15371884
32046168
10237488
7940947
17613523
28972240
10445883
12713689
9505304
28135426
32040734
32295435
11540215
29975164
8047086
35030366
26781194
31153073
10829960
7711932
6949074
32706981
7859132
21295960
31090163
22085404
8463985
16750161
12056024
14753265
10813306
4805725
8900027
17934199
7760564
12371381
7246713
35228032
31831664
18731176
6136229
14470759
11268416
30691306
12715199
23808995
4691658
13632891
13209417
10654092
11648720
32489181
15057848
24238079
34089748
15483929
4755638
11003088
7711680
16820142
8001453
24050099
10286262
5025497
23063936
31647215
31532650
29207935
8617774
26447330
15185657
22169230
14202841
26370827
10279863
26775500
14750906
13896955
33690204
30205163
11193542
5072337
5179336
9902626
16505988
4763962
17556640
8693495
6739011
12959324
34781480
4996010
19469542
11126572
7614601
15544083
8190599
11296263
24949222
31646084
31899199
30962197
16033325
27970743
26111614
25848841
32114397
11922674
4691153
34563853
10747364
35169961
10242432
5852971
18795832
5667071
5952576
27511968
12612516
5970382
35478583
7136432
13576419
20323645
9208028
13136536
24495176
12799457
5107491
14784178
25350676
10642790
7395512
24487385
22744385
31434683
34705869
9513420
32414061
2201500
9995405
6961205
9747884
11793057
26743439
22233478
20563405
25167316
17020917
12721335
9350650
19099351
24827078
33126888
7070535
15651484
20023813
5391092
11264220
29765671
8543595
13656442
24531776
18199030
27652035
22967279
13947716
30798570
13384610
19732699
25429024
30278777
4844159
9989533
23502206
13535151
5850089
6384102
26169434
26637485
34547629
22947308
10969555
19343383
10490186
11192532
14168739
7658872
5356843
20084140
10615998
16750185
31749770
12716903
12964837
7090874
19559101
6977800
35284720
8285710
14815267
8482070
25280005
20113045
10964506
7994766
34259671
24366167
7935110
29569135
12996149
33891213
16933401
9622384
31776491
5068877
6146559
11568922
6331645
12187200
25329622
8845266
12161992
5929770
24433055
31047508
14041471
15150717
7753238
22017820
29008666
7688073
5487123
16197709
31256044
4758414
8496598
11115878
15415435
30599938
4695580
11855121
16345590
6182379
17484865
19306396
13956277
7886853
31900945
31555456
10286748
32114550
33550230
13039089
8488887
12136121
13732908
31371892
15659609
5791864
9890525
24997123
35221414
14557722
6245629
10250087
16454250
12397724
6453757
26904542
9453946
18278377
15359764
34548364
15702104
7995796
32751888
22865987
16378659
16003408
28167403
21827539
30332726
8232340
16026275
6514046
13370016
12685772
13522851
14220078
12673249
7634844
31164758
7487184
6460975
6210330
15383962
7411538
15449398
7988944
9893207
9267034
13805627
30514807
17538622
25953220
11786844
12945584
10121868
14172998
17092155
25322530
18817087
27752952
29850850
14449030
32210616
6846967
13326758
25938736
25223239
12395006
29762581
12971987
32588343
14518137
20534155
32641230
26249996
22784000
13021992
6486268
6079304
6370658
34620280
22397392
10877618
11623670
6489210
19148341
29366221
32550096
25085218
17414002
10818481
8754665
12830657
18805597
21127150
15229274
24145331
11887933
6424396
29939125
29270779
6709564
10863221
4766704
11629994
6905143
6754519
9427474
14158402
26003077
7104959
24467108
9405196
12536348
22045234
13373567
11447683
7535911
6360603
27322176
22958660
26320643
15905335
19901578
19583845
22194979
7548358
14257166
21754747
20728078
29096293
10693438
12882967
14115250
10554090
23512511
22632617
20332117
15215221
9262128
6622142
33191316
28580944
20857612
21365650
5373210
17407384
7535670
10294689
6932068
29517454
8610853
25861042
15862907
13393820
8620825
27179367
14061675
32192631
27644586
10915393
9059145
5649611
5084559
6220612
26841914
30339335
9676736
18600643
29644909
10242926
26623703
8021543
26815967
18715933
16016678
13073389
32704506
12066355
11926039
8939530
13292098
22762910
11177547
30061618
10725383
27818829
13252594
34559263
5800419
15080446
14503798
26785508
18179572
12561767
10531249
16178771
29942611
6479127
10311126
7773910
7099689
32092989
19054864
10443481
23811884
8827497
15539496
20344408
8459891
13531337
13065136
26658092
11161250
8000155
26395745
12690411
8585991
32983656
18187996
24272141
4768660
9825354
12481001
22324372
31433927
6919995
5934214
6058393
17039151
31871648
10346407
12296650
9529786
12605490
32672724
21687961
25729792
26528753
14809699
16118718
18597829
12870682
7073171
15778661
4783436
28135144
31146677
9294609
20065969
14173318
7239280
8979351
23923028
12085603
9968067
6599427
7752390
6806611
15222639
11498913
15058256
10741775
12587848
19933288
29109346
16900914
4814144
5334475
6480026
14211165
10531851
4685225
14737134
6054095
13031220
14822971
20631697
31322118
27569562
11757187
15532783
8126696
16488921
22808393
5908266
28411414
10549170
6415631
16948779
5521654
10186705
5800501
28355800
14046756
5955424
14795672
7042643
8745571
7584050
10042666
10757971
5780343
22633811
5405750
35035442
10142863
28424296
28545721
10252480
11895119
7051613
5226026
13143251
5848591
27820734
13340977
8137313
13655052
7179862
32093064
34031661
12606785
4863662
19804552
26350682
13666938
27208272
11976429
9570266
8984781
12326048
4958830
15811252
11833186
15000293
27282246
28380457
6120499
8431344
13120481
14314647
12064233
12010929
19689328
11228789
4810486
13280493
16478958
10491363
18009727
15654463
7125420
32464998
6807131
8298403
7626767
19675558
29463919
6760797
32033216
35495002
26244803
22708928
12696304
13407123
5542879
13192853
12003367
23851889
26360084
25676251
8720041
5356935
10077881
18825898
34285870
9261896
14890432
34204138
30828981
15668153
17490463
7670403
5372539
5337472
5090537
11354900
22311010
8752861
6032077
6100416
14932492
12094536
29931871
5866815
18737401
10023891
10369974
33179304
21791218
6611817
12373492
7421908
14187348
7262984
7991351
27549183
9320942
16489848
14281083
9299224
7609300
10935405
24478559
9661350
25421023
8049047
31928443
14416660
31714490
11903534
9529817
17650696
5645540
10269932
25745461
15891463
22249441
29658154
35528287
12236481
10716132
13720507
7531636
16127436
10373686
10456869
13318033
13368013
10470248
25419862
31256845
13845373
26514401
13815724
11013432
31922539
32264991
10229017
26850653
25584424
15808471
8797191
6450259
30762240
16687164
5692901
25400062
24902495
9237857
31738403
11366940
27779190
18766912
13988473
16814397
34200157
8659146
8230138
29828932
9474431
6979676
6404623
8730373
10158952
21907690
33703671
23385341
33948951
31111154
7683509
7953065
22921421
10536186
16000556
11914024
12708951
11947391
16171933
4850498
21817216
33470537
28200040
14691837
28970227
20939233
9326551
9907931
23625179
34214023
19201189
18333220
20398390
11989609
35358124
13588707
10775867
12061292
27458469
31927153
34954094
22227808
28761031
7958258
25490128
32457777
33619143
11455455
12427715
11215850
18918646
31587685
30116435
7904021
25310734
6311838
7518246
26806814
8043450
11044009
5342127
17175619
31980587
27969711
30773922
5213968
28909951
29250172
11456510
33774144
5691062
22082038
27377616
14386937
5928156
14690294
29626441
7906417
34117783
5646775
13873588
6203568
9337787
5882198
10543457
13948832
20182702
26844551
32293875
9132724
9348201
19101763
12961325
25816747
10232638
9341712
22287325
5989377
11398782
8631044
24875384
12313959
10584616
19395187
10424924
26134556
6545461
9112823
16200472
13236197
27224841
6355431
12909037
15377543
7793125
23127119
25193674
21482152
23608031
24238181
26108305
21318334
7049231
6808234
13065371
9680193
25512319
24966940
18824194
34413019
14330239
29078509
34263730
15774351
19951594
13222307
14267202
9120105
4956111
20529472
21358411
7563307
16270259
28230778
5929976
32563704
12365373
13693576
12951974
8994064
14137523
28090402
12370925
15043285
12882171
10312730
11372292
6090158
14434954
11216549
8588055
13756613
15000678
13288707
9927925
31323792
17096646
7754444
23415593
16998243
33216729
9581842
6206877
5453847
31369009
26524880
6199850
24459134
7216660
6544353
15820814
6402444
9608179
5738019
12941714
8599657
10118755
9009426
13835075
34996361
17693932
5670730
10523859
15273198
6611482
13984958
30562537
14731581
28226593
9900948
19548112
16720290
4815232
9193954
11907984
26080384
19067653
26645960
19197829
9362470
26270231
25177081
15444088
17943706
14393299
28862140
18314758
16211770
11635387
30946447
13375328
12306011
14736274
6881920
7083635
26540786
20702212
17075991
32552646
14169851
5571189
9338281
6560253
8945640
15073191
6634615
5232319
11590393
13582133
13043817
10223273
15357189
31423316
11738711
4691622
15836746
10834797
14332514
33685557
14925946
28414864
9140766
15052162
30042280
9972547
9661903
13922497
16223614
17447722
10916282
14023189
15424102
26385287
11628272
6943220
24162338
15888497
6934410
8137263
8234515
34164025
9011666
17520604
35146135
17598451
8391563
4442057
26399636
15881837
19424704
7443229
5114138
15531315
11851669
24450725
6903894
7081194
10600893
21278959
22068142
15101354
10018604
11916376
31497683
29590300
19850887
20942665
11754640
28519939
3837298
14214406
6343551
14984836
34823369
7083893
18211573
8204706
31764200
6578126
19726498
35331424
12587104
9110438
27889569
14338260
14516133
34136995
30296054
4764944
25763032
14519415
14641724
30788460
8441332
14638560
12093262
14769693
34279225
26633558
33840903
13060678
21154726
11550112
18499759
7235826
16158469
16417710
28512910
5942588
10100390
12008941
6278754
6806841
11417717
22436296
14742758
5746671
11502596
33865701
32210661
29584843
7769807
10684636
6575717
6386014
17392252
7051875
13140612
23617583
7675609
15432774
9944387
32987514
7704363
15262268
9437727
32480430
22093021
35247733
11827857
12129282
14932424
10703468
6633542
7081446
10037853
10958969
20228641
33351008
26686502
12788678
6088952
11164709
14609384
12211664
14875682
15446370
13616755
32200509
34461373
15816548
16329468
7294428
21251617
15992058
20613847
4741254
14364783
32145411
9902656
11696252
16093169
13881329
5985772
6446444
31038490
14202564
14755910
5992667
29236582
11614847
5714241
21518044
14478238
13699509
23847050
27971631
6778349
12731435
10296631
7238921
29813917
13759123
8117118
8976470
33679422
6073200
19142893
27372492
6531829
35199934
14976036
11454343
6952258
16831326
19946953
34088812
33154602
25402282
29926621
7912664
5330190
5117210
10408037
8512143
12120620
14111985
5886886
4945328
18523441
18917098
13741122
5447896
13660257
21155635
6995166
23563334
12353164
6219759
19085854
12427686
8666126
10350706
33137742
5302568
6384775
6187032
8080197
15445682
21881695
12239094
4897820
16463211
9887372
12358463
11962883
33787899
20469169
11154883
11075895
7968532
12613640
5610297
9047264
21881161
5640857
10838609
5407365
25927072
23345732
32982897
6583119
9175428
28677076
21434749
5326671
6934632
6133155
5047407
14131913
11963053
13866247
6487853
6573470
6046831
14958129
32738490
15985873
5386981
14104554
7430218
28545910
21029683
5766613
16038107
7094031
14432530
33750714
13228575
7197655
18941485
28038231
14672334
26091850
23860283
15222979
17803000
13486716
29160565
15857129
7359789
10815333
8260189
24152651
20978908
23432099
24854333
15950516
10049693
15534789
9896427
4771990
17093133
7634693
29384218
11839830
14826996
6877169
27463479
8079112
35329918
30643972
14770228
5976508
7369245
13602203
6983212
13356672
15405584
4736822
5309094
28382257
25090072
15553393
32818170
23733695
35248951
23504378
9032963
16130469
26745137
26607734
9780174
12802420
10179411
12668495
33647811
16375425
4974020
15338545
11058543
22280284
8272334
8822635
34762049
17134074
9732951
19694629
7035209
8549731
25230580
26352890
19310941
16201474
15354611
17209327
26977346
10583160
9678661
27628215
4723711
20145382
14361892
10107007
5088586
12305576
19282501
11387245
7755639
15975408
14054611
34957226
12992852
11059459
30533431
5128201
15318911
19781815
13213450
29622820
5827060
9766929
21926764
15736133
12245050
8068684
31502720
32120007
12755160
6630936
29396275
14480483
10203362
15243457
9852056
13668537
11231388
13764407
28232314
10349824
7207704
32656686
26505569
33927387
5550963
14047350
10649405
12535016
17407213
12819193
7380469
6059759
32039585
6306702
20069854
34901435
7820138
15610396
26742419
10597924
6595500
10176635
7540741
14490130
27394863
1243569
14341335
13702610
31387889
15570969
14317506
6765265
5907082
10709799
6537944
15426208
12343160
26588837
6271482
14664134
28223281
15537456
14403737
22049398
16045060
9661839
9746452
6125222
15840822
6652121
7293472
12633443
24716675
33178488
16527714
12987463
11068868
19542121
9067540
10045756
33150486
26181569
9335775
15534054
30131765
7720233
22851500
10130449
5277157
33922005
13418773
12422701
8421423
8152408
6271112
27846249
33809499
29857261
35269294
31023460
6475568
30826365
24948004
21244969
26606930
13930073
15218381
23331104
10579538
7222361
5092441
30721289
10649305
33314694
21217540
10700630
12528755
6926815
22949810
23926109
14869961
19781875
19114819
27105888
17451565
30298538
13706458
30000574
24930071
4788265
12201581
26193602
35195695
9460401
10668511
21462535
25448071
18356284
16283981
7080302
12480375
32725296
8310025
7060297
18104674
25790779
9797843
22017961
8891243
24316139
23479763
24745649
5047272
31924492
23798537
4803211
14195701
14142450
8905406
16382856
25239511
12561500
8758198
14523136
13492025
24387491
16672314
30347825
5664193
15521376
14871575
18764116
5560710
13789229
17969911
9725942
31250524
6338875
24520793
30846618
6458919
15333937
8880695
11815391
8066994
18711091
4680430
29992693
14243147
7012317
16264820
29109442
15983676
13891747
9087838
29359804
15946007
12238238
28022709
10110423
9087541
29991070
6198708
11041281
5281906
32731638
9393088
12549403
9784108
31987283
11435702
9616067
8078259
33101112
9349033
15350145
33006795
15700757
8788248
8757394
33390917
20876419
13047262
16467621
2430381
16671876
14264847
7625630
30598834
10208861
4760824
11447889
8207648
13682245
10539393
5762382
5847846
5346349
9610554
12709119
33205947
4840597
10164154
7172262
21990658
25472005
11091801
33736971
7321878
30408824
6041646
26579261
26576831
19815895
8573912
17388859
10475416
13070645
8894300
6538849
11370004
10298696
22138480
32644767
14075774
6209350
4837064
8067796
7009329
14675914
30558199
9109122
5656976
7215677
10190682
5952714
16237333
13082905
13263455
13743449
14655044
16499901
22566182
22656284
15349916
20458516
13416288
14209767
16139702
15993304
10185010
11896765
5543817
10668712
9339713
30551755
8252345
9848741
6449614
6807188
32553177
17000832
27402192
15688590
13170689
30535399
27584382
13749800
13502762
8417349
9024003
12414656
26751473
27634242
8184971
22002073
20351722
6209041
16097557
11524071
27698622
13742052
16576248
18822091
10923975
13981909
33828855
22640222
8744101
5484483
5087582
7296510
5755627
9703207
34288894
13829497
7616406
9820008
33161976
10952531
8746002
14299218
29867281
20364781
14147718
15880471
10794789
28847989
7542703
16449825
8427443
9026828
14996255
24134630
5330919
22171369
8858553
23793173
31841537
19739329
31512854
5605363
17662387
13482761
24240026
5364940
24180692
29273536
10845092
11305798
15080568
27210831
4798420
16950390
6536837
9379666
20254468
8225100
11596223
27904188
8698706
15500971
29103709
29881564
13304413
10180591
10024792
8153612
13481155
5228338
23938325
12575880
11087281
14240024
12874863
17565958
6092892
13711416
20450110
5524965
18183781
15960462
12796915
25335364
30182510
28006356
7432878
15812570
16050663
21937060
7266381
17949055
14187831
1761425
10040542
14548004
4758407
22675499
24319277
18277345
34206061
14717018
18089083
9616395
5654166
13058587
9637285
5329830
6930957
10874236
29936458
23604104
13210398
33794904
31708712
20867326
22494548
15782849
5503014
9396893
18246646
5529986
10374826
30565234
5390688
8147910
16553964
34146154
9020225
31546801
25899946
13889391
32500569
14603180
11846140
13148605
8013791
11936626
9034062
6766588
25756285
13187144
8717429
9957918
24979033
19392613
12687150
7809409
11126245
7016600
4763097
11273315
17849290
20892199
9996494
15442199
12778561
9118479
8928158
23384567
14448040
12486771
10770238
5464993
13668850
15514665
6346229
15618496
11982661
21233122
11025444
10218401
18422659
29611450
23416790
23401901
24201209
19399633
33560610
14460086
6358875
13697785
14982504
8292886
6241510
14346761
25643668
13663023
14239111
9291775
8316924
27919053
16924812
11623970
3024425
12640857
28320787
26316410
19941145
31986608
31692344
11877789
8669440
5838227
16943004
15788950
10301050
15590139
12659020
5810805
9206366
21451957
15098903
22533992
9914862
29184772
11684391
3101532
20193307
17610625
25292809
5032542
12268597
6518684
5263241
10334636
5384712
12766109
14285432
15382012
19734940
6933872
15570545
30859398
20542456
12251181
34680912
11771311
16994973
29167924
14879857
14391189
10207909
15375601
27270804
11599387
25879753
18770899
12523822
15991450
9520843
32344434
26570825
32607660
7106659
11092971
14491774
14127151
6436053
22628288
26015092
15322975
5229731
7269142
8335617
16206221
27623667
12069236
25227424
8405709
7054630
13662414
15305571
8870921
25846198
16606299
23093009
13985374
14903265
24162479
12646316
18816475
13729165
6112660
6335144
26999112
10228887
33532302
30152321
10806750
20250247
6122687
29441512
26239436
11016386
11571304
29230183
6297827
19536274
32582265
5902123
8369762
6697840
20300239
33289341
15627913
8243908
9490844
14690469
14887955
27361479
14572348
7297438
21157078
10619822
14653717
28052538
30640840
4355747
7932026
3886608
9220214
8095296
13150298
11234566
10690561
16526691
27143823
25341808
14423781
15743093
5847386
5690673
32126382
8182436
33515075
34868084
8471669
14103389
33569379
23893595
9389023
28628497
12299394
27927882
25022098
15082160
6977785
16800603
23195066
31386554
12584838
14370677
16090739
14240523
19649551
30447371
9391508
13792492
32752227
27329025
34379080
8020794
7851826
33587997
13084345
6926906
7168213
15220906
28539490
32582778
8583469
31015585
7518929
17571187
33417755
17089638
14219457
9635138
31176295
9792106
29171092
22593149
16081571
7222796
14991882
7821303
14130493
31001467
11093978
27774876
6712380
16001959
13741113
17375083
10434824
26614295
34499257
4748013
7878477
10489183
2242517
9716240
11129012
8387272
26785319
11144924
19291849
10589386
8086736
24028397
22710680
13741402
5682758
12028907
9792922
2424950
35390125
8950876
30568951
28062483
12543571
8168506
13551412
17748316
16348113
12639084
19795675
19774024
5341057
21033685
10476455
15269418
29422915
8685532
6257515
27338634
14483171
25995484
9249176
11406779
22523186
10529994
6743877
10856874
11874980
11665081
8592393
10487166
15560583
9338153
16010878
7039679
28836586
18282277
11422442
13101063
17808064
5910673
9448364
33215157
27481176
9973163
12432801
21456715
12867815
10877011
18364744
27493212
8488821
11315187
13416753
8761103
33619218
14047299
34784858
14766167
5098294
5588948
20058211
7183871
13678989
10473687
7872866
25092232
10561939
33734229
11259303
11222366
10591111
12006026
15804690
30454793
28271500
14711466
11444755
4719664
27087468
32606151
10245470
9556880
6047902
8609846
11034372
12042245
13287673
34623565
10164568
34162483
13890950
12496796
24289001
32200647
6638219
12770221
25124314
31531186
7529443
31813262
5987824
33347813
5781953
15485502
12717330
11170365
25855006
15369669
34253047
21617851
10801751
8002991
6572637
10762819
5700874
5959011
11809852
12479879
19694047
33837489
19894252
11235716
14427601
9717676
12870162
13421118
12037344
6809600
13115030
12081321
10681155
14154746
16835886
16023671
6374858
10051649
6247783
17459281
6849155
25633606
23934695
10594503
7722318
3205800
35441890
25601947
9457111
15663575
20827402
18840295
28132909
6223268
27513018
31066517
10099409
11362685
19287541
34446793
32766876
13761617
10101419
10856193
24549236
6845317
16749339
10942195
9067809
12606695
21975889
7983269
13262859
18041500
25201132
13648901
9826295
26496098
12377973
33336800
30722234
14710122
13518806
35168212
14716244
29608795
22570535
13384910
19636915
6030878
21672832
6666178
28030833
35409355
24946189
29464279
7649205
13973601
8523561
6851187
16060911
20760049
25139995
15704631
9128754
11929589
11223933
13342256
8635262
24772691
4712258
7052808
10600922
16707762
12148497
25169758
7480549
12713081
13649890
4967371
14608568
12191482
35140901
12250712
33265791
9929666
14115184
19008532
6748229
14687435
14316124
11304073
9862964
5574373
11586833
10373420
8462718
16085094
13395480
35107769
9879880
12644485
20589016
28693528
6863117
17187655
16031863
22108075
2241939
6411336
32722749
15635836
21155227
13360353
15155299
10606889
10795488
33712596
14220339
12937107
34839719
13910222
11989222
7472020
16142671
18466024
6273589
18278449
8689380
32777637
35320966
7849363
22618793
22168387
30679117
20259724
17453332
10303564
9831960
8152377
11299532
12776644
18664246
16360074
20971909
6463672
5336225
29993596
28316569
15420251
5820983
16139502
18984220
30514957
7469983
26828192
30456803
27790962
14825765
30824640
9320618
33948312
13465413
35147194
27366822
10885858
34755311
16305641
4721568
10009977
32514408
23229593
6777700
16107078
5697478
26931023
28776214
4938290
9739044
10641281
6312273
15388503
8347956
12617607
30266141
26256371
8902341
7885674
13102964
33401768
23257259
11470764
8772538
9420304
21766321
11037994
29912233
11553348
5715776
15432362
6994142
25534990
11585409
5817455
31165157
26596502
5697199
4781700
11305587
22195456
14996321
16897740
8514981
7306114
15840733
33573390
14984905
26000959
29232157
16478745
21797053
30330395
24475685
31841852
9313231
4717347
6625693
14983957
17641687
9253860
26665895
34258453
19021987
15878284
19639420
23516201
25171483
13841289
28674424
32196363
7829670
15769421
11894865
12987533
20780536
22127701
7742930
13587165
8893122
5687351
22308061
13752049
9657564
19584796
25788616
5126173
6860100
13369515
11110642
13345973
29785261
10744388
7180587
35504044
12011272
24417485
14202458
31482380
9923154
14568937
9854314
28641100
12077484
9069524
21168718
24723884
5994515
19816501
22571009
9682525
30155060
32301873
25099699
24534230
13967145
10553954
11651857
9867357
20707297
12313730
6847124
18558298
12272507
14699195
6077932
23169578
10303826
9984373
8057203
5946203
32232690
7204946
12601187
15780601
15183105
15234439
6241837
12692956
8957691
32749164
31922152
14461793
7925385
5336976
6810591
12796425
22199407
30755541
10413899
11924591
15027042
14501293
5863842
14182702
33649275
4789027
22344142
16243604
8833439
4799356
9656144
24321248
16233877
5535122
20680441
10795845
18687487
19970116
10968471
12638836
19853728
9990506
34177036
11035481
28769269
5240957
6015978
13287836
28697728
31363954
28216363
16146251
5113264
14826698
6230241
27514335
22503956
15412665
18341827
15965533
9750480
12874974
13224140
6387978
18362173
8487985
5858343
19304575
14162306
9970369
11084814
25783825
8318304
13318645
19173466
33407435
17625211
8417092
17091384
27121677
34814864
13829227
13266677
5377791
11819910
25604437
5814287
34919927
19523410
8867721
9341294
32521107
16285733
14219656
6028335
6695627
13640405
16175759
15057882
34740858
34396582
15153134
6759010
29304574
23641658
15569187
16021107
22569737
33952101
20553808
34813892
16233791
13576957
21423652
6176668
13122261
8392848
34626688
11643084
16278765
10480144
21891697
5945222
16605966
9235306
11278997
11760254
19390399
5612357
15708568
4809939
5842256
14271159
15567311
14049449
28266634
10993881
6905290
11840051
28092295
11695071
16129345
13227035
31167950
13029499
7668004
14434634
15431288
10386175
16104985
35098757
12262032
17898190
34862213
22815554
7927934
13950711
15883580
6268683
31039879
25348396
21749245
19669864
22762586
24296996
8550619
14608039
35165836
4814841
9967534
26656988
9740519
11068872
20683576
13551271
13643648
7574823
23732948
10939114
26904347
6655621
25472857
15762947
23108387
6242266
7746519
8214066
15863770
12697648
31706858
30233312
9112919
32244177
35478841
10111094
8762249
29986522
6183048
28155031
11331361
12346768
29841634
11483215
4890508
34175296
12665596
10134745
6138231
20955409
14711952
8358390
9028899
16562622
17543416
19357672
35052959
10416001
9580573
20473633
16130699
5356012
19652098
14317667
16701489
30336620
30191729
12639561
27716283
19596388
21471952
25819207
12340804
12610268
11939314
10564873
8295718
7122306
19985647
29386891
18711943
25933081
6279661
35446903
17812564
15106545
6519057
15361255
12072516
23049710
35153104
12426958
14670752
4869358
4981230
30498190
21064519
22305967
27964719
8397966
9058404
15958150
21540502
11043372
16524339
26130389
9445839
4992466
28748569
14105960
9330129
14175164
11682737
12722841
13887019
6595389
9894315
19184767
10825985
13573941
4763981
12273701
28499689
13059295
6787380
6190634
13736875
20164435
27859983
11432165
18938848
14900121
10110433
27969627
15212780
9309663
13272397
11955638
13664066
15786019
2211922
12042408
9075700
7149617
5271058
8010411
5535891
11855369
14080243
5153343
13176999
8622090
7425527
17088594
17517610
17628112
8130336
6330951
33770700
12978739
13070273
12700186
14343300
6695318
15042478
25755937
32538108
33640041
35488966
12661860
14398034
33065877
12986570
12397901
18081661
31709213
17997226
10475441
15004650
23331515
6280180
13272809
15051252
5960055
9312757
29156464
10262968
14038666
18446962
8581861
23751953
17768137
5249987
13418699
9153558
24186428
32182512
2063770
14646113
29853715
7092262
5333246
18274864
7505808
23412683
12754930
14952966
33510431
5302862
15657634
10036561
33465548
27465150
9638332
35326000
27702177
7440861
30685888
11556709
29925424
33554514
5631748
23047901
9919166
5462039
20466121
34637758
32137002
26859044
13741621
8419001
8621490
31372684
14374787
9746852
13521365
5010376
14930807
5101543
15735639
26874380
19112818
12510970
26012818
9200701
13702464
8626640
28402468
21335629
28414951
22309747
10576402
7292988
8442367
18462229
32149308
30482192
5746804
8290428
11720286
10005511
28214038
31866338
32282322
5642608
10844383
24480902
11401815
33343232
10461310
31895458
27174741
21610567
15030637
6808369
10672779
21529051
12598847
18063709
20288614
14204330
20232436
11659598
27714771
12744641
13296344
7140513
22786850
25480153
32343915
16251162
19472275
28485397
6522755
23996162
23812304
7676232
11023828
12683373
28797199
29814985
8986445
26934275
25902529
11774266
28748743
10626566
9259702
13442394
13617126
16823874
22053769
5718362
16814091
6470882
8783987
11320302
14813361
14077651
15023907
29118139
29059831
10713580
6397253
16917528
27553104
4796558
27895722
33039813
14984996
33714201
13711255
33056424
26386709
24066182
24787817
12480694
5807853
11035934
21761329
15421603
15152465
33385085
11859188
28535866
32970012
24241028
32965317
10431478
7879266
12592428
32314947
23919872
10932569
7843061
14733924
13672467
7804507
14418451
11448303
32223720
29374375
12685359
29433685
8406790
6909341
24428441
16763076
6303028
30443648
21394297
4995236
20249362
21984745
4794581
13027911
30347693
23327528
25250200
30431213
11809400
15994848
19985236
26975945
19961389
21761032
32931468
15120820
12431945
5839563
21612568
6428145
31318041
13936665
14506376
27542283
8403123
15743352
19950934
7654224
15557446
6420104
8374322
6629425
19721815
29430949
25649545
22273591
27490008
11452978
24264209
28752349
31885609
21793477
10181383
18244441
31814324
12862218
32846613
34626256
4923296
14047551
16232487
7161717
9768190
13806702
13527276
32092713
5606423
34756553
21040807
31148351
12151550
12053290
17042568
7923628
8612300
14710827
6688711
34577521
12769649
9504840
14595691
10644788
23691704
33923886
31295468
12318501
31241626
34425511
32703300
29173651
5768033
21248938
17731597
28770934
6814687
34507354
12346661
31497425
3246247
18893632
25019815
5903638
29535937
9480019
27313371
32008154
27621867
27656469
10337908
30932004
34114084
12030791
9395311
15233247
8005529
12725708
24852605
7467641
25908514
8721402
15660061
31287080
15076975
27755886
18466327
35373898
25867375
25014943
9833477
10027743
10650093
8715290
4954000
13290330
23951933
15189583
9810704
5449048
29033875
10857132
5527942
33323289
11101547
6966987
7928282
15108167
13274009
10794440
14479546
26896502
29067046
19793581
7277008
9071415
8145645
14584827
13177091
32900592
29156605
10679800
13664075
12203858
25071937
13414121
13761363
29392459
19629067
9856872
29795134
12758521
15451353
30039211
15259114
11857506
15606000
12965118
5594429
20448940
29343796
30462155
26775578
17015307
13227445
13003794
13864260
31678943
5015633
6009930
32009135
7399693
19363552
6336518
8052517
10108866
25434463
31280816
28736230
6430880
34936829
10294992
13906908
25505902
34397491
27541416
22459123
8178816
6365324
25059568
10553874
10696765
11388850
5427918
5492727
17466742
10226578
26916506
23975318
8377849
5883838
9592692
26775401
7789002
35430214
12811196
15769770
11554678
19388155
27746106
35001194
23434001
31237639
12347859
24289034
5302015
15613584
8546370
12610514
5284694
16298575
23237930
4755498
18337138
9526850
6215632
14296404
24573773
17702425
9035902
12686021
6480970
34273585
5324267
13443154
6797482
21171013
14912499
11242393
4774651
15950238
7289394
14485785
15172882
25106863
17357980
5367891
24850868
7636886
32431113
17978596
8870896
15944260
8467627
15136494
15111453
5693068
12048618
11247679
30600472
14808805
13997471
13738077
7192443
16179666
8782900
12251459
4520452
34881572
16131261
34084573
5442206
12974735
10080268
18143038
30781701
11531080
10244166
31047013
24016136
11512068
12775177
14980225
30882003
11872049
7889959
28281109
11617934
12180244
10946531
30579505
9398752
15682242
7419177
10378820
32786643
7150408
15636012
12423707
5331926
20001937
18934093
9983918
9978757
9129438
22912403
14650566
24782210
14029896
5573794
6254473
15332672
8271723
19278895
27601347
11656361
14420126
13092313
11746189
19520176
12677613
20344921
17962375
5310506
9928227
12164074
28414792
10330080
14393718
5045712
17445553
12731627
9081149
8676682
12374840
31512407
31667123
9332236
29143516
14440497
18284491
7137599
9543457
6087562
9696236
34725567
10298816
32682555
5483323
13656401
26194934
13208946
15496066
18854659
8041377
9856293
14593362
8761313
28123075
13761979
30276878
24207446
7093523
34858253
34007799
14986168
20385856
21274636
29289217
5939140
5048183
10372887
27624114
18374206
34775198
26249630
24907673
25179430
9527763
4763576
13469637
30963838
9874914
34259707
21348805
9881735
4693936
31792835
20679733
6187192
14779117
17041518
19327957
20098306
31000960
12523532
5985556
19231678
10733199
8884513
8905851
33734217
33047352
8331505
35110376
9486160
10814950
13145397
4861055
10364620
21503086
12299864
16327110
6305510
5062545
24751733
19931299
35113775
26911691
6953042
5583382
8351658
11764005
10011503
8094569
29403532
16265551
32111511
30443900
14402334
8760244
16257438
11945813
14517057
21250489
9700698
16231700
13478776
35379715
13668125
33750531
9381947
8496671
4707538
26815733
17111619
5968247
8150516
33515303
12078675
5592683
29863924
7226726
14314029
16052083
14757802
12340189
15044873
18870154
19040065
23115284
12117272
27240891
4992348
6003380
8329977
6735007
12192377
11916920
35360530
8780186
13021212
14633778
20534173
16251554
21590182
6910291
17725237
18430348
8455941
26059120
12097326
15851527
14501713
5001153
14456322
34854485
12461967
8403832
28355788
26618273
26682713
14221793
14609240
10308548
25465639
16200237
16618821
20495959
13023051
12340462
28376203
9466771
10634339
9524585
7878701
15906878
25843816
12398495
23862449
25620010
17503906
19667194
35171518
8021017
11034784
12530262
19685020
6672597
14542069
7062449
30297599
29977048
23955044
29797315
16160041
15063144
33128211
15793841
8840207
15045741
8988659
11867904
13419342
27450831
6755695
33036606
16930812
8175476
18645604
6436308
21912988
34316974
18040846
31657619
35189650
23054327
28326607
25668295
16360308
33201423
25281952
8092601
16101045
13255401
8199198
17906947
15308838
15664068
5194948
23051183
30822708
13750511
33297627
12968417
4687514
5728328
5193559
5033324
12547045
8409095
13982975
10848137
26555210
9122808
13515691
7010496
10884161
23346812
8337771
16657209
15524578
23316332
7568766
6857321
10076057
8992594
26297168
8848154
6513940
21271327
17191894
10148225
13049506
34619071
7363542
9120061
33120876
5997579
25670365
5151034
12125906
4840212
21335269
17685415
30439217
24262874
20965633
32719224
31237255
13401851
10777382
29980219
24483770
11695527
10010217
9385951
13206538
29539027
12739176
9842655
5071939
26491142
31641430
29092402
25197706
34027200
31271462
12819998
9409205
15077016
9794856
24219368
16601433
7546901
20378794
6415897
9970914
5192288
4730299
19535515
9376592
34136521
11136556
29178604
13577936
7178688
34255096
25298686
9023076
33878871
30615400
33601938
13922333
11604363
10105749
7278488
34817252
9768140
24653264
31503089
5587046
5314133
8526058
6564739
11696939
23551040
14263372
16528929
4999156
14126606
16226508
6251027
16490961
21798640
13896896
9639505
13524988
15661045
18585514
10452843
6572765
33961974
23532308
9960953
10890563
8559136
27337842
5093343
10865685
10819694
29504422
34490164
15924622
5386711
6436604
21660238
6400752
15018000
16260712
6215826
16267863
19754191
18241885
4726014
24716627
11160753
27685551
15483285
24264401
8232130
14753868
6293444
6468394
12540000
7000250
9352299
7096684
32491221
10633502
15870465
33582177
12888044
6866663
9780730
6078526
10384770
5377016
28026732
33205503
10458430
11812289
7794107
10790380
20399185
22181731
8723149
28358122
11344922
9912432
30003751
23516387
9063974
26686061
14220692
30387968
14044042
4844639
21369772
12765463
31111127
15327814
23601590
24316628
27859038
8596532
10430037
23116703
24852917
11237435
9527919
22068316
29596312
7020427
24970459
9688503
20160283
4799365
14988819
8218096
30460505
10672706
9993716
8933264
33558486
15228772
14560763
11515596
7612143
34347361
8979400
28712596
9943678
12807225
32569965
34971137
14917371
33611493
18848119
14401455
8583568
20959810
8753347
13902201
15962088
15414922
12034042
28550314
19034869
8880285
14329933
5372866
13674794
12209210
5040742
4889320
13622375
30537583
14733067
10283810
12524706
19235830
28429981
7524653
30192608
6098483
10595711
28518955
22592936
11849409
16161878
28791751
24285062
11262347
35026658
10546099
9828544
25530517
7099159
30016303
6047815
15729553
18779668
30045991
7158134
6334405
15623408
33779049
13255467
20591578
11541752
30866172
25014496
10156871
6039664
15311048
12415901
4863209
6080239
14040768
17984281
5938942
6557380
15162534
18686083
11721260
12845038
23267321
6729283
21218608
7565318
24134036
33168870
25053103
31990700
12634534
24473543
26047942
14142829
14794727
6450438
28812193
9860139
12951801
26062552
12987846
9566463
11925302
16296097
27523908
31637587
14070275
6549263
7439343
14914322
33642288
6285276
17595988
7115044
18319021
16880937
19876321
31524815
23199752
30544273
24930281
17439199
11573576
17013609
30188492
27542715
15820702
16750035
14665054
12988154
28757404
23723516
10022665
7326194
4872071
10529868
6298828
22160632
15058171
12811895
6244076
20494183
33333254
10142505
6999796
9483221
25423444
15555213
9440732
22771385
25956022
11881127
20210305
32016128
14553406
10215900
14433258
5283223
33299556
20093761
15398898
30607636
35048426
15522337
17237269
30765678
13416706
28712998
13894598
32145720
5952699
14782789
5087126
9508640
14044154
13479344
4958808
16268159
7168726
12514410
28053444
5279891
34504018
17822257
6147847
9849169
32802555
14976335
14539322
30073114
12461108
8342383
10511639
10994594
16045941
13558550
26067112
27873816
24352034
6647179
7603594
15464276
13072609
19525147
11148078
7324434
13368890
14517603
4715065
12346793
14689502
14516859
11490340
12336105
15988573
7243449
23735147
9819320
15597772
9460276
8075049
8074581
7324266
19527409
4970195
16918614
12941197
14072723
9857663
15188665
15875307
16267075
5287548
13762883
34312225
34076428
32486781
12561982
6308269
8837707
5662933
21365866
11082925
30086973
16981575
31774736
13113566
33036882
34527784
14241091
28838485
10188657
9863996
32902071
23160884
8630400
11860034
13101353
6662942
5822267
10143065
28813003
17202034
15509744
11443062
24291539
4953027
5635578
9978538
11788434
7964099
13999983
15438096
14940427
12646389
5436116
19222378
15276578
9690987
34020432
4745374
25820533
14338009
28790935
33047535
17786209
9996872
5777851
15714606
16087650
12026410
7477165
11042134
34772651
4771023
33768435
8041572
31617058
5593792
6386034
20925178
6797101
8995065
25180804
33899367
16313214
13120360
15156851
11043758
32155446
16216578
14178815
13797610
13038577
12605457
11147506
12387215
30129845
23844002
15303962
15932148
9626205
11226635
12540241
7391551
12178501
10957315
19082866
29778244
4709018
31001320
15360697
15951506
19081147
11196191
31316550
30173894
16522368
11442494
15319428
5053679
24859145
15817379
12597493
22364011
27497922
30195932
11352812
11953508
16389921
34474117
7573207
23825768
17295190
15103105
15541803
28219591
16137837
10231867
16518837
13692732
17857654
24783944
13961262
12330345
11844150
31854089
26501129
4713427
24839378
13995028
9346235
29727637
15527187
6804702
11743471
34509346
15047090
22857011
30059782
12301225
28173967
13442514
14888983
6617972
26534819
4969942
8972479
5243893
24870098
10808042
22299238
5043635
29783614
23199812
26793737
7893478
5803846
14709622
22702085
28654045
25436506
17016096
17330179
35308180
7181099
12308789
16325256
33599133
5403422
25431025
14927201
19662358
15714237
8079413
32545605
13937468
15912245
7115943
13486149
22731194
4036396
13816744
18636892
14256775
13936273
6637825
24715070
6240616
12758463
24547448
15385031
15448210
13802846
7331452
12888418
28966927
11266618
9453898
13878272
20779912
9214326
33234669
24777473
4705279
29007835
11779748
24603806
14288676
9712227
19483792
11238944
5736457
34226416
8352142
34389217
15943209
15416467
33423611
33944325
32603790
14513461
12896708
7354600
28855228
17274562
32195619
29372884
9150475
14306717
5890715
14246427
31217041
18163387
17201119
24237839
28526245
23179628
13951236
13668011
29904820
15511300
32813727
11272748
4921157
7084474
4997250
32342718
10693381
8551014
6144922
11470964
16103462
6598597
15453962
13839925
13000048
15135465
14435180
7539205
5964307
22661783
12387724
7093935
4760633
10175540
5264468
31912870
33553827
6334219
17620942
7661204
32955336
19969126
13508239
10080983
31805594
19212877
28744000
28027938
9982768
14052691
21058801
9150313
34203100
10244088
17940214
7334402
19926190
27463119
14842120
32357925
13297037
30712661
11723581
14852297
15899740
15931317
22892420
5874225
15181090
6294313
13895470
30099575
21700555
19294141
20545453
6609165
29444695
8300948
11292516
22544573
15136177
16451991
8131606
7651126
13713955
18369772
10905911
15453634
32784726
7516730
10249872
14310797
30399194
16860696
21956359
30782142
18757903
19378231
9783378
20024014
34757969
22334080
6038706
17670151
31311801
31638106
10360202
35041265
24291218
14448538
8969794
14296919
5610014
23775620
13889083
5034110
12180838
12277081
28378693
13850390
31139084
16471014
29880019
12622584
20133949
20329123
13517764
7503196
34721490
5959500
13342372
14040525
9471317
33339416
34220902
28024482
16095305
20160382
11782201
34560202
4796504
9438902
10779683
26521688
5085219
22781492
28926142
25905886
6884608
13464105
31872464
12560363
15566497
24967642
8071319
17718793
8982337
17349460
16865100
6749248
5176332
13392909
19033909
18497308
34907765
13712549
10400270
10566767
21605845
32153778
34258000
21786523
15512452
6032980
13420153
4884729
12938395
16257989
33245232
18794875
13718759
29460109
12913380
7672730
17260900
20321260
15027715
6854301
17470786
18771604
27674928
6339031
13729672
9154442
24553376
10003161
33380048
14804228
21676504
6611061
18185305
13538569
21321229
13451323
6388055
25566247
28725082
13483334
5856074
9286565
22422232
13660272
16156940
10258697
14699795
20986081
9398506
11779764
30438479
24437852
5961119
6144084
8447746
27285096
15435914
31273163
16300850
14098743
28962511
32735760
18975463
28560148
16977504
34193527
14791614
21069007
34409746
10113318
6830322
19984534
31731311
11253660
24272513
5152121
4966392
30228599
11244406
24687938
10296872
31007896
9317840
29886664
7847002
12564152
13677630
20804053
5929119
30919167
11989000
12441220
7841835
23344196
30328055
8486443
6213501
30952534
17891866
9440831
5286582
9922169
9763141
31034665
25785553
9619013
23728937
18933313
14782604
32138409
15016543
31044286
35171728
14271223
9637764
10690803
15645240
22709447
7933009
17993512
14567164
8669990
6383900
31147943
33304836
6750720
22149715
14024850
10414960
24734000
5289181
7975703
5809231
8795829
5654564
13351439
6433981
11737347
5795730
15451396
11768491
21066319
18625213
12165034
15932647
24964867
22706465
33779085
17919184
11118153
15142521
20369605
9660547
9896456
15912817
14155301
12908417
12078268
33043506
9603712
5898487
31448832
11679451
20201164
7223581
9951386
14945833
26983376
8543190
4984654
8319154
10102308
29380420
4995362
6633725
35406970
12154236
8262756
10150650
20620858
25802245
7289806
6211294
5387141
7931013
33359792
4983035
11743489
18941611
25012258
5093333
13745668
25731736
35293396
13129248
23066084
30750270
6426389
19188595
33368531
24876323
23075636
31811012
13518702
13440297
15687891
13464695
9577824
33523665
9032111
28727344
35148478
31132970
10491011
11884216
11005072
13873937
11444842
14863419
9910830
25723768
7337268
12116903
12241663
24560444
12364609
12015764
7607072
15039740
18090109
4808288
5888672
34965248
21933082
24334724
7155926
11687678
31679633
17924692
12577652
10283832
7613382
12089170
12731826
13069486
8326159
33192204
12362109
15856208
34283143
7171129
14666319
13469325
12911122
12289660
30998236
14778739
15777707
18423847
27676899
15303572
21490720
22811837
17844703
9407569
8545129
8718071
7824806
32834085
7161397
32369283
22284484
33619221
12410487
35299405
34292914
11327166
15475638
8441725
4390569
15688015
16245293
26577467
32651346
30484778
10333867
15856833
5966770
29405752
11387106
23455133
32401881
8816706
11467182
14828871
8791583
9705431
12444942
33219942
8222999
5988748
7417058
20447173
7965342
6790906
24134132
8418239
5779419
5507637
32580351
20071633
20951782
9642717
27983097
7442140
9866235
31195882
13996283
31784153
32275404
30027064
21615310
15657980
11557980
27464958
27228837
8050774
4935826
34573429
6668878
33748197
7654769
10791608
7665307
13021139
16375371
32887206
16940052
13120538
8700319
7997813
13066929
6522965
26648852
17702497
7165743
13290514
5100080
16145626
8567025
27307185
5177265
7640435
8679312
14767724
6468062
28773607
14750493
34655698
12225726
9345422
26112823
6983710
10105678
9239582
26485742
16110829
30455861
9641524
12573320
8771382
14256865
16772994
18566437
15268409
6793096
31061819
13155813
24106454
16277459
15482952
12155085
12010048
11338529
29987626
9777474
7924848
6428720
10069480
17444884
17644585
15383852
27576240
13081947
12830578
5668585
7335792
18939736
11786267
16231061
22628735
12547953
5637160
25322758
15517842
20009659
11072382
22466746
4691779
10946365
19184281
21176095
13065897
9906020
33638277
35278417
14658839
5187755
13374598
15694234
19243240
10584450
7957827
4810645
5372775
16268238
7562640
8495645
4767982
17022624
14048700
34174510
11262235
34081414
11482365
7362947
10458925
13519030
25472434
8551416
4740345
18199678
31089992
6475247
13887309
29589832
9019412
34390552
12679339
15266613
8785673
28809850
11374710
29051881
21175285
10821663
19238383
9074566
22952414
6834926
7774660
8124789
11394308
28247647
11061876
9082925
6304786
21099061
34058755
34020342
18941029
7337599
15568001
14043631
26409602
7205283
16953858
28848862
5183455
7654630
8310754
10524898
5160371
9528849
5967398
33894264
10189150
21060859
33282630
4674534
7267503
26779430
32566665
13812450
31038646
9554651
22179886
15408462
4884858
6369440
14825242
9658165
14571321
30400319
5845516
30937101
10774832
29180980
28944487
9570481
27376509
6363828
14305680
14366012
15336685
10927093
7192488
34039891
13778831
23116991
8400863
12723011
7537488
8282555
15847044
13556279
16179282
6618697
9951521
22931306
11642176
31038088
12195415
7431897
9634427
6422058
18233086
34696620
30045259
11225677
14661313
5261808
31077749
5880843
13127246
29777479
14461840
15618232
12448400
10165381
30616255
12926094
11911901
5884030
15052495
27985206
10748783
14919858
9300813
21411964
7414393
8367990
14850697
3695022
29614549
24570332
14010782
34059289
21494032
5478687
9093233
8489215
11094656
14151377
8380240
5293171
10705831
9214424
11786511
21811681
6968736
30973663
14183290
5153388
8876466
11739385
16459626
15317944
7743478
13103048
6630214
15955293
15711832
12779726
14131308
11537488
10763545
26767418
8351771
11649145
29190382
7603216
15354553
14426316
19194862
8808745
10509763
24597989
10299936
12198119
19494217
23548967
13997806
11072330
5438482
20592175
14385751
31026523
17645578
6908234
6629020
9455238
12531731
27947358
7909703
19860901
11391307
22110598
8033382
24233447
7865511
13891362
33578529
24411995
19688707
10885104
10538047
14436413
13283596
14350745
18284830
16191258
15257684
13451094
16254110
26467718
9129939
8644216
10499205
5722234
24808928
12673939
34576123
10923837
5773136
12854844
33543198
5126723
19833202
24289472
5894339
13906396
26997708
8187283
32033690
32621538
20153440
21445759
14894407
24029393
28154899
10477090
17243758
12835975
6014419
5961737
6352930
9731474
27587949
17463076
14380734
15366259
28710994
5584093
6036608
14391673
14162708
33959112
31478255
13244649
13220555
14000280
15737868
12396470
22084045
7494129
10994648
33643743
31196575
9385842
19286629
10731637
11393079
19923106
34871036
18439540
25812496
7849862
30120971
20450020
25321483
12844853
11322491
11765559
31974830
9586243
11825748
32033180
31144214
19160332
17615314
5132648
23735117
31610971
6265237
5431611
16063086
9779012
7020786
30823833
10678979
10194154
27469656
14752121
16875168
19886947
7596433
6777128
28616410
9455777
34094611
13796492
14864926
15995156
21422557
19311694
5203573
26731661
13359853
22042576
15645862
19836193
15288293
14159972
13461110
5834904
8408938
5812884
9714473
9601403
32375400
27644886
5200618
5646700
12568211
15090120
16779693
14204335
35097866
21311260
30478232
12270170
15823192
4963001
30560212
23616224
15915406
25264942
9958383
12762654
14948347
12989419
14071793
4983210
26579321
6730460
30737740
963777
23702126
23492288
8833530
13069247
7393906
28918390
6534095
28816564
6607688
14797106
5617944
8519922
10581411
19026712
13750283
24757793
12314326
32997852
24206900
7579706
12897032
32844585
7328169
24486182
9826632
5967435
15063274
13043124
11379045
31499279
24722435
6236148
10374043
13009940
7213561
26445122
5170459
14547983
11208673
13541325
9496655
14953377
35333635
11062239
24073541
15674830
9585492
22266637
15899222
8609772
29034196
6434788
32326938
18082864
32573541
11377940
33473693
9582104
12540663
15742712
10861975
11711950
13208794
8795457
34279264
4887915
8461627
6824129
15953905
6015949
28514449
25041019
8402308
8568304
31117115
16096353
5273683
6077233
15902311
25651444
35479555
19579432
11380257
15665987
10360586
14716469
6127234
11814066
31307877
9436208
4684899
7273935
22161799
11772147
20707342
8903798
33409310
13712697
15710896
8573140
28439848
16848792
5274228
15726189
10377093
29352214
22843955
35454265
19153615
22539770
11430500
10014232
8745145
22984238
6911983
6057656
22592144
16116101
7721366
31744592
7843285
6631481
11893900
27151098
13773821
14767619
13032316
10989249
28218802
5141540
18814291
23774372
6587207
25182019
12340885
12772021
5052343
15025077
13047811
20542684
9991653
28743367
10504045
15306633
10115993
10050165
11146043
24932558
21771487
12968557
7892350
26703038
4752172
21774976
6390775
7880670
16307709
14738697
13603806
28528705
8615362
28839517
9240578
8882998
12366664
28249978
12989750
31328095
13853896
31634404
15957968
26658818
10097110
16626981
14648336
24102992
7131437
7778493
32004695
5409676
7087641
16486077
16201494
30719507
11502641
10962784
33697119
22843739
8870380
25406317
14776815
7305593
6501279
8693833
24682097
19072105
5363212
5584531
9410363
24247838
15361701
6829642
14252282
8597115
21359506
11695425
12815593
29911780
32354409
13357211
31670072
22406104
32884323
28803208
15039358
12348402
8738774
30609208
13037596
32761338
16136802
21896290
17438644
6408186
27632658
15413398
20634661
13397334
34817354
23592281
34602454
10854779
11878195
5926222
34585618
30545113
16121161
10681377
14367444
11559735
7049318
10131220
6825943
14729936
12275172
33076539
33245730
13117502
32525694
20300683
8683278
8993389
5289633
15519351
34560949
7409550
20992114
6217833
34969424
4809650
10402268
15492236
12621345
13272518
16126264
19695109
26939768
7315104
8094613
11870832
11204237
35161108
31023034
18986881
9473822
18378649
12818773
15432112
12588940
33345863
32209983
15842765
8862397
6310700
20578588
30624214
14424758
7507443
6097230
12207933
7978372
14807050
5681932
22805723
14623504
27223419
29165950
18145657
7724303
11504606
12934861
10808870
15130311
24264626
8529266
12832374
14418588
5827890
16206086
23129537
8099524
11693607
7475018
19725487
7533780
22003834
9339345
30727643
12354001
13563945
31809869
12560382
7397038
13789093
8811626
11161974
9770583
28616338
19539769
5659385
15179318
12943883
10247495
6523328
24217049
16407768
22658330
12511205
12485888
18997792
11740065
20923087
13316038
24569843
10524476
7869836
12538862
25481587
16261780
15885261
8827586
29588344
15874258
11124057
31897933
11178782
11891191
16336359
12904071
7645174
8267324
18105553
15266443
19218943
13117122
14046546
11275313
22414981
10563744
12215717
12753897
16023714
13104191
14664671
13028668
10785535
10468544
5635614
8805098
5248855
1933049
17602480
28529974
11573314
33143481
10387070
15428844
29347171
6416934
15003071
20729512
6936068
11202469
5554890
13251365
20464918
35493799
11096595
9430488
9681510
4793303
33232371
9202280
30738424
7185323
23871707
23919566
10155660
17659351
31625914
9414714
31606411
10975529
6118134
20447422
15146542
12220894
9408909
10531702
8079354
6847281
11947469
11555420
26083891
21151057
25773613
11662859
15423671
6531245
16058747
19500757
15963937
35011196
9377707
32869383
18231475
13474878
26550875
10227706
7372677
13503883
14076621
27265383
21800572
5522035
15654148
10166879
10456746
29114641
4851407
24271913
23790998
14061710
29764981
13299386
23076239
18247219
16663761
15114550
33217071
10513925
12266899
7982596
15847394
11475118
23792645
33712287
11869891
15985945
13840629
13580934
14340434
17740795
5136601
13478473
8535636
27738444
14502045
14449810
32037119
12998517
22254166
15191745
11394456
29534866
33510968
22563293
27178512
6635629
23121092
17344102
24576212
13921120
14445698
6746131
29716429
9015352
16208267
8031855
11543396
35333644
14315118
6037261
5684180
22729088
31888837
13703797
8551278
10671269
16987074
11877520
16938342
12376341
31096751
15067864
11276792
16886819
5310619
15945708
14487083
29003140
5431093
26437970
12980189
10719047
14308033
9199723
30282674
31632901
6306930
4966028
12360471
11800772
5158689
9363279
19340812
35344288
31222594
8327332
6950882
11270222
9836603
9068864
21968251
12646157
15479238
25172731
5470122
8804272
26776292
11198820
14034114
22810376
5357085
5174708
20136505
28756276
15076011
21642934
22317118
8457187
7316702
29158999
28943230
8491224
16360947
7800216
17767870
15331508
11886440
7663397
32413842
6500215
17200255
23988521
13688948
1655114
35036165
31620553
12128398
7470391
22009336
7879782
5041290
19220515
29159767
31675181
10868096
12933794
26056591
7765753
18273559
12957188
19456099
25127536
13686163
11315050
22925015
25780264
6706238
9851172
18569974
24644327
5704824
35232349
10629696
6893384
10532750
31079330
7301696
10151119
8947892
16140858
14158575
23919497
22602176
9933986
10584409
9465243
6873132
15500235
24960070
28241434
13872467
7615644
9995006
15597310
9687984
35462824
18610195
23112524
6910822
6016132
9298501
23308379
27396579
13607832
29001823
20971717
14958994
6434962
13667584
31160414
14263076
9872482
17179645
15026018
19005772
33293550
21218086
32324955
15476919
25372570
6952230
35253943
27761883
27445494
11731716
11567179
33818553
13258611
6218559
13783567
5388432
16210791
13137379
18830800
9540019
25409743
18471202
13098534
21214861
11504318
5005205
5981784
8929129
22141696
27329433
7102355
6352101
34561576
9103846
12791723
33496328
25203433
26824886
5119517
8601505
8223942
19009084
11399255
6351057
34244887
24409739
35276536
19480771
5819493
17966800
11575695
10238450
11983318
12197276
33140382
32772237
5820973
13598493
22593341
12941062
24089195
24725945
9171066
4869826
15960918
10317193
13363508
13412662
24119771
7487895
8671563
11354204
24641171
25644904
29219854
11722610
9854411
30207272
14926976
31146389
11124251
6728095
11913636
14359181
14710987
9087467
10419797
31875206
11087867
6457831
5511543
9371529
20399866
12442692
5212023
13503018
14220798
6406861
12536127
6144026
21057232
6160717
15880264
10679302
9948164
7428799
12066038
18242875
10191379
14530468
13628467
15215296
19001419
9836240
32413008
25156930
11268540
21050035
8641020
5235816
8233180
30531619
13160676
6208653
28565989
5826078
28096378
4882242
32054796
8034465
35106029
34014516
18427969
15708546
14193207
9431499
9152727
5277415
14056653
9385174
13536444
34542190
27510606
17607700
27469971
12539579
29255332
8716293
14364205
10758220
12477044
10393279
10096178
14006397
7917941
15975734
6672648
5020398
13004110
16464912
15847456
22872818
14647433
11064369
6797271
10984793
31482209
11022525
8334669
15072812
6422268
21251827
21369079
31240729
6599549
13747492
5371913
19858123
24088085
19988617
25895998
12798043
24773459
33197409
16540110
18638845
6052871
7019540
14517132
8169843
35161102
30368963
10299865
14730073
11672363
10793194
7754598
34169248
14296847
12944935
33055743
28747183
4725955
27448443
10270222
14054672
14777730
5660999
15727420
27557673
13315356
9533094
26236916
7543801
15170162
34933286
30061402
7498047
17316115
7713947
13046795
14702455
11243849
20812030
1897585
7410023
27712932
14360015
13853553
19904581
18891343
12264689
8254852
11607638
8737003
12279316
8393455
12728619
12140221
8125314
4997843
14348140
17508391
5059002
27186240
12972786
16162206
6665978
10262138
7385154
17559877
5301636
27660738
20262832
13962774
26483804
13141538
34296586
27563166
27162969
12715944
8338433
10348761
19514158
11034155
8628444
15890642
9770416
31423868
15179924
26134619
12027095
26848094
12399307
11189867
17105127
10802258
7715076
35135069
28381477
5485222
4800993
14821570
35484010
14292262
5049323
22012381
14101306
29639722
23662877
30756840
4739773
7290604
14680403
29072125
18770860
11094891
28739470
27250191
8807719
22402354
7487982
10090968
8224490
14319643
22522724
8898622
8147600
10386436
6842277
15262355
15670895
21633958
14122356
12274868
4915865
6274388
9264443
8025379
29792818
34888859
5165757
20067925
22113745
7586438
6743901
15104698
7411427
13893159
8023143
5995223
12217848
15806824
5713515
10624631
11097086
8093401
24970453
30432065
9208343
29630944
10281952
6338769
8029912
27169407
30168050
5986359
21707866
33919596
8574351
15079015
8406810
14962987
7502248
12548966
7439115
13426201
12044220
10950741
14482526
5116861
10448490
15707129
24322028
29420149
18160915
22621472
19102576
32101626
21007087
13831711
21111442
7150551
6629816
7818951
23105813
27132894
13653921
18872719
27519606
20034637
7481539
9564885
5967009
6093563
19587130
15291533
26666753
21501295
26611463
28173397
16190208
5924059
23137283
10547842
33580164
30055669
13182151
29571484
12309879
10023620
13873895
18057364
10542952
9075166
20169403
28430746
5740915
15633547
13913853
17629201
10770125
7751712
18459007
13119174
6683734
24708683
10036659
26690840
24244283
28976683
18932314
21798475
26784914
15907648
34630786
17899198
24282017
9321047
31935541
12279217
6983279
8499082
25030342
5757181
4688376
15492751
21335146
24563873
34029771
13907344
35105789
8678105
12585288
9375703
25675498
30327365
28208383
19696339
6347660
23301449
31943569
9029512
10349904
7064142
12022588
23942561
7019936
21014887
12459400
27067956
10013035
4883622
10037610
9274316
11731981
14281677
9378102
13345352
11673066
12485539
15472889
4767541
16190133
16166304
14465807
12770853
33472142
4771824
32134617
15038603
8935567
20745799
18164530
7830146
13531352
27556758
6387799
10095792
10501547
18275296
23024981
27394497
18510478
7089531
4811352
34856663
11234828
14485075
24077930
21492619
7493302
31729199
19570249
27080847
11994997
13513414
28493410
8577888
33557310
15005034
5239434
6111836
11105125
25857706
9262743
5748468
11432528
10738188
14549406
33784140
13034947
7891809
15153297
9757136
14095890
11154826
6704198
18125287
16432920
15029637
16280232
5807867
33024246
12269566
18618718
5441417
14815517
22357693
7688708
33338777
14488970
31586167
33451595
25574158
6911063
14379128
6279304
6601866
20240860
15956103
7892050
19686931
34127185
11740960
27248172
26216930
26852888
19081960
8874301
14804417
8515513
30865020
8947930
12313798
9636207
16846815
6545275
14247645
12941537
18750667
11382082
32460525
30942961
11580941
11875615
27860862
14753718
11084243
32675811
9650611
20781871
28083772
12887469
7340164
6934629
29540947
20034079
16101192
7196453
7708424
8808817
7784110
15853322
32559405
30155480
11388034
10039140
12777639
15352289
27989817
13630690
7523573
6967575
11114929
6994828
15861365
15084357
13660564
8277268
16347906
10493564
12906289
9336988
17233075
16169994
25067722
12244064
15258042
16282037
13404849
34750158
5915340
14905586
20948212
31900501
24646877
29735509
5378257
29334415
32823840
14185561
10288469
16221465
20751400
7357655
11192769
26470655
8219367
14016549
34352998
26677625
5290380
15376040
14090419
27714315
9139825
33034635
26189819
21643054
9093419
29265133
31223302
15453121
24369989
8888555
11990235
6079470
14777989
5494474
15687530
7911284
29686834
12212736
16132920
14780350
7491613
7115913
16246360
8829152
14084889
8611854
6887369
6117759
14380690
14427501
34498984
6046740
10748727
20663368
27762912
11936117
8069199
30859473
10347992
6931446
15409427
31114076
32775555
6266431
32614557
20701879
30183854
8326392
11066709
9469469
17150107
3480813
13595115
14840586
11200649
12267626
29931910
5842808
24536117
10075673
22122052
5864166
14939475
15261337
27572754
29352019
27018867
28179628
4750085
22839845
5408391
13698019
6720418
9312861
13501744
17555185
9867974
20623459
34238317
23262857
9207189
18506080
5309984
10439026
13792890
12261601
15392028
32317614
23736944
6984163
33325797
10096540
12004978
9605278
11648579
18157585
8617597
18750751
10022944
4777531
23671058
22017856
19312177
11723243
20464390
15416916
34790081
7285438
15908355
5957360
16786809
14384375
15993284
8144734
14087302
15420062
10107593
11987467
14366843
11054157
33161109
23637785
35189581
32572971
6552815
8813879
8751788
12135106
19319239
12068814
27422574
24762167
15313186
8053149
5345555
6671652
25214281
10547713
15314599
7599731
7171640
26056795
9534298
8976428
14071712
10416753
16121104
15452745
8112928
35298310
14222608
11903480
5387219
7225863
8927372
27137421
13604199
5688575
18614563
6789069
12522101
18092542
8097047
7287819
7414238
8737470
13731583
22702916
16269485
28614709
23902790
16273688
20671792
33051999
11555044
7252873
7235570
12995340
30354884
11993282
32155119
4951270
27987420
11017017
12998148
11903966
23857961
33870588
11666245
7026219
33940686
9013309
27625812
13023014
14420185
5956760
11284066
24581270
27240573
14962776
13584954
21726925
17360299
7689229
15477048
26721419
10017740
22592912
21593509
16544088
10448923
35379352
9867857
4692663
4798009
26320772
14399501
5761029
16822131
24255311
9350753
20669446
30725531
7709584
24942913
6375069
19052362
18030268
31802354
9442254
14073056
9162232
8093930
19879381
14276282
6970396
31467713
14849439
18409243
14471025
30411182
21447460
13817908
6186874
12400880
7403978
11782341
34128763
35089355
11029645
10805642
11222928
24387287
17382028
16278070
15574678
15830771
10954699
34274011
14729351
25510636
6735677
6811449
11779874
24472397
22445776
14540139
8462716
31596700
10431703
18736582
8949149
11448772
10846289
10011848
28805119
31095230
19630363
14625534
24223133
8703204
22170697
10258572
10726286
7783828
26923529
5239918
11771596
15321293
9919528
8605686
26761532
7513733
5833530
7765535
30828630
13435771
11051798
23496824
8922421
30574954
26981126
8580343
14779886
32644785
9717581
34559665
5480300
11087966
32683857
9986737
15345422
25772254
25052092
10892258
18497521
32165229
12766648
10284966
6712238
15675081
15821022
13578087
27468819
5616442
25282129
12520372
35136524
7240462
11693908
6731581
10827568
14992766
5463826
10574417
5882590
12752336
28928551
6018718
32679888
23250518
13698082
9986366
30027616
13917013
21261211
24357155
23910728
13108407
28485073
31591816
12863028
8720219
5214183
17449801
8278009
20747914
6544392
32391219
5478030
19169155
11545266
25245001
14588746
26575856
9883404
32545731
9498364
27138054
13255941
15210334
32619675
6184588
14853186
32217786
7301089
30272915
5237709
31748075
5210229
6555302
10277187
14359125
11640921
14800184
6655219
5343341
13196632
19683484
15170445
5666580
5891014
15662197
27218457
15839305
8879957
8573680
34481794
22709135
12872350
32881920
19964761
22821521
8760001
14491233
8089899
35067806
12949854
26488505
8998289
15052262
28007109
29088451
31932001
15713347
20501815
11122507
15118827
18919279
31793603
27976935
9600460
20469418
9556377
15920037
12757913
11376403
32438562
9011753
6323028
14459869
6814973
35374006
17783644
33539493
34114783
8520081
14048016
24385367
9915230
14190354
14187229
23341445
17294836
29247841
17333893
13883287
15045294
34126615
14925886
14600957
14050226
8833500
5332635
14182340
7040928
25799311
13989614
9137599
24569513
32750070
7685917
8101001
24926483
6411005
9503689
14813810
29128252
27415830
10220883
10174674
20988439
25526647
33739800
35438878
10245903
32150472
15089111
19825636
15418873
10643874
13218419
28121335
20266405
6455971
10462997
14389909
7801151
16222375
20068957
27931449
14270819
33680316
21580438
11820811
15586868
8249018
14924986
5832232
11662645
12183944
6814870
32324700
4829247
27561747
13659679
14773724
25019806
8329561
33211989
11182053
9229652
31523372
14920368
28523554
4796542
12668934
9636366
29743780
4995354
9447387
8765174
11281760
10334194
15783351
13589411
22197739
18921646
11462558
29311525
32276874
6610201
17576896
11938965
9989950
8413224
14060338
24760934
25689073
13597600
15215270
5013434
9034392
33085980
10911886
13763526
25567009
34107697
27233343
24795989
7683679
9517886
11340987
27330237
12432546
18788749
25512046
12289173
8924987
34888340
13846723
8844530
15269882
6878338
17787868
30421019
33473282
10678935
7297561
4351958
6276338
6185573
10093140
16079863
7516186
11078482
21319402
8651792
19739263
28445167
13286029
13474269
22507427
7257549
8978915
5023817
29888002
6561286
15474114
11525554
8236551
28166422
27697905
6297118
9115430
26044831
11506249
26773316
11544444
10802502
6245846
19685473
7404796
10454045
5095301
20006056
10695248
13822589
10508608
12806457
20427274
31639351
22561625
14073334
24501794
9943074
7521965
11091873
18777211
14709245
11869264
20470186
14244150
15347493
6506416
29038261
22395589
18588898
5814375
9682896
8215663
26411147
7062100
34771499
14360251
32325711
4750410
33045558
32056704
29571448
16982361
11467157
8403605
28226299
16634040
11661033
6973789
28984858
23589923
9932040
33429518
6281254
15226321
12232952
5208770
9570820
16256555
34375426
12680073
26824958
13517108
21252355
29846896
32065950
21456904
34398556
14000585
24942637
28389391
9138713
23507651
10619923
12659852
13089499
21337099
13097289
10800104
14250661
6560958
21876502
9161589
12475855
4942557
32352591
5363940
14996735
13850319
32120970
15829796
6502429
12954316
8773535
19574158
10363359
11093765
8871306
33450848
10267742
18202324
8546750
6667816
19110148
9208240
6840430
10708659
10892321
26458202
30326138
29403040
11706266
8090271
10147547
26755802
12577990
18229663
13448458
15155341
31307586
18584968
14071417
15693165
5584444
19719175
31511324
28668364
25807501
5313777
13619838
13265072
20832994
10988304
12251064
7822251
6324804
16142453
13616637
28900138
14322605
9768381
17597497
26553416
7933921
21838057
25424314
7203596
13822451
34228588
27767535
8057628
23895683
10814227
11148889
15466502
16859988
28413019
18061918
25785889
27805932
26558021
26342237
12708475
15842248
6615895
26146781
7628723
5549962
32303274
11275381
16587174
10812926
14288364
12487562
12218284
20446669
20926927
26886053
16227089
30766422
3055920
26383064
15433988
14820060
5595200
26086372
12028273
26381432
16325679
13851341
30096731
7593659
32740350
26412986
12690836
29544871
11400476
6299272
12256666
14314876
31874753
5498025
7767537
24484376
16141299
6171265
14945364
8748722
13946096
9841991
23842268
12672985
9542131
8460691
11792285
15236011
5031939
28380859
15746072
7019112
9996296
30677188
5069520
9061746
27197301
10418533
19822837
9735707
30701047
7762112
10803455
15239632
22186663
31263469
13806891
5718193
16226336
23274224
19167247
26572076
10768771
7063563
7229424
7161133
21125179
23994464
11329733
15348573
14649569
9442255
31669334
11708941
8744053
31808072
9523580
16610238
25573399
19758247
7471726
19852945
35172994
7680700
11727049
17893495
7827279
14299139
8926132
29065519
7082748
7603358
12503586
33756912
12286839
4748443
31544959
9160160
5316366
15060321
29993629
29846956
16607454
9813216
11753626
12646241
34132396
21990013
8869599
32557092
5373509
19399552
6021761
9680034
22620821
4957824
22062133
6958875
28098937
33355526
26810843
29231074
4688967
5492084
8240039
33159312
13583041
5478393
24370010
8590555
22610306
8812782
7544896
8200333
8789780
21996985
7638154
24142220
10492247
35362963
12996070
6550277
9859532
12136286
32500530
8471903
13546379
14805892
4781685
28565152
8544845
13061443
6755510
6725414
10144789
15696328
16218803
31309761
35021705
10970018
33222924
5488866
22282840
14947840
27580893
15598815
28584637
16001808
19738648
28873366
7022165
9146684
15889064
33255807
33352331
8453961
6521879
17870452
31261831
8278180
15723503
30628495
16845438
15327545
13755954
14956846
16123351
29780416
11173382
15741385
20204488
19440307
5712493
16001765
14022486
15922646
8887717
7190667
5909396
15473374
17653009
14195693
11862662
8424412
12846142
8793864
14769904
21284221
32504679
6480017
31321938
33846138
12234917
28571101
8065534
8444944
29153458
12166048
10001255
32345910
33128307
7997960
29019022
16891785
8637784
26404706
10113215
14111562
6142624
15557132
21588508
3046209
11354543
29566873
31275839
14559047
5133551
16907559
25890781
17012562
14483475
27327699
14527374
35129930
24880946
14242955
14410003
29019184
28832362
9592548
8144663
21491455
30736495
5983798
15761840
20891230
5631009
12991727
28583743
8540963
13991739
14483911
32229795
9819129
26272661
7387522
10453819
6683002
9258887
10206446
8841511
12864787
8205002
5405828
9734018
32216916
8410819
31422287
13342885
10787979
35416153
16115287
14642325
6558801
15790684
25017805
11621748
34791215
34873070
6431220
7094958
6641608
25219684
30271598
8609498
10829680
15856952
28247494
10675623
26390495
22830947
7500303
11503417
14834473
18674983
25648108
12906938
16871520
26934515
29954596
11842071
31301105
7987489
12294569
7474082
35408254
33933906
9138008
10763921
6298519
22563128
6906868
5602735
10818160
24370433
11704486
33944205
13580058
7076083
7274885
12706929
5363641
9430524
5773404
7771340
23207531
5682735
30165857
8734732
6046092
9073671
16007598
27995367
15270455
13029632
15166214
4788514
10640645
14372298
11445827
32255313
13705884
8420784
10590165
15703486
14967815
11358504
22880285
14824429
14156763
12115434
9683091
16621251
30054778
8576340
19514326
12341828
14770740
5284471
29137771
9714678
10291182
6449885
7443716
9055579
8163948
9065258
15521480
16459479
6735959
20716912
12215463
6059165
25786927
14336108
28838029
11288161
14636223
12667894
14360730
20128483
34032744
7441497
12591967
8098804
8075622
11467575
9862735
5208329
5331924
4850187
4944678
14260191
11273320
5872939
8791496
8465528
25916317
24855104
9319771
7989442
15162232
28198321
34604290
8889916
9295339
33422063
14734986
7038144
9784823
14977151
15106413
8335110
8582585
23197301
4768358
5245450
13409946
28997851
8600073
9309609
6216252
24542345
11013799
8363199
24297689
20891419
27989781
7011352
2395539
13041948
27411558
11489769
12874878
29010148
16766676
12551550
16136571
14874379
15761371
13944996
8108359
8413629
29481133
13948693
10261312
17575870
12175671
14142424
14637540
16163064
32023259
22311025
11880819
8842770
22583330
6432124
25662991
12798598
12401634
12452649
14379434
25018255
13941899
5213257
10597225
10302203
4751727
11222195
8030452
31365667
7072145
5835878
13541778
5375897
9842303
13758843
5034299
12890584
10797454
34932986
34278115
16278486
12372179
14733686
13104533
20417230
11807724
20152867
5764210
7723533
4685753
22679651
10879624
29932234
11932655
6491643
10307200
23592986
4815818
21385717
15365557
13317187
5186583
11701024
21678676
16018018
21671620
8365310
32177037
13167421
8979660
14903102
24334853
12555872
12760510
15161563
15825311
32921670
6239151
30612907
14191395
10261798
10336861
13080591
15706928
16936386
15727007
16138246
8694467
20472238
6310151
5653582
32962038
11957322
5630173
9620415
12097274
6335927
30393593
13164484
33097650
34623745
9787910
32616741
26885372
32891724
35506267
19713970
11669151
5424177
33977049
5166366
14184864
24625517
29598058
34245043
6852093
10591415
14985222
23709065
6693312
20178199
25760074
6320036
15810809
10251866
12669112
17461201
20897068
31935283
32303283
11506957
14091447
6918860
6696284
11115700
13089015
8140562
30653632
12471894
33482357
14323294
25300723
11274751
12126232
12790379
33028389
18670450
5749223
29711842
23552393
12252055
7689905
14218875
16288606
9274347
10185023
10013733
16091777
12999044
22698881
15270055
10753341
9393090
14637873
32093343
16693038
12164091
18709627
10284812
6565737
11824200
7196108
8899392
22504718
11192286
21521143
8327859
3013748
22249783
10248417
14466806
7860849
6024557
9179427
21934822
21947023
4840482
28818652
5050858
13025907
6866884
27041667
33820929
24735209
16575516
31481816
10598549
12969066
15524749
31555381
10662533
14805990
29466976
11786869
30612181
10234913
29232772
32093679
15858374
14706447
12461685
33536394
6627145
19314466
18528142
33277959
12452842
13600003
11144618
7071678
6355208
7010386
11922639
25023112
34637836
29370667
17922295
13772296
15654914
9728790
21577204
15528015
13481774
13062110
13432633
12009806
10132494
28753318
16050342
14158861
14475420
6975063
16151964
7637143
17881606
4710708
24848735
9126211
13099728
9812853
24550571
9215237
20298937
13823048
29966710
10587559
5735744
13312972
30599584
4986821
7382161
4765763
34428880
11740907
5054863
7889092
17615770
17979484
5770928
15777447
17057868
5335362
15838877
10224328
9658719
28908280
24457541
34288015
6256769
13382431
18247162
8636648
14216894
10242313
13910647
5620555
21821953
11557035
8079800
35330230
16705947
7525699
12827630
11665968
4904581
21544297
5531706
13260709
7326992
9251913
10032451
29682958
13070746
6024140
16920888
9878147
16146029
33813732
23384159
14073779
9864540
14864078
12980149
8668147
15191904
29016742
5770187
12364699
11778393
13076975
17248489
32138745
12875503
4296365
12675382
8512528
15932880
31064264
4723570
11252947
29769655
12833445
6132457
16885041
19513447
7784489
14032336
5297844
19108219
16044803
12887965
35040881
12030287
28941373
9916534
14565809
5767448
12871127
13455408
8334501
9314458
9681946
12051176
7916829
5379147
23562317
28954000
22038934
19931602
14555459
7671159
9723625
8040871
31704020
8891182
9959500
23168858
26432012
21687889
11266009
18652726
15630270
15357217
16418757
6894654
12988816
28650193
26530796
8908693
18375010
27927804
6556053
6464869
27274965
15209115
31227403
11579256
6434541
17956990
1162793
11792303
13929458
12470475
16588116
11856426
9981101
19686259
18298405
22239019
16947078
16034945
30431684
15349020
15395886
12640809
23004077
26538764
6998392
13793614
9310323
11150577
35217295
8974657
16151496
13189083
18776374
16229003
10096805
32984958
15662322
9854116
14280648
21835909
7093030
17841112
10439964
9223178
28254295
30600487
22936379
13223561
14662877
10691583
11814000
7739787
6460798
10513864
13201870
9237367
11492057
6344557
15160467
9193816
20286853
21651526
11804851
10225415
6036904
33963030
5020291
6930800
20295406
15611663
12394851
8016830
12630424
21308986
14381621
7738837
20178523
5811585
13608877
20409838
10050499
7447253
28998859
17931184
22924904
5548766
9451498
35466592
9965477
12154066
10661178
33543729
6112300
35440261
10320167
13181173
13053504
19622113
17144743
27227202
21245167
11117108
35362957
7509898
9246045
12625727
9326254
24161759
34281370
24813383
34121491
6119378
14018664
11633543
9996897
26332424
21514921
22588427
30822387
14333672
23158181
14236413
16184486
18348316
18624343
9738875
10002245
5085775
24366638
6219884
21112225
7330227
34606777
25679719
13271267
30531397
29778871
13379193
20163937
23027324
5640087
5011861
15133033
22872107
12513898
3008663
5914686
34717320
14669129
5476384
6647403
15326547
13279613
15976938
15143861
17304784
33895386
22095694
26333387
9514077
8169425
8473329
12252674
8174419
12515816
4982296
6884974
32005871
11723251
18664897
12648860
26841473
25018834
22874615
9195425
14819163
31283426
29406286
7741261
30994501
13957856
22591418
14247494
17420689
15946116
28770937
31059038
24713309
6798893
20194522
9828630
13047046
32472432
4788540
23883323
29611798
25476496
32877789
5505345
8413018
21251956
5925751
4887128
4842143
5091997
18467125
5580126
8457805
34254184
21273601
15627690
18638650
6604603
8887238
16727793
4802056
14925447
23211776
7164438
11260178
11052787
29636914
18924100
5368808
10573494
20692921
9450950
20451691
22067566
7782549
9126716
31281884
12060110
14503832
7956860
12621906
15312764
18812818
7813761
7298377
19889773
6007023
9219152
6981741
8624948
16102448
13332375
23199497
28861336
35353120
8005444
32910957
22670168
10935724
30652249
12653643
26865938
21493045
28603255
6805708
12604131
20134723
25672576
13862265
13199815
27549369
26512103
12308217
5032618
8281485
7294630
30154025
14671966
16058032
12406785
9698587
6070262
9134891
14366921
30069874
5270486
6859743
1887758
16839357
29663476
20057905
10462923
22766894
6261674
4960255
14362776
11330220
13502768
14874156
13580473
33546321
18436999
16921944
30595924
6631372
28177522
30271682
6739650
17345050
10588687
7008984
8876185
24150977
14455483
10357920
11109231
7458974
2195374
12267189
10093997
29104276
31412357
10237694
20789359
11711208
17500273
6525522
2134663
33448217
5625048
28602400
13507851
10485582
23844896
7899357
11568652
20578423
4854475
29967322
24061877
11026273
13138118
16030729
11436776
8575708
26478110
6205855
8329673
16096469
5667490
8085138
6156132
14494119
31244893
10089445
8437628
27749493
6725726
26330447
27814302
9972566
15487997
22027006
7642643
9087847
10742486
28046736
12946932
11010275
17284423
13930744
5368144
5781492
15055056
14455799
7181032
4941033
15953053
32751789
15945210
11947361
35316043
11904749
6778506
8453711
30401132
30011083
31822457
13245945
14525067
7295431
18544402
24459005
27327657
10135387
7147610
5457782
21048976
19908025
32075547
12688602
12413588
12000725
7565865
12419179
7713626
5676624
14643995
5397302
25470307
6096338
11139867
5018101
12255795
31775339
10294249
21136039
23364605
8876579
19601731
33175200
33928911
8370589
7440995
27103665
11595049
10697413
31928404
12185838
10768113
34573726
10027704
16819701
10882462
35357863
11127485
18119212
25253395
11041258
5837236
29574379
6332489
9709470
14516715
10981164
9649314
20578198
7135145
15869624
7653124
23809337
14814832
31558903
14213807
5939486
4832022
19211878
11729751
15726019
7309559
11308635
15292179
10522829
6714828
21851692
16545147
9068341
8173330
14578194
4765399
26120567
23532290
28396756
13579434
18984127
27198405
12709843
16971582
34398496
6312498
14626555
18968962
5043941
11156632
34314334
11186111
21661771
5048060
10944688
9154488
12795693
11408078
12336784
11314900
22450195
22980830
4909164
9664377
8249818
15371891
30463445
21976600
13671799
22159387
14384905
4854311
5503684
8243641
11778361
8558560
7528775
9431840
12342737
24864581
34006029
12841014
21539167
4691528
28906456
13734165
12515844
22279951
34340863
26760062
10602792
29670979
5862210
17386885
16085552
6219262
29360923
8007993
30208181
30889782
29032414
14533977
7248920
5294138
17420413
11680565
28468678
10000802
5698396
15783261
8378439
13794606
22077262
14124529
32865081
16137176
6618976
33984186
10330446
9115313
23503094
27454167
12823380
30331799
11559841
30157250
11484792
6618896
6071724
24547691
12784060
4707900
24978766
15787357
16201553
32503623
16304166
34013307
27265536
9980556
34444690
13329950
10414632
15856879
19839649
6510933
8542905
9845944
11969088
5520582
30050668
29579866
28968313
23541086
34092502
26044102
5863172
16186313
31979081
31854356
18385648
12819090
6771536
28272556
15832692
11228823
6192726
7152209
20972860
7583666
6892796
32455071
8337998
15787999
15934899
31142783
21718636
34393444
4698447
18975421
34618612
12166869
10817891
6326234
5781664
11825699
29920177
15171461
15492360
11264183
20745835
5978235
8021949
19298758
11843956
7116625
4872102
12973663
15412528
15359881
8399499
6775443
8542983
30301502
28192945
14694449
10999199
11987140
12398099
16135023
9006049
25141477
27540516
15991098
11604343
31193137
27320673
34535944
17105055
21116086
22008604
7414105
32347728
26876042
27828897
5801657
19471645
29118568
10594271
14000785
8980239
30581347
7809249
4771149
23144615
8177871
12230731
34697988
15467772
6724792
23358635
28671190
6353554
7932133
8730339
10997355
20566408
13651188
32219841
6610015
8382682
16601688
8630779
32960430
32372793
12448373
8621357
6573679
19020715
16536018
16165154
23018936
14249332
24110771
16600521
9105307
17189185
27121596
16268298
9072614
6171469
8458481
11310081
13416819
6982006
32421171
9766471
12618388
19549726
14581555
24910460
16695780
33113940
12357076
4734144
12065458
14908595
8203269
9441041
8722893
11682827
7691616
16264082
10452010
25562101
26078911
7746417
27277236
20982139
10630334
9415790
34712781
9786074
22782227
20626681
10505800
24885074
7054923
11547795
15646424
25421599
8518487
14127928
16212760
13225468
5308861
5114877
28563574
31039891
31459337
15232883
32079405
8997534
35132534
11367132
28716232
10724923
22386313
29388088
9382713
17582059
11466263
6648564
10136191
23960876
7951782
13659136
7041625
8237578
20084998
28740616
12689001
9658900
15463967
23020388
30094097
8919385
9825964
8804384
15491997
14574780
17963800
4774016
16866795
14827368
10540698
24501881
11724252
10986635
14611217
6307394
13591088
11644500
31109291
8229253
6786644
5902180
17320306
13166263
34319464
10907842
31062629
7168107
29975944
29966416
14545582
10662509
15328674
28117528
11653675
11857983
12388301
6533723
5810384
15418440
10008725
9175206
14547325
13643084
4726569
9971381
12489375
10925690
9882766
13327679
15932899
15766318
26872724
23446442
19090918
9281064
25175278
21310897
8710100
10587741
33657063
13937898
23952137
22594919
17289229
32405541
25215091
10128328
10021995
32849019
29620738
31451564
32179407
26929181
4781342
6321521
24408704
12645916
15778438
13371632
5494281
17062944
11919834
6078337
30589792
7502644
10846092
18969805
21223888
8993972
14497709
9851044
15518623
35376358
14706617
15598936
8676306
8278446
14953078
35346301
24024314
6541581
4923904
8062369
26740589
16041731
13709554
7097701
8337014
26792456
31023046
10369298
12873839
5958105
14275785
4900581
12718931
7148759
8582891
14025310
13573252
34686396
24697631
11342702
14781202
34233385
34948391
17229676
29659243
10631084
12339602
6299890
11656210
12316402
11424299
6036529
8425797
23256140
24575666
16185350
32491611
18728629
27235503
15990487
15308772
20036863
13125945
6811406
11904423
30157721
8151434
23430116
12216960
14552136
8213675
30742862
31275449
5582743
11630155
33237963
25316206
7445479
12491773
24748352
12528447
27344109
6132078
30260879
12980276
7820146
24882635
6140177
32962995
5039180
25889464
22963532
32782881
7361496
6326507
7425489
27841335
10577457
7071763
16053447
11745451
33367961
16024350
32994348
11305063
9476477
28533796
15123076
28059093
28185334
22571564
9733636
14085349
11360321
11170347
17654479
34313419
29352640
8604444
25697956
23834411
5010489
21012925
10000102
32064153
32750460
13974005
7368433
9549191
10889867
23891021
11270529
16193281
26355218
33160761
7428236
12665306
8045194
12339798
27104841
10814085
11221338
21268075
16922934
9835149
6958230
14165595
13045139
9581381
15913715
13118131
8835483
19477066
11550293
28574092
35048678
5106360
27204714
34412950
6227057
34494499
11635221
19448917
17845645
8246245
6086307
5790081
7435640
6209359
24151001
7014375
35052077
5867533
6479489
16361163
13117928
13437538
25615480
23060261
8190339
24151910
4770927
21590674
17691190
31121177
10313320
13088616
18530494
10569032
12398957
12203130
16241158
15490461
31282886
9254119
14524931
9096314
15685491
24231098
19325314
12479803
6498053
14250786
5766363
15600837
28603474
10137501
20637799
22821044
16218074
10402691
27426966
33266361
18153859
15437979
7701683
27796068
5867151
5544938
15053455
15308247
27568044
19200049
21471811
14682567
13209569
8447965
28289716
7285216
10633528
10579348
16071105
32620575
25913044
13385514
18830302
17777110
9963125
9582210
10869520
35325940
11182523
12499777
11190242
15383976
28247803
15144009
5420310
33275712
20961283
35178244
17194690
29179267
15816198
13537410
13195186
11472895
7653998
5882010
15345265
13367001
12603775
17454955
16293750
10350009
4678005
23999468
14790973
21940180
25705096
6955384
11619381
7928540
9582447
9539866
8957095
7953483
29107966
1627456
28631500
15242360
21364876
27763530
12405301
11317622
25879804
11067984
17817718
26843495
8287281
14881297
5460932
20834962
9888747
12662982
5479476
5258654
14315734
8312163
27834354
7485390
12806343
10557545
28073023
11248799
14993703
23172809
31614406
11052247
7973408
12856858
6206234
10151187
20744857
6405469
12192485
7975728
5211019
6115997
33365804
7750588
8139843
13553461
17486548
13316305
5043478
5673957
15992982
27241299
15276401
14059040
24540521
28651270
33767583
8554877
24154496
7913484
20980723
16082667
31075760
5113756
10120790
12657786
22050841
19792183
15356556
12512754
14500179
15547887
24717041
14434096
16780416
20146879
10187254
16134171
7112991
9290689
1927803
5539217
16149335
34257349
31807229
28727335
13923381
10109128
7452455
3814220
11166273
27039474
34217968
33199197
12189738
8408245
15804101
26289365
11347969
3254664
15302170
16854798
26356457
5894154
31149227
5205954
10257334
16943265
5485048
13076476
4933174
17233213
32180568
12676181
24976042
16036593
12173720
8617025
7421760
23915321
14453566
12943268
11006001
23446697
6666921
28202578
34891058
11628524
6798720
23623040
14872424
13574873
30573157
10984217
27344451
10155150
9065748
27428763
32077293
6619065
7175392
6756758
16555623
13712128
34981763
5881032
17663056
10212295
9299645
9333175
35535091
27165033
10055286
25463791
5376812
25474414
15570017
5100918
34819124
7936319
17042433
11782987
6440914
13926196
5136580
24961354
5738385
7370524
28569775
16468704
7209318
14562986
31011667
9449982
9117035
8333973
31489388
10761290
15540338
15028786
13380642
12070997
12069755
14361620
30232589
9922136
13393479
5002867
30621610
12437036
9834762
15479428
12846654
5848498
25896274
24667250
10967870
14602857
12727253
17947372
31335745
22974572
31139435
34505908
33511514
16229576
35421682
12642864
8548362
27930606
18396289
35178910
15906322
28957933
25872109
11303887
14481525
11433093
8222417
14654840
6299532
6259500
14518447
11468650
9702821
6436793
13601675
33292233
15820802
9258827
35531683
10649025
10310743
12990188
12187776
20020879
13131655
31693079
34155292
15689030
33526833
29577721
23175365
10406015
8256260
12629822
15150483
15672454
10281178
25014094
13581625
14582345
14040458
14775054
24489356
24253094
27339171
16071892
11503765
16255211
21696439
7478558
15709323
13861260
23747063
34489339
34965839
12138222
13073150
16874976
25283842
15998024
30716684
32334231
13781555
7734722
4866006
7798705
15568487
32863761
4942628
34340053
15280620
6721614
5376727
8310384
11636970
4965880
8766776
10313999
13474180
27047766
9160115
18572194
8901991
8237726
10138396
5946997
6040345
26652503
32782149
15902329
21099418
8905908
25510840
15689104
27642378
7585197
8175221
19928830
14409853
19221706
31392635
16901172
7392499
24619058
13537467
8168716
10144690
8688038
33459272
25171540
10707764
8521127
14191237
21484054
9665712
21051421
14254021
11110361
26619740
13855314
10080559
10622060
7742787
35439775
10443600
25003894
12214489
11047151
9680564
15139779
12940567
10620209
24041345
13602515
30645514
27973917
6614620
9961911
5160486
16200100
20709529
9833547
23196890
12209901
27975858
5630060
22518116
24258800
32101674
6132947
8694505
12053483
15007425
7437245
10842759
22890071
5013965
15135012
5049443
30283508
33384482
17135763
14213105
16363095
8435643
12044714
23513042
16141778
34939475
18038251
16213323
34672423
14841136
7281921
16046627
27390000
6573111
14719891
28194493
7320498
31039522
34759601
15223535
6220494
15896817
33158823
16227754
5331601
8227306
9106153
18910168
13158849
18135055
8256392
4834285
33367799
9031504
14059435
24126314
33056031
31818188
5930276
9802244
13928586
11396302
5066194
13132157
5452185
9850231
10561768
7659481
14911908
14284816
16830993
8872214
14203332
5499517
5433744
13606464
33460967
18586714
16179263
25944928
12705729
9194428
35452513
29713717
33327039
14393235
12679736
8390012
13397513
7899170
35034983
8334119
6672485
27933339
32916561
4741657
19261810
34379437
9828854
34383220
14787855
29912683
5447893
7165910
10756565
14305613
8845138
26675501
6987118
10405361
15517439
22080709
9313777
5945560
5686953
18970477
13723933
10638734
24414218
31249870
6458365
14478275
16872840
24018917
12749833
12099425
5557136
27381780
17474284
11836121
11132855
24296813
10378022
26421800
15241218
16276927
10021323
33173070
10296303
30576085
11719989
22906022
14809605
25366081
8397820
13504596
27189534
29255206
25455490
30061468
33644436
8257104
16167608
9280829
15151344
11981271
30521629
14924327
5596950
29303461
7034888
7817701
16257400
17696572
6294763
34023759
13832739
23322350
11837980
5649822
10379029
4787511
12768860
14910598
7425937
9173431
33194232
25139182
32604603
15571115
30043420
25470913
23600462
10908546
8233534
15976850
21412075
22661558
4990542
11471503
31808681
15769750
15559654
19426450
14524619
32401284
5883392
9313023
4709822
29705077
14305811
13814571
15152078
13807087
9797952
13113119
13722894
19156027
14025871
8203267
15329887
29777605
25798654
7393127
14947660
29675437
12549791
32173266
34276006
19763956
10074960
9695556
7897986
24723728
15632428
13725828
11247993
6335164
11631587
15480550
4707598
7960201
20692915
12795288
35152864
11483638
6626438
15959380
17036811
27714345
15319455
35040692
19910530
13215085
13297067
15160934
22228915
23225450
12877597
18664969
5276058
15704426
8339225
17567014
12122189
14667152
30420188
9434619
15609197
15573512
18567679
7231505
24582656
28488076
13710110
5690234
18792118
32229660
10481421
35350231
30058729
4675814
5948046
8091258
25176829
12920511
8062756
17516953
7761376
8641320
4687804
14563404
12157925
30642385
19400374
13831887
24371327
5435622
13874527
4794875
12785980
7067457
28492975
8568262
6348080
7431129
6906354
6455090
13696649
27718053
26300195
31241569
16163193
31281485
29150809
15374804
25215946
10820001
9918065
7074207
15763702
31453883
