17968690
14412792
8137054
11954630
11756795
5430108
14594820
14278173
7396497
6932806
8578046
10044085
14766768
8048493
14939662
13207121
10302832
5091127
9692812
12736343
5259475
11311919
6101082
7875484
15502457
16253970
9636297
6982658
14303314
15770150
15537395
12321054
9139010
5429469
9989783
15866319
8730434
5324787
18058963
30026254
14901061
5632476
7433298
15042269
15746939
10196135
12687359
14160010
12438511
26738876
16248343
27505248
35390233
9059700
12990293
4517201
22429981
6125462
16887210
11113747
19617385
26662994
11490288
7138279
8906065
6366054
12969553
10366551
16069974
5776221
1627456
14785731
4966928
12464962
15793430
23615747
31799423
31933828
6620352
27586863
7926786
6549555
6846296
10251868
14567730
20106328
12846378
13870494
16569663
30196028
16334295
13714925
10292662
11294337
10856782
11899346
5443844
30210770
26495021
29114962
9683445
27757227
35239591
12784934
9277019
11575797
5394282
11707873
15981257
26115511
11553494
29735944
30298748
6535331
27472950
11247417
10738153
22102288
13580918
30839196
15733180
9995134
18236503
16069033
34672561
28774990
11041434
25425640
26976110
13254122
15691766
33853845
8048547
15842137
21694480
11556672
23127089
7906395
12075672
7583523
6795254
6791565
7503911
13869973
22806869
6126630
29500354
14527847
5139612
28082008
19606234
25436464
26805539
6390743
24306893
7187129
13158163
5838027
11348717
7346813
6832823
9887917
14416547
6747745
14514575
27525522
11570328
12920769
5632303
28219624
11045792
20093155
26249120
20250091
21957169
11199562
11391606
29506315
31981793
8392040
12171511
8961408
13037499
5999814
16115264
26729789
7474697
31950803
14686717
15180786
27096696
5667764
16098331
29078251
18853696
25050580
31091522
8516415
8629618
13512107
25184824
13967062
32203614
10536148
6270017
7738867
5229017
20353264
14037307
13374958
16642200
31089899
5482664
10320321
14828531
25264603
13273347
14986254
24519095
7782627
12971294
16261167
27859359
8447723
27591111
20210848
32430456
6068297
12058720
13709746
10792525
12310595
5468720
7062944
13277865
19497880
11192479
16057443
23281190
9672070
13789051
11779557
14218431
18966889
20307496
23744750
28210543
34185400
30608602
29410228
11476591
15558711
14526105
14883969
7033791
7761538
6908772
30042199
6323376
5609953
12656514
13012554
32598711
16547085
12265063
11789228
10242401
12424544
26085607
34968962
25802539
34262836
18933178
22535708
12493344
31393544
16375515
10606000
27562578
6171351
11364899
12988742
16003530
11144650
9511744
8368948
12333259
5070148
9886419
19778059
30572575
30639421
10918597
23348300
7694288
26857217
12240535
4894677
11127977
23856968
35381467
23870147
13674839
7601643
17405554
1573131
7536996
7865194
6622530
15441075
33685632
17702158
8364132
5861622
22644407
5107934
9788183
15986797
28661881
14506810
12842641
16105320
9941578
31151957
32051805
15955291
27994920
18846433
11643605
13417890
19566340
14197957
22436602
32115198
15689644
9069798
15082220
5868918
34304029
8056567
7530039
31250902
11414935
13270205
26776664
33339215
5638097
11369744
12814485
7759749
27633399
7936315
11888159
13386650
17720431
13613674
11838060
5209164
12342250
23920856
30219200
34340191
9019935
20742352
8089925
11508935
6238704
12561250
15989420
19473469
24871373
8843778
13703661
5323942
14737546
21821590
31287008
13072432
28182280
32286978
6871718
13890133
14748937
6956832
6989249
18010372
14247216
30941365
7457400
31999484
15802961
13362855
14115682
8682921
8367475
13677184
10872819
12538735
33111780
19068016
9486255
5797234
8949140
22609844
23302673
10338677
9706603
9606282
15425209
5303255
7528893
24554219
30541666
24960496
7988825
13196815
18976171
27249363
33105936
13020833
34837997
14888637
34664572
8454426
7935130
9773702
8075234
11891980
10975592
17401708
10523324
22066312
5859206
17145607
19184059
21433162
7415099
12776218
6544805
25822618
12985987
17221963
8861649
5953690
17925856
29109301
7595773
10788324
10210281
22972469
8496661
9105106
6793183
13383729
13975761
17986600
32238894
11924531
12078115
11882639
8897667
14789229
13898861
16151872
14203110
23172695
29881777
15231353
6920344
15780834
33301065
9015983
28152319
15839853
27814320
24553991
5941076
22653371
24117176
28095805
24532100
5407452
10561379
15744727
31357477
5975913
12611086
13045062
26643278
11486378
5194142
17260744
25317946
5982526
5146196
12062435
18788110
6503572
9542453
31838702
7287800
34746528
30480611
4840564
9136908
10168519
6393317
15638065
5888397
14099563
10178342
7556546
16213772
22203559
23980643
28003041
25398487
12070691
19647721
34122172
11716521
9448425
17520769
8377349
28865602
29433778
31787465
15628582
26506655
12499723
10940654
10449061
26873753
23862140
11926353
14060186
9903417
31400036
14695559
6076225
25013095
7219302
27081549
15060620
25642693
32335497
33070305
7321465
16267007
22691534
11695773
9299482
29239000
7351732
7417975
13236056
8504407
9790271
13882113
32495682
7103496
33512552
15274018
10572609
7659380
4887364
12250386
23525408
23196791
22003579
6869162
10486275
7433511
32213628
12551328
15752296
5450629
14023252
26156396
28980088
8384295
8755874
31544548
5504990
8625670
7981166
9910442
13414493
6837158
18770839
12621969
15891199
6504721
15601597
5201677
30658159
33838530
9294070
11434096
30732959
17263975
7984186
6658890
23171051
28552495
8867637
18489142
9191294
13567875
14075963
27847719
32848593
4760326
12412226
13290203
33158250
14979988
17729605
27037275
14649407
23705087
7994815
11137196
34750914
14068006
31665260
6836828
9406830
13553374
25424710
5613640
8803752
6357511
14822674
16035998
18847348
21098287
8708829
24990673
5455832
8826923
10670559
14313001
29845345
5992407
6004320
23974286
26807939
30535414
13712344
19993081
10398766
25460455
33185151
7601870
15151055
33409568
6486441
25034392
9883363
17297275
14268699
16906566
31959548
12038752
14617017
11586812
7472420
14792580
28270954
10766377
19599625
13905048
20022976
10439206
8169850
10119112
35513401
24496565
11914233
9252430
23512016
32927526
1939550
8643646
8295870
13495943
14417264
6567495
6706054
35288140
11687589
33205779
12195328
12381807
22347802
27550122
14778934
4833281
27350790
9759831
15607099
27066117
5418785
7756498
17663842
16166966
10207778
17686240
12684547
24287300
13642809
5902380
8291687
4804412
10142314
13730005
5485248
28770385
6760018
13672550
23222972
12563673
21764623
14474135
34758692
8997217
13923855
23801855
29881069
14705220
8339592
6735951
5238603
32349846
34771742
35504380
14336902
10790827
14700203
14075971
5912813
15870219
11815542
11937460
4759803
15239468
8740006
5629537
9206044
12602173
4785831
10954983
11247716
28189819
29042371
17451889
11558737
5693082
19254799
23990162
5634960
1257819
9216030
13827774
16231342
5014194
7232857
15488946
26559398
5904605
2953716
5376023
10612384
11222813
8824649
11789141
11106215
13923067
7808844
25375033
28973392
33528555
5881541
17734693
9076780
9094359
7427235
11771085
8877617
7404068
27415764
31528819
17913565
6610671
9143201
34581802
14751885
12117156
7578150
15532427
24052520
4822074
9513705
9952127
13702084
32790429
5825117
9820438
15540653
11629885
28588519
13082437
33683139
7198324
31169744
5407633
12211308
8742974
7825533
7530773
15482497
21933193
32764470
6711377
7871880
13195260
12193306
13404455
15756094
19390426
12536396
5736787
14340200
17744791
8541777
12016478
33639360
12102689
16924281
34361689
35010491
22311061
15589121
11474472
4967399
13237163
16360827
19357996
5324079
9609895
11409399
9803078
21626074
26270771
7986398
6481016
12128447
33295407
10881106
7188688
8406265
10726188
12773958
15950720
14857399
25754650
31099025
7668740
16238628
11606736
30980470
21146827
25920208
13814612
12217702
24182969
4711153
23312147
10178970
19694776
8728190
10120126
15189503
21107008
28694017
7804150
13379714
7716697
15092175
9425446
9042402
30140645
15264296
26180180
14391434
34369897
32020037
35391322
9909102
34537357
13092991
5855960
29225497
26107045
18327403
27860490
7498455
17864209
5843945
25224910
28997392
32262180
15279300
6304493
12277820
22810019
14318978
15105332
15035370
34912604
5310066
7129154
13578523
10378186
8229480
8424768
11734515
8464861
6819838
19916938
21990151
5782605
5382928
16160902
30113231
24271049
28493848
24925442
34052995
10915342
14498491
3275199
16137291
28134889
28906723
5805379
33016803
6940375
8230846
21425887
14480643
8157561
20674972
12114290
29832388
33014136
34128889
14340539
15274726
15218517
13103397
14250585
14592046
11589251
9337218
15008083
9433425
7173559
9111646
23395418
34632649
15553619
7983167
12341705
11728428
31486295
18993484
5892750
10104289
11525027
25845760
8629350
14400467
17854729
15958926
21914017
13980594
24972004
5832096
10322743
14319252
29446333
10436461
12905953
14568969
23070032
10041011
6478847
8326305
15625639
34791587
10350138
29493109
24769151
32218641
33508136
13494810
24287810
35406265
26697686
4886786
34400245
12006732
29472826
29327362
27733905
18432532
26079739
11119632
35248879
10839767
16150710
14716398
10536598
31461356
7080329
10256261
13488128
6449027
11039894
8163408
8865939
10141359
11114238
10888857
34399147
5129840
34819556
13670584
5906175
13942152
23916062
24593612
14732333
13123655
13541480
22830440
29710789
12524378
9955043
16911018
16442523
25043812
7926061
15093171
23088122
12841454
13847737
17115519
16355958
9697618
12540187
11230745
7540879
16468614
27447843
28522531
6462066
19687525
6886043
16855509
35182303
33554871
6925545
11910308
35063819
8052797
16350963
9450105
6069713
18252196
34042021
16034171
8806966
21170035
5475897
12257576
23164706
9370742
13391283
14825577
23445056
13442404
32605182
4681567
14105701
17289310
12672417
32512278
20192362
18783271
7954791
31587331
31986371
7509824
10635908
14275755
15165700
19125334
12183416
11425083
20240461
12578016
11486106
4914271
9331023
9454791
9046941
10214271
11670727
15500061
15870866
14064869
9003966
15663255
22060477
9013004
34050253
28008594
27405396
34957955
13340190
29165053
28671616
14175110
8462527
35494534
6292753
13506918
7252807
11504322
6656972
10506594
9642874
23878322
27860784
20564728
28313428
14046933
9712501
16681224
28524310
19416814
30896202
6192169
19199269
11693417
31588360
6194746
10488945
25915168
19813669
11403291
24343877
32517348
5276489
8027413
6983924
27503925
11174304
11524883
26444858
14348890
4836612
10802734
5284052
28688374
17441437
31034701
35411953
12117980
28420858
5095507
14038477
19365268
5364447
8143626
11842924
9310577
14215283
25968226
27887790
6496240
7073344
12811538
30392657
7767851
8328450
18003760
15054711
7416215
8627675
13019133
10459763
13144161
15404115
11711111
15643031
15659581
15403812
15666149
23824694
28496458
9933989
13684699
33193326
5618368
6038105
11231173
29712538
35004092
8519581
12936498
19298485
26390279
28129294
22185148
24867377
11137353
15115528
28934845
13912978
14865750
26958890
9023289
14209760
4904979
14733943
29053321
21871084
11061299
15017387
15551326
10888426
16242494
19751017
9283830
29014660
11348015
21414442
19767496
30385394
9422720
14032678
32000135
7321881
23037938
33492644
11695005
10103073
9776678
14121412
13139073
7030066
31255585
35517217
15384441
31725047
34303075
6063373
24961720
29877790
9020326
15945469
31870067
9686461
6724776
9243247
18499576
21105949
14228283
15806214
10506161
16909329
5167051
11596551
7668552
10298804
17966998
27851547
31722575
31423220
14897280
30185171
14068899
15963859
30517474
16949556
17882221
11549716
5404273
15081092
12900032
5567268
30261458
6674869
18567388
13273305
32471841
12030493
31939780
6123937
17998798
14075589
18477571
9538243
10081446
5113674
12407920
6014965
9354746
13079415
27409446
28526635
32937822
15138253
5474287
11766628
8803714
18142936
30037147
20295556
5075755
13552831
27353943
9053745
8214757
11048785
12177789
7975229
13861848
33219864
20338645
6506083
35007098
35264458
8983096
12381477
13388292
7783100
13390151
12256294
18373210
30517555
35251468
15584746
18900415
10650833
27135861
13879425
22775843
6494306
7678468
12592645
16234424
24752660
7645546
9899727
25929043
16169089
4693946
12588008
14065575
31240192
12006305
27173727
20793835
17483089
14271639
14097576
4814982
8160747
7242015
30932748
6120216
23882366
32229972
15089052
6206504
9102527
30954202
30098960
5891111
9170124
13977346
25025950
13305044
20197672
5595717
13417068
26401295
13215193
5420634
4700209
14586416
16241411
13457096
28847221
12089776
5491879
5391319
13257891
14695574
6652289
13728925
29570188
5489446
30084417
35307895
30518428
24565991
25474351
5670558
24961480
14903782
20672845
26586737
14671268
29099899
5158544
23425931
8285017
29272582
6835433
19627873
10589832
35168440
13647070
13903914
14685681
13439844
18547873
26617583
33846552
15078144
30196142
4972755
8185734
9129395
30949174
16625076
28566928
13105585
10960311
15208763
7139085
16013741
4690124
10549147
14904335
26437178
9693108
15939761
10207671
7495752
28748548
25462030
31206694
13683323
6741523
5619839
15333793
30679753
16390275
12272512
13371640
12073037
31746815
4766354
7019413
20922049
32417367
10332424
8631898
13896759
13070292
9202347
21500779
12977384
16080648
17214442
21605224
5905801
8018925
24974698
30553498
4987478
32934336
24084077
15825807
23640281
16277855
29325076
7459645
14588053
29569111
12414531
8219608
22705625
27882840
33306135
27902535
13183228
13664393
11364909
6197819
5949723
8188281
5790614
7478186
27302646
12087449
12444165
5722469
5742436
18726688
20837959
24514970
12903369
25646302
5276627
11784604
6039543
12179224
15148296
16979229
26172689
28793131
10248663
19842883
35262331
4851286
7697991
30629875
5746941
17892976
12016724
6633318
10073396
29856343
8361185
13077442
4858618
13223182
9658142
18438781
7032947
5953112
13647829
10467146
31342390
12701166
21826639
19165432
26526485
10028925
29399089
32467677
14649318
5530506
10423460
29283709
6807496
30636790
14703793
17409508
12056894
6610407
7241402
7423945
11094045
29401750
15162943
30187361
5421047
26982224
14423343
30587281
13059126
21073450
26049790
31785734
9292484
6405080
9917211
34002528
31638250
5648291
29520574
30694588
12789244
20849023
21067372
10327981
13517155
22918742
13366596
15694600
9879407
16116657
24080822
6962663
11205366
15827004
16330224
7400133
11641769
15536234
7945260
7884395
25946803
2249768
10705065
12588625
8369221
20800033
12639026
27189714
30630040
16193048
20202304
7791902
7920939
12276943
7384287
16212194
13686062
10577962
27146715
28369975
28374025
30943108
31291751
9059479
10247592
11901846
15705883
12151527
7931630
4846191
13801753
29562970
7502508
27547242
34555666
14000089
4916132
5564113
6902820
4993597
7543371
12066968
25618432
22508501
7167695
13985038
10485342
12865409
5479820
21409534
28970521
31878982
34933991
5209856
15592764
17422900
29609185
13128223
14196018
18231115
11150758
32981925
9452450
5246873
9928311
23190905
9883641
24604433
5554337
5793948
6091587
6133365
9549709
12317265
16234980
30981688
34390258
12904043
15032803
5544508
17362501
22064479
11781810
12746808
14004778
6615780
28541113
14562820
6205249
28246993
31026781
16006173
27281472
5871639
12236354
14953046
5694205
10434046
17125518
17565430
17956090
12279826
24640892
8224571
12687453
28575742
7056860
13162556
9766119
10071446
15742811
11014355
32022515
19527523
9258657
26751206
8031482
33903909
14650793
31405502
17887462
8010998
13488519
25866736
9625956
5742526
7432932
11878042
10455854
13827639
4698592
10172733
29943937
31425350
21567097
7263121
11429978
16272371
31714088
8200079
8635880
23180165
34778018
9548259
5822029
19455283
8957029
27825108
26102479
14865908
9985991
34672336
13276295
11198926
11790227
12236638
12881497
16210552
5804758
25539829
29665768
19810975
6511240
15156515
17748334
6511692
15498755
29257819
31527032
24489902
32492217
13257606
12851532
14449513
14450416
9558987
10776933
26665946
17134857
11416798
25187650
5157362
13963926
25072153
14114278
24418529
33020562
15451204
27434649
5750318
11033687
18160402
15032885
23635397
34911479
12134545
15363613
29211544
7141923
14598709
20995813
5456641
19296295
26747654
17728525
20098981
8134263
34476796
11057605
18147892
13314484
33052974
9097880
13306383
7065898
11404522
15992039
26726036
9997880
12159539
26608055
14909835
15797147
14525533
19792642
6948083
9037624
26731061
7980267
14842381
13802820
9448254
10481222
35450839
11473325
6272559
8009911
9773616
10646632
12453388
13622260
7255618
14779609
6788240
4763571
30202016
4154539
5325607
5777847
14677894
14666666
18072754
24268694
31085783
33032772
13360313
12361929
16080682
11010156
11300102
5338776
26115754
24412268
32678592
22997984
23910617
6353987
6072167
7797151
8391346
9612608
11933780
12811822
21155932
7558785
4687486
7754521
9877493
13631370
7480170
29992015
11586301
15352432
7197482
29158762
14436642
29705539
5657896
24081725
7245079
18640618
4937664
8507169
6233790
11120382
5359218
20424982
12110225
26645801
7029560
9152272
9274371
16372464
24054557
13830621
10765692
7011634
6450893
12986232
24749654
12796014
5344228
6890427
14847737
20107903
23025821
25701175
16551360
25912390
14787651
28741579
13747423
11105207
9418858
24704807
28069585
33859653
26149040
31516958
2425103
21186880
9210687
13436512
29244595
9756967
29617978
27079740
8693948
13107695
25305304
9494627
20037316
9872532
23558435
28972873
14834220
14136732
9933159
22617077
15862080
32938947
5049620
29588656
31117415
16822893
25356814
33308778
16802814
34409074
5287767
21626533
8861030
5339585
31406438
10993603
35225320
35184814
27712080
6950344
11002410
6427036
12935055
27951546
21897280
14725211
6784705
9479839
4799009
13965054
13089253
6603728
24628586
8566715
11557368
24364604
33387695
12584819
5989769
10718051
19800004
11352454
8269766
28235233
6296495
14187727
14262891
26766968
32615880
34985726
34721511
5394699
15669640
29691403
25552573
32991600
5941050
9168847
13125401
13959538
12543503
17853268
6554021
17271892
23356364
28968607
12595187
12944669
6681356
9551009
7169589
12133573
13510158
15189868
34456279
8564011
8578837
8935840
32040671
13982364
5461182
9032171
25767625
28083532
23134673
10449265
11078457
12939082
4859466
11752206
30514894
35119463
22098016
26799359
7424944
20607229
29361898
4897099
9716516
8840221
17367916
11744891
15624945
16795665
8153473
14336732
16298771
20083633
22673240
15959101
29595115
26432669
6231732
11329093
13575415
15247698
22848431
32921406
10302669
13124551
6350872
11371484
7816378
9605167
29158165
13406402
16763142
33406859
14491186
19262749
10826382
16483641
12941572
9597437
6188815
15318648
16781481
29943514
11200453
7313301
25230844
34270096
10479698
34375438
9244147
13968806
8228253
8241196
12194417
12551139
7662376
15315832
26668868
12898680
32766471
9319323
6644094
15394488
8570262
19484908
5434686
11326294
22853396
14177038
8580673
14057010
17223133
30991984
6988215
23180717
25647829
29148628
23505425
18422944
7694142
8380349
9454387
12116482
8422049
24709793
13841147
10133677
15688094
25672633
13551787
33929406
4797276
13726565
13849002
13754103
13940527
5911359
14109733
26492561
11125279
12760871
12098337
15428534
16300924
20918029
29093518
6094637
13135047
5038968
21073837
27012321
6360660
23918174
18447340
9106459
6256684
8052213
10420418
11217410
8240937
11506947
11834351
9865080
14144575
16165764
15647533
28006728
28284634
22436983
15321207
28508503
6136779
24010949
19290838
15689480
33073425
6582695
25524352
18097321
35483743
12395734
10450944
13451377
14504523
7040830
7929702
29962840
11377220
29987605
8616248
9116159
21456841
5105209
14251447
15619819
23565086
31718525
7783184
15619292
10351873
21663535
13104884
29733337
27435006
12032605
8854184
19625440
23279633
4958306
5215664
28265449
12982591
20138485
10896269
13660552
5676507
20401429
29059123
19836718
5123561
17181151
23865866
18020101
26859488
17457280
5253539
31986557
22889306
8581817
26055115
32169153
12135572
27271935
12022108
11582268
4788674
10699850
14349409
24730931
27648735
30489304
7319929
10800876
6751183
33777453
10277098
13166722
34020531
35252761
23737847
14565315
8818343
8323218
20917312
29142094
8766916
19173316
33867951
13738793
21856981
10343249
15776412
10248787
10084288
23721506
9827069
10709959
31489082
20207491
7414454
34871696
5849227
15104222
15057501
24244163
33869760
34465951
7887114
14519016
15314121
7777765
5411473
21172885
12465408
11671960
32068869
4708433
10176017
12577665
11554341
6163508
13373211
8406588
14441186
14337594
15927605
15741912
17993101
21283291
15249875
15549265
9188902
14676476
29705368
8400107
8702816
9991297
10670878
12940006
11326722
14324879
7767932
28709368
8046663
14027737
7149288
24252527
8234223
4731245
15297618
12984675
15449197
9430195
16203333
14495446
12080275
33240186
19060654
19683673
9989275
8020895
9587940
28071328
33346133
7354653
31815338
21992296
35060183
11783355
13774568
5967253
10593910
19350967
9180143
13746725
15847683
28835329
32679483
6438116
16177246
16420071
11132953
22431799
14670642
22077490
33235800
8769192
9220405
18298102
11570851
10691507
35531983
8854726
13379235
9702340
7837022
4897497
5655686
8880769
18162583
6481767
22396066
7552145
6439003
8221515
6628823
33499424
31990799
30654823
27227838
20320327
31761686
6183174
12717688
22665899
21795778
33944271
31219321
30843993
13773572
31573780
34550083
30958504
5805893
9266346
6319245
9390499
12495103
5395915
13906144
14776982
16118447
18390385
24134756
5596130
7103994
5285876
14737726
30153629
19308943
31367872
11388201
34406494
7406719
21485845
13193962
23241080
12937165
15712599
27537666
29285965
11643342
34206118
4832877
10807075
5309856
11777372
9790743
22011583
26456552
7175478
30351782
23453549
9711918
14588109
12686754
29692279
31486760
12170084
12427628
14415875
10346725
21147235
27393387
8108205
13310606
8378126
32108052
10457985
14911497
6516887
15039877
11289830
9061162
9838611
8798658
11466333
31294982
13647774
12238982
10286373
8579430
11397210
6418499
6561129
8344417
33153033
29852218
7876989
31095665
9815117
5824888
7697636
9734509
32783502
12146356
12397739
11139279
8452240
13606172
19647049
23727074
10835401
34485361
10131500
15938554
10950940
16825515
20305225
13216438
25835722
12502270
32611710
6615184
15147679
11341534
11908463
12092248
11167396
17792077
16707969
12812487
34436209
7397425
26671253
12106855
11082542
31477112
21120874
21959143
30281378
10612390
30822954
12029961
13510929
11151133
14459961
16198897
4826361
5704846
15528704
27985041
28196950
25307185
15374218
17677141
5294326
2683943
5618533
10313494
9459890
12304643
10770667
25190053
26575703
26312612
27557499
6347304
7915384
12225423
14648109
24121583
6029453
10340156
10615209
6584585
14503255
9818435
21877378
29153140
11043972
18340747
25836046
13985239
30196949
32818521
8830137
4681095
9092732
10297771
7167030
11371454
11363992
15425383
20225920
20466850
30992443
25485379
17916898
5548420
20341672
26436863
15599555
29354302
17558734
9792424
12738900
18951955
15048274
17298115
17080596
21275248
14160807
12165867
13289231
6855035
16218003
14796632
28249687
14572542
15981049
20782336
11155016
18786112
12344041
28595263
17053365
26197943
5747776
8436623
12651141
24937222
16160067
25832767
5578648
8487159
18494677
6662083
15105702
6967809
14961908
13478654
5034494
14250894
15488101
5525599
9303638
11876560
12790744
29909512
15897579
18166144
29510074
9990325
33313050
28138108
8618048
11844209
13989185
10808732
14974285
28169818
11397080
5244725
14634821
5554580
20934883
35111246
10627205
24031493
4929217
20837947
9101812
26053414
35488282
7781641
8242634
27496251
28196389
16480032
15386717
24655517
9266416
14756947
17704285
4943850
19571392
28053495
34661020
27753630
5559204
9767030
10711705
12332329
13561268
32798757
15407082
10863136
17971678
14328283
8332449
17077932
21897451
10279773
24473624
6814753
22498130
13433480
4991527
27067362
34778282
7547858
18952699
12727365
6173761
7587080
11297657
6705509
18372781
25181752
12152189
32335410
13773229
9495499
16143247
13138724
5048999
14396679
16257580
22331692
25321984
9800770
10687007
5609344
24795095
27492363
31127726
11566790
6138165
9341139
12729730
12315479
6116130
27941061
10313146
24210137
7018112
8257178
30271895
20463853
29661091
7542963
8505350
6529080
6308807
26292188
33971301
21498397
7831446
24338471
15310085
19098931
35324836
12829663
18399718
5660851
8242321
14094217
30116888
10082218
7304279
15086982
16098760
8073464
10889010
11972171
5599070
13354534
19191514
16068551
12232494
26318468
13510991
10843436
10142748
11936631
9028095
21650656
6995555
7843028
9002612
9169518
10880230
12180210
14662923
13996968
34737657
12775083
11508671
12577018
14760903
7707688
4699333
8831351
12856739
5545566
13251163
13483835
18726526
11589104
20217163
24508739
5272246
8992434
24590411
14951298
5737650
15541105
7845753
25678087
20769040
8024647
30725204
30232022
5089025
9957848
24805274
9515361
9438453
6645396
10141674
15353631
33629658
32012174
31551097
32674599
28398010
10962109
7354529
31838810
12824182
15304117
12573404
6181483
15501689
24761378
5402286
10016421
10243058
12941072
30988597
10968503
29187775
32162928
7115924
11735986
5033815
16588248
10042574
31070024
19270150
32036354
14561256
5937924
17353096
9550698
34452898
12386788
32599065
7998207
35174521
7577405
11281975
6184268
8646439
14100036
15840477
5567587
35260600
12662432
9248696
21114709
15582362
8417459
34037965
16815408
12926607
24808820
6268217
10372568
10941533
6483102
6238910
5354709
31805567
12522941
12625466
32338596
5446142
12361767
13961132
5040266
8532042
7849539
16375740
31027738
17874721
33269379
28565809
10557863
32490996
34241149
16949874
14616602
15280517
10140544
6647216
5206782
7414566
16142339
34942247
22073203
13403475
5176078
13663450
5712771
9429298
18350395
15160644
28058982
11887239
26894984
7311810
19135531
9982806
14836000
22553921
9574571
12807946
25246537
7509146
16402134
13852699
15074438
17695564
8936883
19964698
9366016
7654820
8683396
13584961
14102701
27988596
14539513
8622428
15163304
22279423
6090142
8173143
12579148
13828883
17761075
6975239
10690233
31335394
10044777
11059470
20303086
19995523
5081861
6610159
27978297
8862410
4898082
7760477
8556251
19429846
23905097
14905776
30711917
28859260
8166884
13464700
8341462
9005595
9140250
19363978
26565539
21707797
11999766
14231775
7412075
29284912
7546871
12060250
13680007
16097573
23042102
24145148
24166760
33727761
5819948
19998400
6019602
11550474
7690634
8474484
7588136
15801690
34394683
12466727
10250675
11496206
12051032
6049988
13436234
34475986
15815102
27529890
5844707
18813823
6569496
9885045
13923051
11081347
10882762
12874126
6316301
18998116
13622755
31715402
6551098
8168355
11249520
16753662
12477964
6081577
13139237
14472450
15478055
28014771
9537072
12253840
11584538
8817420
18065554
22923821
12512855
21046225
9227853
11278115
13995457
12234940
14537174
5828418
7702660
29904463
5786036
8131755
10564007
11913145
12287428
14081019
16030841
16269841
15196539
27275367
32318022
33503153
13527738
5750548
6031174
31136294
25231138
14462527
35514808
22627289
16869690
13117034
20482471
5490797
11386517
4863530
7385808
16207803
27215031
7736942
34897640
9963018
30736363
20783842
35245309
8253543
6075528
8480940
33580593
9838875
33957486
21013855
31809185
19622329
9490686
12186647
13843975
19754311
21094000
5918285
15216484
16730568
22014985
14694578
12033648
27811401
31550329
27919446
31001458
12429454
16668060
11762688
32601981
12329006
23636405
1574463
13311048
15291979
9441949
26075761
18875647
5579352
5140282
27477747
15316067
11881743
6631644
10335135
12516469
19375855
35000834
26244851
7972511
15332623
16027027
28506577
19361422
8234145
16570719
33349976
8065677
15664825
10088116
21156634
9048008
17254294
9043585
9295480
12145443
14232095
16860837
13326137
26474744
9007654
30292604
10458314
13969405
25216912
26100850
14720787
33870969
12198218
27186870
17498644
33943386
8352818
14064759
21852718
29989789
7233988
26379944
5236077
10175571
22020946
22869365
26552063
33495890
20129809
12559713
4711533
15533373
14040846
14558924
26164853
13524464
14657993
18831616
14001093
15135493
19511041
13462354
26137022
33590565
34792316
4749856
15053454
15622584
14909331
26800418
5511815
12629571
33121083
8066570
20379160
19576144
25009819
10544828
7911146
31174975
12808942
12630225
13889088
17727340
12509677
5043759
33152190
34247095
34859930
13080335
4678093
9589484
26258018
25893508
9268072
32413602
27002760
14692151
7311970
5967949
14728890
13478767
13778760
1853670
23554922
4876722
11388474
7532816
29637577
14097785
5892956
5025682
5684749
7095164
9261678
23043113
15974568
8438891
10598623
32625096
19045261
10594732
7287731
11303945
28147936
26738267
22829012
8702470
6183874
15632191
13773889
12662921
27428469
31338916
4896303
19487557
31906525
8968447
14121635
23161715
23974337
33745590
18147364
17570074
9007701
25275550
26993661
30588688
9157767
34439476
14396600
14371272
15269365
11488690
24738701
16083042
32903895
9611125
3348116
16533303
9560249
11070449
18598663
31593829
32924355
8497241
11604622
12989189
21006553
10384194
5253891
12736502
12453994
4911944
12307775
10291034
13596022
5433724
11413244
7809201
5490509
13100646
23685455
26390615
13380865
27303435
32586246
34524475
10027617
9816509
6109566
7327629
14969484
20939416
34903088
9455564
27740685
19469059
11681692
12692718
12356948
20608933
7077817
10380237
25440805
11734000
5141476
8548202
12823085
5907669
13930273
13402727
7608587
11541384
7719522
18384283
19899163
28893706
29537743
10675831
9404229
11864008
28345216
10237178
11827069
8507395
5892735
14461557
15642606
23268014
13536497
10613369
12950121
15546810
25521841
31098677
21676948
9021493
32032619
15259936
16145638
14209152
7264153
7392726
13587000
14300293
31924528
15696102
10483666
6311853
15311545
8250222
23102891
20443270
28808731
35454595
20551195
9345289
6620787
9679488
7008390
9577445
26383682
29057536
26042356
9602470
9287404
29114803
31288733
32110701
32261715
7506369
2516122
15546431
9500260
30365222
13405989
5773364
10758763
20757436
20412157
5297781
25924948
33071280
16003584
5522731
16234096
19913938
10919653
15365581
8300789
15050857
6215025
8247831
8052504
7019426
12059755
12619470
21015121
23440466
28280767
9624626
8920326
23926223
6380290
5153409
13912578
13580620
32796696
22570409
6979608
6209497
31932277
15769002
18404074
13658771
22794176
23689691
25785574
23644421
7201911
12362604
30774252
5281781
11897377
16262044
11755790
6047092
12218121
8623895
25192051
11308784
6426612
12627756
8504482
11199428
17809003
11841905
7751547
19344685
26142212
9077166
6826081
24140354
7060668
11967601
10401068
8408274
6074223
7700808
13609587
18254203
14888446
8137651
8138204
8432851
9500906
10928595
26843861
6237806
11187470
6756132
4842367
15084970
6625853
6951246
9366449
13841991
15917923
10098172
12546469
28342162
5638272
31186849
31723166
14009329
10781095
25417744
15506372
11599575
12094320
13109067
5147875
30205610
7894445
5221676
16160289
14054336
16038340
20864083
21349339
7741121
23137196
10466090
15408398
14628406
27339567
11218548
15326761
20848537
18644965
26915681
21019765
33560712
35125976
15739256
25544062
5562510
15360394
8977448
15989711
33723243
35337700
23847971
6844113
13273169
6802476
10517846
24794354
6185806
10672556
12378111
5601963
6365350
7564791
8236681
20764810
5627068
28864648
7539992
13191044
6369958
32661528
7910339
8730407
8477654
9353370
9409767
11412000
7050817
8483557
8254805
13235677
14146359
17901181
10991295
12927035
7744412
15006297
7995768
13660679
16535757
18877552
9659699
14601324
21265552
12553043
21827779
8318967
26983529
28075093
29529235
12488886
13171855
18050731
34175815
12827529
10441658
31288088
32930319
9455524
13339482
15330780
6317832
13057762
30310976
5983457
11047408
23272496
26235512
17014830
29053381
7159932
15811356
6997572
25110205
6010215
8720727
8727703
11092433
13690409
19405075
33607503
35029391
7909839
11320704
6992806
25031542
29999104
10387834
22131292
11796943
16898667
10313374
11695038
14193500
7410160
15805147
5013720
13162261
5575168
12795711
6293580
14576647
15950796
18324400
20208712
23717771
27332121
28467883
26962301
33478457
12262235
7648866
6402927
7580850
14163086
28497649
7232976
31942198
11753297
8018067
8763711
33286389
23814998
29133460
13820119
16048391
24124370
8939506
8553425
16940646
11770280
18343555
14342685
31229314
11399201
14745458
29958067
33468707
6558956
12918613
4719782
15983920
29471593
8534393
17617261
10098422
7799149
9388753
11118568
13338315
32717133
13102690
14307108
14443730
16195741
23098229
12135097
15443312
8081126
11043145
8931066
20586226
5562644
5829737
13682342
16238106
15928477
18715348
11759874
34662412
11396720
8650375
20244598
15726761
30395105
31626265
33931779
22695863
23888522
25038103
21427909
6782256
15572343
29679613
5977429
6814860
17842324
7758084
17509453
30152675
32183592
8515570
4940416
4947751
32084184
24504902
6820997
13090790
14209752
13387345
24769265
13099412
4706309
13637692
30465980
16090609
11263689
5786575
5828090
25567030
32618544
15548159
8235224
20467273
14340620
19420057
31410332
15122800
27053529
24126959
15681207
32353011
11307312
16173845
7920913
18408955
26819549
16627875
7558064
10952995
6777434
26682299
9748618
11097937
31590151
15721124
10119933
9979243
12960245
28954141
15931207
34370356
10344543
17861311
30009013
5594183
16922997
27977235
31700552
32188290
32499975
11535885
8172514
11883335
5971157
8256409
13354111
16291933
7768377
13700572
13659612
28277116
13570194
9274137
15272401
13761477
9305556
28342942
25304695
8254148
31745348
23032154
34199170
13383116
18679627
24997975
34722204
20578729
8450251
11756569
12708272
27813297
13854181
15215167
17951587
25917622
7395290
5652897
9199555
7497628
15085063
16059775
11974354
13467681
29158690
31368313
14174910
34072042
16826523
5926851
27301320
6217896
5763474
25271239
7093155
14644091
19361317
9857183
15883134
6976600
28756723
10984678
29911969
10953352
31633150
10075502
13876247
10404621
32005586
30324566
15170921
16301014
17561494
11630746
27297051
32225439
6267434
15761212
9377571
6081257
9237931
9924248
25715272
5178806
23667248
25805185
5197643
29919985
1863430
11499703
13518951
27087546
21671710
8389138
13805071
16223887
19922152
35320936
7307647
34879052
11895838
7805857
12448083
13891386
12960221
10108539
11891408
35134715
7405771
15368657
14891802
18805687
4987703
15389874
27300591
7840293
33891249
14830468
27472662
10650753
5163442
30254969
7710805
32720514
24011579
10806096
5233710
5288544
13826279
16234320
21444346
34885658
33370214
11751875
6968014
32483286
7303156
6201864
17041836
29837197
11420296
12949348
7476792
6657063
14724811
30905463
34690605
34038532
30056005
31376401
10085123
32766183
11381608
14110590
8636206
10650033
7980768
21880282
4828796
7585664
14029431
23730650
15497720
5932163
7846084
8504912
8946195
13190950
6152338
13316096
19843180
12177612
13221886
15072835
15399987
16182432
11240401
23429468
7416367
11677854
12563600
7350054
10422380
5853334
15590445
13096244
11769369
32980824
17122341
23304308
8463299
8887782
28709203
5199647
6963980
13473086
32728212
10057822
29530573
33060903
5746807
4966394
15286630
24013334
5398517
13327758
18705682
6482607
7899371
20835214
7535380
6483179
11115710
9591650
13655677
30678064
35199442
31014739
7412635
14587728
9548762
13837279
15235751
6000154
13910415
15436956
19986925
32907531
5764262
7085921
15510597
20279434
20562454
24103094
31533268
6868972
11549114
24613760
10837912
16512447
31428533
12648014
29415562
31672895
16357680
35183149
13701932
7366303
22620638
28718566
14599681
7969790
10510650
13000841
5239706
10293658
30122666
15180486
26871617
13314946
18990043
12040244
8064907
13966644
6878210
14993338
32765016
13592802
9667877
12205969
20921017
32974647
15836965
28081342
5232700
34294567
22535243
10009765
5881363
9093341
10996118
17551906
16016852
27532515
11572300
20701051
18807097
9186193
12476660
9988265
13461308
7002916
8230505
31148789
8260391
6276242
34164112
11121115
10727037
12161361
26231972
10097379
10554638
9670803
18533014
7141776
7899690
11233221
6040639
7450189
14436104
17730385
7797672
13505617
7446960
11318630
14215449
7451017
5616030
5544416
12872704
15714000
22043092
28422427
4683894
7688791
15362300
22302817
9890032
15002407
18312907
30714707
13581932
25881715
23364560
23609273
23638904
15172922
7720046
13433105
23023742
23590532
33900186
26087845
29127919
28961116
30916674
21434431
20674354
20484952
8574301
16088659
12737261
27450270
9342798
5051283
14123591
22064596
6499451
27138993
31896667
10113015
16453584
24371876
30286976
10114272
7955098
12099019
25259671
9819038
13994449
11089634
26337464
34763324
23208932
14733052
6610483
14488833
30769923
8324316
11341218
10050124
13420455
19520764
8271739
32402301
35095922
23292383
28526938
8399252
8818995
14984427
22045474
10663824
5284842
7253745
6102382
11070064
14833837
6787089
16651422
10500314
12248235
5175082
25310401
9064305
23256815
11232382
7505650
14184685
12781493
19906942
10910628
10737312
11616352
26790419
29174629
14178154
14820599
26146964
17287582
14296093
20939194
24812726
8749078
25723084
26003722
9714802
8853074
13109099
12508107
7423597
11211238
11665215
5488049
15299959
5184438
11430611
5298929
34586278
29222122
14150208
9285919
19390912
5283291
12866904
31854005
13644450
26720279
4065747
10228354
9422004
20824339
9860186
6739081
12702038
7503924
28275268
7068989
21581185
5362819
7312066
5917607
7280482
14074457
13309766
24753977
11459321
14722289
12522804
9293745
29504833
10960523
19673917
7482250
22941527
13451616
31938412
8315575
8666792
6199603
16007430
14927560
20065912
6327222
18099700
15593607
13311975
24622778
26581880
14206500
5413935
9781010
7246813
15862960
33546072
7846411
12343446
15973452
20099917
26869502
18035467
27528579
5694806
30663247
30739090
14950375
4795290
13843577
20689651
33759309
6578189
14532920
16278371
34516144
20985475
4824945
29073586
11739857
15597827
34417246
7756883
7753700
12253987
17888995
34738332
1363191
21875527
7774669
6263987
13778803
5338575
15041471
11540776
27951312
7014214
25587817
29163049
29902255
23771078
5482943
33585966
9813870
18886852
9563790
22041685
13389558
15037762
13054529
16011334
25851709
14786186
14338479
31123712
9435020
13889069
8596855
14360061
35085404
29831848
16153929
12698860
16393803
7841862
26012182
28922641
8101645
35281282
8529067
5392412
6791805
12863738
23751323
13562236
14570948
15377255
8685827
15684667
5983537
24190118
23813861
27486633
22606589
11934959
12842646
19232206
22672418
19301437
24177503
14724234
18737878
10102379
12386995
10430676
12812024
5914037
12007082
15793918
12506696
17791732
6777625
13928214
15181981
12559356
6995631
32675697
10471772
10526534
31697681
9410543
33130896
15215372
18147862
5950237
6407127
24240539
6347245
21175711
10926763
25341514
5991989
8814925
25909213
13600874
13937146
12670116
14051962
15547349
15540693
27022200
10910783
12990588
5156084
10227991
11573155
26253275
13621564
8248772
9379041
28023069
28807018
34474225
9699908
8708724
13044056
31312350
16865427
33373373
15343981
15700683
12567027
16247137
34072480
13077524
7898915
10447913
34156141
13113832
9504588
13945930
15022704
27924768
29323819
12484422
28251388
29986453
6107170
12801395
9114278
12048359
5287498
20050846
13854438
4810288
5989368
10017756
30412106
6173077
12061908
11370458
30677914
8349789
15719259
31116479
15064423
19935664
22357459
12972113
10442822
25555846
29870791
22148980
5350828
7347547
6367970
8386600
9458945
11365984
15694481
14534823
5837292
8909870
7810663
33752214
27523272
14208579
5805106
13878914
15112124
15000281
12545036
13094921
18155935
5344495
18136342
21393133
21730756
10179994
4444526
6330471
12403159
18438412
16067141
30466562
15490180
4938280
27490782
7560910
11347312
27875370
32572176
32172006
33192777
33632832
31080359
15195770
6202751
17692063
33830073
6263786
18070021
34394530
20830798
4853893
16186208
14408132
14476181
5032670
22845740
20502019
9499577
17914000
28080598
31611547
31442993
34521976
20959087
7362212
13575544
9236747
7957985
15927031
4986652
5737048
11664433
10571432
9365422
23200085
20934646
34078399
13472824
21443812
14507482
24800141
35103413
13606159
6226952
10426254
13156100
6389261
12105867
14425444
15891554
22526954
26675936
27754596
4875884
32828883
7663267
16185528
12314605
27038940
10437319
14413852
8875895
10473838
28922482
4839752
4743274
29182699
10195310
13099552
18250990
12042168
13369684
25670728
5864957
7888303
20926012
13777451
11084417
15133473
21406831
4900340
23200454
23921588
33673371
33949959
9744922
6658478
10756488
7503163
12938953
13040573
8158769
13263607
19566154
33970872
14902636
32366079
5252941
26320376
10964945
31344178
11916766
28180165
5016338
30384899
12578071
7944020
15080325
15837080
27810597
30543334
11668893
26747615
29353114
31502672
31920052
10629955
21260650
35018390
6374800
15344038
15661534
14062811
2797200
27676842
12566193
12268281
13502307
11188918
12345037
11890626
15947500
11757334
5763315
5714678
8347713
9249640
7611096
10383776
9889720
18949543
8143045
29352013
13643820
6314394
10353887
15984920
17005533
14112299
16951944
11060325
34530481
24251180
12672341
29676991
9956265
12434151
24867830
9544917
25866718
27225069
5785471
8647236
14920830
8314244
15207586
21594754
34562494
11680176
7475274
16725201
9504796
28431481
30937191
31403738
24159860
9996203
8708799
8521815
27936417
29101852
14024402
10071128
25753066
20593669
16576050
23303765
27054057
32491827
10949026
7527906
23121776
8384372
12004477
31862537
20776012
13298545
13116127
16111399
30432806
7999099
22003078
26388362
7547102
34290910
7973347
4930243
15413414
24981760
28133194
35406289
13030243
13635961
5233658
15703282
9444957
18195940
5630997
32200365
10898232
24668069
14806752
9073755
33143757
6485836
13997753
19087579
25153108
21335476
33590049
8401686
11819324
13888296
14131909
28764214
16409061
20497882
6032101
7704262
11518405
5691333
5455379
14436028
33450911
15982082
17291068
35420638
8631823
12461585
13298357
16107495
32890758
8660893
32522502
5814177
17389186
4812657
11724931
8032831
28309390
17318545
28842667
7195930
28843246
33952086
27092163
18104776
21515137
29709496
5275216
24153794
21582349
35437108
24553043
34857722
14689137
10824528
10391367
6446027
16178569
13718185
26603618
19673743
25712449
12960474
33078627
4975401
33784629
22164367
5628570
8900557
26061109
32505615
5433281
7673031
5931602
12825925
14783860
34272820
11678066
29042551
12114606
14992884
6104566
18621340
7438815
10191910
16618950
32556903
20429563
30461258
8622874
20355931
6483683
34971479
35128817
14851215
7681644
21809194
35394412
14290729
10835640
7479649
29939938
12784890
6182361
12049697
14124754
15031001
11759840
22183897
25605268
15134154
11859235
31739045
7089949
8034142
5710628
14720349
32783595
35087006
21030220
10935825
12227065
25386076
7135380
15412739
26085784
29359318
23099918
18449461
25811176
9636238
30006088
8909839
16255807
13880257
31993832
13879678
10296969
20012503
6509234
13228561
21916195
16643502
12003002
24355829
8758650
20556442
6075667
12517952
15193650
7288822
33616401
8622380
27773379
29765179
8337207
26857001
33272454
10092422
11051749
10072390
7640646
13905537
7704226
12551209
23419022
20508475
29175418
13837589
10992579
28426993
15487592
33492623
21390778
7036264
9432176
11362271
4914569
13059088
12032897
18313915
19360978
25842760
32999289
18090487
24858533
25552369
10474772
5269958
24765281
2115116
6689183
13338651
12434348
5206857
7408813
8937732
11093499
11593018
12079205
13781545
10189781
15996159
20156023
25532584
9257391
12173397
26852924
8658604
15692480
28003194
6985797
13373473
7781762
34532398
9833557
8189530
9542691
16283994
23069030
18602149
31460801
20967316
29457106
16871127
11395601
15349694
12096761
12316568
9272852
5384094
11735990
3718853
6830868
7289839
10060441
11001056
15416370
27420024
32806767
10559202
20913463
33525564
5171706
16176826
19351489
12795389
6409662
14407090
14991261
25199485
9187865
28075825
15694984
9777956
15385431
6377469
12796573
11320172
16013836
31360852
16113067
7140160
19198384
15566800
29233255
26012863
26219477
7934598
17577937
17582683
22501103
7705974
7955350
9433701
18867475
6286603
10419128
9376776
10675089
21270121
22193524
10118138
22243546
18259054
7841996
23149991
29333464
31796975
10436948
13249478
29635279
16194306
5689542
8364350
11591724
16265182
26039161
33260946
9330770
21792205
15715146
15116700
13795232
15904232
15672794
10099754
17095320
27800364
19684747
6389954
6756810
21153022
21488530
8210167
28155028
24908690
12623790
15024012
9974642
25782040
9463298
35441176
19535446
12317264
11632105
14201731
27848199
14011005
30885228
34182610
12981936
14587736
11158120
27901152
17322244
30437537
8255594
11969292
31687385
14012701
10196995
35199910
10192846
6145193
9950131
9976394
6120676
13589066
14223056
14357605
32045223
30439904
8030979
9380949
13207042
12247771
7400472
8043175
12265258
20539597
35198920
10967430
18692734
23678696
7764854
22360792
15048159
9823885
32686707
6364382
12537147
7047595
7625369
15492461
27981474
10857407
21825172
26857430
6043033
8402098
11448046
14149788
32237337
33595746
7398371
34371028
12922836
13976748
9100041
8247107
33314070
20177434
29662711
7600194
5280492
8391767
9010723
8859089
22415302
26770778
27076440
30953602
9017140
5030544
14389837
19034341
25775545
27094881
14501307
6950893
30170630
11928003
6286284
12299224
19373110
34064473
8242393
23076917
13094971
14391862
12683791
4936582
4833126
20872030
24490634
26648036
29726578
16876674
32175297
11393170
16665246
9925554
12634968
14668658
4352016
6941016
9729015
22805630
19289251
14787214
19265542
25367884
6202553
9059519
13110855
8238971
27727362
21586762
14511826
15582085
5474953
28838317
34825781
12593111
5892210
20171686
19864618
30884214
19179619
20938243
10516041
33146553
21255865
5007774
21958222
27810492
8234376
12015720
22959026
28335130
9503459
5061622
25738237
12567331
6270419
5719105
7179442
5398105
6152473
28199113
34031793
13648093
5614120
10195058
7258692
14386640
14567557
6494913
28566952
6719936
23684822
5700588
5914970
19135105
35011739
5314696
12555807
23067188
13566187
16117023
5625753
20737900
6429888
12473631
9611465
12343595
5471790
13002467
6606144
8670599
16242774
17779186
23043095
14968974
26151245
22412797
11208815
7394029
5824382
20943949
8482511
9245330
32195493
12030369
4782381
9435642
18046462
8648316
7728979
14551672
12112339
27794805
34720428
19071199
17811394
17444233
13544397
7887331
16041832
23642225
4745503
9392833
12550756
17620132
21263914
6101786
7238984
5152433
10013397
21701185
28890112
9751721
14807155
34492915
13405861
31576318
27500910
16958355
32531553
5539340
13783593
22184734
29123875
7018085
15207757
14668065
15978826
10532321
6998815
9420667
11712413
32434890
20590858
6870579
14666446
12179276
15755192
6827899
23667710
15805984
14156760
7577407
13342485
7777086
9074701
10107735
15321139
18006625
25441573
11804787
6615524
31314210
30094700
7862566
35418427
6618807
10977703
5818707
19729999
5733118
21363265
22552829
20301313
14949182
31985972
11471025
21802513
6585618
23857727
26838248
20746432
13638220
13342743
14098424
10342233
8659534
14774927
29061580
33725508
4733668
10989594
33255813
4997269
19105099
35512612
13410754
26758211
4830745
18542305
28308703
8611815
8712850
16060576
35467861
7654920
20883283
12396171
15358010
15404503
15692278
15415791
16227575
16268249
20521594
5903167
25768042
12036732
10726409
11057143
15361029
25149823
23682551
8798782
11143953
16254377
6347084
4706986
16049626
6365482
14161089
28417996
8223788
13352772
16018526
12684040
32662182
34954010
12039128
11479023
34375897
6866421
9288109
28321828
9348919
13868479
33626928
8628645
10006639
11279448
12189988
14851416
12971217
11410608
15060945
27590103
7794917
6258990
14601205
15604724
6732455
5580893
7012967
31839200
27972906
8016178
14334707
30319637
34264432
14689730
22354447
15406613
14265564
9308811
9328505
14287737
27126597
17010207
7432290
11947231
28069633
7090632
12444482
29177107
10128133
11292647
7586641
14876881
17185693
25019125
33758220
10690164
16247903
17714617
13512283
6055894
6096946
18725350
12975187
23105357
7427487
33606627
24651386
16118566
23671763
17469100
25339816
14898039
30156623
8122532
14792502
12722392
10355832
7999041
15904667
28230397
12674882
30647380
32484378
9356218
5644580
8884146
11645665
20435164
18300064
21423922
5951478
19550053
10992338
22848026
14320238
27784191
31408385
14776157
4928547
32008805
10837206
11634991
11575239
5757595
29486704
6630653
29874547
11455302
10681810
14385037
30161405
6279978
25238815
20978995
32344236
35141480
11221100
5995489
19218895
25068508
13038032
14953936
34346905
25261174
31928296
10044465
6390445
15870700
13798978
27929580
6535879
4897802
6588567
5317134
13052262
15971602
24359699
13676273
26808971
13397319
7118838
10064679
12588754
14878588
24744260
10084760
6166276
6366058
10670704
22475405
31471718
11091715
15773079
27337092
34691772
34864229
10280370
18860485
14108076
1287742
14106541
11923088
30987433
13814971
31760048
10206876
13465629
12604716
8663603
25775752
6469935
15096607
24775103
5182348
8702524
29595358
26395937
25963744
12998889
9094108
14938159
10483894
33369521
34645948
17873203
8490657
19534054
9596428
9835137
25220935
34571683
35259097
7701006
12181894
18916906
16928949
14385623
22180753
22452238
29722993
31948865
12526240
14308611
33032079
13056332
34942109
34051012
16157464
11261020
6452178
25308709
4962562
24966625
25738909
33422918
7073610
7702327
13943812
32736378
6057782
13251363
14491964
28547455
17513686
14856296
9695592
5336016
14830597
26987967
2180937
31119659
33545106
26387087
11441016
8163605
15178119
27927660
5502687
9209357
7271525
14269011
19850755
30178646
16273840
12177261
34754459
15155780
16058755
14820049
27160128
14513896
5367692
20356210
15469538
8251164
17516746
22952543
15222534
31591681
9688443
7332789
24228035
28619803
23152259
28149346
6632224
15863914
15503792
8867978
21316396
14682331
15651878
16842144
16339707
10884571
26024086
30811422
9791848
20372359
30503497
7041036
10242851
14813071
7158405
7317659
11470223
11674371
4851556
14259746
10856631
7290336
16140922
32416575
7375053
22209418
18336841
11244169
8005018
9025023
12253074
15230856
25287622
13849540
6874109
33120441
26022361
10566191
10950697
20759206
4994354
8335248
14328302
15524929
13365108
17707747
11385005
10091270
15419377
32801886
6752391
12227980
14434517
31822478
6789128
16055677
11309381
15375729
35232295
14952432
9017198
28963126
11038039
31266530
13577053
27265770
14151202
28800937
8112174
11599163
25797574
30585772
5141951
9854971
6459186
10836319
15817123
22604879
26129129
32165118
35342593
5867799
4947666
15198360
16279946
16023371
6422031
32381670
10088766
34416463
7252547
13393188
21716677
30147230
15128369
22292395
9832872
13733003
30292898
13952472
26984558
5209065
12066826
12040772
16550382
26864612
8448302
10104360
13681856
16160852
9718094
4920137
33071988
22368856
12002444
7523609
31568236
11636622
6805647
10070956
5801889
4798934
7168335
6962416
8566368
11527825
16022105
19751335
23629802
24984334
33165957
24268274
6645279
29096053
11508410
16044846
6156628
10157807
16500348
12461460
13711543
6618098
5218647
10540968
15667458
10878594
16475070
29850592
8743083
15535807
16256026
24289280
8472393
9977111
17282971
24649556
29606566
31980827
20650969
10744795
28302463
33035484
5457719
1777326
5634393
10063466
22180315
12082187
27594897
20834743
7078633
33581655
16626780
4830923
13818848
16716708
5349837
11371260
18328123
32871258
15873427
28478437
7308964
28953880
9797215
34893140
30841827
12156196
26800055
8594884
12334623
12441857
5972198
6150483
5702188
11891009
5020423
15577697
15151298
19288948
12166485
29787808
9640348
32904042
13769233
27859443
6755796
21705004
10678459
6688673
19550194
35296387
26502341
7129559
29204809
15230879
7384165
15390147
10599484
12981311
9582623
33626619
16098793
32376189
5013155
30557635
13182178
7343206
10627927
23518181
34118326
10384893
5990350
20560393
25241140
33014799
33929259
5329085
13328004
9596813
27834315
27245265
10952669
7942944
14844875
8575048
12837546
30363818
12357107
19011850
28081141
14910236
10198815
19962811
6623022
20985787
33589194
23378789
12389082
13900615
4855355
6629908
10205223
28938286
12223278
13686313
17245618
11722664
34183447
6629730
14459570
30460595
5494492
6365962
11145894
11080015
24441941
30988027
14808706
8064901
8924261
31541542
33347585
9778110
13000725
25980724
24946324
28463161
6102613
14075152
5752850
6359925
10105109
5166269
10702939
17990704
5804458
10320532
19052383
21051925
25322197
13282599
29686051
34455985
12495164
6451597
10684266
32502255
12909883
8390614
8348075
3886856
14783643
31441811
28669258
6128797
28089520
15974721
19617409
8461376
11700626
12886651
10560646
11664909
29547184
30059425
6896788
14614619
6401695
13752479
12038551
5745996
13270720
14627500
20712097
6310379
6616100
26447159
5251274
6433886
18622612
11739124
31120355
15126124
6204646
8293134
14981510
28678480
34153801
14576911
14223675
12850153
10475350
13691008
5965360
27139872
5886046
12268287
8444039
32914017
22652720
11448343
15782904
16491459
32943312
14655191
16551804
12968566
5735577
13463364
10002314
6083003
5439566
8253185
16223874
21331546
28472050
11010746
30626242
10579293
16276827
7802436
11244803
19901959
23769962
25495864
6997096
10177570
15354667
30389573
8605105
11076173
26409584
7272988
6962403
5985629
6969419
5737166
18876664
20231047
6486737
7707802
34222090
14758312
12246795
8538579
26406239
23458922
5582989
16418430
27912486
19757638
7582399
24002900
7921655
22468666
7099630
24342704
6077313
15843078
17387818
8917361
12865553
14656014
33658101
15559949
11613717
16384374
34157716
32265489
15494294
10864497
31099547
12358002
7699196
26367884
4980907
4796167
6144034
21563569
33237732
5062879
5710835
18796657
9491027
14048995
7195838
28576495
14668529
20086384
9034389
18209278
10702918
14575152
13487376
27993630
4818459
7923883
21164194
7442523
7704387
5927860
7773261
15967677
11043855
25307713
7888608
14769924
10420756
30883698
9864723
8625066
34633087
10428413
8230507
4950466
13771197
13560552
13929921
5624152
15435705
13267132
16699818
18210037
20619385
32806674
6809369
12215674
10621061
32728779
9382741
13612004
17076354
7048439
5767259
13224378
12316950
19124470
14178059
23558402
10147905
14154300
7912907
16597554
7843874
9664924
11958710
5892892
11735492
12815197
15422072
12967267
26569853
16579050
26790950
5655776
11008319
14648845
15467279
7144560
7072730
10086701
16064864
7155379
13281609
15674394
22947689
24700565
16265300
19836148
23705816
6766311
11237487
18870697
14469951
4919289
5034448
16177436
12403585
11385653
9606017
16035491
20289172
11345859
20687986
5256310
8320947
15354136
29767867
26853962
14840179
20984137
15445106
6483402
32590065
34018221
19214599
6961068
7550043
10623961
22288081
6433647
10805076
6801350
33260793
5206421
11787727
19651963
30549673
16202116
11870455
33367439
35188042
5843705
25684288
5106897
11469275
23773772
12550744
8674702
9508418
7346300
7159749
6820510
32309271
27657105
11512644
8550805
16311984
10436974
24865655
7960296
13552037
14280473
33019110
15331792
16074295
34014300
12856888
24253859
15012187
25732369
14828348
16489023
27754251
10817161
28725475
15084382
30481562
15143746
9082973
35055035
5817073
12927942
21012025
5575131
22447588
4873899
5122072
21032734
14344882
21940420
27508428
31698404
17570104
5285470
4855451
5373448
6978783
8611281
21554614
18777646
26293856
12469850
35047064
12750931
15921966
5793563
8691499
13101990
8282863
32657391
5831011
9660486
13512353
7611258
16568373
8549945
24999361
14056266
5824463
14390090
6202180
26069023
9827919
3133662
4693455
14742504
27567096
11753256
32310117
9475255
9723543
24634985
27636036
34089958
7983623
30379649
15993502
10870306
8958711
13879142
6046445
34303459
8447867
11916525
14711520
12044726
23284040
6087434
32745216
29850982
9686712
15334791
7767529
22408318
6869288
10198288
30269519
12612207
34754594
9167940
27044412
6372947
12600262
24521894
11323877
12616081
30801759
11111388
26931983
5037020
31129085
21256213
27984915
26831582
10031581
14514721
17906950
21436549
14277805
16161409
8271522
5620693
15581042
11587610
13323149
8517523
19602040
26190248
15409269
17748832
4950703
5475442
23161361
33994125
35240215
5917079
11397611
13572970
12405344
26228219
6717393
27199557
9534219
25297327
6847169
14345163
10199906
25125655
9188563
5038273
11405864
14083840
14283502
8368237
11394913
15768935
27236190
13214252
7623227
15347718
23699111
11657122
12454690
1661214
10944779
5392122
13573414
5617976
10913271
11769524
16088634
17873329
13865593
11897495
26741579
10036002
7530312
22547009
5998669
9906388
7522116
11325765
30701296
16050621
12028529
5987344
7615307
6217740
13368823
10513830
29490958
30775140
24302357
4966729
8720108
16208636
10313234
11722482
34189087
6354104
11608041
11914904
17931943
7963161
14999827
8168751
7160838
10819936
12896012
3218897
13746871
10472563
11100510
12650410
13927600
5986880
6347636
32567961
8791125
30921537
7950388
9230068
32334315
5465789
9848125
10919191
22720571
10782173
17378425
34475665
12110859
3023549
4998149
34723386
3753355
6106364
13525988
28120432
10880452
20486146
12964796
27097836
15636194
23333150
29521315
6449533
13680054
15536911
28552348
6836088
22232869
13746513
14097830
17319760
13491175
9460222
8170913
29925766
32846640
12629004
6128593
12462496
13249510
16486023
9730665
12213936
15577211
17541931
34478509
28421554
6195084
7531094
12230557
25581943
35099000
11919395
15324104
4785176
15277728
26047990
22592585
14825482
8246873
18135100
6876578
9707630
9392743
7887138
33139299
5439866
5455386
14775397
22430764
9162093
11531826
7566827
31388006
35041628
18470014
14304924
13522534
14770659
21182971
1840610
11135045
15428781
20979439
15960502
14177244
14453457
5067439
13372046
7354813
16632780
11838227
10699305
11952868
14849495
18506950
29038318
9994335
8564361
27704958
14833100
17523403
5256981
4864190
6569730
17542945
6775545
15565047
5940179
23974247
8169363
27337446
28502227
32719878
6696171
9398417
12020013
16945917
14506459
14160944
15296382
23073347
10523516
10932203
12225691
4934303
7031831
13833823
5072689
7748920
12066715
9314703
9028594
26648030
8042562
4678797
25823611
6538547
33553860
15044263
23722268
15625108
5311008
11018532
31653497
17609722
19152346
33650307
5110395
16442064
15690648
9040035
21467800
18992716
30622894
35500867
8123615
9499882
12598367
13379696
13731712
21974833
7245807
11873158
26962793
30384434
17457130
13417230
24516203
32858403
19127023
6920520
9406011
18450268
13006838
13981752
15067170
4939439
30934623
30950800
8002941
32581053
7159656
13101057
7002993
9708504
10183163
8744096
18403897
35322991
9328809
26552552
4839393
6803568
9710800
8193176
14316048
11948782
7334120
18467176
6478570
16164074
28020423
9434792
10855992
34358467
4763351
6943250
15348149
4990055
14470131
10913880
8871525
12710287
28371991
11487971
6721658
11612594
8821317
26271758
11336213
27209985
6533291
11343911
27959052
22398478
6334466
16295508
28133038
6829796
7549811
15000146
32986737
28104745
17055033
10671097
6105134
23328611
32345529
6925928
25748911
8873347
6896174
6348681
8717704
12697743
23452571
15640255
24375821
29674786
31445246
32281788
13842683
5637895
14642095
18514699
27650094
24633467
9971528
14793735
14161771
24669230
7096064
34666066
12298894
9442381
7089946
34141777
8879539
30794589
6834580
7307841
13200157
6117025
25368088
27658086
15653030
13196876
4826965
32683803
29956351
11694006
18925093
12158172
8705316
28661620
13531842
6557710
7039257
9468449
10214853
23471720
13378777
21650188
7477311
15698558
9265557
33538491
11074712
4800155
5557410
13100184
15825056
12176032
32960817
5798247
11571986
13464207
20776972
11897935
15815236
19739914
13514260
18832849
16042427
16137477
33058611
11719747
16146618
25133716
6523515
1621288
16065494
9687941
6405004
34448305
9237286
12296058
5183050
8613750
31530691
7610358
16162118
4994459
9263171
25249933
11868606
14826917
8802422
13634504
10132696
7714616
15179276
11203459
12442102
16209327
19362511
24678488
19786252
29963389
32994570
12704774
11316857
6394386
12802919
30427985
14723439
15314707
19343815
22380268
13383340
7880225
10391193
22249456
6412289
12597799
2031889
7534005
31965050
12865286
9339568
10870988
34799423
9582824
33020757
22735775
7313559
15434846
14449355
14705564
5324855
15114335
15873782
14180125
15817174
18779806
27403359
6849898
10821718
15911713
5739368
32425860
10734651
13079163
6679931
23501300
5381353
5302763
12412372
9707446
8242415
32386710
5517722
12176093
16132482
8752272
11607643
7955130
17639896
21796279
8335182
15231319
31272698
13285150
21063118
14433517
7004387
12241380
15451286
12722977
10640161
12193767
15924979
24943513
7286315
13637171
15172655
8194174
7719147
22024201
5038517
25706707
10603964
15556959
26405054
31577161
22741397
15574503
30973552
22522226
32055108
9490503
16172712
32521890
7524016
29423275
31126805
14333429
14827381
9484183
12845889
19705474
28629604
12754989
15488607
9288770
7492776
18611242
19008772
18639559
29877886
10439094
8658466
11790950
10663762
12815540
10840494
33363179
6690037
8487094
9999788
12861115
27633495
14317474
8113710
31281668
4905038
12914450
18629335
19095583
30765873
6025827
26732963
17547571
13036126
5078761
16286277
26608562
15733076
19956718
26364554
5802003
15449942
18240064
5412381
21834901
33916791
34096072
28936822
12513761
10137442
5020503
10710543
4921895
5175617
7791084
9645247
31123202
12514721
11865205
5654679
6515008
25248343
8838612
6123104
19008241
25418521
29562544
35152078
14337258
27386631
9274830
2257447
34885244
25255942
31888462
32990424
11322678
16178948
11268140
5449473
14420369
23923082
12160241
25874332
24636272
9473807
16255113
33584814
14657508
5682060
5847530
18080149
6259496
5039907
6593771
8850864
9770391
32774670
12784387
34593808
7725199
24759353
21723343
5740920
11774739
10518655
10242327
10761604
19593364
14967995
11322761
15569594
18328870
35186164
12727659
15741421
30016471
26082763
28929970
12027452
8010249
8875276
9014073
16259850
16273408
5684359
23931377
33176034
13354913
10504314
12676118
6941510
7049002
8063482
11197176
16188188
7889783
19033546
30793743
15018063
11987070
7103311
5645753
18334204
13900273
12998038
15809400
29069677
24421751
6961734
10445656
20030563
13023086
26904785
6145618
21742849
11509444
6209702
30247802
9096930
10069623
23851886
25829149
31523429
11726824
23051408
23909435
8350580
34921205
16175110
15753315
12824414
28862797
13693073
6886869
7232592
12523572
18141124
13248862
29422288
6371795
14990411
23830220
12346365
8666274
13773001
13905586
7689378
17954104
11986476
25684477
7684399
7725628
6551418
12885578
6915439
6434958
13107569
14793498
15136190
34444288
16959420
10671481
29102656
14025715
10158080
5096382
11068429
29242867
8086247
7995978
9917516
12580868
26026228
6959030
9882791
12618337
23767268
32101035
8681099
5301956
7978002
8953121
12496665
26919041
15387497
10655617
5160029
7135401
7030881
15602692
5527812
12654962
27533658
9492972
30641038
9259816
10889988
14070659
28214944
17928409
4992661
21212875
24992599
25107400
24400130
8416764
12526965
8278910
13023737
15916906
22946927
6505286
24160685
15491249
24704504
28802635
30864801
34061215
9964379
19646956
7736019
13287721
25649047
13733326
16054783
19977124
29270752
6787198
11773346
7556194
12801743
15997659
17046177
10026846
16231180
27480126
27357126
8619372
5306814
12151203
8901535
11576289
20781220
24606590
23455868
14505763
5180154
10774827
15641405
15840599
30644506
16267712
20988364
34945277
23596325
10744159
11356743
11695769
29278012
10971936
20841991
10505238
19021018
21934573
28155487
26388077
16629999
35192335
12907810
33068853
18932083
12642695
16055530
13609610
30064672
12512558
26479193
30414491
11424084
26287130
15947115
28715215
31321167
12354538
10722359
9510975
32288055
26663474
3278901
29238697
32729772
4697112
17176396
8054130
14331909
14791532
6263960
15961601
8599970
16039506
16794990
18491254
20233501
27127683
14019395
12144617
12888401
5561447
5681943
13265037
15007825
35097332
9851320
19764205
15376244
21061951
21637444
21949015
25797931
20057542
4604757
3355145
34716972
18473116
27856698
32956485
15737019
15914651
22017625
22843418
23517620
12357179
6142548
7341351
12541492
11274043
17702293
5208269
8010092
12331561
11962568
12029273
30896493
13187299
10331694
10965546
29104957
29846827
32124771
12305854
34413628
12600200
27114048
27429102
23382974
15930628
7880515
15923449
11824963
32189667
6703063
15978728
12014931
23477855
26360576
28694650
17461087
14086267
14488638
15198302
6725181
8846575
16095906
35245159
11003980
16160317
19815322
26698493
15849607
6222787
32824284
26136071
15427128
14081998
23398970
7996888
33583752
13315040
5842987
5944697
11901016
9457033
4926126
6300728
10072105
31468571
5571525
12863412
11911027
12389530
14606187
13433615
2755761
26413490
7666266
18075199
33964251
33065508
32010647
12461331
33756897
32412852
12446935
35005595
10247532
7376061
10279712
6105551
11825948
12677059
4743532
8656414
10607506
15758987
33894972
7204215
31834493
34139062
17226172
10949711
33152709
11350078
19823983
29087368
8429251
8586319
22520858
15585087
8258325
14604432
5138402
6347563
25271899
11224111
7049703
12334101
13751533
33336953
19178842
5026459
5659092
14428849
14762448
15363822
14834045
33843096
13755360
9304441
12184024
15562724
4917700
8559406
22883027
29686480
11148949
7116379
9919538
18092278
26127671
24882611
11678185
14966266
26878820
17673070
11791817
6969713
27065271
32295954
20629198
12049186
5716463
6573980
20865100
6550143
13415333
27505557
32608245
6295544
6888238
6655493
22109407
30989689
33986349
28546198
12993467
22011745
5865411
1356437
27018072
16753623
13067686
5056624
13782483
14565375
15981427
16082096
7288451
17086191
20127433
13711267
5161271
7107709
18525202
28929157
17554594
12261716
7700918
30586447
17014242
10332674
23427656
5559545
4685891
10090509
11132655
11809883
12154919
31450055
31424480
33537078
29911264
23612630
26664782
6803846
9964614
5924161
11652587
13658107
15773654
8322432
14119748
9303244
16025458
21554107
7285276
32633586
14477174
5154857
24936208
32298066
13805100
6979374
8862415
26303798
22114219
9355250
4914161
7341771
10159183
12548865
13052677
10501454
9899764
11554131
11657194
11870414
13784064
14431750
24809327
26934437
30247976
22573676
11573782
13783250
26517758
15377089
13421190
15456473
11691629
29700703
17482870
6671937
10469473
12599464
12891634
18774979
9121965
5775121
11854300
18923224
8399899
8317270
27992073
29941345
15341733
25168477
30860685
5519099
15362551
6713442
12654885
15909822
16989318
5218656
12963340
30881679
11659838
24107609
30947461
28197202
5345796
7160214
15805803
22809950
21494137
11515598
10083372
16603203
33248856
29838646
9526483
30955684
31819520
15394979
23789822
11123536
20554264
6910958
14436345
6514505
27916257
29944363
18855607
34370917
32514441
8378051
14190091
6397303
6416810
13970912
23752805
16108472
5629807
5312622
34488013
18152959
18851905
23844659
35513509
7756180
13456922
19209319
19302481
13083386
26207270
22841087
27340239
11325635
24508499
29548702
21237934
5180489
19285231
15896780
13237803
24168728
28154164
7296724
19303825
30040441
10590787
16031778
22962725
13083609
12749744
7019952
28945411
33565047
29596309
10537922
14457406
32594403
14784343
8419500
8324127
4952435
11450445
24318524
33044241
6335583
8691234
15337345
15432062
20827165
22407241
14901569
22139584
6320533
21134218
15730131
26925056
11888066
9543802
33417677
15178176
4701169
16405998
32814045
31994294
19288741
18629287
26225519
13596935
28219012
25028140
21132859
25506205
13780031
8144469
11350515
15471076
28037451
11342747
33537039
29469694
13431328
13364119
8639434
28140199
7178452
6196706
29749513
31474658
34145125
26837360
32574054
16028258
5634155
10798409
17015820
15317716
11580839
13284469
35302768
8183843
26488127
5358136
15619770
25459288
6053482
4797925
30064339
9281900
10863877
29580355
7681640
8723247
26829416
28339750
14305723
15637825
23130638
4968619
13717520
7534415
15209958
14626001
25674451
29331295
21039427
24344711
29161801
35140568
25565230
22493003
27213213
4845606
7616851
15475424
28322794
35012714
6924184
25709644
30047947
17600638
5273154
29652859
14103651
15824784
27466923
16376391
5483162
15567362
23391155
24538790
13627630
9606968
27485361
34041715
7579281
10819226
12258614
24743819
9644949
12004833
14853266
22702208
11253711
10215392
12295633
15243183
16248657
19783420
13144777
22203256
17020383
14345826
6212446
10343794
13100318
14013302
12613284
26569916
12085967
16503510
25336165
4902652
26864870
24011423
9579035
15817048
24243674
10010768
9596168
11562348
35170183
7705163
31770629
14652508
15495841
23100572
29101939
12456362
18734809
12131376
26338175
6881048
7493988
11381631
7412331
14538112
11614680
8937224
4850286
27993150
15071083
12934577
6404831
33053034
11771152
6325617
7488324
5410792
16221648
16199365
5859735
27413787
14082680
4761169
12494474
13510951
10090261
9456673
15431568
17271178
30762174
31312614
9123973
9835471
15592824
34727052
29176708
7425429
13897712
25878316
11714269
11123686
7042746
15857662
17486842
28551709
32134101
4928709
29792122
17918044
6897217
12372256
20203459
28085902
5677995
6309783
22198789
26881919
28543165
15008439
7880089
30590941
5170924
8951582
13489700
15515357
21476734
7117864
14549077
20783509
14564258
20929117
17382034
7362523
8827609
14234465
9257996
14563493
22693001
20262382
10496422
7386955
25931707
27896664
7798838
6950465
7907858
31003930
5400276
9652010
13516424
31273841
10437673
33952035
17028972
19621813
14459167
12151083
8278817
14129571
16096933
33850698
7113387
32593815
34344073
34479808
8799595
9018417
15447283
22182937
8623603
17465188
15199113
16295077
8696799
23516264
24761690
26146874
14854505
33754188
7751380
12342548
28062234
9958622
9276939
6879511
6725669
16441746
23399693
10586477
25270762
18831814
13667294
14979186
31631968
9363742
32063574
7770386
7544467
9845236
7186254
10602127
25162012
28355704
19279999
10350325
12272591
9982654
6230497
14958068
17813755
19576312
33593955
13507301
18617320
5605903
12427366
14744945
26807174
5513556
10781652
31537249
10327937
5325463
14461827
32176581
8425397
14829669
9548913
12627368
5435824
15512987
6938732
5197712
9737483
13885801
7769328
14681438
7504893
32748561
23732972
4864183
15862062
34508845
14005669
10995883
24493091
9252005
7193927
9977402
10397571
13998533
16826319
22509200
8968929
9108890
28562041
8437390
25673515
17750437
7801552
5608175
7312109
8458793
12030018
31869134
22053763
7783795
7363198
33607161
17956333
15409177
7958019
30158048
20174710
7514079
18054121
22438450
5495820
18762292
24228851
12842704
9898694
8288757
21606739
14152589
33162747
24724493
4695264
22325953
4945298
16204035
5657314
15252418
7299068
10136329
6483791
25278586
9788939
15691992
30705239
34671433
15522207
7275171
9702100
14958854
10953143
15015656
9991449
4836738
31798730
26601179
6041490
3512612
13470631
23829164
26440214
6223183
12748423
26363453
10919894
22470538
32451999
17520592
9436862
8770388
16117783
15212627
15076422
24484781
7873828
13831658
9390927
7934612
27507693
10374006
32126304
5714408
8090791
14784857
7225556
8832298
14942541
15330757
16005397
23285189
5594452
6973353
19584373
24161996
29491309
7241322
11490468
11832919
10257178
19731103
6983048
12540343
32103102
5563468
5335726
9347023
34525063
15391074
15384469
30419075
14937144
11262027
15778629
25392100
20192113
10046780
13256038
17154352
12432123
11995030
14002079
29280025
5490753
11664476
13498763
6250028
25441702
7236641
20990959
10499312
13514087
10361397
22404745
25152460
19927732
7498755
10860110
15052847
29224972
32227725
5023225
12328981
8951267
6470724
19136149
5655476
8785854
23856782
13970850
34495177
5393685
15999781
5186256
10737036
10342504
6083554
17266867
30080386
33695079
13062209
11499056
16202161
9000310
8748431
25871230
34229308
35290027
8396256
17125254
25620382
30384380
10866395
22663466
32514600
13726907
14254367
13596390
6603936
5331618
7974417
21885733
18008896
31131593
33255465
33800964
13229556
6961159
21879070
5055950
5840556
18494353
12682968
7309556
9379311
17768140
23111600
14814369
32247936
23054675
7827528
31756859
17412799
6628041
15758283
9498867
17950141
21035347
21453118
15134536
28343818
6517036
13898674
4700859
14477269
33203775
18609874
27814227
4840988
2755704
13589808
7375755
10880131
9525148
22301767
7259403
5403565
8919767
15442345
17152516
19730230
11083834
8176927
8297599
12163199
7818326
5388721
12108587
12285803
13229562
19960282
22509512
8579526
10564695
31679099
22640957
22936619
13066904
24974239
14964136
10786928
5699259
8570824
29424502
11104508
11650908
7266875
27748995
27586023
32150178
8278428
14581700
31887571
32232255
12221488
11357758
13289029
7564724
13440931
13719653
7369838
8024971
16232460
16281104
26079967
29172400
7416658
15866069
15961249
17654068
12308465
7149625
6299065
24710057
6022464
6606765
22848389
19193086
11592272
7322602
27616041
31272413
6874586
5307732
10506484
23579000
28991644
8753325
24547400
14462273
17887720
8920792
25883299
31545970
13803753
16869657
24761621
5443222
30227255
5019646
9178894
11827212
11071364
20928499
9824760
23255708
7355145
20184256
29107279
7111911
14065670
33759423
14253996
7568329
11231363
26205002
16717317
31644583
11797592
27750774
30003808
24071144
32611476
14454429
12400230
16285605
27601044
15616622
24933563
6909417
5641875
12016880
9808902
10365612
6683316
11884111
15338899
12230315
5952697
15223360
34558165
13780742
29918497
8614097
15842272
13470318
18998104
11830807
28782682
12712077
6236795
9613514
11858500
12194061
15002534
16145569
11811817
6233851
7586302
6429563
7177392
9657348
10485755
12335857
19535938
17162479
4821387
11863838
17951056
21693928
5144511
26281781
4193553
7482733
12920806
34027605
14490775
8659290
21885409
1865518
5789413
7123371
12620104
11961028
5734976
12136758
6902439
12721799
25289908
27367626
27500385
5779247
18521959
15989492
22928402
24202382
33616836
8839953
9686421
13153682
30845808
7285375
29501563
13191280
9070023
28431289
12336214
16541520
7894057
6428607
13902560
13640184
18119278
31427708
13124338
13544685
19695829
7682016
23640518
29237377
15733817
21201832
18452734
13309720
28776805
7877901
13550272
12525854
13408899
13424293
12955349
11895547
5050631
11473302
14742881
16639770
8654290
12451094
19101943
27261909
28810807
30303428
6802815
4694256
15784717
7054014
11109537
6367834
10808377
12514078
6917540
29871967
21632698
17878597
17869867
9688348
26620448
27443814
4814114
6301257
7134742
27507162
34729185
9636922
27904554
12916545
9693506
14424888
35019926
7579960
6836199
10022560
25884643
8495635
10422637
7950405
8904386
11419958
12282097
22517423
8450001
5823909
8316959
9589898
12484832
5385717
30809802
5117945
24882068
25101310
12512627
22829366
10871878
26664125
5227782
8441755
28014690
29657062
33787932
21273826
6798714
19528183
31564594
16085678
25596154
14510941
19534879
12317382
5209121
10518297
12132093
5859601
8547458
6483686
11948074
15036320
10043693
19737784
23971466
13202950
33797253
6345620
21395431
5147732
16758186
10950458
25268080
5046294
11303045
5692538
6416338
22079338
18992707
34126771
6073067
10665177
26962112
23897969
26697563
8931406
22740320
15675405
21235561
10240655
12801498
7953685
20599552
10985736
34722225
14589526
8113314
34295179
7919299
25138144
7710000
7851898
19020253
9376203
7070351
10634776
15620139
28534954
13836147
19149652
24363614
15890918
8941123
16534782
6821003
28212949
13598015
30878988
5458893
19717435
28182697
17060400
25639951
11710033
16231082
15460230
6377225
24736946
9417828
24232976
8484747
5008321
8618726
10638091
10857520
12741248
17295292
31712798
6751452
14801217
7979822
5650856
12072818
14685898
9747372
8954887
10299112
6446428
16284253
15552610
33155013
14662605
23333393
23801114
10900489
34117936
16231795
23825420
24198344
15726056
7063177
6406181
8155854
35308699
21632233
24972724
11929743
10359137
8455008
11944668
28765291
15458004
22265770
18461971
13124116
8923778
12316815
5925044
33584463
10971838
16770768
9681870
31603027
32851779
5048459
24164012
16083809
26768084
14408204
7022903
10822295
13754133
9889677
12007052
11404260
8217789
20694745
13223880
24460766
26251370
23838341
11848449
12599413
32443452
8587443
11887759
5908590
6555361
10794120
30279173
21597577
10179509
11163545
6992947
15319243
21669439
24282110
26653988
11424241
11573066
9619408
7670407
12364597
16115150
22273555
29466829
13104400
11432408
16366413
23695820
15937404
12615010
13310856
16599495
17918776
23438801
13647678
14130879
14350165
11781639
8337425
14025171
11638975
5531154
17293474
20283715
12445580
15224975
23673005
8648984
14515174
6875164
13812341
15592376
14656265
23887652
14558194
6665714
5633946
11825698
15920019
15930651
20035306
18039346
23440745
26397182
30728699
14714443
15405802
9599934
5942414
6613668
14113846
19518322
30720788
15727579
8715474
21071128
24274778
5456467
6245367
16763139
31335376
32732826
10338823
32133621
35232835
14427243
9967650
4560765
6674632
5464332
21906004
29290237
13622081
17193268
27588489
14031364
4787637
11213545
8030698
22633199
32498211
10647219
8361497
16167801
22263124
16270581
9380837
19231270
20675173
24143891
11466153
9685074
32117511
13616127
18000115
5628520
13659466
7172795
12151724
5313914
12390715
6389381
30726254
24369059
6033316
21080788
12934399
8615511
4828396
6888254
19600018
22405642
6477025
18831712
16689771
26930351
17249941
15952120
13834390
7587427
11073535
18963049
25253872
29314261
28657309
17004873
14140216
23924672
35362984
11623333
26887679
30061579
10344812
33399248
31359169
15169456
9503291
8794317
11582031
16260114
12242338
6488867
12918774
11164560
11302890
33320445
5479321
20307130
7647986
14406396
25729660
20925403
8358834
14578983
32677194
8930493
18281371
6184803
8897222
14960495
18476437
14036963
11876815
21986167
18057727
12040767
15731632
13766384
29842816
11094098
5478001
6272243
22780847
17526436
7860019
13151797
16492866
5667947
7176253
22414954
14896387
6931137
5554127
5261588
24033185
5918822
10804721
12063130
25656082
12353138
19852438
9071234
30107531
10562957
33279408
17793706
14218308
28451980
1568317
16796583
31173211
10736630
7893674
12451270
8597887
34423999
20587240
19259308
15648328
4762368
8786351
27860430
33700677
6044222
5636530
4785857
12967127
23427134
26757032
17899936
8810159
16666857
13516950
5656875
10872077
9328605
17076132
18866236
11561456
31151684
9024704
34838477
13911419
17538394
14538696
18450028
11028259
8404929
12271979
15355217
6042252
27331971
32525913
11759415
30222101
13970904
15343742
7862667
15453900
9040425
27382776
10263227
7617301
26838839
13036322
8325695
13825998
6018857
25600381
14322805
24914798
7407929
32543064
14066825
11843515
16766370
10617924
15944824
35222380
13947516
21845296
9147571
7385597
16946361
27008496
28392823
17807284
32458392
22715633
28051062
8179470
17490241
32118162
10894130
8177803
9408535
25956751
21164965
13039269
1710068
12731668
26202293
12826915
34334248
11229032
8300426
8406935
14646202
14431858
21309454
28654987
24367940
26815217
14079591
15831987
15936637
15536749
16604442
7644443
31291469
11122296
14911495
34908548
13912042
8258561
11937900
14006784
8489038
13270806
22745930
27300723
30980161
11178770
31232689
15921027
14056975
21103555
26287142
8203198
29403295
10149341
11217157
25668001
10624403
11534312
18446569
31683317
8830466
16031760
10619788
11840635
8586850
9518672
10976327
6122815
28030857
14154212
26659466
7747498
15789209
18346252
11636777
21405376
4817776
6038959
14145474
10359597
11414847
17966584
24836684
32706456
15145128
14865684
32750598
8925556
31942417
17753011
12021705
20305921
34235974
4743912
34138543
6895155
34139233
27577218
19392370
22048561
24121919
6324126
11912580
12904606
27109518
11494059
15479658
15135466
22416664
9783314
7397361
10376555
11108136
15370729
12696647
13462996
23137673
30092846
22987754
10136996
30162929
14074358
10201733
13585256
6501702
14417253
18770032
22627898
34375300
6796168
32111805
35093117
13062808
14963392
10685782
15112209
15668163
11636106
12390283
15061730
30797493
15525745
32736849
8291372
8565572
15119904
9144613
14458381
15859331
18629416
31587391
17401840
6329134
17728390
7210801
8608694
8930164
8291294
13323285
8919055
12344968
30881985
7286319
10011879
11278343
30387113
9097304
34161097
11174951
25782580
14392247
14434510
16271461
26221001
16038651
32305113
12259491
7605145
27443205
22747532
30186671
7437877
29042566
14638153
13752488
7455364
33101400
15720459
13533408
13576341
23505296
30488596
27908208
9900504
14074645
9046275
12494415
12638908
13509735
18982849
29040406
14009692
7295714
24026828
8064876
23100026
6233825
15399180
9033194
27326550
24363824
16033299
8772700
20076805
8106167
5690157
21909142
32581884
14321384
11426852
15427452
25082920
8062000
4796938
18362005
19870474
6665124
5515337
6281127
14659349
15393372
15570050
12338015
29514376
6977783
10729588
13558301
32306607
14306940
5719666
12787344
15436339
5754940
16102570
5978566
9347392
17543863
21873388
11055649
15517194
31263766
7110361
31049468
15669067
16643802
13764791
6852471
15756033
24925196
8271341
25028167
12767281
10945336
27319785
9182058
11668814
17055417
7397925
13643622
31172950
9416545
7279464
25969180
21551044
12185043
17976301
6628740
9376276
9899351
16165238
28794544
31688774
13969150
8030244
6514650
12960381
15242036
8884151
8835706
20148634
7536212
12482449
23871797
9129187
6743521
15460713
15382304
15830676
24737927
24492668
29613034
29953105
13147228
15766024
12082019
32337558
8596207
24354509
12133732
15431878
12958001
13727402
30285032
26152907
25856665
9011991
7804649
10217798
9997181
8987294
11854377
15130338
21188344
12017085
6416289
9808173
15231216
31519223
31940086
14025147
11851363
9019773
10641562
16670424
15604986
15815781
21945235
10653225
8236868
32872008
11875383
16661421
16179915
6237542
30003505
5246618
6671976
14719164
19358893
6513007
34454026
15372246
30599212
9908607
12629438
11548251
12700408
31884088
10187064
9401415
10040647
14070433
16672317
12030765
10786776
10386797
18106429
4681899
17804986
19653319
20369995
9499688
11279325
33485417
12589021
32568753
4920617
8723795
5426095
34672225
15997075
12532078
14968925
21862867
34006269
10227417
13176166
34468165
15783242
12020996
8471838
8914237
10854313
12782447
7300244
18534271
9073696
15166129
19871131
31743833
10555008
18249400
7795697
7637089
7629545
15201797
25206976
21858652
19422379
12009198
32711982
5258577
8606391
28278991
21911713
14625412
13345824
13975881
14766898
24335744
8904617
8951969
9499993
10178230
18907915
26590478
15016570
10178935
13167549
21051712
20257633
7324599
7793867
8505853
14353118
13257587
20872060
30309338
11585335
15838007
26815355
21623851
29027620
14833586
5551165
6583035
26985986
31652681
15210424
5765083
10201532
11633459
12244438
26140049
33476669
23202509
31025899
6190333
28819684
12159583
25315150
15124673
13653147
26543438
10429612
19222294
9180573
9275846
9318166
13137180
10206848
6753910
33220641
23729600
18309604
12432023
4968450
25369183
7207516
6355341
7007053
14572607
25061647
31044190
31937017
8539207
11284159
23326328
28631881
5781918
6899913
13338217
19266844
7269073
12990635
35358127
20057200
5600533
23075762
34539100
6932970
26005963
27089694
12318538
28518133
12403801
10601267
30898350
18320650
23615564
8809377
8908451
9899084
29868988
14788700
27191262
9340263
29383324
15976282
5678882
14207509
15958317
12436354
17067492
27314241
25196689
27751791
7243641
29010295
5282258
26092777
13474277
30234587
32368242
8210147
15181117
10721014
11733031
25852513
6168875
11567534
34280824
4915259
15908177
26731754
7632920
27825405
12003454
8375714
11031223
13437884
7525993
18146443
20945134
6661521
16092022
12160002
14688807
5590019
11205007
27179163
12109828
9057660
5938010
8201152
14455086
7722788
12959221
11712038
33821970
22153786
13284163
14976948
10252349
6787294
9041381
9100937
17327728
20052295
13288478
14186633
32844066
7214349
6163842
14576453
19995229
8605410
4725705
12869530
7795476
14055427
10001377
7513866
9983334
12392497
9613181
16115554
17217376
19277416
5725219
1053191
11523269
8990767
9230877
15285478
13601349
7831960
6994679
30645763
33776535
11589818
19387990
9323576
26254418
13190262
5167522
7322835
16091259
22407781
33122244
13011457
24369476
24241502
17573704
8291811
6136462
10629743
6005436
27144819
15932002
19946038
7207172
4913536
11829954
13873226
10715023
12971952
15875514
8673261
15947409
12668224
18118063
29326054
27232896
14353467
11058685
31450304
35205703
7964896
11499254
23358767
28673893
30290435
6295052
20017540
5397525
15077873
9725894
16216287
7197422
34258399
16566519
22509716
8045203
16156575
18850936
33602193
7214436
33220173
27683928
23874326
7838923
30870081
17500066
9123549
20346613
28617004
11719065
35349214
6530340
21995137
7221967
9378554
9826299
14668944
19559038
15248201
20395216
11127204
28204894
14925123
5038786
29921422
14815387
34775219
12896865
32071812
20405053
12534430
7889312
6514364
34245568
10339645
5509511
13145831
8113354
6032049
6696278
2690429
13700831
11764042
7859124
8173576
6775520
14024260
10709003
11187340
12836358
13854660
6796165
9403993
18959671
8544456
15880719
32960814
8276555
9007655
33364661
17083509
15974531
28107400
12380022
14568817
22338166
29954092
33185121
34764512
34007031
13029177
8055541
4790315
13887980
15218010
12686830
15443554
8660051
11553891
9084087
9322595
9859882
14672195
7593742
10776700
25949992
16293587
20552152
32353020
30515431
28803502
8013587
13881365
31433387
11110607
17324032
13529532
30998773
26782886
21298279
4731829
10758600
6235887
31742366
12383802
7203350
13802020
7335723
12776752
12218232
27589608
29845474
28802419
35279524
6800864
6354539
8452047
14127400
9936116
14543238
32432517
32929737
8160478
15290859
11024162
21402490
12575153
24690836
28195387
32464848
12887102
34198744
35323753
18234739
5153550
4999201
10100013
15990781
6459129
8056403
7327654
31261711
32777559
7716420
20140636
11916972
5705677
6070074
17284267
12348251
10005359
15355284
22363516
10383659
25570411
19444921
13334684
13773809
22013851
5861992
16187278
22911122
21850243
10129370
5637686
22149421
8711486
28178590
32442951
4675052
18895237
16753908
13344359
24500678
33582717
12648998
5075770
19751311
9986877
30430967
34361935
10497801
13178436
34402339
12649425
14074517
26681228
14526260
16282201
34260487
11384047
14641012
5996146
24529685
25294093
32641143
7813844
13781843
18357781
5192252
9641824
5535954
12185364
12794165
7036158
9371140
7977712
9992704
12137037
13597277
15279765
8138717
4939526
19753615
5788416
20164006
22190320
27017958
23650592
30428489
18970159
7048218
8485865
10224551
22515401
7907900
7378199
23583839
15268786
31624444
35138717
12858854
30844230
33428285
10162195
13978627
30748227
5458050
10247806
14283170
34473631
14768501
15651113
25047211
11885992
29962393
7684611
13557388
12702007
15294431
9396117
7846424
8586910
14855679
13710531
10584952
17849944
12147789
11842319
5726498
7054651
13650670
9543211
6140118
16606620
14031839
17255119
15268179
16107655
24997837
6144874
9578103
12420505
14937084
12471322
24350150
34846970
14270263
14225380
16527030
15256094
11203670
33261924
12231590
25421548
7231849
4695825
6849449
12716256
9822808
29235235
13552338
11690275
15299365
23725676
30082230
8926230
14117090
19600525
6174539
14734754
14689828
15383299
18705244
23222564
5487024
14462396
22683749
9889175
26783390
28342510
12903318
8047081
18290044
22863983
26305646
29556196
24948421
13932335
27099021
5944234
18732016
33278418
26985758
15355509
11340442
13819358
16202120
12409486
13719108
15652852
15487383
10117069
22392559
11640178
28392862
10952029
28897357
12996601
21804151
18342187
5719445
5817115
5018597
7146097
9279510
9349256
11097903
5459972
26428322
5220876
12179607
18702091
6029642
7328462
8491363
11464054
20135824
5851533
15800590
12699492
9082041
14219694
32923581
15267335
14636022
17490427
19083628
18872587
12606008
24429242
17716978
11095221
9950546
7447102
18649030
14969055
15490128
5613615
8144277
1528862
16089478
31879663
15488297
6372704
29857423
20352994
17636074
15049765
17361601
9074299
34994519
6080518
14735800
27262104
35118272
33963573
21809575
34515382
26714744
16186111
8433135
26885336
6857270
24414728
6022540
13495099
28808800
17512342
10900723
14034309
21906952
7022990
12227955
28019052
11519717
9480743
21327829
4954404
13513722
34331062
12859700
19293187
12544802
8417872
13518872
14675850
7440514
24247931
12277480
34646545
5111920
5709296
6614351
31957187
35447347
25749325
15161192
15474061
28165855
13590332
6450486
5552089
15542399
22460548
15730825
30039541
19510678
8287901
10765296
5255133
15361987
12576405
14046121
18630118
19909180
6084875
30420443
13233867
14006228
9994635
14310742
27069309
28960234
7592149
16417266
10817390
9581498
14600601
8483606
19958713
32733888
32608263
13486571
13929735
19533379
23586191
23235731
29794216
32465028
14840080
33491573
12267732
14152728
7599473
11546196
7813037
13299886
14824749
8261863
6505511
5473117
13976862
14701608
17419336
18821071
34844378
19605937
9072968
29616361
10625706
10119061
11201383
32696043
20388058
13591950
21380572
22411177
7389979
28333522
27328692
17106126
31196830
5810235
24797741
25009645
6925773
22353094
22809524
8544653
12439453
26938727
26110852
25065502
11025702
12143915
14139169
15125750
16723920
15783581
5958012
7199634
6206127
30790566
20869342
32067795
14327316
12216736
29254945
23201936
21987385
15379936
5581892
13686782
11807613
13012579
11583166
13917337
20902894
10254243
25393174
14622519
20408740
12546132
24549704
13033923
14487744
14752989
35232637
25312687
10693036
12501698
16088530
32878389
8766061
12626618
18728731
19363321
11791157
18566386
14835406
6075042
25730263
5431475
25683478
17193973
30903963
4750211
4914278
30649072
10845295
25191964
30225398
8165135
10899259
9746532
13728870
16260617
20833873
26753822
26481854
6184724
11058880
21823948
25499338
27153156
34552009
25068892
32909397
7028913
6815980
4760594
6065973
8544860
12933440
35093759
13665285
30662020
29281048
25736968
9769237
25366411
9134314
19145242
6412986
13102594
5242613
5200391
28494640
18850558
29082406
12685392
7378735
11756173
23143001
31032445
12775444
4818530
9749412
12476827
6464127
19424740
11019773
12075812
5527015
10012979
9194718
12419937
24642326
31076690
32480223
27506784
19099696
9767427
13214187
6294500
30222041
8925860
5408839
13941721
5881144
27355290
25881436
19454800
10765199
12069960
12630891
12941866
20504092
2103147
17409079
15905061
8294080
20555395
24557993
22480643
11700010
17988652
23956643
12881682
8310382
16080986
31734332
26609318
11181455
13156412
4940868
35023199
8396732
11757430
23242991
33701400
15662957
10743251
12924366
20182714
18095803
22359061
6278343
10307785
24212495
7803198
26477528
29661673
30793407
13688296
8275519
14277347
15557965
9478122
16425645
15240306
22368364
27251991
31587982
7137810
19830064
9630699
28652011
17619577
16180404
30509719
12142747
15841143
5114004
5880348
13500537
13504260
15039081
23362466
10032209
10695215
12215908
12330807
23529635
8847926
13770839
12352444
11162584
13126814
34937936
11390464
5887567
15622220
9260133
4845416
10003004
16042593
7647267
12953889
9031765
10464872
14666225
7547428
22399726
11384799
13301159
22241257
9403622
7345367
14824989
21883156
10758114
18571999
27979950
16111201
5806992
6984336
10428264
19297429
9433535
24505073
11091007
30876438
6905109
25426375
8455182
15834425
7411253
32900187
28034325
12870197
8389358
30949960
5117455
8501583
4942019
16247572
17146822
4965506
7036783
10042791
14676339
28757779
5268238
7215793
7593555
9402645
10328920
13488162
18681220
26677157
11396265
27230172
35411485
9420117
6631179
13354248
14007559
7978948
30839028
14169083
7284765
17909173
10786723
27575082
30000964
8882591
11035369
11987563
19791127
26652608
12132391
33697347
6497121
3204700
25829941
5051040
33041904
12683612
5522173
12207771
13797412
16908585
13527514
5473422
12504642
10209290
14078036
14974245
23900828
8812929
5936266
10472339
12362556
6760743
5483901
20870179
5092352
17625790
9256970
5440737
8341592
8992084
12936260
16849182
24418865
14182077
5655092
15917621
34712511
8259781
9106635
9515870
15814341
29068480
16191651
9700783
26984231
5123889
8035852
20907439
27328824
24382115
16207938
6923804
9420347
14861474
12368216
21548413
28557208
35388871
8059594
5313949
14404565
5060618
14734966
14897671
25159075
33821331
18368269
31037053
31331278
14153098
14811739
5151686
11121082
17107401
5369974
8727355
10763777
11004828
12858195
13109313
15986503
18971092
23280872
4710925
25237756
30761583
5429500
14707084
16091718
20814454
8228815
8997691
23539727
23667716
5804612
21836509
14073274
12964150
26092321
11633647
16731705
28680490
11711347
6774287
6548896
13204130
25724422
10343625
27096663
7531165
9127618
25743538
28593091
7389913
15920374
20223871
7936063
5490589
12362754
7581766
10113370
18989173
25686181
13049984
14191385
27526269
14887952
9568878
14414587
14905345
15571077
20047762
25102801
33786588
27808254
5921621
6370628
13809504
15386365
10758299
28051260
5638636
5682941
10162077
14412417
12449649
10504146
15087272
18216907
21788830
11820528
6385646
5255074
27102297
4981319
9458406
19791082
11638684
34437226
14767387
25286797
11221924
11666028
14800750
26909045
9873673
11096195
8892085
23073767
13842389
15333726
7992937
34448014
13158281
9757395
6009179
14250657
13090743
23894336
30281315
13003529
18087850
15469860
18331831
16240702
4723330
31881829
11511403
26485475
28266859
19233187
16573422
13671613
14229288
14200713
4801338
5002144
18905758
6879980
29774266
30934455
32062875
23800118
23344331
6671341
8409911
4703827
30099719
31115822
10915493
24158933
23133815
4986084
6050968
8688836
15386247
15595672
24009089
30106394
13429173
33976314
9935517
30420887
15930414
12643733
15373333
16845771
12400287
7212857
4432306
27221448
7812125
12974686
10833262
6507458
10992995
21517807
4769533
6261901
22397476
30475235
6378710
12786728
22651973
15359695
9109910
5107684
14498532
29170543
33650736
9275230
13798180
14996377
13169031
26836274
32571120
6240327
5041268
15917299
16156766
7440638
7200830
13449256
35379136
34787555
25004578
10782265
32845119
22301677
31939885
5166279
8264432
15652210
15626079
9371414
13148920
11800930
33666762
10119721
11976987
19308067
7061284
21287173
31903078
10622835
35385289
24883769
23141459
10303764
14027220
12172554
30639289
20091943
9580971
34372354
11643093
9583398
5692470
9629943
11975434
19566244
23241476
14080241
20083930
27612546
33040029
8787113
22482077
12633085
14954479
4969685
25499560
9280852
5977074
15525179
28925734
31461212
9795220
28562125
10989658
15189697
20824030
10658093
10620997
24414722
12055299
15799213
9066357
25367533
7264839
14160738
4753091
9143100
12054874
7112144
9197632
9999423
6685238
10346034
12265799
26844179
33416645
10237001
30999097
8384935
14157388
14684562
15576708
14522092
12598801
11194718
13735833
19073209
23043182
28036830
30877992
5539528
5009385
15502823
13435056
29616922
9448710
9347424
16861068
5843698
10104500
7322214
26033188
8976008
9274645
26295308
33551928
8184331
16319484
6830692
23462999
17710894
5443482
12578813
11215620
33404420
12792423
21098422
30806907
33762216
21014938
15512346
19204432
22103647
30684118
11133505
21736969
16131277
33168840
12964455
13200924
15656103
6994228
15547667
7289242
14627622
20974384
24572855
4997170
26505215
9414977
13570561
22856558
23052008
9991942
15165240
6372543
5199492
7755881
6988819
10656628
19786576
19814305
18693799
30990727
32871876
13916956
15518169
6123715
12440393
7877968
13470994
11536859
8572451
14361775
15867294
19908241
4946501
5985829
27391818
5085837
7904693
19812592
7645811
10165343
10712176
18050449
27389037
25004857
15370196
29139319
9963509
12304919
29408512
34117882
13288214
14826068
5693214
33777261
9095831
29428513
20923459
31600891
11109656
8812624
10284952
32894742
14006978
13640482
23746421
4612169
12157018
22563725
14789295
14952971
23280011
14529553
30690097
12328398
5868974
33766938
10704261
24456731
8815339
12878109
14510964
21144985
6832405
7953302
15461529
10730914
10599077
22114486
16997511
6111221
8757134
10812161
15742757
30329387
30894513
8213695
18188698
2085237
13910161
24601481
15243551
7471686
17602129
14527510
6832675
15735547
21855169
34809017
13600279
6039272
27203217
12280962
10167906
16139743
9256974
14311181
22108774
31261567
16335558
30538111
31451639
34544803
5742863
32138805
19766944
5150648
18824878
8967802
11907426
5425247
19275322
11742052
7155448
33616569
6233063
4695345
7084462
33256137
32139921
9029858
14721350
30559096
15728861
6379151
26766326
13303966
24271004
29134831
27273897
8122990
6893377
31390859
10790343
5596042
18151102
6279911
34396732
7269244
12192492
15248087
34753370
15410385
5185452
34734135
15531014
33711315
14640075
31004197
18464023
23484383
34841990
8723859
35526214
15105939
7041040
17222995
22849016
30651256
14202648
14659259
17644798
31492088
28188250
12126999
12877363
28543513
13881106
21765514
13501782
17005395
14006241
19656886
9246791
34074586
12656792
6237787
13937692
18275356
3756330
7466729
11807199
13535503
10927965
13367076
14281575
11337735
10719723
21371038
12492070
25807321
10658011
28155607
34505725
9091558
16375794
11708626
30515257
7487902
14268701
16053734
10391167
11580810
6179235
18741166
35402563
11565647
31363225
11269554
28004283
5025749
19416526
8685689
31142858
15078001
7262698
4844022
17132136
7859052
15264483
8112279
32704881
7800438
17550727
8084079
11106785
32819529
24669854
3178761
20958118
31175314
11326897
7596028
16039105
18173317
9993423
2505966
13483054
10292200
19929781
27414420
12065306
7983335
9801357
9256313
10634160
6908697
8380788
12882225
13714509
14507779
2424040
8403954
9194180
9527741
10299783
22606751
27612333
16475052
31547299
18619228
30773301
11500041
31555003
6610070
9762535
9157480
12428713
15714667
12044548
16139552
11777455
18503074
29264425
30001057
34394710
4968350
10137256
8384595
7880282
25070272
14301865
13721684
5500937
35055119
21147430
6457153
15220501
9417551
32446392
22893107
12778052
11735970
11296088
14242045
34221733
4732842
22813559
30706367
9804695
13453924
18964162
12615378
28687354
5991229
8614062
14470149
10836770
18939607
26663129
24326066
11409104
33823977
10982037
17811484
6374072
10653934
9165836
14553261
25771654
4942770
8887654
35311234
33775350
7690184
11825060
23261540
30741247
15285746
26409449
18539938
8393898
16212513
13820087
8467323
23745362
11701574
9042765
27904893
6618957
7538620
35058857
11138808
27585609
9099719
21801058
29877013
6043282
25111579
8267740
16467867
5414772
24188885
12374558
19657144
22537031
32024669
8746043
31148630
26592884
18052741
12009650
11034066
18554677
21500470
6450620
5569419
9736596
23724209
34807463
13115290
30251576
8610109
29450260
29806543
6690594
12595365
5726302
12306422
16228320
34133668
9231512
10212889
11037828
11698494
25673767
9765368
7514026
16049709
7638564
26935424
12932631
22741508
14211704
26345702
27345564
6506070
6347427
9015482
7723677
11697825
4701201
5830610
14691314
14875985
14956668
23559017
20379535
7948234
26051284
7917192
15560406
14628138
12666283
26464070
14342374
32140491
9702200
5551363
10608416
6178731
6346640
11823287
31832645
10437837
26242163
7536496
12973318
29675083
10271878
12007493
14483461
10590656
16334958
11111208
15743824
5357538
5448756
10712773
28112491
22002439
13678920
22517711
13359550
16220005
12936027
14770953
13405164
18176707
5056822
11408814
11885135
26144783
30518335
7376044
9740079
9529571
10515141
8174782
15438255
10642901
7847367
12216881
15958321
20730472
5814137
5202614
8008777
9406417
12895815
5278987
10644913
12541493
8846088
13809190
7711048
8001760
21607441
22532810
25679782
20940142
33237633
13916057
16822419
34692753
32753478
11328146
14058178
13322901
13957732
11122011
29450587
8027169
10889390
31558669
28955605
32299616
14735490
21984049
31432850
15292385
4969064
16816131
35524858
28109173
10049667
8940511
9082012
20766556
26947454
13634086
11240478
35487877
7494973
8041672
26842775
31035124
1749079
13049046
6486959
5433309
5045577
7324812
12423557
8940926
24095312
27354192
12985473
12544106
22767272
7972499
5591437
33545748
14957606
14020029
23652605
6273900
19009399
20421919
14073926
12246914
28814755
25085929
7477272
15723648
16069184
7031622
7164888
24505463
21748219
5015100
10510170
12378532
15518265
20786368
17907115
12057255
31422131
30811518
5453423
34390345
13949279
13338868
13727684
27061113
21994936
11832255
12639357
16825221
13329913
13188765
14565487
30313532
35263078
25132711
18715750
34754960
11249944
15931847
12220319
6853815
3364942
5654737
6690624
34414687
9339858
14405323
16771149
20773495
26667758
31661357
9824185
17882116
24044627
5835961
5171922
15024448
19065562
20252746
34004856
6518055
15351089
16616301
17518891
24324362
7609953
35132402
11575408
9782463
16022605
5795774
21614917
6773732
33273630
6551027
15066079
18680101
8191673
11189517
16385079
8646608
34489384
9504882
14916930
17945740
6411715
15009842
11097900
10771458
33102738
26211149
26809418
9481549
12125736
31774097
7242123
24447263
12398397
28861747
4958415
29372260
33116490
18197317
10758855
6663871
11964680
32962197
31321302
31381676
10696059
32065119
5383855
30639391
14292612
12090928
11480274
22187803
16260375
6238158
11883632
30023176
33469079
10624504
8170052
12028596
7072779
6350606
14358697
10536688
19790422
26212895
28285513
6475017
15180699
5698038
11374801
24071636
27175896
10225588
8249857
13428715
32058927
18157441
21109129
13574897
8411803
12394446
15771135
23631563
20749234
5112833
10676565
9953161
14448234
32372589
23834513
16239295
9599772
24592898
30005104
35173036
5793629
7349531
13550956
17473342
12561140
31539388
14516313
29873536
12798969
20857060
31845788
22558736
16852893
13595199
31608871
5622437
11758936
9186312
30113957
20010781
12718063
7654293
9166652
28598920
11076043
33891591
13786038
8268594
7405842
22334719
28418542
6441885
11896816
10661617
22192204
7030201
26485157
13641220
6474463
12233849
12774113
12810764
13667381
19000003
5770427
19913692
11193749
7115746
12015569
6113201
11160872
6697970
7255130
23942471
22575068
5459422
21951808
24539672
15892367
9023799
5399362
7847116
15418710
9186049
29736796
19977910
5484489
17905135
13637467
10611629
15014647
23313722
5098007
7955330
6203331
14554509
15518178
4846428
12608620
19524271
6913430
20737870
10970895
30486832
5292427
10791905
9115541
14928055
19549768
14795772
10399618
3310844
26069176
34306792
12396275
12199490
18232510
32722839
8981318
12551994
15429461
11277426
27345876
12870382
17997814
5709565
14111683
13523942
31940491
28104262
27207213
18783259
28743535
9976726
6340680
8468631
15947333
11288307
5377326
14699649
9361930
25137799
19300117
4884064
10151075
9421325
24105005
27294039
8623735
14357372
25814554
8527856
16059639
33381965
6861595
27940758
13182296
14936434
11351694
12025487
27622488
8626277
5805071
6079805
10791431
7533636
11153186
8285107
2170894
15192755
6409538
5886154
7400400
8538049
11719911
7928154
8341361
9482719
13613923
32823492
8627089
8443521
14097402
13106644
14404148
17391667
14711369
17269849
9183261
34799648
5747892
22250233
26443655
26707871
12266139
10344899
9379773
14259573
11192072
33210294
12952850
23022098
10596523
9238375
12644330
15564146
15079210
6455760
16972602
2642759
11585738
13970704
7761097
6840304
17185900
5701879
5939563
30597298
33281754
5022984
22592081
14977351
6340814
6963549
7881523
11383661
15121968
23538428
32379495
17195170
8987796
5608500
25626502
14901977
15495286
5335812
22411006
14229419
26637950
10795988
13024924
14164747
8501135
19236733
27746751
14583195
12063264
27450663
33053097
9743413
8999749
31307340
11036297
14490463
31484954
12256375
27075846
9092880
5108847
6110014
10159532
15045867
11341225
23202188
12880318
27015924
10628309
11214849
10034535
5013913
8002631
8899336
5940732
5863791
15566322
20875870
8053105
19936123
21419005
12673000
11476748
15353540
24389633
10247958
19386790
35132306
16209471
14334694
13338317
15292787
12717411
13529165
5430279
13428639
4838044
8923563
16887734
15177923
14593899
13577774
30284417
7461604
29461741
15003655
13360718
7234285
16099172
12434825
29289208
6735748
32559000
28665697
8210681
33458780
15071716
15180020
15125423
14542872
15707236
15619858
21870007
16615632
14184355
10768715
5568479
11124125
11907848
11946329
6467288
21715606
26850287
7630006
33684417
12948944
15401344
7646226
11566723
23406752
10533382
34090036
3672962
30923418
7288497
11322734
12382767
18222244
32668965
4981939
25959565
27616992
9036459
17796040
13939182
28132276
13990366
18308764
2023817
21401512
6803848
15751176
31369348
6136581
13363419
34887854
5758215
20159974
31477163
13201312
14060488
16236235
15282773
12455193
8124265
4817374
12432995
5199018
5160439
8863671
1338721
9262157
27110613
6099477
8977999
24660719
10220378
12660932
13994801
30221450
15894260
12035319
29927134
26864720
9848790
15693317
14546753
14479809
15986004
15434046
18728437
7152089
9542382
7353558
23129165
13228853
29779753
13865854
10260304
8875884
15433971
33303837
11044631
9691304
12591482
23492816
16599180
17559055
22684961
12118403
24312950
13542688
32956890
23697722
14877359
5505936
10343634
28521778
14993118
12652893
23106926
23062772
25977478
4816016
11386595
17718337
9354284
13099332
7267489
25696153
11216835
6557914
15751100
5537112
16472790
29678605
16825077
23182844
10426242
5282484
6802417
6976080
12346674
12805369
15092580
17942692
6120469
10225199
29439103
8119886
22810736
27977787
16455708
20266003
15228733
34362715
16298589
35126555
10045335
14565963
15854487
8260133
27137277
14364322
13656725
15250367
21958321
14705081
21540565
7120717
29264026
29601277
12251946
13352813
20898400
6299631
13450551
7844486
16083368
14828441
29688226
4724974
9293375
12539081
6367429
31772279
34471699
4819729
7354261
8413481
29989744
8425286
28557133
23226791
7219234
12762039
5939293
23142749
6479668
11056907
14031437
21846937
32308812
8182930
14839433
31201213
11710034
7446873
14468630
10185863
26120501
5308770
13129537
11743784
5599484
8842689
20523679
20732875
11019002
11183941
14492626
21255925
7674515
12804081
10551040
18263221
15169153
34599874
11654140
11799057
11884941
6756943
26247263
6830298
7278952
8126004
13734385
22492202
5597775
7693468
15858761
3831015
25863994
9901625
14195309
22714841
12224600
13661767
20284138
8946697
10415470
5949851
25847320
3780083
33580566
33219636
16926723
7669217
26448560
26372543
10760324
10858177
22198882
34691799
16130542
16743972
14672977
12596920
11146646
12175358
15909628
16225091
9957819
8271659
13860431
9186218
7228437
13309434
13574629
6671468
31655093
6831553
7836265
12264892
14125065
31395797
18393082
10448739
11606408
21246643
21671659
7162419
5321727
6535933
15679227
14428469
33691932
12728901
6143447
10876276
7200012
15549450
14358465
22457071
8330516
9907237
15148259
7562834
8608375
30109715
10576205
12255797
16999137
28713958
12792132
7642718
16276207
28112881
9029927
11977739
27714909
29897674
12737606
8697150
15032438
10893289
13676449
12602640
21927049
29302816
26209979
13467280
10110135
22601864
23766035
12983615
13782488
16229073
31499192
12682094
23773655
11122387
26928287
29935249
10678438
16106636
9278783
15503820
8094602
26043142
15908909
15382790
25740136
32858982
13585923
17304895
11605063
30855555
13301083
12455421
33673134
10630362
11296123
7057783
6832361
10654736
5305188
7533035
9219108
20529235
8597309
9106555
11024351
13803656
18413278
18959968
34822022
20423920
29333185
16338015
26202548
29617450
17160850
31669223
7610287
16783686
26781569
4812957
10416901
10602914
21533422
15472138
32201097
12699109
3372028
15009987
15247607
10096306
28016421
14701225
9336893
26087584
8046277
33746133
10214871
5111282
6725170
7003249
6647258
24449471
7759936
5173835
13718955
15945353
16227951
22980365
6859791
5237671
8104618
15995199
32343435
16366617
12265461
14443109
8922258
28727086
14495373
17772805
20951209
8407508
31033468
22251424
25699792
9733313
23347589
23949875
10125772
11052777
6815896
11930998
7533883
11411696
31989662
21647119
13606286
13832532
25161583
13095141
14567158
5757228
19070278
12543942
16741809
10528719
8185085
25533217
12101585
12483558
12621721
12196460
11620197
8795820
31443170
13455353
33585798
25081810
7071974
15006873
15828661
30369515
7644912
14922081
20240674
8122825
9259676
4869611
15236194
9365689
34486198
13962785
34550662
6272758
15070120
19587877
22629914
32190864
31162406
30931893
6801214
22703225
33769626
10291088
4944229
7570120
13591047
20378602
6331699
15720482
21390424
12245161
14123810
16385895
21749296
24731159
25096270
6039132
30276401
6946781
6071534
17623483
14976665
22421662
15186534
10823780
8890299
16973304
18738181
10364359
13741043
15330879
25338511
27684756
29121223
10953258
32584059
6400028
11519358
26744525
10010158
12289067
30527797
10550751
7955848
11159058
6018264
8326880
17971630
18279271
11046823
27094221
10967431
7266906
5332692
12890566
20197033
27968655
5147531
35037434
5594795
12240199
5780767
8836262
7934488
14103870
12985601
17223430
31412651
24453578
13619280
20649211
24404054
17178703
30807867
22125310
10928640
26161952
29438917
14118577
15278272
22142872
12761204
5635540
6191018
16155734
16852977
33458336
8938754
9331005
15401745
27491007
13970314
27415656
13952722
5912774
9780908
7608893
10860082
10668237
20993860
24252800
8691334
28498231
26043376
27552012
16185698
15121275
33445520
6308062
13631415
27992907
11731330
15032595
23707418
6201006
6353914
9243280
6573019
12741760
10093765
18899329
5607024
15649477
34391116
30288698
8414655
21810634
14266278
24635510
11460951
29850487
14321348
31410122
34168528
14943050
16302745
9879303
7685976
23107574
5074273
5601869
22799192
14288468
17191558
5572500
17096046
14400752
7808124
22369315
35252677
15928597
35496475
25647574
17618395
11418380
16963905
8102705
10839327
11720221
12432292
31685906
15496955
32731497
30271511
6960681
8519348
11016991
10617612
16975809
12509660
21511072
12131314
8437420
20468101
9493078
10096931
29806795
34208098
22241548
10446374
14829199
22800296
16906638
17396614
6287434
27904278
20292787
8967860
9797711
11145259
24364904
27430875
12319403
5296484
31475246
5761386
33489551
15163069
8472276
15741164
31966139
15592641
11495780
34456834
13987442
15983695
6979136
20303062
6969970
11695863
12609445
9788047
7364216
7953461
24939298
18799738
13359677
14468615
21968356
32293068
6483816
15658857
24176258
15222763
33206097
23395718
12916979
15059693
10915435
5493577
7993717
15697098
33588591
14467357
25554892
7986576
11716856
14598138
10534483
32596854
10730079
21870898
9138638
16010792
27571554
6520151
7422070
29155000
31103741
19554574
9598445
7222940
35483977
12196499
12158226
6245982
13702517
22744049
6048434
14157184
34458811
8952260
17171647
16528677
13180624
31999667
11718297
5131292
31781969
12040289
33958914
8694199
31748375
13257002
2196067
8020818
8896688
14799014
14981630
16020412
34863359
11098586
7709229
8737658
14938865
15091174
12269400
18072877
34841399
12176104
16491831
7988678
17491840
6470830
7091410
8007677
23175581
14897813
16269361
7361348
13457388
25277677
11380519
14969343
15329936
13851457
9056706
12393235
16047626
20787580
28741132
32136126
18505972
32536593
5493418
4771322
10324848
17682397
18853996
23634941
6967395
14852827
31162181
15750481
15281790
7351825
7916287
13713244
13761697
24203861
4835991
13211381
27207741
5648008
31995689
9068505
9335467
5413793
22844006
32515917
27241746
17798218
12943791
8664590
5489899
9138475
12754553
15299706
10851661
6014406
15382688
7875463
10635903
7779384
12168427
17739160
14094027
14776151
24447410
8519485
20893567
17842750
30902472
12843748
24172541
15218681
14137577
16293918
9543968
14424224
27345984
25851646
28003998
8786338
11683713
11270610
21498064
25620928
10231986
23699642
12539749
15429760
15883801
32458269
9120922
9808367
26494748
29999407
17638228
15744841
9807192
14990969
18575323
24686399
17565451
16217371
33566229
5096464
7884658
28497898
9392792
12548176
5436607
5840680
5341278
8028675
6374180
5980908
15214133
10544308
22885121
24994906
10234722
7706118
15655410
12949744
16975533
23568473
23555741
9243989
11969128
12322061
21216517
13055557
14438673
22079818
10614681
14275979
13837452
27027702
7945162
17603251
34269640
5256691
31731902
28326811
5032602
5999291
32194197
28374595
19089670
22598588
35337511
18632392
14690130
18437278
31915495
6617450
4797255
10192103
24432329
8751320
16540758
8874521
33410036
9713218
13903448
25259278
13040083
18212698
12528319
13038638
9091769
13531461
14224303
5867764
11374534
18954769
28272379
27896844
34403155
7829415
12185689
15053289
12979708
12401521
7168532
30622729
14237417
31550866
30492553
11647674
25697494
6022898
15994778
22182568
27597840
10710615
14545901
7886962
17006544
9298606
14222851
15025195
14987252
34522201
9514282
35002214
7291117
5168958
8525808
27804672
13577051
14883525
8314829
22356331
31018327
35005337
19076800
32297748
26210018
10608010
26003629
10996280
6119326
27104562
13281133
30277061
33012549
35101484
35299045
13456402
8274458
13608747
9079042
11159066
24300155
15064717
29911342
9267874
6459788
29288563
26603003
18154048
10988213
26870762
24623885
34977833
15664344
13394208
5361569
6101933
30163253
5213592
21178546
31663442
11287100
7826724
7109971
27641781
10996701
11101177
12763734
31723409
12628750
17287423
24942766
5804285
20150857
8926891
23257796
24143882
13538755
7029332
11429961
7120789
20014516
10199409
20480212
27500373
26818049
32961696
26468417
9019004
7810453
5752258
9358383
14842779
15007479
15276949
32873805
3777056
14623723
10771667
13566731
5265074
7733253
8116370
5245365
15067290
6359892
13713094
11125660
34646476
32248410
6720402
12956412
24647975
10695430
25152346
30287408
20211106
22281493
27545745
12538990
5922130
8506368
8559367
26783960
33435521
10533547
10062295
6264096
8579656
13018484
26300996
17133567
5549379
13229578
14208299
6912274
30032824
18415930
35383000
9643412
6559905
10772659
12203800
12268706
13724056
12937117
15739633
12579499
5033320
14164273
6558387
7160467
7971111
7090304
13121615
5495414
21794626
5929949
11447429
11131732
18075157
19181035
13259900
33017664
11306565
15980491
31931101
29089450
10962154
7078136
26374235
7898064
10812488
12144563
9430956
26628284
9335423
15190646
30059335
13626032
21404671
10854616
8169852
29512969
12378754
9342879
12956782
8927816
8507484
5326957
4936654
15683793
14664975
34113379
16448853
26867423
12716778
6008677
5819477
12999702
24764597
30611434
28521478
10890539
14093219
8494644
33454952
6871731
27642912
4986397
5277718
7742492
12411452
5732658
13646390
5207082
6107891
29072842
30063700
9934435
21445525
9304065
9180583
7248610
11952525
21229147
7497023
25571113
5914598
15890255
15916818
9041567
31367167
22324951
5000308
31119761
11116430
17654686
34369009
21067993
34520605
7526101
11886991
6527139
9720701
7864883
6503123
10529167
15310071
17810389
18505141
8931962
19490518
16180419
8362135
21157966
15157591
15355199
7764705
20744983
20765959
32733882
15354376
6819262
8818186
12852439
33358955
21169114
9439460
13449683
7105223
21407809
7747549
13559813
8580229
13705544
25206262
29430766
14954452
12073742
31118258
32484498
7879839
7113919
28344511
32975508
23574809
13875117
11455642
6799154
11737619
11788222
14205133
33875601
5942953
15102272
14518256
26894186
15792228
25245094
27514974
32828874
28713256
12834128
8571770
3130596
7409638
11425508
31094243
21115189
31872728
10883921
13657862
21593350
24363425
29446102
9566259
29925778
29470525
30681826
15594270
9209488
18792490
13970583
10694140
29130118
14521343
10065912
15899524
6703626
9819512
10072847
9770926
12225826
9388520
16076841
23098595
17966821
6702544
12951461
5221908
15946013
7541188
15038817
22657577
19202746
12319997
9911989
5773804
8070351
17901664
17717278
21169258
13150123
13040930
16252898
16675986
9356690
9694644
30104969
32273484
15218236
6804108
22703036
35288173
8425806
10356907
8257735
11317744
6023720
9052641
31619092
9421210
12851137
8989415
6178406
34513654
33901029
16200087
11091906
15234199
33182373
8635881
10375105
34246465
4813252
5339935
13028487
13485093
25479100
5005599
33747606
10542145
25869373
12963434
13600367
7925227
18897415
28130551
18059035
29339533
15783583
30868938
8459113
16159785
7045772
10899581
12385387
13021126
12592849
6034182
7718767
9923314
14960032
13876405
11249204
22601960
31846697
14343818
16201947
9703027
32215227
27657285
5572785
11550912
15559253
16172794
10143646
29424601
13301963
33111255
14183336
5222751
11699909
15071674
20354311
35333572
8874674
10216917
12149762
26724104
8528412
16154042
20687545
6291381
14188545
30901485
34149934
19253938
12923454
19564423
23518910
13915641
28147846
27069684
11167693
10028236
31903285
5412097
14326820
14935216
10000867
13145822
13748549
16636227
14827445
26165993
28115956
30654931
23804804
8453363
22450783
8345853
20841832
6127654
29225869
7894134
9129416
7554979
22952573
22397125
32754513
32611404
11971504
14720137
21820927
13416316
14542520
28281205
28397461
5621800
7685474
13767324
7481790
6994773
9822437
20012602
28730524
11142888
5801901
8008326
9038940
19269181
22310275
31233715
13594015
20511331
24537722
12861689
33465113
14733393
21862066
16236787
6194288
16267985
14464322
19827820
20707648
29548354
29664835
5489749
11846451
7729573
10416023
11182276
5904302
15728203
21054850
8333933
17933659
10326390
32905104
15254212
10256763
11987026
16742130
15808242
17847274
26247524
28964848
31343815
9738478
35171866
13924133
7605964
5195418
15138685
9740180
32365065
31818893
10472830
7382777
12247173
12895086
6784796
16188779
5573317
27603966
23651729
14895228
29321098
20220040
23105021
27096669
25900225
35053580
25964500
34470817
10886142
23327453
31801340
14814780
30914094
11803379
35318950
14143862
6117166
12618049
13212305
15218470
23505353
14384665
15249122
5158266
22776947
9190433
4710832
7465290
30031993
30367700
8978124
33506912
5143454
12162644
13470203
27546222
30250772
13545512
23219678
12461209
8958372
6276264
12737328
11972505
12362592
10715558
14288398
21925828
11319562
13622335
6028254
6216307
35428417
33763998
11823846
29035057
7092078
23444210
6441436
12524813
16979502
9757740
7051609
6153045
20124343
12010631
20693773
15063306
11070437
15809735
11944916
7654235
11877792
11660953
20602318
21308995
11464855
8676212
13330543
17129496
21012100
14861347
24111077
13301980
33861828
15412529
6656333
8819163
6191794
30050902
15205987
8091654
12706749
27751692
15398734
16253224
13640899
22344637
9530570
7942475
25171426
13287296
3305733
10021368
8296331
13160899
16814697
17910973
9860226
25811017
11703321
28944325
15381241
34028193
4997152
12960878
34948583
5998151
7904342
19768579
14036189
5787777
11373507
8348442
24095204
5371816
14461019
7345867
28534789
13087961
6972176
6864581
9351249
10763832
14168754
9866387
12761049
15907179
16136221
15100252
21812065
23581487
30328088
13085025
24914867
5411577
15796729
5529587
15968706
15096631
12465702
35286640
11648870
14966488
12953386
28142569
16017259
6345441
9753632
11178828
23785829
9767054
24957673
34689360
6804335
9775537
24902513
16042028
32800242
16851522
5996957
7472391
13631420
9716153
16280364
25958752
5043133
22740863
20381101
12847800
11811786
30525169
17057361
30201449
9580232
15233112
6469600
34496311
32209512
21202180
14263829
18633808
28683064
21899188
23422841
12318910
31664657
19937878
18351133
25408177
7786183
11961607
22361335
24085613
26322215
13131331
6301672
14947160
11363374
12892639
15579399
14939486
6452543
5749788
7013647
26116640
31713395
24372191
29373400
23143400
33806760
15106342
17056260
10753296
3220305
12732679
6601169
18727777
8547823
14930916
20975401
9012831
5230137
23417336
12235717
24747659
9740696
19939654
10448637
6515412
12238351
12330386
13441741
12689753
18458872
8409988
15242296
30336236
9724782
10195416
10296832
8389426
12806840
25132360
27885729
11425455
22135270
21995488
7554711
27569619
15243515
30804984
5639374
13697068
27954612
33434774
16238770
24930395
8051106
8894205
15139119
33445754
14897178
16300119
12240015
9228666
16366794
35258140
15691892
10751844
32224428
19415311
9128188
20938600
6554771
13614006
6356146
4726237
12425803
10281367
32955156
5387468
20386069
27407604
10372760
9374451
25171981
7308252
9413349
11391758
5513526
15808565
8626846
22700045
31089056
20179936
15354783
14465473
9625767
14994518
13507737
15093101
15042201
21011239
24022442
26484353
14312108
15951406
31731197
31813199
13761468
15934546
31548787
6188601
2435975
14572851
23993222
14000758
5177500
24739328
27292854
32290137
34569241
16041790
12039122
16228470
10092050
10636913
23437610
33180192
16365261
11792105
11990021
18771835
21940396
28509220
24486263
13402229
19055815
12730410
11914235
13453552
14950115
9144005
10642062
24568961
33280050
30906513
17818120
5987922
6091802
6415810
14999052
25523008
5836139
10777330
25947391
15450855
7204378
15459283
24428369
6704375
7941877
12498084
13220675
12884695
21042916
30934626
24217811
11278325
15925396
33069594
1852461
34099078
30201464
5352836
8679001
16638021
7986054
31904200
30400739
7056512
32668512
22217797
27980712
31653857
11852251
6925784
7757876
9351682
28006044
8976720
11276522
35438947
12764425
9484003
15283649
17764156
8638581
18998974
5199748
7244870
16196061
31407428
11943383
14631205
7337012
19963336
12345032
18501451
4886584
5499765
6312761
15041243
14178125
25405351
19328716
18186505
27529839
15970235
35070125
6317938
19539148
30435467
8344591
14474783
31819934
10922845
24521720
31285805
28955407
4681255
29755408
11496887
29960479
15349692
10884536
24796799
7521839
7560752
21313825
25418752
18495910
14476592
12580440
15549567
11468462
4796498
32005373
15115585
11607265
19442389
30064945
20698141
11190761
8552190
5749111
6290198
10045839
11342031
7731695
15398115
9131990
8766934
22062880
35306167
9062628
7536438
7632117
8250622
11625926
22726727
12988426
18294946
4939281
20744524
16274837
14464117
32452755
35477545
4977008
15757099
13670924
5364424
14599081
7808491
13556159
18150694
32473338
6190368
21307576
15061039
7962084
34588966
12656557
13111147
29059438
10094220
13221928
15259120
14895928
34351309
20797861
5835057
18759907
15779385
8656358
17814499
35200516
15576224
6102105
10822947
14782987
15692991
21965107
13862716
20775031
26052400
31759676
26080153
26626238
9002330
6161943
6069643
6691365
10128659
13397138
15929973
18944116
18949990
32693826
11615047
34046959
6789810
10514012
19808992
23713619
9240824
20824519
15061229
14046411
13937058
10270728
15986092
16808421
5638911
23311718
7917415
13762122
3441623
33396320
10149606
8079668
28544248
14107280
17276743
6865859
17681146
25605961
10801582
30334457
5394355
26529872
30667201
13175945
10423005
15344929
31518986
14072004
8107063
30830286
8082568
29877703
6781814
15287183
29926015
5693054
34477954
24547103
5865657
16121061
34870682
8078429
10000550
18069079
10811705
12048131
19276324
6443136
28623541
34389070
12589329
7364719
5464934
27304401
10412069
12857672
14350991
4992143
25176001
12373534
11080664
6237956
22663436
11128681
14874598
27510414
21397231
22081246
9956135
16573101
15190322
20590570
25387546
9601537
29823775
35095181
15801130
6326714
33416129
13874596
9828522
11093042
16566891
7249529
8976589
12107921
14779072
9111607
21095374
23392322
24048920
12160329
29757409
10079203
13050597
20787160
10950096
8170051
23699309
8658862
13732440
29962033
5002530
5330252
5571498
5595589
12670742
12687637
24866462
4838017
10367078
7839700
27654540
13666272
16376646
11067113
16507902
20599267
26701727
31637815
8090531
10942405
7454623
11186288
13492532
21791983
33247092
14214895
17243863
34740732
14140472
16038016
32801388
5435106
20514871
14240653
11060228
10596578
11241323
8264779
9317291
12159889
9409158
9656433
10343338
32303754
15890699
23211488
8654745
26127872
15417889
12624024
10533682
7708905
31839281
20400652
26269877
6617247
21545986
32922303
24520574
19178476
23549330
10181248
32515338
4889533
10918720
16762869
15167137
34311937
12470622
29301463
14066786
24111587
29040181
12645731
12073229
33308877
12077583
5179933
6752220
12636935
25798102
31164518
34031019
6493932
15896611
27346068
29792272
15444715
12321692
9750832
29642098
5010641
5969441
8723883
4806426
13299453
13723778
26484752
16229277
12143852
7934659
10864285
10759352
5714489
21531229
4777618
29196199
29982526
30830004
11370492
4811268
23415686
25588318
24860576
12694941
10590963
13224248
27218289
25854220
8031542
12456977
10527209
14425419
20357269
6383730
24192353
9702824
15276880
14693311
24507458
30390464
7084489
27081870
27088428
15211128
10069131
14441094
12465530
27557472
7124632
5232105
13826786
10420894
29258539
1286875
8725682
6437890
4856959
5540318
5234755
25124248
26523515
27456768
9422468
7765342
21664144
8611996
15036013
16036354
14122175
21084466
10252132
16088590
16288787
13834214
4502784
13851963
31752950
29520109
9929177
11946043
13514681
8624292
8160076
9302177
10587600
14896787
24400310
5893565
10937675
10108015
14883297
28125172
17313832
30303026
29868454
23902391
14666907
15108176
13173210
19799908
19092478
9702894
7204420
21070510
26889398
14346646
15132248
11287323
17576206
8893215
13272952
14023532
6975546
12094674
7993347
8205060
11417438
34621132
5055321
13954298
9992569
5290769
15683130
15146558
13054413
27165810
7131505
12986972
4696535
8086280
16270192
24162845
9365797
18371662
31448723
5937632
5634765
32859345
21300724
33033321
11900817
13286349
12038922
12716456
24269987
14663017
20742451
6932291
4790023
15030031
14939218
14678887
7401976
33845664
5604730
6322026
5646329
7241649
8309152
16451895
13931919
6068582
8921811
18917515
24492734
26032297
11091451
19274890
34849277
5900854
10108350
6384116
7221455
31091834
15760686
18737161
8613625
16234762
22438135
14828303
23551238
34282420
35257936
27137040
19502992
16082420
6049896
13448422
30377306
13121951
17707318
20264011
4988941
34011198
23612609
8402748
24404474
6333945
10532459
6135814
14294007
20901583
30056938
9321616
11404531
12797674
35412907
32097168
12426052
20909734
6709891
13598733
7696916
11924683
13709147
7004809
9702812
18076567
11455565
12592607
21445216
7234431
7237799
13521539
13990889
19153492
5300264
7052786
33899679
19815523
24045113
20994208
22816784
32349054
8849192
13459181
15591088
6424124
8336346
9313965
32270886
7503154
8880380
11678099
28539076
28569700
7741676
19518025
25337332
30555334
32561781
9023022
5213173
8120594
34817120
14883519
21710536
6328366
4731135
8615099
16025736
22974734
8227432
12398519
7899594
4894946
10965607
15965933
29783533
5219688
13783418
8572077
7998522
16930230
17205988
27695043
31030138
18291196
13242414
7014092
14220937
9990933
28772665
8488315
33591387
22305502
5329500
9757603
6516249
12691072
16060361
14468159
22966316
24688553
14884338
33742125
9010264
6188033
11867841
18377371
21362674
7838911
27058269
6194846
31458332
15626954
18607753
18162838
11585896
6021749
15268102
7557356
8502652
16946148
34662961
9400436
11479491
14476707
23449766
9139887
6271951
11375992
13962087
12141077
12190646
13155563
8610030
5026852
13803904
15237930
25925524
10962398
30807153
7130849
13945450
20361247
21311521
16240725
15524128
16351878
5629833
20981188
7413697
13001179
21422533
9394362
13578671
13671835
10336629
8230495
14689171
18203209
18398332
11837635
25838557
9549087
8208723
10757538
14439872
34280140
5215116
7641492
24869513
29021590
5987969
11206228
17526031
8968647
5979487
6676521
12513622
15337913
14706136
10343022
23812202
24966868
10665618
4768592
10491417
17285437
35081369
16717470
21318970
12160988
26324162
25348168
6033319
10493565
13956855
15421455
8807354
7040084
18849451
26804174
7970861
12514231
22805084
26020096
26283524
32622726
19619968
27923772
26057617
14544819
7476141
11746801
14534987
22134682
8322825
4958880
11469094
9609400
5241356
11011540
19416388
7718714
7215533
14637636
11735643
14332245
32593056
26610995
12149411
4872457
11555660
15131599
15724847
13702512
13380894
17001153
13283652
15666667
7161287
17982538
30360296
32666052
28712992
32416680
16298306
12596960
11243856
18848206
14597451
5527370
15460506
13781199
5418472
15991492
20857630
33322458
6352503
12664498
9145428
9222105
20999944
15700044
25524457
6056379
10250039
17681473
20908405
31088978
6130274
13180138
13535080
14628524
9752166
11088601
14470772
1643279
26318279
9961978
14400112
9098620
6935455
10796317
13212665
9280110
9661565
18500749
28984681
5659863
20779921
29943817
8298494
7349126
15693214
6807030
26521949
26850770
10494964
34879457
35291596
24510932
27528150
11321852
11158518
11482592
12817212
10079204
7515629
28714153
11132732
12560127
13230262
24997444
11578756
14037890
30772779
15976538
33784335
27596916
17487487
33387803
6421150
35373139
9283779
4677217
14433474
12669459
19386853
12635896
11046090
15011074
35481484
20294344
24938014
7650387
14692394
18471283
18774964
25365934
34220506
7144929
21118438
12964803
16745424
27721725
16126095
12599891
15584501
10315264
6241242
27836106
21803137
33992748
14376255
32014082
20807170
12088600
15428811
16485972
35193766
29920681
32213163
7482569
8525951
13880227
13771095
15832214
5136135
27343194
5198446
6630712
9007614
8634806
6179990
9770978
32576082
7434528
20603140
13998289
23141591
9006074
7572551
10657834
13741614
12174104
15916995
29951953
8086700
22444981
33810846
35101634
26818934
6140346
12823367
32378913
14236077
9984936
16563060
7541912
4800079
17488498
6428857
18738145
18910930
13321585
12158944
19619878
8300020
25544989
12349196
10807766
8605628
6258670
21657229
25170064
25317385
17216932
5787320
26610260
10171523
13022322
16292103
23907605
14819833
11188639
27423132
4959378
19580290
26347379
32943447
9950531
4732614
21916738
35183461
5881930
5824340
12812148
23428967
9838382
31095782
13950399
13964889
34966214
10225011
5547016
11597106
9321975
13932604
5341244
21990052
5796981
18245314
26520968
4994991
25673986
32031995
3560285
6102553
8480963
6939920
15902995
22718510
31647596
29126368
15926263
5262549
13306347
14191181
14223323
11610272
26026669
29926366
17191102
24442268
6141009
22662824
25454800
12022031
9888141
13864908
26556407
33377420
8146223
8562026
9981737
15715297
9119630
15702623
25769785
19797109
9288520
22422025
6143703
28793821
16720050
17992780
5252872
14851431
5183627
16579698
13387517
16732419
9227072
34707096
7683916
11754160
26475749
7254140
14164856
10454571
10544576
21839125
34670053
5359431
22888382
5603448
17263282
9982047
28565326
32095356
9890246
25737616
28642000
17230741
6567398
10524769
23879543
34202374
24569852
10274265
26367542
6711340
7305645
25152274
5964237
13854324
12014229
11510172
15793442
18375211
27440415
6064195
15764989
4939863
12075480
26353235
27302889
29236459
15932913
5882435
30405842
7251469
7716641
9836084
26217620
5786777
10504660
5981590
20703001
9482463
14164685
5625932
13056307
13317696
31854344
10503648
30409736
10893826
13695899
8451707
16034546
7278024
11876271
5157561
33016146
9272565
20230465
7983029
14941259
10206039
20668330
11541549
5023191
6927706
7022066
18366019
33858099
10168275
8852407
11477383
32024252
23513372
35475976
10398926
13116231
6806507
28008909
6682799
28457155
13008637
13332187
11555896
21686164
6989483
10686230
13136834
6995591
12484962
5913895
26957525
4781939
7464011
10005143
8125805
13340576
24964459
7127847
32040365
16876008
11467214
12541236
7018087
7005275
21524455
16863618
8411848
29881435
8956277
33286806
25057783
34142539
5440961
6449228
7793997
29716210
6820365
32147952
22638575
31870949
35373898
14201693
8459826
26720738
12160847
11257394
11648882
14013393
14894397
6633113
9344024
11963947
8407173
6871252
7883592
15139484
16143060
10001501
19892119
26911853
34007604
35494693
34381561
26760854
9746886
5374249
14160234
12530384
27821244
28402765
29328175
11884802
5951142
6789143
12861421
7953255
12811666
11523140
13849420
21855013
6150485
19397716
20744026
8818752
34295080
27458646
24577280
8129953
4784247
7525343
14059468
9267877
27278478
8069919
12030905
22116838
26617142
5757853
27559260
22680833
11058799
10026861
11748180
25907893
10227043
14395118
15519128
20804320
7707185
34711569
11775657
5388043
10595547
13795676
5920331
13191690
7569984
13949613
7071231
8532377
8841698
29724343
3340246
34762112
8511915
13941304
18112495
11072838
12928479
9120457
15352589
15445644
33034017
5680193
15296782
8147374
9136645
12037506
13001099
14912967
16257933
13976868
19142695
6177032
20207014
17489374
17818132
21562192
25628143
26668331
27557688
6091853
22283635
9294191
23732228
30913533
9622585
15030128
34192495
10565388
15972854
12197543
13822112
33571512
6855117
12825657
11293372
12653052
10312811
27072195
6287595
13210315
20994619
8606696
5955448
12420273
29902177
29285692
17284792
35300833
5399961
30703321
5107323
18121024
25258102
24036026
26283218
7640069
12657872
20925859
9848624
9949300
13267331
11322749
16201646
9885165
14087195
8981044
20529820
7558019
12509530
14289347
23930705
21843307
21226693
26010118
10436218
11064001
10519201
8170593
7080874
7564826
23941652
32052909
14886232
15888796
10854010
11026487
20478283
22215364
12295528
25787476
8491846
15960431
11368199
7400161
34029441
13926330
11985375
30743436
34240096
11042601
20214412
13058844
6530328
14015227
12665941
14993482
11668371
19378726
17779789
26070391
29746477
10312282
30594796
15548766
6017141
14327420
9115958
14418278
15921553
9935377
25809670
24174974
22710395
10134841
9429410
26741021
15131086
16135378
28243396
29586751
20372401
5657521
14158146
10098685
29980591
16107788
26039227
5957132
34397200
7106551
4995555
31269713
5690027
8968490
12280331
15143795
27830634
8263977
7523171
17126670
7595101
9794001
13806646
5162125
15765789
18169312
6198329
32639628
12045908
14449642
14388294
15371630
28467982
8292543
15307793
10134325
7459162
35047184
19548628
10322040
7985239
12534411
15458908
26441957
5661408
10871828
32454723
7082020
9923329
15415170
27533349
16782453
21108973
26843168
4889338
7676021
29015596
12218585
33951990
13302086
9061915
13864249
14000109
15343891
4804559
13211263
10396838
7405139
27231123
10564755
11516880
12571257
7064350
23502881
14745523
19093606
16038769
5317241
6427046
29408989
15339691
33294783
8993404
25905364
13176293
5718793
5577512
5265288
6447576
23847920
24384263
26695472
32196906
22919684
33595227
28942267
7090643
10488315
29695360
8667672
23333024
29548093
35067536
30207737
6530221
21342349
12978858
12350966
13423285
8986503
13371235
23026802
35043218
31110815
7605683
15703695
34019673
15896755
13731496
13699146
16266148
11543596
30980959
8715126
6442189
26012854
12188863
13378645
13029706
5184379
7798865
8102168
13850313
9218829
18503257
26650175
33620217
34137301
8458064
32423982
10185275
9002685
12449149
14277006
9001472
10117148
30287870
18018559
15026145
33723384
6222378
7772915
5453048
12632465
13150692
11158951
21672586
23731067
30304982
9069326
9702562
9221263
10137519
31003015
32547837
12959206
33643986
27713664
12195097
28657342
34809803
34947224
29461462
9702364
7092204
6418433
7010930
12718620
13186632
19696996
14972982
15952587
21185410
9092470
15520953
15738088
30937657
15224895
25324054
7498762
27623865
12249539
30068644
11958314
13532653
35109239
9092864
10946005
30757437
8385183
5068661
7998620
11678540
30075181
7429640
15830499
34302886
6530453
32475870
18918010
5190820
9571410
35243509
5755737
9195464
34520614
30769926
16057866
11126560
6622129
8187252
13562914
29847262
10909826
7546226
6511843
25939981
22463494
6372453
13527455
15124916
5350978
9288397
24713582
5824859
13531995
15890131
10743512
10806875
29586619
6652950
8675036
9421751
10908903
13924990
5843017
29514919
9038675
24576122
5163933
8395176
14333539
10744841
9874259
5547958
4507394
11879916
16242141
5297036
9281470
15275811
19364479
14383817
20747326
26076208
26687735
7394996
10689780
21421153
26916872
25606039
25475875
7928915
5518569
14545912
8799995
11233953
13127600
13772644
21087691
14540765
15645436
9432930
10114808
7168202
9792789
8207182
15844490
5180063
22857890
31873013
8810364
17295508
21766303
11742393
7112532
15264038
20126755
19596916
22160431
29947480
32036258
32894301
25268083
16041430
18577915
6891090
21787522
14277090
9914878
11682046
6855893
9532523
11325848
6890019
31556845
32451150
12761837
8981383
4911406
14358815
12602828
8570185
7701638
26950262
31511636
9994794
8115178
9897790
12824154
31534690
23321039
34953350
11713234
9985585
9993950
13345882
11816885
16856286
8279313
5173934
24800045
25238719
29416435
15104568
6249091
15030011
14583608
35201602
9632605
10853725
8113670
15207552
15441801
11633135
8086903
6560010
19839823
11367588
21526102
4900335
34902866
6485001
8990246
7407692
25525966
11973610
31593955
24679820
29488108
29017072
9683785
15246752
8514988
12977570
19402939
14023565
32971332
15197816
15478379
21994234
13021179
13867363
14912432
15172742
22585658
31920634
7761684
12034296
12437144
7145894
14152339
15234953
33698355
8370964
11764338
13442750
7894830
28066290
8109360
12989902
30207206
16886729
12852492
5597102
7471805
24278450
9456562
8581040
5306379
5901854
12075320
24391679
9107355
27885657
12268477
24269705
7612680
11429866
26508071
23837969
10096971
20689996
12463408
15683532
15421826
5348648
29084500
7378590
12362259
20843860
25800706
6282315
29849119
19690072
13427278
9095224
12648090
13123595
23129282
11478941
12563416
28508527
8672296
11160855
18482404
25033924
15721574
31244695
32405484
12897130
15664251
4817137
11283872
11420506
7583639
10093729
14180543
34582924
15927406
7203425
16109841
11675386
34708014
6739972
13248825
8792701
9262691
19590373
19549075
33937965
5563882
35152561
8550172
9084147
17232886
9257698
17530159
9945315
14045888
31299623
21667462
8121489
6509875
9027794
12501456
5241928
14321129
20690722
14742655
23387816
17514304
11146156
19811791
25789987
25865494
26100316
28154698
7576086
34333315
26762927
11693155
8316683
28424362
35031161
18291091
1741404
7822915
13877593
21136444
22779299
17495560
30995662
24324563
12539671
15852266
31615945
33807660
6633843
8544344
13517545
13049181
15432305
29481340
9801793
8363712
9904429
12530687
11624161
8491531
34195375
6371325
15883346
25246672
25447000
7240862
14935231
25740067
7415249
16973019
7377926
10791666
28694563
18480898
10523385
13834765
14798863
28775626
13396842
5981570
32073837
13820060
31919320
7251012
11607638
16466349
13441255
28209709
27379074
13851832
10344596
22684367
5893383
30497074
30872760
6338992
12076135
5264724
11465255
14678773
15005487
17072688
10298902
29535682
31514102
11919508
14559842
18569584
8103646
31203742
5445355
11597020
26134898
6102437
27698274
15659657
9659713
4744939
31237261
33949908
20865370
27826776
13102299
12492896
23027354
13069598
20410585
12191099
18938299
9707214
19113943
12944105
8469766
24687965
29220601
11374697
15059288
18941221
26096917
13841462
7117179
13767657
10334518
11981067
14897799
31680551
6997935
11776145
9856725
14175288
19835659
25374568
18675925
26519744
12392401
22946270
12508946
12224793
5966371
7730038
9899481
6257377
11441083
12104397
15858394
30497863
31726073
27730416
8556450
32382630
12101847
13619322
15605970
8774511
8041549
12276753
9867186
15409955
31239292
31534735
10715218
3829262
13596069
5287381
5348781
6092627
32399634
6271135
12316146
7519301
13671927
17438740
19066072
19488238
9151913
7993656
8472505
13721886
9622947
16280681
14131751
8386972
23834270
14616538
26486786
6343660
9015841
35142281
7488529
14996821
13107502
19860034
21770362
17106501
5894254
5997737
15406362
13280649
17300383
20964886
6465470
5550674
23482733
19563937
8081814
11896947
7319845
32969613
11502914
5454900
7770443
10847017
15117940
10379084
8285839
14516110
19809115
29850535
5941641
14797896
11288947
31039840
5037174
21432157
16267656
16255088
17781892
9896561
10861694
31801802
6184734
13988339
9889809
32140728
13219312
27181623
7830903
5718414
11435642
15320078
21256486
22203133
8609753
17532760
11051518
17981122
22743575
6730869
25148875
15698338
25163002
13535315
14321345
5987598
16670592
27200862
29179516
25140622
25433014
7900892
16105548
4788984
21569686
9949419
24384194
11901558
15527622
6646937
12279980
18792586
20652691
11715407
10832259
22066357
11289207
12811098
12848515
13420963
16610211
27846465
14163217
29046499
15473647
19404445
10471132
10800613
6394030
6564805
24105263
6417848
8319824
8533725
10341377
15037681
13950650
13303050
9248707
14024278
29204701
4824672
10225947
6729115
28271308
21645781
5802141
20722681
2318765
9395781
27917415
28456153
12731300
11257129
27260460
10254708
10201461
9655959
13447875
31100192
8209231
13212598
12487429
14546864
11952362
30845274
26558231
17245324
12008230
15524416
29413837
15218458
14416024
21492655
4703390
21197824
5503595
21825679
22223734
20905138
24479087
7107040
4914948
33162675
8517202
10841731
10779239
12821606
31821371
4804264
5588291
35139701
14060210
9579703
35322763
28242085
9571047
15310656
16690920
23989595
34672741
34176961
9730622
14517153
6669900
8328028
13014441
15521782
7114978
9669787
6427746
7741161
12785870
12213485
23734112
24721007
6885593
6796338
22708145
26016247
30175298
31069181
24707999
12285702
15267300
15784940
16282695
21745576
25564750
6991637
5893259
15531547
10651909
15313249
29205109
32719590
14660285
31039681
7148823
9591942
20115001
29407099
34010361
7058573
16829142
17234800
14334196
8704471
14876963
6332603
23449139
32628750
14236471
7746224
29861785
31299899
5909049
29194933
33677718
19091017
22842041
25423291
33859611
11695914
29246515
11144051
6972581
11506628
13749355
14270206
11412690
30906870
12617126
35225095
15359074
5867177
9804627
5125008
7053522
30239630
9222738
12914638
8325072
29294026
10632210
27457071
23969408
20680927
4253488
8585315
10660093
14849232
14188334
11777233
5261315
16712397
23304383
24824984
20968450
8234685
8316432
27436167
14635884
8834583
13265316
24886370
5935837
21550306
23440043
8726829
8517840
29264908
12376614
7151883
19063957
15354745
13772093
27818502
27006099
29561038
15470692
16030357
24286997
9869136
13678500
29932435
5621118
10643099
20366914
20821516
24356393
11058645
16213790
21525136
13126617
16945776
10141664
25270717
4718061
4783210
4807723
6768425
25821229
10297008
12473941
14393784
11753814
14803211
11249854
31957424
15596590
8055944
16400136
19484053
8750891
18191896
7412048
29040658
6553615
33092127
14224036
27689487
25836490
29181535
3830122
7403158
20412118
27903435
31339444
4741784
11693356
12677078
15718797
24044060
32221230
12977737
4935214
29862595
9645293
17419846
7832083
34236763
8689903
13451363
14369029
34735926
9558201
10089230
13644813
10494284
12409663
22663733
23178890
26413484
8979144
9733978
18935902
24704357
13893202
14591558
6669730
20664817
9585960
14778827
15657863
13039978
6007303
7028627
24681089
23529800
9115202
12398313
15122604
16455795
16650816
23743280
20982820
32357775
11968752
15199476
7241098
16190807
12541661
23726897
8962767
25322890
20885023
5423300
11818311
10516915
23584073
24802295
13334792
5354517
6862835
13032681
15101876
27604386
19585870
24732200
23762738
31936736
32212410
14871419
28062618
17420233
17726644
6498435
7477460
4843553
14707795
18537367
14438692
13176832
17315056
17533717
19126630
5699837
31384856
6213526
8648978
22250893
10399031
29371441
8165197
31864400
14307274
17373556
9561975
32656278
6802779
27086484
4816851
13272128
15146283
27631302
28209460
32897277
34462837
5500415
7640627
7975669
4998624
16459665
5648672
15336454
21446716
9030041
10780725
6823810
14671244
14177275
14873756
10841688
15921999
18323080
29547010
8255210
9961965
22265638
34531897
4744829
14602156
16633266
15438587
12803413
7717651
11430706
20529403
31475717
19196407
11948362
22792097
18706720
6265800
9457972
30872169
5288517
7625311
5115245
8852576
13866342
20366932
26901371
19820719
29673127
13358619
16205511
4734259
16358874
7715284
6329333
5097331
17323546
22766972
15221283
9203560
5051174
6064695
16970829
24786311
7748394
22119448
7833348
11345769
12545490
16057906
13421356
14674053
33158511
34432837
24826397
5810957
12628554
16253159
4698405
7035287
31698101
12818686
8133992
14319893
24348944
8109075
15896876
19398739
5529998
14311012
18674053
12899080
12367836
9829398
8985857
9757211
10998888
11767422
35022800
5432165
11156229
23468621
11971274
9697144
21909871
12971493
7043497
9324341
6535256
15121531
25201804
31892431
6353618
26106259
12482985
11441748
10357675
19773640
7791692
13146840
27291255
22860584
24362744
29959942
12094495
23798567
7638549
24098930
30366485
32427687
30391964
13885699
27206343
10600485
31052075
27705522
26756426
29942047
8227425
23928617
9366130
15494359
27125736
10093479
21829585
22591580
25963072
12115441
6929421
14947757
11395214
16253211
33039405
10619994
11627128
11672269
18275461
5347162
5077109
34502368
5485430
33014874
11445756
11483257
10982021
7530513
16197529
14485234
10513081
7840280
13402468
8485159
9939094
35272834
7857263
28129336
35478823
22294552
11658529
5698436
17285479
33513620
15111828
10216127
12021306
15270762
16031118
23818484
8175379
30929997
22623086
26587877
20001940
35280484
15266947
27438615
9611053
11224734
9470864
25120180
6182468
11751597
14303123
34163524
5196417
13536458
16162675
23645948
18451669
30868566
11630668
28610593
19338202
6417864
14157357
6080552
30787014
7519983
6059863
23985929
10944358
11779280
14367927
24068543
9856686
17101230
20068996
28011045
7444978
12317959
11166156
18042349
24437849
4841499
6908616
14962428
27814878
5964372
35391928
20289649
31514672
7590725
29685880
12378655
29950717
5413389
12556056
11892622
5748320
5983525
9658522
11135623
15459873
27045114
27220092
27578775
6238236
11932560
7791677
14332959
5103435
8917891
8010495
5390507
15395665
18762256
20184937
34086022
32159538
12206750
32472282
10357928
27451683
13054909
6159998
14654326
15080169
24598652
10556307
25475644
23964968
14968069
16380660
22742006
13302392
13478846
14468202
4698478
24041120
28642993
8159521
11804451
14976576
24923735
16011579
10591428
13382597
8312620
15232068
8936095
6508952
11248990
18860515
7071710
7420626
27014178
14740566
25803037
12653776
28157065
5687534
16876185
29086117
14406115
11410125
28226560
16262631
25649335
19102342
12170414
26834834
9122381
16944711
21647110
6285091
11647018
16943325
12497749
20806261
24613637
15586112
5709687
15032675
8565069
10655106
22690229
5306908
9098501
30228500
8627388
28930138
4940322
17626978
5436034
12900127
6243363
12700974
10748721
8561977
10940537
13744707
32266617
5271886
19829038
27510528
8596301
11335790
33411296
10525264
13589726
33752589
13532048
9468230
15205756
10013138
15476907
20601898
9981505
21928708
18496021
12063094
7290345
14621014
6261517
12988756
5556108
34105360
22407034
14502078
5541208
28175905
30798849
14858717
6006259
23794685
20256616
25786546
7159784
14473245
35012072
12256189
4836329
5537833
16125396
22246282
30557692
34284442
19675705
34617946
7041270
24481682
34412734
14776898
8869016
32154432
5908403
15170501
33485537
8177264
7263999
8831078
11975773
20471293
22739651
10914423
23180528
10194351
7906411
23997089
29273641
27140625
10660177
30449627
9821498
20950234
27683223
27878883
30501286
6490750
25378651
13904176
13147044
22239598
12613483
10958524
26923409
12726598
12466825
5932921
12647607
26295362
8369292
8805765
19724707
5376968
9600891
13919443
14912657
21133867
6530116
33325626
10670231
12581205
30029707
16216327
7502767
13306312
13726665
5539276
17159398
19584535
5412441
6194790
15882687
28132324
7769314
5480148
29282191
13180819
32354178
29277538
8470404
9553517
16069767
1838202
5015455
13211175
19993582
33553389
11917446
34551973
29546041
12537563
10722496
9139357
29414788
6703067
30616306
5419113
24746735
11067920
13129580
35281195
13121988
7661803
32027570
7077801
8765171
7201436
10616419
11805974
10874672
27139035
19375315
12415942
17332429
25688029
7079397
29674738
19018708
15955346
16377132
28836862
14841728
8151083
22628549
5708499
28730830
5204064
10850737
9176230
13442323
9483631
14680164
31358542
12766192
5906389
5934895
27883557
4778602
33098340
25686109
15854724
25833163
13724001
11198656
5372590
21732118
9213705
16275336
18398734
19318552
34403176
5534692
11018524
8966815
8680243
9659617
31499723
8814738
10821444
16002609
33957990
6245663
12469496
12820434
18834517
8922380
27685998
7974016
12575381
14145212
8916836
14284219
8499823
14058864
11736024
11874340
10259259
34380556
10571899
16796043
29332417
5422805
4912797
5989045
6067310
11257722
24115121
6514656
14515186
15250801
10800770
14589172
12321469
9653499
6043278
27230919
34420315
7626688
8746884
8728290
15630484
31980725
35321848
30521341
11428496
6133349
23185610
8807290
8289792
24057371
16313937
27441657
5357788
11421479
14281525
8988448
13506882
8743561
16290241
31496141
13599248
9955074
8602687
12897531
12299102
5978040
15804181
5123011
12160950
19800931
25740004
10967520
28462816
31881214
8880605
29243380
28599718
10457880
24036584
28381399
19276804
5519327
30104633
20059795
16561488
33123981
17419669
22607645
27244329
8074928
4888475
7199636
20002678
27759231
11159933
6029754
8363248
7994437
5666646
33859518
16813617
5493350
26984471
35451064
16214982
15834189
13952811
14093004
28480723
5702244
11983216
14110247
30710633
10614865
23867285
15953537
13680286
19664500
27373869
6216887
24296066
12195554
16162052
35391679
12724988
9633145
11987800
11398394
15475858
34017486
23065649
31115051
20044372
13709687
22924979
25407910
9661666
18991351
35141375
31496939
23260313
32557080
7860791
8917438
8307568
11954309
8929982
2687475
10509633
4692981
17898631
5021787
6283988
12206441
7370339
11619433
13935036
15309217
9936768
15997173
8867389
19417585
11224476
25552834
24832772
25740220
31913533
20100973
33412913
33827700
10933453
31438013
5189095
8878674
33002964
14164644
15863048
7323412
9964617
35410993
16181731
30583537
5070455
12169490
9882428
16092398
11995541
30848475
33245826
13207885
27822195
7480263
23483762
18295258
7656867
13278637
21138748
16068785
11877235
8450188
14565992
20176366
26657150
27850233
8953643
21106141
15765165
14569480
6989355
14006872
12779794
7484560
12345291
5370031
15432659
19817401
30038893
7229713
14324558
7878074
10078225
34262542
24762707
25210618
14428803
15681164
22009762
10216903
11198875
8112280
15434528
23410931
32481114
18889867
9622706
15802161
9999730
15888245
21022402
8304579
28591708
16915928
30236060
31847099
9480004
5204764
12341853
7477765
6547723
11542543
33885834
17019324
12110734
14050250
19398703
23820296
27200643
6695232
9059025
15125929
15220062
7488913
17158873
19407409
6295772
26718893
5431073
8715129
5541067
14599735
13645316
16005004
12984010
5418784
16609905
28603771
6920168
9358737
28204123
6726098
4973753
6301591
18451471
8225969
8644589
23671430
5180292
26055505
5915045
10357748
4191693
31645564
32286966
14067312
4838688
33026850
9063533
9566470
7714040
14815409
10546536
28093168
26835623
34621948
34933778
31908385
13980778
29432623
24064565
31861082
7393306
33563667
13117519
34142521
15495969
10035222
19542235
27293829
29060737
12469427
33511118
9697451
31229008
34632196
12765607
6663358
5779808
12385607
6356134
18221458
9808084
11902211
25634383
6201147
5294957
14649155
30874173
32925180
7074189
29639785
24870542
15637511
2005438
9937411
13966122
5616493
19259710
9371652
7371172
16208438
14621687
4890867
7485154
27487647
26144279
33344126
8569315
10217991
13606022
13787182
20029969
29504791
9264125
12855621
9463066
9312570
7719597
8929947
26037028
8947402
32018228
12095781
4924371
9750506
6234658
23019662
26414126
8303841
19271566
7712906
27068421
15427539
28314919
15711365
10013773
27866790
6867698
6595901
12959435
13311215
15057414
9764953
13674417
26287667
5890918
5290644
23973203
13686096
6950865
26532638
10216975
11418037
26919797
29544517
32584134
15898438
11602550
18479578
24100058
31931626
12718669
10013668
7112360
8528415
10305702
12559962
16136482
15771267
16271333
20938150
8956846
24988156
34849391
23851949
30292832
8580752
13354753
7854980
6036491
9661047
14636771
18955039
20508640
33126309
4922506
12784959
18329782
24051482
6706232
10709369
26665067
6050054
7429929
9385050
9345515
25898098
13302022
8199254
9898762
14872256
24909737
32690175
33122814
33913617
16112334
10170526
13178840
18531787
7349245
30614329
13171838
8063120
13308194
6728079
7727728
11192395
4926492
14183427
25817290
32282334
5761778
8312505
26234639
4742253
14451936
25376458
8578527
26569622
31297442
9163673
12820463
31567138
9187199
15970455
32136390
12574835
19794976
31832795
16895688
7867605
14649354
29825869
32878632
15535337
7248764
12801683
11509294
25825567
9812340
10711318
24910394
7174022
17912395
34121158
6074902
6525914
35196826
33805074
14333464
14575514
17927272
30154988
31864769
7053869
20282767
13185595
26589221
27594138
5022151
15174292
19799854
29274040
22612463
30842697
27934377
7442449
10779904
14735885
23732987
21956563
12632262
27881754
10360815
30965566
26971955
35061809
8467005
12101664
8066242
20915014
26134763
11676371
13615102
28608535
13067223
18077728
23796320
26226977
6578302
5809977
11224248
13962268
15618210
11819661
25278010
21333082
28591960
7805272
25654453
32186358
10761622
10317093
7133908
14436995
15782873
4463620
10114364
23600291
13103657
19805437
27556467
23567759
19312822
23963162
8946780
32219391
13300910
21468070
25120126
11253861
8367781
4698314
31083455
29690770
30096011
11749622
30141878
32771418
34939874
7372439
5781464
28881013
11908525
8538114
32042000
6427815
12754098
12299021
10935143
33181629
5972946
9125348
4937237
5177612
14457342
31762316
8293887
10042389
11490499
17515603
27038631
15209616
33201918
25108603
7485357
6255104
10195366
34296655
15186427
6186055
14989606
10790865
17816341
21612991
5395670
5049791
5706208
25748050
13295027
8605409
28309270
11003736
11623494
26756129
31971296
4979466
8521511
19359550
33511307
14407485
9863433
5379181
19850407
6518211
12556295
13301895
13819748
26039638
26482862
16098013
12761368
16893531
6603073
4912834
16307670
11483841
5466145
14680836
35283253
9199881
4158241
9947607
15433349
6774710
14130157
15055656
28819498
4698057
6635834
21606163
7027875
16739970
16836120
7933957
9407394
16214401
18429865
22363807
29109967
31093427
4844476
6463863
7117997
10792772
9506861
29724283
9979118
6643106
5970980
8945588
5497977
11672917
10955681
6701052
9458546
4953180
10639633
11059413
21686080
4854828
5369348
5964769
12141382
30464435
17627614
7469723
15557575
7442409
20795074
23220911
20056378
8648322
6130668
14606299
21463972
12243048
34333189
13052437
11791175
20011402
5496270
12900559
12895878
9537412
14959425
32465085
9756974
5799956
11018109
12684381
30599218
6113328
8635598
19841737
30021694
5881955
25381018
10871920
8915017
27647901
32258457
5680390
7370800
8410275
35535133
28462708
7334334
26964716
30130580
26313848
6020453
13175129
22547312
5055518
17698546
13003246
12475283
33010374
15911748
31311375
24418658
13407819
25278934
9787123
9689945
13839766
21078013
24478088
4694989
10422365
9343022
18410326
12456637
23742338
7536297
5528776
9999295
14386554
8905341
14676832
34076368
31372996
14508174
25122157
13559832
33790722
12899776
24439130
27448791
13062541
15278004
11911778
6890796
5720730
15416499
18845095
6437636
30150800
22172848
5995793
6371239
9632891
20455504
10581857
18523444
12403914
14559693
15617381
16030621
14251021
15203328
25313887
12302903
33274335
11851223
12263877
5753080
12908644
15132053
7453722
9481044
9939233
16217648
14005515
8183579
13231468
7992788
5964641
31702424
11384483
11215371
15082840
7538513
15729567
10381368
12257914
14292601
30160136
6413056
7800140
34786289
19070110
7534542
14983654
14501899
14418508
16967724
15372226
23490287
5295124
25146205
24024365
35501062
13486046
7266278
5807263
10188340
20720215
11634767
11753191
19222756
33412118
21773632
10903568
8114393
32803332
10560984
34640026
15180581
5552201
13256968
15721884
10240225
15153692
24182444
16137413
18605530
34234816
7327618
12528813
13279195
5340366
18359005
15670712
24881717
7365927
8073385
13740771
16169643
6034605
34638433
9821134
8992342
11635874
12412559
6639834
10618291
13913729
17580607
28830595
33111639
11450579
10522390
6182772
10701304
9233390
30390350
27978777
34432915
19122256
8108153
19077904
14070451
13499666
15905419
34742223
10407146
7194895
2023027
6365837
13643045
20025112
20283865
19617271
5087802
16178586
30105854
12372309
7806693
8824006
9355323
7876188
10300561
11388658
31371601
16036154
29835967
30662878
7996602
11797498
6593731
10152172
5602094
10481787
6969387
4706112
14138146
6600670
10253458
5764781
18174055
4906425
5548120
6397369
16758456
17444401
6975891
20141638
11665662
22579130
14006534
30711437
31526966
12168281
15349663
8219906
12545473
17595541
24745595
9985637
30220121
11669819
6293605
15240587
31424321
13135747
30836727
12521874
15291455
11034764
19899610
27926676
6181513
4736948
13611616
32808426
8103787
18274723
15060303
7870616
15810793
11815109
11470733
24711623
9162457
22477724
27142272
5085991
5555710
11939288
15567725
28364293
31585135
14626673
23313362
26708006
6135883
18329785
12299921
5820913
6983252
10869573
19558510
6467251
16112583
21544288
11258500
17371681
12655604
14440833
22953644
12879303
35288539
8272757
11267676
14242240
6821232
20407900
16188607
13136991
30321041
14330737
11506268
24574448
17444470
26225978
8625304
21447127
31920172
4711213
8937086
34368550
5539415
14146607
15749637
12036653
32514630
21938695
22871159
24884348
26396648
13808252
30535636
10906532
16554747
28195915
30911001
13119800
13310677
22533002
15380602
21033832
23645915
8748016
22504307
31982732
33519077
16802679
5199137
23498630
23996936
34598659
8032066
12619469
13293699
1389910
5607392
18963223
33468686
9023357
8210645
13166351
5943906
12343238
14511201
6739073
12136045
11310262
16701552
9862094
5928271
28739260
8321817
9709563
32343639
7564981
30533320
16966749
4929497
6898193
27673314
7722753
16184546
17983906
6827959
9696010
8522706
30979141
18543049
17528815
11928673
25630063
15742611
31708907
8314546
16468944
15234166
33674982
15353824
13080877
15921459
19529593
9849997
13177940
28079371
14941942
8758084
7603264
12683510
16584672
27924264
30025516
7284044
14424949
10024466
15506927
5722188
11204640
12102675
12137134
14894264
13235930
34296997
8808838
5135233
16585332
25275502
7039889
13752528
18457939
29018266
31364959
33612003
25515943
8729091
12608066
5947666
11349509
8826886
12453712
12859714
6161924
10463883
28099645
14265023
22137427
33322341
29947918
9363635
17675245
11797150
15391259
32828970
7395278
25657066
9387604
5159501
7185730
12132214
14934996
11248461
28783228
28694653
28863454
15213247
21193894
14864626
29581672
22211542
30318362
12248835
11956758
26675564
34484833
32945994
14159008
18529888
8371872
11514267
17649703
18367558
22829030
7314863
16294107
25331815
5195714
27477405
23607575
30354941
9191415
5511840
6040305
35240200
27171495
17670376
11220054
23431451
5339601
31416068
25439251
26140016
30394856
34817846
12666609
14188376
7337184
15298842
8482943
18475420
13279578
5035211
7359058
24029162
12839720
15733659
8380309
26559407
10148104
30651454
32342091
5397073
34626256
14680021
7604749
28324342
11066588
15225995
22922873
7977416
11440742
28893262
22033585
23353427
14645780
12090681
9802404
23058485
5494624
26773595
24410744
19710628
8430253
11596749
6228677
8332986
14874561
13354440
8984035
18275941
22628324
31835126
7419834
20451484
31489508
19964416
15216917
35398306
9790889
10870652
8555536
8289086
19465465
5485492
10809947
13770549
25118605
22117225
7435950
13066281
28099765
13095465
23446499
29045650
11547746
22953626
24820466
12166721
5333942
12102844
12815312
9809536
16008168
7480101
20246026
30289544
28551184
34079992
5239065
14449657
20101576
8024282
25989862
6207837
6373305
35429731
9718075
18663670
13367193
16335612
6474546
9303248
11305271
17394793
12686853
19981699
12136547
21957016
5157716
21592600
13796644
14093597
6796412
11784849
26828540
28633258
32162757
8529503
13587975
9465479
20084386
34473940
11180000
10414174
9556412
13394974
21085225
24287867
24427616
24554915
5132016
11184089
34681698
11070722
7410795
5226982
10612654
5927281
12351659
16337178
27068721
9581939
14938664
4955401
23626871
28980781
11645454
5475728
14814299
10242464
24453716
13759557
5768446
20043181
23148848
10415540
28110757
8973339
27031935
8713780
10784368
15927357
16428333
7231367
13992953
6517830
12112761
9150104
9665627
6693218
12994140
13635658
14873095
12037832
12760073
1778106
26403614
28052724
13590462
11930228
17459266
29534818
5263290
8644797
9959734
6645846
8725732
14945586
18786409
20326216
24927239
13326675
14709774
26887172
34716366
27283671
14591997
5713777
15109865
21556678
19654999
31054739
14687303
5656343
12740201
30903132
7084605
4697749
9015287
11479103
13821919
32150838
5851795
33534438
28024827
27105918
5866229
8352071
12120455
4824998
35100533
11796600
34192747
15173220
27044184
21063535
10425989
12900315
7986105
6918898
29164072
13292877
5981822
22091263
24551792
9704189
6067833
14235824
10026638
30317717
34471678
15149763
17167711
6047519
21214966
31521851
15101187
6023851
8538470
14127864
28273132
9971034
10340008
14258316
15566478
6909532
10235345
10853695
11218454
11459668
21983662
30600169
34693791
11739892
13353400
29830702
9365646
4827687
10355817
11418656
11233446
15158922
8494277
31946053
29237644
19425064
19348945
8396581
12870560
20621914
10075424
26519594
15420099
6694066
8564419
12077035
7336149
5720491
11230066
5871421
6015571
14953598
7031583
10337686
6173176
10742979
12926999
12155471
13736121
5668995
7321856
20384920
15303090
5909976
13856126
26546918
13430345
8600208
25464541
12056156
10752513
22912634
30744315
15156915
13791035
13710501
33691917
31114433
5137319
13597800
1696889
13431283
24335615
24953653
33981666
15847203
7937171
20904031
22563023
5344223
25774051
7170628
9691128
20880178
11232057
13128631
18116167
11133070
25975081
33482339
11528322
14098861
14051417
9097672
6696771
14741800
5088700
12470641
23575556
6557976
25758340
29125378
32822715
32165523
32452671
8300681
16439049
12193696
26722595
14710766
12747883
7059538
6300803
6110665
6406866
8162747
13446561
33176889
11193795
7127708
8558239
17761954
16114148
15008728
8083155
6864380
20824000
12357296
12008270
6472887
18921124
14077428
8599480
7313991
22995254
25340896
5618661
31433168
24763952
5165265
15834672
8714478
5995907
14465029
30487576
6141509
13705627
32730888
10230014
15836274
12561087
31828289
6355480
5260748
9849946
5990545
9837125
15884618
9284413
22592969
8010310
23148704
12496475
4745696
6339456
12933485
16276080
18629761
23307209
11869571
11796586
27558021
14499897
21172564
18426886
13061478
13980005
7736721
13336282
14886573
11567424
5083739
7069354
14707048
33657027
11106449
26244977
32009264
10132052
12693419
13967950
10719770
16275310
25636084
7725978
10193251
25190116
19414354
11927518
5965603
12091000
29986354
12322164
33308997
16203960
14557270
6103219
30923511
11256513
8704230
15909907
28394104
28798543
11076929
11193263
11392828
18425422
6529144
10353576
10470252
28423408
7948972
10186340
6778989
11196232
8399440
30291416
5440070
10032194
13157885
7036917
10681293
16537644
7787966
9628025
9767273
15345254
19811863
29514580
28120846
19450081
14018502
17605315
24708938
8436004
10953497
6153775
11327647
8850896
6823247
16585842
6035582
32592744
9623428
9914431
35075414
17139484
14339639
5208514
7877027
15869347
26112970
34569622
7528348
5673104
11881851
14307981
32130621
13762692
10769157
10779416
11083175
9793932
23710229
35419234
1959676
9617108
32229720
12005379
13734954
11160367
8098264
21501979
11457194
33807414
13261377
15577425
14382075
28798159
15968864
27799224
10149159
9005686
12149632
14135906
9065960
18761671
12461814
21880744
6137407
31106549
29014066
19826854
13485287
7838432
12626095
14956646
30844563
13920544
4912545
8859706
8898767
33511895
12532006
24626894
8556524
13462343
17845588
4836923
8952644
11153701
22183804
31177399
21612271
7621375
9327417
11557257
16691937
7781970
21462151
6578246
28107814
7675127
23341568
15603961
21608032
13990572
12576627
21467938
14088143
15744889
34644727
12704183
34699806
5207880
20529271
21676294
14509804
32599947
14833155
32925846
10109451
18542449
12219573
4927576
13487671
14991699
17887273
18816979
20661679
10572274
32644146
33695481
22447876
12110556
11636005
23764370
29918176
10217994
11740014
13338962
29920762
13678562
7975911
6548980
11238551
23259182
25237969
35288563
13954582
28932178
16285054
6434358
6613525
15827413
10009657
13057698
8255463
14584182
17658724
25835293
16533945
29107591
33053307
1119077
25763566
2425249
9235937
16035321
4750140
14305506
29185660
34693059
4720042
20910673
13965654
14108840
29995033
10288385
24188318
31524785
15347980
12337040
22398718
14682996
16659246
11165669
10873369
21521311
21823117
6079301
26778878
16907682
7109974
18717733
31634929
34059421
24676883
23842139
12629529
13115663
5887618
5784153
6420187
6606198
14803123
16570299
21754243
22925669
6848216
15859094
20012971
34458436
15044079
10964878
12137645
11983953
7534958
19874734
6482627
34924844
15548465
11798386
14411074
25268863
14216005
15408563
22677258
32400549
27668190
30979993
27434916
29346499
28901458
20494612
27466908
7750426
8519124
27320490
14916624
16208026
32672040
6771673
10180919
14722717
15715292
29115577
17625424
22265950
6755722
32926398
15486097
12072586
17524951
14964525
12401541
6623690
21430372
23382770
29557390
6768429
28509334
1939750
6495574
10525020
5365304
10650548
15412018
16057402
21300046
11296798
35418592
18233506
5677697
17801671
21903562
12305814
8593629
8098158
12036744
34548664
21484528
5390330
34896614
6529992
5336618
21338917
10114345
14908738
6547081
24854951
16118692
34299925
32404335
6603619
6356138
21802639
9665609
14100379
9748492
16680285
31419827
7288939
8800934
9643754
26180927
6825805
14956341
8659741
18048850
30132050
35497396
8576140
9797669
10337353
9843539
12341522
12398956
13447822
15740133
32669088
30680035
29679817
6179257
8756753
18866290
35431153
5955225
31544611
10079897
6386310
7886996
5163172
10075955
28660825
19641466
22222408
10952576
12338231
10997808
5484078
15700710
33878001
22580834
14194723
23991971
28781155
29696782
10849297
14741900
13522247
13135250
10195466
10764755
16027397
8097944
18435967
34193557
13200808
21526084
27101475
15355515
20270515
26002825
22211923
8260253
13073357
5333308
32708520
8590896
6628120
7191491
5374233
29977279
18558835
31319349
7292627
9322250
14400571
15696598
5225350
9052683
14587519
10099706
19620397
6110394
23342114
34143058
7523407
5934510
14280734
8099339
32591469
20267866
14064963
12564925
23473142
12462820
8169447
16974657
4826760
10668628
5817153
13930691
15757408
10873974
14969156
11511476
14927900
33548502
12625222
7531505
17776597
9048701
24389702
7032179
26019442
26336534
5132086
8313885
15933755
11809502
10841018
11809731
11489370
30437057
7340338
26388296
35037638
4705614
10994694
7362380
7028740
7142755
34440616
12263712
17090763
12978875
8631133
8731710
17396887
23663222
12519976
14372775
11478469
8970657
5326622
12147069
13869791
15701504
32878662
12731254
8102003
14190297
12675260
14991287
20613982
28727947
28339387
6431176
31907836
29125501
9257003
13643179
31612279
6477983
17707651
12737673
13060788
14872978
15945056
7128239
11224369
11063474
13234080
10225027
25382782
7341079
23498771
16955802
7476447
11480704
12041262
11992084
9967922
26275358
26830631
15716957
13807092
31609360
13425252
11909171
7246930
15259706
29642953
10578881
12803170
19062046
23884802
14752942
5131487
5695840
18584716
13639444
4892346
6907424
8851961
20382622
23960627
26639354
4994169
7713727
5811376
8699594
7989670
21771325
11683619
13077140
32884095
14768347
11884697
9864427
6082156
15065139
23963615
6748334
6967525
5554863
18242782
31113599
31468481
7167771
5710014
5990974
9700508
5363316
10292733
5790017
19159552
18016123
14807661
31050947
16121342
7729996
7875650
9114904
11167230
19698460
13252864
25091773
30117638
14925615
13447006
27148074
13405348
4861718
5408000
20215888
6311604
13121364
13943532
26340626
26350181
30978244
6246068
24033089
30641692
7223054
11088589
17700706
13205914
11458564
19608184
34099249
20879911
21682783
21095530
14585837
19833226
11006009
20333746
34580896
34727310
20110636
10656640
15907220
24385175
13952046
13626388
33478373
33219135
11890064
8206144
13715894
29033392
9121800
32052648
17892544
13875067
15940237
8111633
29175424
13149075
7459532
6174564
15674857
26369687
15381685
5904062
7847024
14643089
16224674
11838557
32281224
23804675
17578213
33613407
11977759
14232145
8275522
11762213
15419623
26009734
31596694
25751143
4990356
8985983
33231078
13288594
19332280
11824820
25219090
35127542
32743041
12889306
15372512
12353329
27494136
6372146
15487213
26439947
8624657
11392751
15514813
29699563
26978600
8044597
8523049
15217804
9732789
12312050
5568412
18984295
32963826
18816922
31477898
4927664
28862188
8046438
12406205
10348693
18351898
21447184
10407776
15035478
20131192
7533473
7414672
10129498
5514735
23772830
31013065
9604084
6932327
34877999
7652829
9557456
14684530
30026134
13356113
7242215
27709677
14282590
8403089
9567715
6921799
25473784
18777586
10099337
12018598
12375124
14142434
33735735
35182717
14059890
6657748
12395417
13280282
14435403
25173988
14754112
6844463
5029652
8878406
13307403
21660001
22907111
12176440
27298689
4986201
9438111
13752874
14570975
23916851
32314206
13771069
18090484
26614859
10679085
16581327
12616127
15882562
23695040
10263337
25714927
10614687
26702186
6887576
14210131
10593732
9819904
14729234
15197467
7846704
15422416
7281897
26081176
9125912
13263730
9619482
27250593
34049881
32211903
24485756
7279278
22897277
10074815
9578703
11753204
26585588
10305771
16165855
29912944
6216021
11694764
17577943
30667897
34112905
8132505
27333381
5266206
18744223
15693549
15208397
20311696
15565592
5055798
7101230
13357472
15117636
6580650
12500884
12878798
10334203
16019096
8950604
14921372
16491933
21415285
25467139
28842529
15364325
14314824
15152722
15382513
18222253
23382710
7976751
9606341
13880233
33975735
15478841
16084024
31416179
8532822
7859804
15313253
23418791
15990994
8538070
11270130
6471735
31752383
5798047
11167776
13238454
7391869
9447467
9886954
5451314
15926580
32514012
6379982
7276594
9393521
22433284
12533778
4858447
4819634
6447904
14679883
21387466
4917608
7846100
12407265
8727968
21813616
8201506
28364014
7546545
9500711
10878643
12190903
13569935
25209175
6323861
25322923
17860429
23399066
15580936
6827918
7635988
12309312
17722978
31461662
9960568
13083839
13228605
30712535
29011819
10928161
15641570
21589075
12455389
26368091
7923581
5712529
25153795
26162288
31305204
4984453
23426927
5037780
7245823
33608742
9510172
12259048
4978290
5085457
6345206
15507697
15113576
16328979
20574319
6264777
25438978
28518940
6438988
34851827
8624958
6745327
19152475
29542294
17843095
11581167
19458277
8160011
5177744
10596277
11959936
7246047
13607918
17465362
26423240
31558843
28027482
6380292
13061637
13932393
29083744
10881923
18455167
34921790
12992196
5651326
6716610
22213075
10825655
24525566
14014015
6956311
16049557
15090240
24971296
34043218
11274037
29654809
8143899
13593252
5385090
5851845
11575480
15990225
19782106
32249181
34190248
15862391
6703453
10120973
11029245
32001188
7095262
14972766
15780669
11958487
11070469
10344557
14142760
28313320
19186744
29903257
5822486
32008091
13138674
5628911
7984024
21808231
30676783
15149238
29862742
13818125
7333703
10847251
11997265
25063936
14552911
19174903
22633376
31615468
15574202
19234324
10917796
33697371
6151113
7052510
7730242
8388002
16847424
8743377
34142149
13685010
10049052
17236036
22080019
11162020
15513009
26927627
7364573
14214726
8627406
13763582
24024836
25123750
9463342
33809721
12269796
9400049
23881763
11719578
13383880
7035161
11618711
22027918
15159805
13296709
6440834
10227850
34548784
10960174
13034086
6979587
7043662
6199089
9147291
10876538
32772543
6805484
16049184
21269440
24759776
26042428
22022707
27632799
9196309
5897546
10313258
14897838
8881918
14759519
17722627
9136811
7345588
13167436
13584295
22749815
13888802
24399761
1300904
29508832
32883585
13325402
32796690
32533842
34162204
15782007
23908994
10169072
10517154
12633009
15448985
13044793
15732987
21461674
6866348
25111738
25464328
26445788
18616639
16114100
27311424
11463760
13809104
32783292
10084353
22749437
32314545
15832463
10581394
25491079
7662000
10938901
20294488
34799294
7123253
10521477
11972155
7019626
12674412
13950930
7132470
8025238
7610092
32329050
13228492
8154731
8368076
32244204
9109617
6543379
5193702
5650154
16840923
11037332
4702420
22586309
16198443
14795224
6108453
12052952
15682994
2912188
5505395
27096027
8716842
26836229
9131118
27919197
15909899
34288387
14706132
34428733
20492440
14704548
5697801
15827280
27568011
7371624
8412642
10684335
15670163
13373421
16018907
13291027
17049963
6093185
13548853
16322280
20169487
26458130
6323740
4701637
13570214
5477614
11261857
8018964
11794836
14837680
6451680
22794293
9673073
10044632
16130997
8549169
33681696
27030084
34501762
10953960
9816493
12249706
14503329
18834655
28481974
13714003
21095908
12878513
15351509
7090042
7688728
22192945
24813143
8606471
13281834
33351902
10603080
14088120
15610479
9561399
16122279
24663536
6562452
15958329
11917856
28457896
27665280
34019121
22371070
6923776
7172962
11635710
14226775
5257682
15666461
14197368
19581247
25049518
6369654
8147863
8200512
22631552
10828453
6666647
13753392
25354333
27302340
6502938
14996216
4763794
31295735
31045834
12346613
12830998
4901721
16221888
11272382
11818003
20172535
15864045
7258191
13564183
30254477
23590658
29386420
11120451
34954799
14974131
12707328
6910209
6458197
6001215
9531474
12780708
29279791
6263485
23215601
7074776
21415516
9415964
17368213
34288963
13841848
13245511
13828804
15936749
13898256
31272632
27409809
7369154
21857446
31521953
33819576
4985209
15364694
22976192
8802136
10413776
11560656
32031719
6977705
19443169
26524127
28517740
29571577
15835765
27031083
11878398
12058613
23057096
26148488
33817977
34157482
34946552
8203049
22652177
15435568
5461759
33852276
16782351
14012961
33405647
24299321
9830391
29229766
10285407
9474559
14574383
22131625
12478389
13814474
12855363
11560497
9337378
11431651
28689442
11978290
6930460
35415295
15004708
15088982
22073602
22692311
5789598
13885946
18411778
26950883
32226900
6395860
6846705
13665745
11615194
33626976
4712779
11229275
12060961
12746800
7264335
30636031
5761096
12985676
27255513
15890901
12623471
13263894
22166938
19156723
23062784
30239537
14881740
28855306
5675631
30102902
6084478
11655408
10565703
32097015
11354279
9109315
11864409
25024804
29309191
18655972
33079575
15417822
11997695
16042165
6775503
11246693
9861134
28040988
8622441
11242058
9339059
6665556
5827347
8823224
24067196
14562841
27578298
14660605
15079894
15406911
30341480
6509373
12773398
15216510
14259292
33832356
8327080
15451684
13027289
4766976
6894806
34893425
5012030
13093263
14598477
25663747
33260739
25407997
30507382
29867545
10214803
11010540
13946057
14055678
10042693
9339776
14701199
30839010
13100941
13201130
15331274
31528417
9922530
20613187
19822684
8001904
30431270
32747040
34934213
13270580
13821281
4751802
31212958
19427236
7805057
5592598
27511899
29281936
11009952
9692931
7479825
9783801
14148247
5175912
6508448
27989028
30437495
5261366
12919079
15879151
6391511
10334199
7256925
7555611
21522238
34427560
6020907
9174271
9555151
7837886
13174698
31869206
28500520
31891759
11758287
4682928
12977033
11597915
14580701
12679075
29267146
6238638
19751056
13160329
20819764
8091859
10003578
34094503
5508510
26005234
33177837
30904728
16870575
25675777
33614019
4742960
31130732
8681793
10258319
4615785
14557972
15398680
30685513
29161072
18041959
22273639
13425335
29538682
28169185
27636627
6106200
9214093
11248940
14388384
27113505
7429876
16097865
33573447
30731573
5886629
13089442
24007304
34008036
6730925
8211148
9653471
12343778
2918833
16595160
9091174
8762524
12992755
10129342
11581369
8292267
9541583
7656034
13886845
14902598
8041079
31600528
35019296
8487860
8608450
8040473
32818794
7457863
9936520
10039859
6353849
6927971
20815207
15473725
32354283
11355013
8495197
15486378
34642771
12497470
9978667
29133235
18454672
9496014
8980279
12155169
12826697
14984820
7660280
24549791
7555816
9493431
8142066
8538740
34849247
6008403
14926539
15150462
7963409
14197388
14902828
21998545
7598720
26360192
30623665
14822751
33943455
30194726
8365605
14913541
22057564
4806730
24251696
19918384
14062097
13566756
21223177
19412761
14319310
18998866
7761018
18794983
23430734
14954304
10804772
29716120
11815492
32565582
7644430
11968746
6265662
8865983
5143562
31086089
6950873
35283259
8321303
16107510
7915223
27249189
14778464
27074805
31478588
31475144
22171267
11311673
31386173
25040767
14997976
5412789
8576519
23835146
13630009
10118857
8980927
14817149
34818989
4741765
9555854
5560327
12138494
16245652
27795744
5697254
14055138
7619404
16056034
7700973
12868724
14490548
24539105
10081525
23323322
5065777
15967351
6125768
11662411
13855835
34558972
6161085
26674100
6520636
4948992
11059888
13639112
16821015
17247742
28497664
9740879
33373088
15268811
16209198
10367002
15551042
31108274
6398276
8426279
11365072
13417175
7613771
28484455
9103939
13057984
16755918
6938097
23271617
33345917
26258579
18346540
22057612
29540800
6761682
7586729
18157357
15928972
22199635
27545880
19743376
15843825
32582943
22545830
7242723
5940403
11770492
15759725
11983838
19560064
8478817
10705411
12385360
5612125
12495599
16399611
13041343
4963880
8458960
25294126
30333086
8321682
25495009
10447588
8025450
7617656
17607817
32374500
7190151
35102693
24946153
6657540
5920822
8179197
29110123
32386881
8566546
12944018
5808428
7866276
14110583
14782981
6573879
11879186
10650947
16814907
15395841
8358367
6672130
12587970
8077854
11460107
34267009
14902835
10738032
16667358
17544790
7960628
12866653
7704607
11057119
15915882
23085347
31703417
6179070
8934748
14636546
9847146
20189089
10612586
13736313
20839387
11141856
24147977
10751080
14505734
10322315
11786690
29020726
11332868
11243995
12491652
10801881
5257248
31767923
12894555
8673140
15990086
8365607
7005991
26199890
6533344
6991980
11827536
17720521
25946065
18300553
10409237
28701421
13515523
14092336
23530802
15766550
17689771
35117183
14542769
31105343
35266672
12306234
13080410
19264789
16970685
31601443
12623978
12534732
34342915
15580841
24781325
31180630
20034712
12669298
17719480
14063306
19445953
31602748
6889316
6187704
10011043
15182521
7319391
9544021
17773837
15146408
33628299
15208155
26861459
13816432
8543698
16417485
4738695
6398000
9049941
17594284
12944934
9767008
8043259
7741603
5565830
13192940
18692203
25070605
15798537
6287060
20045287
10721245
17163904
16146368
10193380
8527100
9376131
13106382
15631413
7699441
13943077
17790775
10461961
25924084
29822830
6612701
11924855
24700925
25780258
16438947
9702058
9831187
14503698
14923897
32969382
8117255
11242448
22095931
6333390
5804377
6322357
11138245
28494142
24015119
32750892
34452997
6987154
7772691
8533578
34331926
14013312
35011997
12763385
7899473
22989140
14577522
25101604
34726683
15308968
7883890
12536474
14024306
33407990
7053018
29486566
9166132
10537883
17547859
23048651
12244663
22225144
8053421
6899268
17967829
25868626
11891552
12952145
23238989
7707258
23997776
35036087
12045485
10054690
5688883
29925862
14633757
7934703
5408022
10049451
10733663
16878717
32999778
7390578
34185592
8921861
19804444
7241375
27650025
30358808
1692997
32015228
31412552
15176705
32435646
24294614
10911599
15932192
18268015
23270180
9251700
18971533
10348558
6731178
7838645
8033657
17170159
11275183
13994325
26862587
12987402
1230907
34492978
12313837
29953057
26445113
7662494
21105472
5237299
17263930
35011727
10952998
8542919
5098560
11129905
25226341
6495460
19576066
11655445
6772907
10544709
10891951
19049383
35329483
9634007
13672835
8403234
4843266
12515558
28010622
8491017
15418055
4745926
10922743
14545668
4977513
5278704
8009230
12850391
27125151
29113336
29259457
31513586
5459857
22531808
34480909
25131085
6105282
7910956
34055503
25492213
34945481
12737867
16036666
23672621
14964875
7720399
6272475
9498947
13129491
7261614
8076780
16072802
8644770
6628439
14630916
21174472
11853280
7991072
8786704
6772899
6894038
5564611
12489610
11513633
7538364
21427378
24197342
27113730
14613260
18805363
29765359
23161286
24863270
9984532
24679916
5253083
6674762
15735274
20423644
27707568
5829301
5916317
9563455
14142503
30117686
10523683
6065593
9500620
18096817
11789680
5679305
7388574
13576329
13422796
13578794
14132026
23758271
7928145
11938015
21104935
32004149
30134780
30197753
26534978
10962260
24319760
34797644
5673524
12502050
10866734
22582538
26776637
7752910
23509934
23786555
26209700
26595932
5327175
14625811
22085380
5314054
6494364
9743556
16092517
7482275
10206004
5729651
8195912
10888550
33793125
12915858
16243113
17669857
13195059
32867424
12761941
12620968
6068505
10538731
19387837
20334772
18258085
29237194
9918255
24786146
16447626
27820389
5344316
14927422
17303659
15539095
13564548
6259502
19078636
15517858
16215706
13494094
6894307
15554112
13311676
11048514
14159585
13997434
21776251
16295012
14317187
17037441
33114357
32431413
35156530
1508496
20172739
6490741
12959591
8165983
8285013
22574546
5804928
12968188
12910827
28349875
30746697
10738577
31553107
15290541
15070890
10744627
13107063
11290079
9451194
12941166
14827960
17987023
31037416
17055579
13753045
9283930
10433276
29807047
12519489
9880827
20798932
7547967
17844916
33454589
7394839
5685031
29526709
6834546
26891525
32222793
14527654
9959892
34614751
16101522
5274302
18418609
10403955
13512500
31687145
5887272
12298755
11577756
17978893
14347923
4838099
8459544
10693044
5408394
16291907
9923456
11129027
8750260
9468601
30971086
19125223
11143988
7819003
8510182
7930046
11141109
9794080
20233855
9675978
23721695
17091819
35383429
15781091
10845138
10124064
6386939
22323010
8085562
7668482
13160046
9271504
27717174
33916206
13946161
4678975
20909593
5947577
28154920
25350568
10379553
11303096
28773409
22911137
5979560
23302421
5729591
13503957
8927052
8151379
13150688
19176451
34555996
33070449
8125420
29978905
11626224
7387730
15428578
14312100
22850327
23725058
14934670
25132570
28057809
11326437
33329703
7804084
28078507
16115404
27426096
17835769
14376535
11521120
34337452
11768561
11779181
31212046
5575652
4698978
10220392
9265498
21257890
26588201
13245280
21403363
23013806
13830369
15943892
10867234
8342325
26390387
30332810
6504784
15230699
26170814
33911673
34410982
10523798
12797842
12349088
13325148
28674247
13492249
7286927
20240368
7366943
25955347
9387064
13012756
5997816
8552199
20666293
22067008
11970090
13791022
15893032
9988897
11965081
14744188
5823095
10673454
9653341
5654420
11787206
17029056
27498642
14734082
19384438
33154266
11972296
13685644
30451775
9475292
10996357
8164059
11080288
30669445
32430597
12674268
29496658
22306948
13380344
9044250
21223207
6563669
17672239
15898010
20933221
24879944
26474288
29610778
13713369
26018785
34856888
6258736
8088565
27876156
5720296
4728491
11074356
12004406
20434417
32071704
4698029
6048563
14494338
14490315
15227588
14543417
11046105
31983122
28880743
24711080
31953602
26115759
15820565
5579604
26357117
13791809
12671412
13110326
4896440
13888843
12687621
12950079
12010883
8515622
31042825
29696989
6216719
7539074
25360102
11147500
9020026
11773444
34718832
13670107
5759008
10018059
12886660
12587648
13288491
2878043
7022687
27265257
12112589
24811853
6560182
18225244
20094829
8111035
10194594
12983109
15617210
13555493
12979133
32039333
4896511
20087584
8915692
5763073
8537312
5633696
8573792
10092184
26773022
14275914
11001974
16424949
30340742
6009896
6700779
12498698
33127086
8906125
25852507
30829881
5887493
11541940
31426541
9366753
12427328
31151168
30180248
5966972
13274488
23309306
35258674
26927114
9337877
10796090
7599300
9118771
9818743
8634859
13073409
26083915
14791810
8256617
15656065
7046666
6576126
8339012
10157452
13673793
15430400
26872157
13918143
10293340
32842362
11073805
12104997
16069448
28193593
22834076
12700114
11212823
20975110
13634202
9861296
10671369
11725732
14745904
7578893
14476511
21807124
16910658
10450960
5317358
9017892
9658132
14137001
12023034
6262462
29971135
21822727
16075464
11025686
6618547
5074349
25628641
15634210
21157306
15442272
29701231
9061493
34504096
8264629
9152626
30386285
14411331
14881525
29442703
35257666
9293689
12231738
14574903
27239862
12402224
15158229
5987177
6357589
23997137
33178038
35513098
27098133
9241414
17713525
21730762
4918188
13950550
20995834
27383535
24375230
5028712
5892568
8835951
31273421
15001990
16018209
7693185
34043125
10018682
14872225
25823554
23193797
9735775
6184427
10264069
11685084
32663436
34893164
12510086
9077806
5162597
14869659
31728638
8543321
8826381
15583354
15101295
9970682
22713122
11645604
6103509
8354509
15051441
5198172
33331704
20631403
12404135
24921335
11257682
31451078
13864042
6130764
31156058
13205362
31704179
6349189
16887945
35211118
22760519
6251520
7614817
15283640
11115252
15614187
31832225
27976836
7215074
8310535
8357456
26391038
20302171
22661750
7971252
8267467
10380593
11625335
4843907
10286919
24757139
27754872
1184405
8592529
10634594
5966541
22028521
15964769
33530163
10752057
29438419
33599688
16832475
14353726
8983044
15532634
20210512
7431008
4805755
9611808
10291146
33577785
14518188
31925818
33078315
6594851
13251120
7028703
5469303
11511206
6041614
12069587
16207535
10154426
7225386
26682128
14810756
27028593
23728967
9240592
9232472
10874910
5121185
24322679
30534754
5267860
5717326
19739788
14292372
18794044
22649021
35279341
18729445
33395606
30946018
19392217
24078572
5401446
25614454
15526693
18725974
29770054
15345449
31576774
5385314
11730149
1599965
14938760
15024092
33507863
10859967
15798723
9407739
13446518
5538041
7288837
10449354
31990025
9581566
15039684
12334084
25528750
4740503
11459464
16527393
6326067
11416369
13712740
5451392
5587494
27370005
9466214
6776168
5971069
7599833
30697240
12251249
31039594
22141783
6284629
13467088
10571824
10782623
11611505
17072649
12507733
18488776
13589661
15380180
28470280
31694699
21045670
8354981
29538979
4951641
16457529
27362490
7291333
10093730
5893505
8569859
10068892
7920846
26506544
11042249
24077156
35509306
15816035
30878022
12894749
13865059
6748757
10168947
14006090
19595515
8002983
7990427
7345534
16430121
24366899
19571326
8933841
10905180
13163482
14898366
5972216
23796707
6166446
5015839
7946286
5174875
35196775
29543401
11672912
15636096
12349927
9334707
4969615
13337469
32055978
16670541
4798822
14412186
15371893
34297909
6958921
11704167
19898419
21911353
6136884
4717688
10516671
34902200
25787851
14990160
5595709
25253482
12499953
25269715
22597466
28623910
9529453
35393386
15921959
7194758
7527841
7391467
13311705
10437738
12376540
10466219
9756813
21684523
32385660
8829252
10245596
4948389
5535579
13737194
25911580
5325605
7429410
15949200
28778962
5996693
6435319
9191948
5881462
26829575
6788796
14492171
25657516
14299545
8934325
29635729
10891707
35367454
24925190
7170721
15513488
21193057
9511986
10908379
12002346
11711234
31879870
12838932
25371493
31543702
6011425
25022155
26204294
14656503
6905997
13787092
11650195
16799898
32879154
22492535
13147829
14853100
7501903
8104907
10919278
11794930
21420760
32846031
34186126
10499926
35471257
24063584
9935923
12554739
13484451
14901457
7480666
17970337
10231443
14625309
6137585
7410413
24363839
29722663
28958401
34666963
15107613
16431741
12700537
19723258
19129810
30395852
23360582
15211126
22994003
6018105
6101267
22920278
14228592
14820876
21088384
34561306
18462169
21195550
5852985
11211453
34903022
6490724
25238020
7436584
14066903
15042503
9367235
20386036
11088304
33364325
27773712
13284551
30421187
15523103
7322987
20949526
22546637
4768532
7249883
6324612
31471883
6676350
9350354
8624358
19447543
19350193
7465163
9380643
31468460
8947988
19349497
12817779
8263938
16014659
16045129
24292016
22473758
11358516
5894814
7585747
29784301
7326859
6816288
15925616
27338079
21380974
5737250
10928936
6658568
14206213
15551439
33326667
6272791
12217621
14108286
14265157
30956242
22537337
15843588
34228546
16526730
33463721
17981311
8010478
22352932
32943426
8345637
17246506
8721030
7423449
16578327
32556378
4758941
7571274
9210806
11314219
14362963
30958567
6100059
13334758
14070323
19521739
17010591
12201169
30440447
4854618
12749285
19273789
24498095
11292277
29724196
5132600
22053973
12949453
30744483
18786205
12895633
10433224
23738570
28647445
30986233
5846540
6237326
20777830
9846071
5425961
14349524
33493748
16620195
31634212
7361420
10270690
33416633
11254790
30313184
23193260
18936682
7022967
16117729
7821320
9932650
6901792
8872283
14393783
10730587
10340227
4994147
11830219
17063079
21149524
22369723
8331207
10069503
25463404
7328153
25669954
7652352
34493575
11829795
19053721
25472713
13968112
9361217
5667324
2104555
19618645
7785587
8816482
7636483
8468569
13671702
22783742
7366024
11151110
7484498
13456567
32595963
8272709
7731165
13642886
10653529
13249072
31256047
8090459
21465310
18659092
7881586
29714665
20980954
31604296
35003462
12409984
15907391
12166398
26514551
14002087
12302260
13659389
6287771
8458119
15069435
15816099
4763802
35092583
13540538
6134603
9463951
13861974
10056348
8996903
14203134
35183317
29097952
24683933
33212487
31321095
7209887
18133048
26332694
28140418
19753900
20306812
16194204
10102049
14187703
8647344
31856168
31579960
16778259
7559600
30380966
10122769
7254649
11225853
6296669
12091021
13391616
16152397
27765171
24528719
12988103
35085338
7362691
8973747
9769917
13770682
13839639
5806654
11092383
11979079
13084222
15610796
15762422
29356222
31915642
16016841
7454149
29202085
7865417
10364866
25036603
34470502
13331742
12367477
14283949
25613851
16917249
5519845
15372227
17843641
6365395
13070745
25918435
15234352
29062951
30199787
15721702
7790506
13754330
33288465
29945167
6286174
7273663
7880370
7178778
9387731
10274087
12138606
5413009
15082598
21071881
14687884
17997526
16211415
6436741
6918725
6357244
18500662
23474519
7654686
14103750
25758760
10375412
10892165
19689808
29239879
10154412
15432969
14803597
15246517
35498185
25409107
12401369
23762183
8306227
9394839
8550699
12612035
5760935
24114680
18149002
19999024
23005142
14453847
10457493
11152315
4759358
20817661
31716596
11105502
14783163
9856254
14528041
15656623
33840417
6401045
34733013
14512864
10071272
5216149
6081187
19117108
17713906
16565313
6354065
6051410
20352547
15332794
30171086
7854038
14848623
15034428
28817905
12463084
14659258
8874966
13303030
27486921
27924678
31842074
11874100
16086819
5507004
7146049
7504228
13715782
11666680
10730226
18692122
26128388
14628738
32768661
21472009
8667878
8771115
15644971
17094102
16694457
10809214
13049133
8012913
8117775
31750061
8645427
7094174
7344582
7459103
15442033
22076077
31415876
5579139
2929335
16894875
7267129
14955820
6544151
24002894
21440695
8589086
13594886
15339727
32431071
21403852
30647137
5726394
6038099
11126609
5558434
10065165
34022031
16296936
28950646
12575464
5176826
7251904
14638111
31199521
31222207
6195846
13234550
21313369
25161598
10125722
14627904
24623096
23086604
5874745
13673925
15053563
13242697
9787426
13639639
15609355
10995187
9967820
30727520
11234154
16124018
27546177
12289939
11371981
27900549
7410448
30548443
19585813
26566409
8452591
30756636
11575369
11919842
5650473
14492583
13103475
14027726
20079238
31693763
8109437
11774383
23000741
12988402
12126989
27350001
8375871
12263219
10894286
24058868
18169279
34313014
13715094
15082457
15802027
8304679
33669900
10117783
23190848
16103382
14556580
12672854
35000450
6802602
8587999
7785536
17009259
11515819
13146041
15341482
14640592
14391277
13251461
14156928
25402327
32574450
13146615
14711132
33880050
19229716
5796585
19378057
23030870
13708304
16299301
13697591
9875484
8219398
10224511
16255010
9087136
18457759
7105278
15976801
26418761
12520499
18631963
8579598
6059691
5664133
13892045
5184281
4753426
28574305
26379176
16764048
20372797
5770757
12295351
10338429
33960978
11312585
26321246
8724163
15669225
24417257
11244670
24458153
16790259
23873720
26381657
26665832
16128726
5460394
19367455
30425711
7370318
14047776
32171265
7338657
17328238
8450698
21634168
9999395
7274352
7843023
12957898
14235793
7498007
14287847
15960987
5406723
8760746
4696590
11945949
15786626
6894781
14030725
24991390
27743601
25626313
27380001
20054113
6676030
12023379
12185715
8011007
32025089
6873674
12800916
12039682
6161364
28255393
30684466
1638711
11984813
23882303
6079605
26766068
28429204
27351273
12352613
14060882
9206930
12709111
14993073
27332055
31936573
34549828
35266813
8270703
19954198
34253344
12616775
15850969
5154625
8193050
8821172
8534263
13773760
14942624
10329503
29519437
12842048
11439637
14445558
16010500
9340016
15474289
12362811
6004372
13214932
18024901
9021032
14978378
15064565
26291873
15018472
6187876
24769280
16515825
30588613
12726551
22608644
18983080
30212354
13136030
21442369
8628616
16113610
15556001
9461570
31939690
34665928
14701287
9181703
9160766
4765435
10790658
11609680
8114365
14745766
29843872
10716446
23569325
32619237
13066113
8116277
34546528
31264138
5907984
32412753
32838393
15279246
15702455
18828721
10050328
11744413
15656978
19569556
8619031
24054383
31815335
8310835
9642691
13823530
12645447
13087582
8819867
15582803
28058019
9408859
7966675
13682433
2435025
11525649
31494155
19544134
33992085
29587951
14689682
4859068
24474881
30223310
5287850
26057149
5094519
6328040
15938650
30119888
6773056
21808663
27979443
9879247
7959617
14348072
35060303
25492279
4911380
30210389
10370809
8776394
14304564
17752726
12713822
34066405
6459232
14687717
15119004
7286131
6367985
32012657
12652515
4729190
28858756
22404268
27722877
34419439
26791832
5462871
32779692
14344944
32393100
14903975
14461900
15417649
7835217
20608642
32440527
7959186
12619456
11803537
6503205
23843303
10552146
18432292
16027338
34581586
28158544
17730391
18511024
4882623
15825487
29114269
6331949
23996387
11709660
20988274
25883563
6072197
8752416
15299506
32076114
30384884
14166949
31404494
34691796
24860996
32905830
8032035
24008918
30984820
14526697
13649840
6460779
9072283
19207549
20633692
22585559
26645549
27283719
23568977
7952236
13869407
11398248
6499594
7560319
9190130
10281322
5809142
9471763
10846935
13656740
14962262
23126504
23914883
11378744
7393432
11173266
21825790
14858300
6227751
12853788
14588050
17310676
28447798
11314021
15753724
28932991
29528518
15296829
12013763
19430599
20766328
19278913
32771802
14977170
15887773
13628619
10442203
20888602
7515555
17195662
19090219
35194900
16750266
7048457
11477026
8171420
11514658
6620563
11213334
9911472
18205852
4718229
8878520
14428387
5880859
30743364
22271584
21037090
19451878
19328470
31420157
12930501
19813129
16218021
20948629
17080368
26498186
12620229
19511068
13996852
20249269
9341080
15698915
9283579
5762626
5162115
10510739
9364205
11024774
13381939
23934266
9288154
5805900
6729803
10623202
27121527
7958384
27150420
21903718
20838085
17881657
7186221
6786230
10309692
5787556
11518808
23152337
14394089
16252375
4961747
16024422
23017307
13503583
14101924
15717915
11598555
19997554
22377841
26470589
11285653
11529687
13825050
8141062
27465642
10017053
10270067
7712176
29127925
15056345
9728041
19753327
3630988
26425880
17350291
16079291
20170855
18325918
22420870
13452089
19596787
25559815
7603791
16107679
30228557
27206166
23689394
6876020
21768799
22701251
8740534
12101229
18473764
18771481
18908653
20512303
25811101
17891656
28449646
17165836
6180013
24871199
34633009
32293014
13483755
20533564
28867405
22411534
30825369
13181871
31873040
30283649
32095563
13191916
25988323
11850842
8710460
31502792
16365771
32648223
14605824
11706234
34032195
13042786
29637169
7645364
8994390
9759119
10654994
14974853
19384684
17527459
13418190
26495552
29495572
29530933
19958545
21213247
27455319
10757191
12716702
8315990
9967412
18543034
22084822
11743589
20834515
20009587
18725869
24664343
13450707
13610316
30222674
7587642
13788607
9748153
15299344
24087344
9335819
5950896
5520384
8995726
24881834
6332392
23593670
12017814
14748958
15603091
14803628
29228209
35289595
27506244
9986552
31036306
18046861
13231350
27307470
5589673
5998097
5120383
7870663
29568292
33062682
7901672
22792229
13466264
5655828
8006658
8757418
9059790
14977219
14650473
32126301
31012858
8794170
2111384
6152404
17499052
29975215
9026590
31782053
6931086
5173121
16028234
26095321
6186941
12375882
11590237
17024439
3985886
8691722
11396569
31430858
11998675
30393146
19625050
7667941
8413956
30364226
24832565
4869343
5823660
13284344
18089938
7672974
8618536
35019077
8288195
9312139
21346369
7343029
9570447
18981508
32020868
15484350
10055136
5267065
33937296
33553041
14875940
9126187
12050714
8298569
15834256
30799638
21501178
9169246
13055704
9045692
19131262
11673192
27720438
8432962
6657390
13109446
15564527
5508889
7765004
10627010
12706866
15013576
15067263
6322504
12264872
8759008
7539457
13396663
13996092
6086749
15279123
19107304
17564530
13250957
7329677
33894003
5249036
9382699
11868232
12683404
33349961
8828541
9046075
5206473
9992350
6998454
31791614
12243707
35485540
21091192
29768632
24638996
13822315
12405216
17321800
8165970
16202507
6434295
23206676
4985060
21461014
7555792
22618124
15427501
34176352
10298411
14049364
33525810
22335556
31560610
21368182
13404473
13591504
25958857
30755493
14762088
9921621
13083311
13042293
20651038
20973196
10553928
30037336
11006902
21396751
20575810
26961614
29005147
17114586
7175559
24609284
33290160
10965435
11340681
15954788
16143641
15220285
30374078
5603034
11243700
30651568
14313183
25720633
13603448
12612851
14700407
18465583
21195610
8134860
16391061
26781971
13864041
29425942
31239262
31692230
19285594
11989961
29899306
14822766
31199452
22034002
7608843
7715205
7321182
12983629
28944643
5399584
4789943
14158610
12580819
14050789
31155272
12408592
32742351
9046921
13512712
7017337
34452118
23674262
18899983
25327597
19964614
8250879
14150365
5701679
22250353
28461988
6334570
12222726
14501121
15385113
12314900
6838417
27384684
8734234
25731160
7712247
15398942
35129372
7628354
28945810
6602665
33132210
14691063
11451091
35090798
30248396
27733527
5921072
5912115
6140662
5487426
6230642
11125268
13999692
19948624
22602398
14871611
16810764
9314617
20949292
21747280
3978180
11741103
7422421
9418056
20953855
8525034
26088223
5140004
26372471
13796011
15431544
21577762
19012942
31061732
32454159
15748369
9637241
15453430
7857631
12075521
29485585
33755469
19523152
27069270
5396198
20278798
11833005
29526871
7317779
15842438
32503176
8635810
22230196
5267635
6287710
11932885
33427028
11922740
7244767
8287170
12248864
9360679
7639379
13358386
31256485
18509338
6796049
13258318
26161424
14818525
26550170
19187443
6457543
15726220
4998042
28135174
30910614
10662850
10633828
15102922
23245973
4874902
8582803
11223050
17075559
9705955
21898834
5407080
19177189
26160188
7482096
13675795
14335487
14138316
18541099
24101423
14959716
5904682
6904942
33086703
27168576
15091837
5255772
26370605
5547809
12463921
9845187
9950263
22770200
5378058
10686792
34035525
13578641
4948207
8889725
11296315
6089750
7684794
8358259
14772822
9325236
13037144
10131336
35492290
22949339
9312532
18695164
11988811
26768051
22985477
5845309
8736736
14940020
8130627
13649053
29070031
8679380
6667675
25767937
11031810
31744943
6007423
32359437
15770702
34246273
16144150
32117130
23406779
16119501
12756562
10317128
13019782
18276817
7892400
28392157
21842092
23179901
26705666
11587713
12038002
30559633
31911943
6922590
8623084
8072486
16924305
32849280
13175840
31329352
10162675
5637858
8433418
13248790
14768031
15126185
5607881
16244486
28549111
9268941
7154866
17178247
5928601
32556774
4775374
13753600
15778048
6459716
19673458
33442370
15946389
35189062
12410776
29843491
12602286
7042725
14641866
23389424
6463866
34517977
10040605
4778178
4883229
32570223
10680643
13656261
5603568
9352363
9595755
19320592
35314795
9039751
14475522
8418191
12090866
6322067
32928216
20665252
7047028
12561327
26592197
30907731
12601385
33491390
5232957
15467863
23685443
31600414
13285808
6389331
7111651
12708341
35506849
27921309
8849012
9634957
22987955
13112098
23895710
33394463
9155260
13658035
4888461
13664917
23987735
28088998
33766875
17677621
9956345
34010010
7614298
14276207
9394597
9057271
14897034
7760389
8099539
26425547
26412566
13262178
23300642
9837236
1927850
34619629
12249435
32945529
21621811
26905145
16297789
5100032
10352641
12800791
15252513
4692701
12247156
25162660
7524594
11191536
7377838
11334974
11691060
11938199
12119590
20599132
25283473
21259534
11350380
26748608
5830472
6002358
8450379
8643861
14622055
10063566
6648933
14222759
14331868
15589538
26201636
16206165
14704084
7359418
14804799
11626629
21642010
29701759
18276514
5671833
14711458
28312150
16780899
7014206
13555095
7717049
7953712
25319221
30525457
29246206
12862744
21141736
6610703
10046880
14093767
10823993
8218421
27736206
25899934
9846334
5386450
30161531
30755229
15107474
21246085
34969397
14370388
14923340
6439754
7192696
13009987
5735986
6210701
17514802
10385762
16153421
10021911
21888619
11881737
21377605
7415108
12999432
23107565
30329615
5161172
14315912
27074001
14333034
34592011
12486836
16215100
12051484
10839658
5717118
10921015
15850752
3976197
4943509
9101809
10476957
24197834
31965317
8601014
16580229
4906670
15680641
8141841
9887513
31897711
9860293
22126546
9907115
34978157
24505655
31665224
12747412
33873453
34859891
31357012
26117786
16983075
7080040
9921102
32412399
20828188
25087663
24820454
25787629
27297252
30267752
6972276
20031832
15165774
23890778
4705187
10781409
13107297
7093086
35360071
9735809
10011049
8424820
30828099
14942078
16100474
35122454
13704270
19380559
14727886
29340025
13560742
34765148
23633336
15064941
13071832
32937483
21948553
10665794
16700016
8518064
11693431
15637011
11078778
10387992
14116103
6108967
8998602
13069011
5730139
15936102
28802311
10120272
16296744
28258849
21168685
17453617
8921947
34918406
27276267
19057462
14287203
11553080
11060608
24705362
11827706
9593494
12703210
14792473
6128109
28271899
30584311
8799963
12339632
11040378
19682410
33623970
35471182
27037545
5636858
9408239
6208641
16059164
6203899
14702393
5490643
22957037
14653159
32864679
5911354
5837451
12971210
10986542
10144626
15241311
23605466
7284230
13319491
13061830
5429318
34480534
35198374
6153220
25181137
14824673
9903020
6137151
2027738
4901346
6657116
16102771
9433687
5370813
7301630
25898392
34311853
32366514
5977541
10239141
14005452
13729162
10366004
14995455
18486907
7680025
11040776
27645789
33686502
14312410
5414490
9786738
9709517
15974317
12048916
16482279
33503021
15936441
4997805
12975588
18322666
27968076
6776651
10914669
24662681
31305627
15045085
8568577
11160400
14490448
15254996
13700465
14345868
28539223
11540232
19341880
8480622
9311184
15562633
5460228
29684683
29940388
8590028
29595511
5650005
14204213
14414407
20940295
12719562
6355337
19619254
13074348
25371226
11398950
14622678
8050374
14523603
20956540
9859854
15886325
23633831
10009796
28128316
20845594
14445011
22011355
31001242
10261886
6952525
10901174
16203992
28648792
11496106
30404051
12042688
7848875
26499656
12443385
16110667
15489600
11247834
27234087
9453943
4907373
35022746
16203795
6001762
6339519
6361732
6679731
24620750
28542691
10234261
27605142
16572969
6782553
11796128
20652832
32752998
7547958
6157009
8173425
12306686
13247637
12102478
33179337
2686768
3532137
7099811
28199605
8749059
23826530
9636249
15915896
6363948
24357497
13470476
29493028
30378647
10791200
13914811
24665507
32823090
11601145
6573361
11909680
18988648
13317236
24604313
5468290
12885932
5313411
9512974
32166273
16807041
31193701
33012519
5029853
20107240
15039028
9603706
9140899
22450525
34908065
6977409
26786573
8057277
12176251
24530681
9679604
13430270
7870754
30946183
8707258
15147092
27802029
12457138
16236651
29269435
5822554
23078864
21331390
15388936
14024105
7001534
8426088
13585186
27755865
30656620
10080409
34663306
31211494
32773020
6672684
12160351
23126876
5262929
11934244
13430366
9735484
13352089
14341929
5702208
25142134
30087141
34597858
9897215
14752323
10826457
8322132
13626289
12292533
9185539
18811762
19376107
24778544
16073337
6113041
7382542
13731628
32673726
8179914
14579924
13698723
4763919
30194174
11658636
26839334
29928295
16745349
21089626
16387680
29337547
5254962
11483944
14877344
18458803
29859460
7396528
11192904
11738335
34749411
28328932
15899687
12628415
14033845
27828345
15634106
6875674
33045108
9938910
19931887
25312942
14223483
9020746
14098263
10511721
26937710
24088922
32557488
8065940
10561696
19779436
22400053
23133356
11895399
11888807
7062396
10749394
11739726
7663343
6728853
5807229
15594391
15170986
13348126
16681857
13894977
18138250
31344409
14340640
15021584
22172413
27777480
13910158
23240210
5905615
18396343
11201307
11533079
15785006
8660283
16123253
12513374
7420018
9392087
13577285
18718990
21924082
25326931
14270668
31441367
6975726
9016508
7715303
7378093
18762526
26321711
14152296
33389789
10984251
7981202
5877599
16885836
6319877
10166196
13509920
18986068
7788815
8617967
25547452
9691967
29722543
7963688
17441719
34988666
28807990
26826596
10591324
16174591
9117214
22418818
14791709
16916792
9896926
10122853
28533229
18178222
32113485
12676784
32875902
4718804
8849975
26366375
6309103
7410755
11567057
19237684
27869016
28415257
11560179
18581716
9519356
27224574
8052073
28514872
9367618
32809278
10363732
22197010
33782424
28806211
8251464
21218839
14683247
30602065
5102253
11651349
10075411
23484272
12802528
5860970
24856907
6370410
11131484
33606006
6818911
9882005
26043682
32471391
10795229
8083965
27446895
8869649
7555037
29206393
12075723
6431573
15751157
11099936
19779829
6968415
12908988
13538898
6473917
12360078
14257812
6560347
19872406
33868914
6594725
13650840
34461118
5140391
26605352
12136429
13803631
34536466
22074586
5605721
26949257
9167007
34870658
25754569
10158649
11024506
21945451
4405918
32522448
11129219
33596328
14221682
12218584
11149695
16604013
7605064
13983175
18923311
9588407
11482364
12411301
32681391
14054726
33121893
33983403
32725809
34432876
7587643
8686460
12345245
10588584
14512448
17021775
30252308
7598615
10383290
11555904
7308229
34326397
8608815
15110124
1316336
11734085
14076594
23703149
6787070
13395028
23675708
19623121
11771331
7031115
29269621
12896996
23452070
25746427
9529557
25994149
33033648
9201965
11215482
11650753
4856298
13580315
26409044
8099451
10261745
24928712
7280231
12148212
10509986
15191278
5939489
6769252
8578786
14203696
18183982
19457911
28213183
11483195
27122478
26303828
14732860
13094024
6121564
30744678
16140239
27463326
30890352
16981719
34862546
11091529
5105526
15747720
6744894
17541079
15243201
13309470
8666326
27227841
7074413
13747564
15088110
27269013
22664984
4847971
13293572
8326070
28578460
30088365
8457907
20299468
8696805
13454789
9072844
14825655
6425141
8684330
18857677
9891359
22898531
24999547
24624644
12905500
19777618
28085344
10531572
8286246
10854973
32022428
9257822
9707313
10542023
15762176
19710550
30428807
21850165
22626698
6296440
12826902
15277233
34803383
28685407
27438645
15505374
20186818
27069417
7280449
13996467
7224793
11527276
11440662
16993053
24088682
3700820
6211053
11010683
13526471
31485755
5415878
12471753
34979780
33442553
17803096
32406237
8078739
8485936
21701557
8708329
9408704
15759624
6827212
17253946
30866154
13506201
25756618
5086468
29779954
29601388
20821303
8934105
26898575
30478592
6262881
11132964
21408427
6830682
32853294
12365638
25754029
15361648
8995057
11490104
14669004
15820220
5611793
6481753
8455334
10688784
12556333
20005627
25199479
11997542
15256190
12509944
31825739
5376221
9214122
17971606
7134155
15177714
16090288
5203285
26913992
15314219
10336347
23347868
9658028
6087431
9410978
5451321
18370411
33074982
14730620
25531177
26101339
5859767
8990016
11100561
29990101
31660025
10531476
32935641
13024975
25517347
16299458
29155945
6902341
18413482
31210996
21386758
14797950
12999406
19802065
10662185
25263010
28377349
14577156
5567716
8591391
9239359
30670816
23845748
22149373
26868536
7655645
11686176
21788836
12920397
20285398
23694917
8497034
9343078
10649882
12086742
19227694
24971116
21175822
6287869
16255485
24348701
22066939
14492807
7100695
8666774
15706036
11159499
7925307
4954351
31744169
17944702
34604344
10338153
9031974
8097134
23603804
8714605
12007740
13625796
14350980
15393536
5240959
23894972
8264316
30782745
23917643
7876151
16125611
5593521
21113029
33709770
35473567
24147914
5662228
11646426
9742625
6065723
12885982
17431201
23536967
6577222
18511549
34262602
13253913
15219070
4921707
15121082
20530501
14198140
30726164
26456264
14548422
5897989
6500996
4932314
8262305
11977218
9239427
31174924
9065458
28470586
6954238
6874690
16120301
8429828
11712418
33989097
15018790
28738159
6854717
4759104
5011207
11598498
8393713
10661243
5998428
15740967
13490337
16208905
15432926
9206595
8762232
19386121
4836510
19432594
20385622
21599458
12344973
12126216
6098282
11748485
7674997
25411444
23750897
19808152
22843310
23308178
17505442
13734693
11676870
34939841
14813334
21809347
12544626
10843054
11397057
12822065
32933346
5900042
8240214
14416447
15645812
9077267
19912231
23054789
12401179
21482599
15454904
25097494
29895307
31783661
35530603
28108108
15374788
13582996
34925450
13170229
7534365
12566294
28941238
10170945
11092934
13169235
8212146
8814606
35473588
6769905
10871997
8327727
12553156
7960884
21305581
14514994
25858507
7232104
26701142
29726581
8189881
9646815
30734509
7835806
16810851
21135163
18242035
27982794
8373608
7204476
15980699
24818867
5289943
7640714
31717886
26428337
12115140
20468884
8673338
12665503
28404481
21434008
33499814
7891026
5939390
15066403
23551298
10472382
6500722
33387518
32218854
12119169
7659218
8670191
8455822
9346812
19314445
6876860
12775317
9413771
16379595
6958027
10533406
11246678
29423611
15640551
12595338
5263154
29562637
21378937
13798877
16276879
35003417
4950278
7296349
7437064
10052746
10085398
25186879
21048154
6448076
14699589
10271911
6240204
15894334
13197863
29352463
17722846
29099608
31717505
12781265
8541003
5508619
10001566
15847341
8428676
28185766
8140898
11532487
11071514
24972652
13870223
27969945
28664695
33412265
15140898
8908715
10304895
9053651
30870057
28626130
15671386
11622485
9741871
33970911
11564973
8999732
11827023
10189739
9635186
13950680
15437325
19757512
6359909
10886555
32808834
25429966
5311477
25231402
21582277
25185628
17390203
16797792
7128013
15665869
18678982
26686028
7810163
30861900
32511309
5328965
11305773
9196723
27125799
8044628
11047656
8354278
26451527
34829918
29120377
31321401
32918484
5834721
10293133
27923850
7598949
11998609
7048564
12305257
27031995
10131938
20928865
34743414
11379112
13845642
21259642
20511853
14257648
26175230
29479495
11570472
32370762
14019416
13772971
14656244
7104584
12676612
13611466
8472669
10610044
15569624
11063550
5222560
6331430
7446671
7772654
9243549
14830520
6582220
25400110
7742442
31091180
21506311
5486753
6704754
35229889
25095160
4974330
17853352
31327876
8243392
8257199
30827664
6426602
23499434
12621757
14742831
13855409
34887818
5296747
13461656
17406763
12643324
24043499
8989266
17570845
7551957
33776040
27416382
16171694
6024186
13959894
15058525
11143368
15331094
21989206
28265740
6614767
24348506
6459351
5368425
14683375
5268348
5499337
24446696
6141016
23724032
9879597
9640399
9410250
5050253
10859414
12231159
9571384
11111863
31640749
6888167
15026394
20507479
34231033
18268828
9033453
17923570
13341368
13753168
30811749
25733983
28546153
33049395
9402015
6824062
18131431
28572235
5565970
26044609
11545996
14637531
25265038
5975613
29619364
8978922
29648743
13074284
10848368
13267783
10354878
11953938
23581883
11715409
35490616
18162751
7005320
10563530
9749649
32561832
9432469
25083052
9329875
12689424
4933563
11015176
7339773
4762757
13076647
24196571
17777905
4955044
10624974
13506972
7781989
11434647
12939388
5793073
11896755
23961599
8287561
11349211
12063402
13769200
19827583
5564311
30144884
11113002
15939937
6891111
18505027
9710879
23837789
27361317
4815412
11910909
5145630
26619419
6321229
13034781
21854365
9397315
8085849
13552894
20650483
16295195
13840131
9622890
13677044
14343283
6048766
13526306
12871437
11491830
15819719
23709035
8108260
29564032
15984088
32029448
8204299
8406482
12877390
5713363
8671545
9269664
18721465
22671044
25969705
26253260
16724382
7386036
8490192
19394236
29406376
11860960
13286899
10288112
5586042
5833739
13088767
15839107
8933474
6441097
7916189
11095683
8951900
10754539
15249966
20630662
23256848
24194777
6412491
26808194
9445925
7645734
19560562
16470969
6420808
15905380
16206548
7836776
23572823
8961911
27982590
13259583
8145818
9550395
20267788
31813157
8978445
7537746
15934416
14712788
8131170
4946146
13369413
12822418
15233074
14388485
6751370
26865488
12304399
9336543
14972742
11793468
35439853
25459018
21812449
32351760
31322133
13989102
13295841
26758454
13934794
14970039
8342265
24845186
9663012
5386538
20557096
25526017
26832344
25057792
14169004
30851370
12977435
31695272
8779391
8457582
13693372
9207272
6464427
26306774
10552522
28243849
33231474
22774553
14839177
29834554
15657033
29012017
30661936
31791242
33353759
15897308
9420758
17373940
34892384
14593681
16186732
21934486
26259437
8413476
13486892
29411728
6088489
25165927
29321743
11085957
7119857
33756927
26845763
9346096
11646811
14109155
14996810
6390004
13486323
22888874
9834212
4319066
15178504
29489791
15197650
8876981
25613044
11909750
29740594
16517922
19448899
27192291
11673386
11625326
14506171
19633846
8409424
26406443
11289175
6822440
8728601
34073158
14797911
9670525
14132227
4119896
5948387
27940326
22728575
16111237
30531538
18189325
34162915
14670813
14882459
13774118
29229604
32117466
8116976
22234900
29999011
29307211
15741817
5718311
12292932
13010159
11622530
9589713
16158666
25873981
34839761
35176483
23567567
11297627
22760669
5382244
31602787
15215782
7661149
9466979
26046361
9187042
9618431
10189513
11820384
10587775
9771310
34754684
7036319
7939035
6241324
30698464
34715733
27179697
7596702
33588999
28515805
13788892
5342667
6425166
9390449
8683113
16065268
5287517
12467915
6324067
10285479
14835281
20845018
8893287
24558410
6481433
25674232
13761228
12313503
27519936
15585458
20768365
33515780
7809862
8832854
10343530
17319436
10659951
17033607
1830160
25008154
12492612
12570699
9144072
14354115
15938219
22454383
25963156
28475932
21485062
4791756
22536617
22902542
5671930
28234675
14306151
25919899
11584742
15433598
11874671
5965432
27258966
8568625
12035562
15834049
15780452
9262667
5010553
6985047
9994148
26787542
31162001
12103227
4810911
11964044
6188116
7868611
20587963
32479107
12313550
5679743
13991662
9501992
12669482
10223685
26470721
12718359
15820898
4707865
20256070
8686999
10005817
26129456
8597571
8895516
21230179
5446233
7634914
15673741
19402222
33797619
5488685
15057587
6621228
11851768
15445405
6989984
9391798
8426409
20838952
12561216
6553101
13580616
16150724
13108712
20993632
15386788
21502429
14527689
24734222
24392999
15345833
10925229
26718143
13474008
9918777
27058485
12495155
13817209
22394524
6349598
12385512
15744809
26721458
22813799
11280756
21353320
16663791
18450553
11807614
8494887
5828102
5863838
34879667
7568538
17841181
9653749
15592187
13268296
8966872
13564338
19124086
15768802
9572632
14490304
17260426
34981400
7265377
12772765
14118890
27324864
22845551
8538166
11828644
8385361
34825409
29894620
6003118
16022218
13833689
31154180
17027124
25388002
5468397
4904812
31446608
26781059
33703539
18244546
14338757
19180372
21160744
9173084
34208635
21536743
8069563
22851188
12402764
32634519
34226686
9178453
14758361
27034788
30318707
11746614
9825172
8493505
12039523
30531262
6796605
15612646
18612169
27582195
18095731
31341508
31946671
29009527
12935495
14615532
27232374
8598845
17129439
6431132
6466266
18235636
5056493
32779494
7393967
29384557
5930352
6554264
35459896
6544880
6502999
34424410
24775571
17342308
8332233
18861424
14099262
34941350
14648930
14929221
8699326
29161864
16146093
5661415
14942631
7056967
14092310
9085792
23971940
33669108
27300447
6305121
23470487
30036703
16116828
11253568
13744528
14432142
28842046
11180843
11837125
15351212
15709721
18127912
27801918
5853478
10165600
11201581
31866326
26407124
14971527
30894441
18837613
15999925
17424190
15108125
14053503
22613627
35140547
11235601
14466494
25367914
27549474
12371158
12095140
6996290
22893584
8640401
5623609
20386468
4990594
32642430
13242945
6400207
14940826
14687124
11917591
5237314
22736798
14861558
13047406
26151134
5999488
5810329
6754198
22478396
30160274
10954623
28207267
31005682
20901565
7965979
24512288
32096316
10431160
25154851
13117750
13817941
8305162
25065319
17050674
5982892
35534560
14129570
32576163
11178830
12867464
24268169
10946873
5814609
11407300
13680099
15873251
31866293
5456417
12889903
15483151
23965160
10694121
15767664
5646819
17528437
29858680
10558121
13268073
34195846
14341355
20898793
12387013
31303059
27352575
33855066
10552772
31041544
7015613
17033736
30449381
15387284
6863146
7611238
15687199
24946402
8511465
10309503
17474941
10746945
8363081
25772317
11426815
27543066
15308755
28478605
10678823
25478158
18438154
7554235
11903727
13986252
5518626
6437770
34459828
9756742
9271915
15060750
8098633
29556688
29193940
12321485
19220626
6480011
10820933
11843788
17292646
30940117
20090968
21946699
10617532
16050020
10829441
7072792
6135940
9754042
15895286
15714774
9524283
11400720
13265508
9696112
6466070
8081243
29177527
25328662
16153425
34039993
9825675
13525971
32497500
23741687
19792999
20145157
14754449
8911206
29045695
31814453
8745644
10043055
32723286
4900881
16627734
6935828
8746838
9624290
34615681
6768084
1195281
28726516
2455400
5010062
14663719
8639112
24588653
24595985
12248116
7402883
32779542
15684980
5304575
15480696
8408772
31724078
8917558
8650647
8732296
26428715
6391169
34277248
30597712
27177831
28455922
5451024
25412452
33299052
27219624
9926657
18855511
34501522
6298352
9488763
13590180
13718912
30169508
19798147
21487195
9132140
4782803
26450744
6106263
31449779
25735150
16129084
18378307
16794303
8284982
5724124
5165077
32722209
12329152
19795102
10926060
15089098
16615590
10436297
11560305
21305095
6641142
30555247
6227679
11934359
14777139
32076597
8583613
6474301
12496688
28754422
12045773
16694817
14354458
8005899
10573974
29712646
6105874
5930406
8362192
9307842
27213681
8898794
5821140
9305592
16084341
17065188
16220753
14534936
5739117
14711329
8130827
15822677
24223925
9656717
13870335
22361749
1360661
12494992
13537740
30356423
8844923
16653753
12302240
8347586
8133141
25138192
16507863
5243204
7129613
10820657
7580935
1251141
33406649
6006364
24804389
34032201
23878403
15186591
10248262
7927436
14911045
23471120
23971724
8121041
5239775
6602637
16104062
24781481
26087275
35292961
5444173
24078548
30636778
6284818
16011246
5629727
6144909
13678021
13947797
13664913
26265419
16234589
13422052
14457739
21661351
5203570
35131037
5261791
12100842
10565987
23167820
8281983
11390340
9794683
13715095
21555454
7026923
10651712
24304568
29644063
16274660
23365730
13523280
24678746
5785811
18014596
10199810
10041132
19551880
5533632
12530668
24417827
7210299
5419345
10654857
12069284
6790693
28129147
12727993
18576451
16290006
23312366
11197428
35247784
14232461
35322130
21009508
13207690
19821496
8182808
11822494
33704649
8542763
19708066
8356056
10498872
25833160
10400045
10883770
4715430
8776026
13126140
7301032
7966107
9405972
12574832
6052109
16654209
26473673
15945651
11807830
9303241
20283832
16301746
21417163
8389774
5374741
34691130
8060452
32435139
10184571
33531012
15450112
7777261
10939470
15113328
10483618
16027301
32206881
9266851
15351036
12359458
12706914
23982812
27625377
15568056
15994585
12246059
14142258
26359649
28327576
31778852
11027946
32055309
34604182
5889646
33579279
9062439
11948897
24705488
35492611
8349034
11854892
19296601
28073032
28806058
11186475
11976118
21167527
9575088
7419233
11466649
14494731
29891386
19936594
6390793
12230932
5499635
30985255
5021434
26789645
24101969
27337383
12153675
32090226
8498813
7528778
25389751
5529395
23126645
5817661
13200981
10940507
5721432
14185334
14252918
17519263
6641154
19026412
6371201
34672774
15381835
11670095
9227416
17141959
9034590
18801193
31676510
29789359
19479184
7698841
8928735
21970027
25415185
15357981
6076588
24322091
11766374
19471279
10795236
5116732
11752566
13866288
13153510
11700091
27732504
13517850
15533469
34035891
8318021
8637312
19870612
13743034
15485235
9127554
17561302
20183404
18988879
21217003
10735930
9535042
30052297
4761262
5232361
29365423
10166808
24631523
35004380
7552574
13370199
5972743
11492849
13091934
15536256
16884183
33685068
19208347
6440553
6552397
21663136
6705939
15469033
7184245
14168689
18168043
25907311
9286065
14072291
26772923
18274024
35287405
31428416
9575242
8626266
15545736
16223134
24454271
25299922
20142640
8436321
5294195
6114848
30226958
6385447
13250881
13984467
35281714
21918001
14278653
8293496
6881354
8864747
12849614
9132958
31648319
10781684
7210146
13452051
14199564
16285740
6418352
12305033
10110240
17582773
14122560
12037978
7089683
21644458
34219882
35161726
5038609
28771681
9728315
5129241
17666284
11249622
10335398
10796951
11531247
15489703
20252734
7548111
26268266
4989578
24648293
23393504
23820689
24964615
12243586
16035349
7971043
8581526
13429736
6364324
16023306
6207270
28275022
34411246
8848863
24994543
7869992
6783678
10686571
8887475
10944395
34077217
32223561
15154688
16768764
5640967
9005646
9162438
7364506
8116620
18747235
20893108
34334215
13690272
14885079
22519823
7120749
13167834
25885825
14133110
20055751
23759387
17907841
3261639
8645301
11608701
6176238
31819466
34212634
31487039
18591526
4722223
4935138
18854134
9565762
12468510
35153734
25362460
32514528
15749403
33054615
14651765
12058855
15777377
15804030
6940765
21710719
32161113
32219940
9136394
9417742
13658830
15676398
13822763
13684983
15947553
24319808
15438228
24512693
10589131
10405416
8352254
17849032
6569091
10514320
21899398
16077461
4677258
14118095
15301133
13555213
15552506
20115862
4718013
8973708
30081208
9787077
13231910
18806479
5637576
11104790
12667068
9327746
5928721
8577495
25914259
20712337
10831562
23415191
29827786
27398124
12513110
20935579
1290357
12164101
26428919
15208492
19960174
27748131
34373275
17649985
13545660
14399735
20504455
5042909
11983730
23450270
11755731
11695179
26946575
15425313
34434229
9664174
9104767
25870720
27639192
21228520
9189506
21623380
12866893
13319943
5013331
7279185
7642596
19190806
15286075
29173969
25326559
14547490
14030112
15850432
20123695
11249109
1228718
15517618
6624704
20164795
13959264
27693372
10734433
5579609
6438874
11159497
9410628
16109106
13979536
26880674
5459463
14783276
31709582
7334741
5143949
7663377
24278168
30287174
9452157
5009246
15964234
8501973
12994807
32508786
32608758
16564176
11284301
15143857
15656689
12906486
16254675
18363481
20506648
18192703
13589317
20542324
16557168
14427829
20613067
33588249
12395135
14173893
16810908
18485035
23384522
14761204
10835299
13200385
6340860
34362031
9256522
15425605
14744592
30360044
7501202
23254772
7177551
8318929
9009007
13109970
28334752
32005730
5903431
13826282
11508918
7185529
22531115
11306197
5050660
23436332
24385178
32375616
33011151
5113425
9500290
12313982
15561231
15207972
20517511
9411386
25750189
12782343
14198521
15017861
12052820
34554688
23245349
12059927
14670485
16093259
27078120
6304324
16431813
24190247
10112962
17357287
15190474
5702181
9419212
30781632
14457259
9960668
4814942
11608923
14104566
11276736
32540007
4726177
29597485
21547615
14787504
12629133
27989619
13600366
10947320
15062391
30187277
14441047
12277068
29460214
11687214
6839967
33372827
13313664
12439426
32506185
24272963
34962665
20857615
34246498
15601282
10562367
9491899
20839891
19568971
26161202
19828153
13569770
19590391
24177965
30872418
8599256
22851728
9634556
20274766
32150841
10375009
4976602
12775608
10137603
9205045
11486529
14543384
20566432
21648178
6405470
12686639
29705932
15987255
7310216
16395339
7434414
16162037
21856546
25019800
24968848
9435887
22071547
19283590
9721830
11905894
13714647
16079852
7406374
7876596
10427695
14514992
8519757
28603852
8596729
11626934
9501987
23910887
35251960
35296627
13377078
20220502
6041796
23135000
23920382
28994104
9430381
31885204
19840078
7829093
15751349
27127722
25658446
12114803
7659966
4718464
24781439
9979562
13210989
5840611
31230118
16835970
9634022
15337387
26106679
5146568
20809648
5190097
10917992
9780834
15526576
12284334
8247180
5017883
5975206
4886114
6441974
33221256
23355281
34122385
12486625
5743000
12981369
28153408
13661015
15477037
13033639
9082603
16110365
26542472
9083342
5745903
9136962
8282042
14585794
15136866
12054783
8434040
34255888
4726267
26979005
5577549
7794956
25214995
10924679
13343868
24532433
7098378
6229476
7409860
6473663
6952217
5120091
14633220
14928876
35498527
12934569
26734448
11580165
8081078
31021843
9132997
10776261
5467023
14979349
6740248
15571177
20929192
22872038
29135833
4905588
26787953
10791996
5405331
6997822
14998359
11582251
29114011
32262666
24137342
13606852
32960226
6858408
30772149
18147073
35297431
9925923
7421330
25776817
29213905
14762648
14537338
11751305
6502980
10570884
24428636
35343007
14000626
25931713
7130088
8128194
9313154
31591051
11731291
32401686
20598307
6952887
5710176
7493528
26764790
5992837
11481917
29800933
11859196
30649228
32085354
12404206
11746920
29812942
31678586
28363081
7852777
15712106
6304343
7807570
11510436
8534413
20077099
5781358
10945241
14432017
14612826
32841162
29322001
19658221
14578497
32554566
33652872
24704171
4954972
23893571
15625962
20273032
13236872
19935646
19963750
5295884
21783667
4793469
8160577
11913640
30077671
12066866
10153903
27648006
29884420
22262818
14709226
13373108
20206144
10250359
9026377
5518484
32009582
9025924
13576742
6665393
34302439
26927342
30990589
6485791
8656272
7788617
31465772
221161
6681132
9833718
24331571
9678640
8883257
30781068
13546809
35051621
7085048
5967500
8233036
4691183
5316249
10271680
11826249
11962145
17537941
8408221
28472839
15963876
9978679
16481862
19325494
33893424
16762860
20869294
8603767
9003026
5678602
10492406
10791141
17939476
20522830
28991419
12788176
32540370
6115622
15950296
20001076
26021197
7352157
4995671
5073116
15729295
8828616
11344668
32935683
14019437
34246267
22443412
8874466
28177315
15180436
11124811
19940749
16651374
10828346
11938221
5159026
29892727
13028583
13705344
17797741
5515275
35303797
10011633
12070139
17269570
16162672
15480702
23096939
6866397
14893623
6428556
5935102
13638878
16790268
29790577
13282397
14026916
13210232
15850895
5639198
5742052
32679801
14777991
16416579
18607198
32177676
32273382
10554276
14562648
14352775
27002490
30953032
22663547
12331189
34632304
15720553
7811299
10695195
13326430
6160283
6422806
7287575
31390250
9328957
5064708
7425606
18440332
6687472
11614619
31663670
34918181
11637202
15512433
32912004
9880405
11773171
15597848
5252041
27028161
16214436
5676092
18951904
5719203
31930969
19362517
20527351
25407352
22506167
24444563
4760741
6336197
29676355
12954364
21765961
25293274
12095308
15821597
16685811
8228811
34447117
8625963
12870633
32423109
34083121
30913236
21648739
30971473
22408387
11615138
6784089
13641058
22321444
32987136
31037335
13199497
30570529
7426554
10306551
5182383
9817043
13332078
10459099
12267350
7416469
12645642
8697301
25878082
7527703
27348573
10165752
4889951
8848538
33858267
20859862
20619589
10444597
5737127
9024730
10938279
8527092
18834436
9543539
29004172
18019429
32344737
11512404
14809755
12831640
5487665
22394479
15030698
9590319
14123612
29404003
15123233
33968784
25736572
22140337
33711210
5390881
15929710
7395357
15119116
19575493
16092127
8719044
19808443
16195041
4945652
35309044
15233330
15033888
8667609
17161828
13850537
11176556
13407375
5824465
6916990
6506136
8236084
15233902
15523633
13289935
15832129
17450890
9396820
23338817
24125486
28713475
28751440
29645890
13311445
10262724
5933075
27868212
9247206
15769684
6429808
12234894
17155930
24958102
27333504
6565300
14374399
9931961
17562100
7848482
11270648
6289732
15663860
5258901
9057360
11353521
15570243
29330755
9111330
9265195
15822110
22647884
5251036
13641360
5124336
33294729
33680652
17239177
14892242
8347272
10305434
29863354
32416416
10354807
21298153
10048892
7906157
11794612
24129791
6132160
9483570
9850837
6940200
6437493
11692266
24884492
7415208
13828460
30053593
19369864
21222493
34196839
13037514
20047330
20943877
14845841
10119082
9398276
15968526
11431320
11483715
11217578
6182775
8077185
17774506
19443121
26555831
11713223
30278918
31591102
35412289
15808825
26438120
15780804
14342060
13365940
15979971
15365909
12580859
27814638
6797534
25383241
10552422
11500259
33293235
6894771
13432150
14799839
23747990
6683946
32064957
11189836
5758479
11854392
23683628
4761445
6603538
10724063
10401195
6652234
7500849
7907171
22350499
20066731
27229980
31501925
13368151
8147373
5637754
9803310
8085510
6208720
7355636
9523164
13007430
14132727
14482206
25115011
35049254
15663550
15028851
12282639
14103658
26633060
9809704
14946527
15777378
10048231
13356556
26508914
14664400
10591209
11062674
22954328
10090790
10114403
12040225
19875688
28232425
10573132
6122762
9903104
12450530
34026579
7756752
6748297
30002452
15308386
7547360
6782499
12045178
17769610
25751797
15545263
26611166
33174576
34639384
23094440
13025268
14165802
12339328
16196273
25909897
17329990
24984316
32986632
14451623
19072600
18786841
7885789
5667547
18420994
27602175
6202783
7777219
5384464
21953200
5838780
28512046
14915189
12310396
17391010
29476084
12506803
10735110
34396753
17730550
6869429
28206007
29131435
26152676
26533190
12668879
17984599
20486056
10935781
8746509
34348984
10501703
10536924
16035442
11229081
13340592
12938043
5158246
4771528
8387529
6299891
18698452
14782576
17060031
32471544
11394378
7196675
6669172
21585502
10374738
26592473
27018504
22573958
6344379
6607805
8557399
20810458
9203903
18309856
18018535
33698136
15447315
11369002
20727394
4727306
9444474
10087492
17140849
10454222
11169994
6974597
7308313
15362765
16272896
11417584
7268880
12945417
11152984
17013897
21289942
34816481
15078714
26257646
34721913
18667942
10247137
9379293
15465195
11102979
32904411
28542652
12792607
8619733
32305584
7086215
14154945
22331002
9181107
5186574
34331734
32121963
22886192
12590584
28585165
6092311
12883071
17432245
7692690
9122816
15146928
9599989
7241626
15889955
15463477
13735424
14237477
10870337
23483339
9107798
11030641
3515927
7636548
9316615
6160543
14383230
22243180
4844615
15445395
7850655
10213056
23675012
6635434
11173723
13048207
10990483
25824490
33299685
8138947
8970295
12645309
13367817
13680831
32971383
23785181
26730164
9075686
25858390
7877669
9049456
13993774
31916038
9696278
9215545
32473902
5984944
15762069
13130505
25898944
28464778
20617570
27690549
17698024
25446898
5781212
7774607
20628466
23590619
7739355
27293802
13657698
25091545
27566337
6526445
21695113
9411486
11951319
26462531
5614401
26993082
15542416
29113105
15760824
25454389
9290382
8885833
9396541
15112195
15632084
21317869
5930469
11362289
21678910
7271831
26645564
10067261
8375696
17438122
12501226
6079126
12286683
5426751
35512465
29628178
14214929
7708509
35099972
12157854
7039728
6433620
9186187
14673480
14335927
12996418
16590171
8572867
20459506
15433395
8170214
10372835
20397115
24659399
13227967
17085687
9677246
9803827
13036609
30867309
15558659
19759597
5525778
14999338
18822091
25116877
11834125
12559559
9687179
26755580
9437783
15956203
15807249
24360698
11562591
31259476
6769844
12234737
13158253
14820157
4629104
15709528
34017264
6209185
22966457
24360275
34969712
31332046
12393360
25907140
14021524
24292301
15224565
6915059
16061469
5179682
11684997
12930124
33342227
19703857
12212257
10398206
34649866
7170754
29004625
7778341
15335542
10253903
15878310
5017796
6253542
11230905
14866549
25460818
12183395
12300287
13772341
15910680
15915948
15427074
14161564
24096479
24431279
14144848
5872172
23152220
15740117
14983117
30003112
15001072
29061595
4945911
12491396
7383795
12210046
12299492
25600312
19157614
26678888
29581948
24013094
27556152
6235745
26059075
18715438
10376218
28633183
13324174
1583631
24735464
14754703
10823891
25955842
13972101
15776051
24294137
21196720
25608610
10576680
28976644
13375283
25601062
28500241
28223143
8246461
6987338
9256980
16209099
4965872
27311733
15949226
5235358
6321767
6588800
9079022
14562900
6114436
30911259
5811663
9888871
22709969
9550550
15268131
13924522
15051232
15395077
22129222
7000284
8091029
14691642
23277494
6509088
19890484
7232699
14717966
11704438
12518933
35068487
7666135
34061230
25303672
14098634
7334530
15533535
17123697
21414499
15572715
24359363
5271242
4870745
23240264
16195558
9796794
24405056
13987262
8944839
12874012
7188793
31506776
33433847
26607857
10786471
5397581
28413571
21037000
28997323
8011474
14477597
31144949
8626460
8254662
26447543
27188256
6177691
19877449
6220543
10418388
15669286
22970783
9255342
13530246
5794098
7033131
35519797
13100886
23424989
5700273
8908423
13615328
8424692
6868282
13958471
12004046
10175994
15913880
12244149
6634030
19673923
19228618
7967607
7362353
12915309
4899748
5676672
11669785
13514458
11437111
17408137
6611024
13249384
18463540
16889796
15632543
21747748
23885618
27230070
8751655
25565338
6264851
11892731
14583646
17837173
5605396
14492859
13941242
17334010
31701731
9957858
15682856
6087556
8577263
5452772
15180810
24960499
13080746
14651029
17947996
12078943
21618412
25551724
33375038
28219765
21990259
4897215
15379909
8957484
11923598
7020628
33696909
13891837
8120470
15204353
30878970
4903431
7474070
10043026
14597644
10576901
9054137
20599063
5770216
5105067
26013016
5383160
24249908
4863149
32523186
4888640
24326333
5016353
13730197
30565354
29876782
14019942
15900203
32433039
11192492
8951024
8441045
23949215
9692007
6851129
10343838
23183822
17971279
25169515
8496743
21131770
5837784
8107606
5084975
15390584
18261016
10082401
8622813
11991912
21084676
25897450
28702225
26928194
14858986
14439258
5323011
16343331
12953786
11398315
18120877
7929238
9177886
31560646
9695747
9148212
11500273
5494085
14301370
16453431
15140667
19509574
31420883
12456391
25915453
35481877
13314101
6243823
5692369
12320051
20757733
27523872
27546921
19980406
6763292
7521303
32351202
9779220
33374741
34031835
34091212
25204948
11343038
30258407
27591207
10591199
21876742
11699364
15876203
26840786
5032163
21416941
13425943
15097308
20284675
7027078
6569141
28463866
16623147
22795502
11925060
13343100
26274128
7440443
25436449
7831228
30025168
11031047
7152273
7734795
16765944
19079359
34474855
8731424
18649975
12188203
12562785
13591271
14860795
26768033
8990074
19197010
15194770
15413876
5292172
10281652
13602708
8845546
5310445
13897534
17645086
5177898
8698642
10470660
11362964
13392965
1292645
13940941
14579116
17021862
25057705
16316067
26450750
32450274
7619337
24387005
4818200
27463797
25753042
12697812
10176395
19787812
6323210
13550636
6925198
25602271
28577926
33607410
33326121
10035008
13670004
35105915
8101983
14053579
32630547
14559324
9975526
15856547
13025568
29751088
33043560
33181071
11942155
9335941
7395916
10748706
33638943
33528699
5771730
16659579
34601425
25038805
16501275
27591342
17487472
12720148
5233822
8218329
21207913
15376767
21492688
27349764
34878917
18219589
30011968
10849715
12967438
15002427
13829659
15003182
16739484
12442069
31116047
29403994
11608532
13754923
4689411
15627099
17043024
8159871
29760043
12681935
18595561
10807241
16200759
8018334
26725739
6593708
6164605
25864663
28569172
32539191
19431148
10706116
25835254
12505899
17190442
34940114
19286032
10546016
14344489
19166911
15624625
6291239
7465663
12863097
19243447
32031875
26076355
34406527
5494711
23861969
21280471
29837854
10667998
11724237
12110850
12838119
5808257
29358280
17988154
27744261
23543669
21369457
24366344
9315105
12547495
14075002
11800548
25614682
34867319
15230578
12366709
5071084
8709331
5276199
9866648
10347711
24896936
25885060
5042200
27382800
16993083
18783547
10315733
9034668
8022980
21344275
6086652
14207445
6830022
11026026
31517762
15949104
11476399
28598062
25838614
34822970
27406926
12072082
29306050
8297245
28312471
12699204
11807805
11989548
33572115
5847418
10684949
32569956
15368958
5954892
18220351
12963897
5997961
12350960
8917089
15975977
19441027
11003874
19877215
10566625
21765061
10853777
14843580
14330164
28217254
26799260
12092023
4753105
6306891
12344897
16085495
27916839
8946181
9338336
15943390
6100454
21550996
34918529
19858387
5977621
35165476
10136369
12821278
18475423
22846700
4879347
10392545
6689137
5285499
31159127
14798582
30010072
8333446
16032569
2676344
21971677
29265238
16956252
34499344
5720060
29983882
29536822
7250737
5064923
33748077
7321177
10951459
9216577
13083615
12661819
9466327
24837671
6696956
25713550
19512460
8612608
10451285
16174354
5011657
14941230
12596101
9991096
9732891
9340467
11203490
31854008
6827208
8356646
13116931
25538983
5059659
11405684
27557715
9403458
28045899
34154926
24592916
27088524
10421071
10433099
7649069
34303912
27208191
16291625
24223472
7088630
5974747
16697301
10223945
14274085
16710348
20377585
7922761
27798006
4921433
31213519
13134405
28608364
13653835
6588548
6749201
17444608
10786051
8987785
27275892
30813876
10479861
12586397
24809339
26815841
29499820
29750707
5729355
5068975
5892786
7356841
11167364
15787399
6976201
11192079
12902029
23232926
20082697
23400965
35256769
7321047
5135423
5364700
16973262
7963345
5765997
12155743
5572119
26595758
14528202
33360515
34005342
9782220
9792411
5047943
5888115
6356463
13715592
25153813
12830863
13071882
13148855
21589021
22481387
9856308
30436223
13195405
11585299
16148306
29534395
14328118
10089507
20104741
12889089
9763761
8507228
19276822
20919421
34035378
12947115
5674465
25930663
14465843
9523010
8644544
4847460
11159677
11461535
9547141
12558259
21128047
8678006
7234951
11221224
8178210
8285643
26680730
34271662
11258510
7269211
7307234
31660418
8312985
9031257
12912523
6176469
8055120
17911450
16523610
14651720
29485111
17168059
17033865
21070609
23236142
7748095
17927857
13521364
13127353
8744390
14261067
13438789
25600192
34254502
14387842
14388994
16238303
25259668
30251051
26213783
7728113
15084849
12793380
4924294
27932352
4701334
5607519
7172319
7883961
14453110
14170222
10291364
15241722
28838998
24585866
11320318
12300885
13707554
7693693
8592066
14726472
32374338
15443022
4713815
12692840
11923168
13186670
22646750
5509046
27553800
14187063
16459131
9636754
9089520
11511919
16468458
34780919
28524826
9646631
14793543
7924594
6966742
9999581
15119400
20137051
7938390
27220152
8940577
24791972
13472139
14245294
26903465
21395422
7505060
3996182
14573320
24889148
11011696
23919782
6572560
12385914
11928706
24637097
9842496
32101494
16726335
13906295
9039072
31430924
5701207
5034477
21366250
30408452
24861272
7543398
28840063
12282455
12349802
11602593
35273950
6186279
8246289
15417393
6136737
8672354
6031654
22234441
12845065
18900943
6871394
4848885
29314693
5641175
17962714
14783056
11996283
17977699
19664893
30122912
6329186
17871562
4891798
13252895
8932755
26500787
25233319
10190631
7324874
9419472
11941613
6153983
11625434
12890464
11943280
13823311
7149652
14438861
15413211
32641773
6933117
9950582
5536705
17880931
12479738
24984634
28549486
22044229
35018189
25890964
34609918
9651769
7928883
28778479
20632585
14702775
9535073
15431401
5851112
33571599
6376538
14847455
7367511
13411038
14047429
10007636
14926367
5656294
14639465
7933641
13930357
12580446
11887414
6699852
20991115
4759672
22366807
30868029
5608438
20151883
6556065
16211517
15328504
14303640
12415658
18212473
9477576
13499251
13199345
5056550
5421689
27269304
21835630
9402467
15649020
8220608
10961080
15799778
27554769
12338718
11564944
25169143
32675658
33668634
18043231
12019830
11493321
7815028
28577944
30745485
8265896
9176557
5313047
11655258
28187905
11790334
13734831
23142461
4822912
13172573
6728221
19302943
7823497
26311529
10725238
12913408
6226732
15196671
10593884
12636877
14053612
14237303
15870654
19600642
11256514
4868575
20378032
15436080
5287575
27659010
33696300
24510467
10205812
26009983
7838553
9225367
8656941
15737818
6561859
8275089
24965599
8338901
31991177
4874834
15781702
6181987
23128118
29561098
21729712
10193960
20765059
21533146
16477980
18831445
5414785
14239973
35266177
13414794
28704529
29348224
10462592
4889422
6915222
9529046
18707323
12503216
16021646
13078279
5563071
20512822
8231354
14397043
11534348
14319456
5108016
28872934
33149550
13254884
24075695
17710453
7606648
14909006
4778828
5371704
16517622
24766487
14364685
5561078
12577190
6595611
11703149
26672474
5608353
35073227
5851015
12114703
12718733
29240404
23022515
5565498
7467109
14010637
14588546
7897505
10429276
17025531
6043786
6558463
15406000
11672444
24689057
12192990
20237551
14335079
15523015
15700585
5583820
11471972
32774586
30756138
1568337
9507855
5701808
10454803
10206859
19104376
15669000
14167071
6642973
10202110
22869665
26823932
14485196
13974322
34752974
6634001
7509570
9967175
11652754
15716548
21361522
10488753
12887811
30803799
28279330
23868839
27518259
8513585
29077411
14229479
12276332
6914633
14220007
33819354
22994261
30091670
30342671
5283271
8359774
20484898
10586497
25508695
25474942
14206406
9433308
9798695
34795133
8940657
7766389
15111639
31439156
35013734
10088581
11119534
13190368
22842110
24415709
7187396
29053843
11054107
20003893
9335584
14610569
15557972
5382806
13585508
25844836
8493448
5108021
13644986
22221184
12081578
13845658
14305171
15843750
31640878
14462162
29070730
10095594
14116573
13294755
5115299
8023361
18321064
25446592
12512668
7830249
9740762
8140018
5468417
33216615
32197809
7120032
10766278
5813092
30988948
12981607
34699527
16731267
21491308
24637649
32562765
23628944
34979030
4766955
27537474
29329264
6403495
32898537
12596959
24508250
26081134
10479547
25965325
28580050
4876084
14325474
6778334
15903729
5725328
15259059
5249828
6849359
10317877
17254912
33894105
15598608
18384919
5235893
12210451
11935061
4760760
8121362
7263033
10419833
12577022
7867434
12968276
7671163
11494528
9171036
24840005
33029712
31294187
31761152
31806692
10307733
7912931
9059341
21877321
10374475
6664303
5063302
14144741
12135667
20848219
27276957
12832906
34145194
6359553
14259378
7641911
25798855
14476803
12704935
7372416
35454940
31296032
13102969
15222090
10992116
32536956
34866170
28290169
5840090
6790619
8853377
8278300
9487350
9935304
7196155
6862798
30310349
11786134
6770224
5562392
12908861
19941727
16885410
11262833
22445431
8604141
15554715
28057512
17047359
32801703
16331004
12490184
8034733
23751482
27106749
14477881
7537301
30704176
10762612
14906128
12850884
9989603
10510217
11948997
27734589
29331712
12356591
9012329
13101280
12760179
5973529
12960030
22490888
5414350
5321418
30878739
12827389
12549255
7367372
12199267
12016770
31549210
10614709
4860857
11160696
6749701
18977812
28767835
34192483
19967683
13073720
17516764
6641067
6949216
12374908
17838511
15743836
13356465
20459611
25192546
6243867
31435490
26835368
35113502
13956786
9402945
13179641
12217194
16232293
33415430
21246091
34517290
8892723
10672281
10730458
9155001
6943522
20712079
12906559
15834727
14463359
5696669
33618903
11379462
5672772
16423140
8255902
12742288
11135863
15175810
15725734
12860374
6810520
7843408
14898849
15360098
16211151
19640776
25057963
27860124
21037120
9379547
7766155
18382792
12388207
5344084
11681786
10015158
12013707
11705946
8918293
29861308
4890685
6817910
10623757
22798241
8194260
4709842
9876952
16791753
10655860
12661954
25375315
17201359
6609322
23438948
9305012
16202612
21810802
30758139
29332207
6885090
16251580
33645312
10027110
8719980
13409431
34087711
17581099
12995447
7820476
34379098
23203199
7708253
5441794
19827988
30446897
26846438
19858867
30572152
8074154
18545830
7637525
7158561
5365735
9606019
12416284
5631578
5663198
15344162
16562598
6901449
13405526
15475550
18673507
13733395
10988899
20703199
26536175
6883918
15139657
13459761
27653757
20302771
6846117
12476037
33893787
24397811
9215367
12857081
8997653
11038428
34155541
35342251
7101845
15233150
9276620
15419362
21602569
35505937
10818130
12924694
13433132
31953116
8844763
15804274
26689337
12665053
9832135
27049725
22174048
19454452
15157578
4942081
27399600
21185053
12849925
28951288
15679146
9681948
16073724
34107106
12962811
14267433
7196198
16041659
12096845
23820812
5026321
7474305
26335355
33315795
26704226
8268843
27776328
12591989
11853751
10084871
12169082
28284415
29983492
7941058
8817754
12003152
34847570
13186892
14696952
17856790
34091095
4918058
7082084
12356082
12452215
12695938
30149495
19686085
13396529
28558888
5498858
19345324
31290125
6460803
10549703
9442716
11194710
10560715
25557946
8542964
34334059
12485295
18093979
8494591
9686539
22636607
14463106
15841656
11633050
15589880
17785903
8818689
7602431
25601494
30361541
15944996
19332166
15724590
16006762
8076463
15342099
12239148
23370026
35064686
14784982
14049425
33405233
14776999
24581630
7621351
26359382
4690023
33409730
12698366
28210657
19768654
29626717
30434108
7878683
21959335
8217023
14645916
31013005
23814956
13783689
31950809
17136507
31085408
32301546
7918499
24926411
16464147
6576728
8540499
5059794
18510577
6692356
20753122
33151758
33933990
10077040
17215699
11488374
5411986
15071388
21566029
12743751
6382265
7168981
12616158
7183011
8823807
20272327
12198923
7481830
13530906
29809240
21791179
1939760
11095235
13150508
28730104
12897075
6817308
20002285
15101016
5441033
19550848
14421819
30857811
7557346
32547036
6391969
27171546
32305542
4712333
29209051
13866632
24766457
14198321
6897420
21575515
33503753
28110913
14197816
10254570
9224227
15936494
7698530
7629692
8915276
17680615
12619503
13647751
16426386
27584829
8705854
11775683
18157330
23226890
26484857
6682156
7558188
15229363
18527698
13915089
18039235
34111483
12317488
19250989
24242888
9434367
16617342
33250395
31851374
33456707
21757474
4963321
14847323
13543693
9849981
8585903
8520697
12439260
17205262
15219596
10493228
11211068
6841028
10459066
26784221
31943977
15347426
32337855
5871122
25220266
24895229
10904142
12619527
8779394
13297195
15685249
6090427
12519770
14623256
9998862
6795548
8165794
8708409
30429443
22119421
22253890
22079206
15441758
5836183
8717361
16634781
30569239
10851479
8164508
29531929
12693571
32564877
26396633
6242763
6976620
17332207
23822243
18149140
5971447
23781446
11752832
18160774
20315542
8918954
28377919
34845545
9868778
5889750
9697631
11112914
16369983
26684996
32236080
33149361
33900900
8116111
15200963
34590340
5394909
9268545
20389573
28216942
9808126
31006879
33140946
17318122
18208849
31806941
14469366
5827198
9787188
14812206
4635475
23069981
34981493
17030643
8218365
33901170
14966301
9420504
11276419
27481089
22686569
34263400
11540645
7697920
14500941
13700195
6524143
16092046
8146690
10433029
14883020
7318185
6571590
8350009
14180632
13415817
11160881
5540696
5643978
4987288
10927007
11973714
19532554
26609543
31484195
16784586
35297254
35451097
14859512
8526243
20796970
18829975
7276612
12758988
33845421
31663160
8737700
6721973
18882853
30221969
4759200
8692773
28942855
27356688
25224988
6500376
12452532
11344941
25164148
5369793
6291432
6681559
10742131
14036454
24297644
17070411
7214036
7661200
12221866
12529299
9065504
15199151
16257629
7403286
23092115
9029185
15125587
4901729
6131103
7844410
13800935
13812902
28994017
6309043
29325319
5543410
8918751
15659342
17400382
13514337
6869701
12206686
7812306
14172615
6035442
9302491
10783619
34869512
8397382
26991816
30162017
31854725
5638856
6306757
10949208
7471935
12483394
6977808
14073808
7204787
8840131
16826601
9703216
25581889
15863266
7092358
33176259
25221337
11417891
5240849
21845071
27549477
4763843
10885571
11711276
22431292
28453228
7558379
23982302
15491946
16133616
34960403
7178856
8233079
12081546
16119648
21277591
15299474
8835448
11422424
7095258
15215846
8489059
15343791
27401592
7650365
6263855
18452221
15854935
10766233
7695489
27551025
5166212
14273584
21571669
21621358
6075086
28511386
34961135
17268907
25601371
15247363
13892821
10806310
8792543
23985425
11201740
25799614
23107241
15483141
10933314
32046108
22175416
10177598
15022596
33173679
25281805
14451473
5380308
9963947
5403008
11204884
8194601
11086932
16358688
7945348
4913329
14620050
25857598
24876353
29332840
13143874
13602888
27274902
5322361
13017757
15347865
10340043
30316124
16380993
11317956
13805608
13787811
13006217
14987521
5853355
5175253
6396283
5264007
11696760
13677244
31210324
11002269
8732900
17691979
19594561
12389479
5751932
31770590
15209385
15298184
9544967
9013174
10505530
8747472
9111900
6372147
17150533
31066013
5827710
12095081
26693729
28707049
27129012
7568168
9430931
22256662
7413407
4876732
19584484
8093143
5396099
10934221
31242178
13162546
6916013
12219435
8153791
9773165
5833386
6527288
34990259
14404949
10837147
10561772
16393473
24200744
15300942
6933883
9293582
11414819
11791491
6503624
15058904
16867698
19489174
23894861
7202022
16149498
15077427
712438
8976445
12029700
14048562
27815874
15893192
6103435
16064763
5065403
6929875
27096096
10094309
29754280
28520182
30576172
10890610
27956343
13781870
29791147
7043210
34901765
24861581
7713309
11219982
20663590
29753221
31042810
13974145
13904850
7344766
12375852
8089176
10415530
28733980
5025022
7791178
9382055
5218039
11402225
10114976
15696561
34207342
6613682
25802710
35152084
13876289
28217722
27720204
11410892
9116114
10538373
31591321
32330877
6921990
20739964
11056088
10951088
9117425
15886726
10384668
13038849
9285351
26817479
10288579
12240912
15350931
9729319
27155478
13061123
16305741
18911545
34950149
2270733
11979916
12499696
17625502
20935642
14377790
29341156
8709073
27798276
9532117
15694048
22381921
21416869
35476957
33892590
34427239
23418086
13925446
7748100
5897332
11550356
15970495
8647527
6250709
4725650
18941581
15215482
30343664
28629589
30546877
9384274
10765879
14601699
16201238
21137611
24166406
17809972
26703599
11405751
5724291
10919671
8428319
15693039
5053744
13110815
28011405
14786987
9509611
5881745
26880551
26156078
5682634
5333013
9779386
14688324
6646684
11096652
28870012
12579791
6257424
12802678
5501854
21565459
8245125
6961796
5823458
17481445
12688165
25152772
14583346
5417381
5447465
21570859
15251226
11493788
19971847
7026342
14871047
5562069
34287637
30098135
7374314
17314306
23301281
12976311
6688713
13692196
9006567
8536587
11648030
5529393
6755428
9734779
27438972
34655512
30236480
3954438
8142011
9786545
10866793
10545995
15509637
7075955
19901518
24049349
5951503
26147297
27172734
5789138
20952898
6811292
8377263
35190658
33311697
7457586
24797954
16220581
12866529
3625846
28101991
15957630
17534320
9367214
6607230
14641761
15296161
12748964
6027506
30636454
11347077
13018269
13322620
16756428
27509523
22495988
13698771
5857726
7503504
5008540
10508874
26448206
6047777
12153623
12910317
32050866
8276532
14409317
14844271
6905257
12140827
13006410
7388641
15767759
22393168
4264643
26822837
10126310
27226125
27786999
6299668
6173165
7644135
12292909
12361537
11256201
13297900
14746715
15573175
24869327
34852529
10043488
16177799
9688466
26351579
13318355
31669610
14308176
5982966
5498702
19845340
15916157
33048840
26971523
14639876
7075477
14151174
16155460
12345833
5402429
10519405
22564793
28259452
8494702
6487505
7709635
11032381
11370587
12397386
20038252
5452562
9443698
17223277
27884607
35200021
15605004
31566817
14438916
15679720
15614358
18391372
30110300
24282725
27326973
22189285
34366828
11130411
5657911
7538489
7813439
2958555
10202343
11251821
15720890
16299834
17746237
35366371
32912403
11837892
7208408
5201751
11935778
10914616
22931861
15466776
24503396
30249221
15553676
25116049
13384693
4693613
6354494
13927897
16932297
19772536
14945899
27047196
6819647
16292063
19851733
34812467
23628815
14233158
15538736
9074608
11855297
6298571
6711358
31724561
7416515
34872398
18611881
6566187
31274264
9166129
14824957
9254051
11854868
30758772
25725013
30395510
15223462
34649995
11766623
9895913
33113481
4853183
4996945
7545087
15345818
29308561
30539035
12315108
23930807
31732949
28513114
6633429
31375666
19426429
16328106
10605941
6699304
9558534
19035520
5663909
3181062
10918655
8765689
14092093
7341263
11738622
20298727
24741488
16083284
30802134
35274067
22245577
12563176
33398267
9485280
5266922
13529053
19432189
27817902
6754312
15425089
8928389
11573330
11974630
9697142
8316420
28087999
26437757
32568951
27618309
18347581
5544644
33514319
6466995
13059881
5735874
11185310
5571196
6471905
16412055
17172793
6984252
24967951
31344865
27485886
27453771
4936987
19194655
19515022
23054741
35172829
8189969
16581837
28695220
8143833
24882893
31999652
6145174
7393233
25641625
34425091
15353015
15986986
27484098
22373308
7460358
9212492
30416264
17383864
7694691
14834224
28934497
21456832
13896395
10739529
6196619
5817434
6504575
11647192
9643960
9892643
14981788
18206380
23242166
26225876
22299580
25710904
16224000
12497081
6351929
15103111
5808195
8211285
10717500
29922691
27555174
22265698
34986275
13384451
6458114
10162868
8606242
6483437
8067256
7969472
11702139
19038649
7968292
9187322
14711736
14556898
8996307
22060633
17916643
24942997
30483452
31634248
29586211
4904545
15794236
11462120
29478889
10173102
18476113
17287090
23301053
25943296
17201161
23024750
12581254
26202716
13842323
26689412
6354870
24544832
9071043
28358755
5872620
13939798
12448943
11993619
24798629
8086028
12471037
14017730
14560643
19367566
15609372
33828027
13436050
9468462
29975386
19057432
8391907
11469904
14588046
14272775
27542505
7429242
14701939
5750891
9659434
4791450
8957980
33644148
12414919
33926286
15536377
17586457
34228480
7896351
7591894
5217526
22650254
10662061
13233770
8795660
33421004
8995571
28947769
7778005
22762457
7899190
34091821
8811366
17306278
5304012
19081321
17205775
10832159
7478630
6376014
20116204
21701692
5738992
12909499
25060801
12244373
29820634
31239214
22339843
4957368
34230940
10010536
5724964
20913985
27231147
5458426
13905716
33217782
14963144
10141467
29964550
32723022
8745211
16528983
8717740
7851356
29208460
29472208
16535190
11030736
34200343
8191218
33788229
5165079
8616507
8962765
20411857
11168346
24531914
6136272
33832362
4813131
15986182
19924255
4730223
12468160
11046603
10821249
32170518
14585027
15382914
21061531
6387664
24625067
34497829
10118358
13333711
9067438
7526441
13029089
35257183
7556997
13416382
13642174
15198778
8628813
28542568
14796182
15869563
26498255
26294306
6987950
15318866
10199506
6723815
11269376
11811665
15312670
19164286
23009972
13248499
28560313
4856337
5833407
23409122
24167228
6273332
28543189
32979906
5927533
14284282
18821149
15445198
16624296
5026893
11982417
15335032
9404841
9587846
12752672
14365635
21837187
23370278
9983166
10399642
10949172
15922967
18529981
35084966
11977377
29891656
23135237
7100291
19045012
8508016
13216803
23285546
30438023
14367773
31021108
32095485
19438741
31578868
15741889
20302501
30170237
27290571
34676047
24170345
1929342
23833052
10072954
26112964
30844950
31525814
12200144
15050074
25941352
9627530
15709025
11507794
15995254
33050919
30459695
6778649
11302923
16849260
9826967
9968072
23210699
9829167
30149012
12122913
20230339
13303135
19649389
6517598
6902754
7322487
5468459
8217417
15177616
11761453
8971617
6658977
20422570
27429543
31434101
10864547
8732547
24347378
6063975
14378674
24418160
17812609
6178374
19046458
12214318
15692917
16588374
1430553
9235477
11115755
9907121
12045184
24138566
8780319
11885690
5792641
33928443
15377131
7043767
6351837
26199002
8681361
12940548
8937062
13697785
19845442
31714385
35135744
15916109
11931552
25478419
23045759
5394324
26758487
27136284
8825795
12167394
34361308
32326029
15007653
26662469
34814024
25572277
19582318
21688870
31480220
6743542
20447182
16032617
23654219
12617453
9945912
8929471
14771717
30668497
25485568
33379853
6803196
17732161
13836585
30666631
9223647
19560889
5706284
31539724
12563338
18700003
24148994
26909171
33625287
30784293
5779565
19213111
9284382
26838776
11121412
20596738
15804404
16063162
10007742
7166996
12725834
16233724
33581595
14991231
29606854
11326459
29131579
10645865
28811002
25063708
9231935
13897514
34366753
9843859
30824829
10713501
33715581
10116118
12210815
11254494
9635378
25599448
13725139
10642827
8269201
9767362
24077411
13633605
14468720
8826387
27016683
35253187
10320981
7152513
32681253
8067319
20534491
6944346
6630187
7189577
10781777
5912778
6787865
33761064
16714596
9605575
9644552
12876393
13045867
6750969
7757533
9304933
7012371
14797224
30650431
5597238
6919692
12970542
6804033
12749607
14887429
9286533
21203074
9364626
5325417
11576971
5717997
22756730
7258460
4918856
6536923
10850077
15023991
23806133
30380492
20571328
9416924
7455511
13407731
33205839
18396181
28836526
19347187
11944649
14772226
28187911
27687504
18151417
6027447
9386087
10004270
24515708
27354714
6055410
12575285
6214892
12538432
35425153
14099447
15033273
10973460
20208319
31600009
34475626
4852752
11317685
11717992
9002010
21553186
14280029
14166193
9965551
11795781
4970969
15841996
34125406
4989722
6722827
11442439
33978090
17273833
15933372
10043195
35416939
11120802
13432545
7812145
16151771
21418957
6882220
11089647
13700957
22115530
7061788
4734307
7559845
12247010
9904632
18720727
31607332
30526159
6188635
12460880
11470768
7733969
6043274
7008500
2674313
10032216
12630048
15054933
7565308
11513099
12276313
33029964
1852469
11781774
18745567
11383449
12305077
33437456
7515813
24980122
13780134
31715303
35459047
8355944
6889275
6223814
15111217
8792890
8405488
8233965
8497647
9112954
5825477
10465101
7313324
22466806
11418500
6876780
5268269
5509435
10997233
15489126
8567397
27802128
9608081
16370157
13564678
34520104
13881109
8408631
20491810
15695493
11232581
12024931
15385553
17847199
10578733
17942698
16745133
5483240
12891587
11121782
8634371
10548543
11483676
8208314
14520863
12262120
28302421
18097489
20381671
32444688
7478446
12713567
10685187
2270730
11652896
12332580
14188981
12951757
5277006
13722168
17126718
20613448
6559310
24385454
27902970
19910002
21302275
9434512
22154410
6700339
10425361
15832595
5730532
10122623
17825260
26914277
6096405
15811357
9346366
31929451
12026420
13119839
6984459
13759283
6430651
13615566
13758983
27620277
31228564
9499988
12206215
29660110
16957944
11515631
12954537
13716345
17594878
34456846
26381798
10051459
12075856
11088394
6017798
9983545
20549653
7088031
14756610
10466931
10809486
11727741
33978360
8772217
14005827
11456325
32811633
9291124
11057127
25626067
26524715
4684849
5570851
9263574
14480054
14970293
26420534
27927042
12042046
8323791
16262348
6386616
24938455
8847718
10869990
14162677
13603471
15153530
8690222
8408928
7827917
9571084
17058633
18266551
21355345
9882430
16010612
14471186
6160786
7212703
13169836
27862356
7901617
28082002
4905688
28280473
2242517
17690218
12620870
9713137
9386787
15605290
12055215
6988520
7048148
12138354
33785427
8394796
10838704
11739705
5276073
14209050
22414909
7909192
6834815
28035369
15562194
12822010
35337991
8774111
18691546
34255672
11768751
8718004
28196572
9050763
20035663
21007531
21763921
24894836
29738311
30275138
33015927
10502032
30874026
24033143
5982925
35233630
14320326
13942486
14614999
8673691
33657276
15445807
18113092
6894625
21691297
13897814
9303378
13619427
17611528
34292905
29012398
20871280
12348187
34534522
33631845
13918679
14580548
11345312
9244489
13193561
32664108
28471033
11760301
12510982
8926237
6852222
7472409
32236944
24204644
31573483
32707803
5383675
5700577
10510813
7964943
14711196
8722500
12711338
13051386
5070093
6480895
23557772
6975323
8929663
35475043
13446286
21340510
12018060
7975955
9084904
22671926
34110946
15247973
7756295
23133791
32454192
8570346
21726778
9438731
27249069
28950322
16175468
20724898
14398142
13711087
7612880
12880793
15486463
14593188
6972532
15580193
10215591
17636794
6881146
16224413
13554593
25835512
6672573
4947757
9260662
33576075
11789676
27546354
23783195
12130198
10327984
34368673
31292528
12262745
13401075
8382492
11742396
12734627
9711518
11401795
8499907
7738081
5606161
32438049
17652454
14555967
25295569
31198537
15659035
6611955
16254120
9813798
26084629
32907063
13493134
10764830
6399741
30556291
33978297
4867281
15243587
12617752
33719697
21363553
8066005
14814031
13998476
13951138
33114675
9918220
12391251
13979008
6748446
12143933
14810403
14396100
25333939
13763824
13667864
13194322
12233253
8726825
27566613
8588554
11698860
5212551
5380658
17577037
12390280
6533769
26769080
24852176
6554695
8652148
22546178
6476571
28231150
28430902
14118730
10071773
28214989
13121790
11773983
11864390
5819482
23247362
20796598
15609256
18234184
23265980
17854756
9673077
11300642
14672966
33872238
25802593
6668828
20470924
12154342
12750355
15408935
33164004
12072774
5514065
12983227
15974202
8434461
29932825
6142021
5491329
14999042
10422018
10420948
29610304
9824804
8694832
21670342
14844475
3929092
7310027
8051956
17242306
24493076
24638066
28940281
29063308
5639600
21075625
14098696
14407807
16174385
4848861
6516650
11452886
18066202
34054354
6406548
7750613
32964495
24167144
10420576
10044320
9820726
13053720
14975451
14709345
34519093
13888275
14695242
21091630
6625488
11355200
34717689
10403994
11241012
12993289
6575246
5293523
19925971
15930997
8195678
29404483
8884724
16392246
18924175
14468112
6146487
20056912
28520428
10020672
20401657
20619487
16177836
8053813
31446509
6925880
29068072
8462171
15162105
11011488
26425271
29547733
10699585
5988804
8761739
23972237
5040653
15451754
19487977
6533380
27427443
10629680
31598722
24311150
14851609
6472626
20279857
27406452
23434052
11617851
15436347
32434602
16388355
25145767
28493521
28111813
28827319
21568810
29936191
20159068
12907623
13705497
13989354
20863627
24049913
19788400
31775114
15681242
31013353
30810144
13061857
31572658
11862010
8619345
11594738
6258283
28696288
8851661
21526621
7452871
4896957
11042535
4986306
8755427
6569963
4732692
25401958
7333707
15121135
30406223
5566983
14773644
10805781
7395948
17723194
23116598
7369143
32560233
13931226
11851923
14966233
18077098
12264043
10858968
14902768
15442852
10739596
6792595
15461621
27130047
7425828
33893796
34531222
7566691
8588098
12226527
16108137
20808658
28990369
5580139
27071943
18573046
6676065
16589595
5894400
24565073
15323297
6626746
13169979
16071666
22210471
32915727
7423078
34179187
28662637
13935580
13679103
13864783
7584469
14699208
9345703
18996922
6490050
31148345
10855914
22178059
9310436
22440940
13337309
10003061
6556318
16254136
14141848
17427211
15185253
7285162
33255150
14880998
12576692
31069448
14953831
32963532
25166485
10619199
33079707
20961739
28165129
10948575
31910458
8754992
6885596
15323269
20065966
5856022
19261432
26326940
29136463
5979722
29919901
32050662
6553035
28613692
12388630
31611481
14511171
7003331
6040664
8274815
11522598
15671049
6730999
7047895
7199381
11097124
30862731
26980052
34309450
34561792
34639156
31123898
20674141
11595699
5094574
15729696
24840272
24788537
7072442
10726721
16207787
7482903
10613459
12377390
15981810
7678121
8549796
15897713
33417005
12215873
32865924
16278750
12636626
22949879
26676302
5861947
21358444
8721666
22451023
20724520
26149490
16469319
9077191
7119689
8072854
12898566
12935125
13401669
10108083
13813630
15639651
32307810
13536218
6119552
4798606
9759170
14454285
8375104
30832575
5093716
34231072
10702532
19028866
25082806
29839921
26959022
9388862
11950862
6784830
11114520
30753387
12975851
15706636
10050556
6211269
33602769
15417553
23151161
6416392
4964477
9081598
15673929
18011524
33582408
10904572
32551830
10220861
20171938
11132188
12288702
15537600
23173898
30059557
25829287
33730515
6043743
13777035
23584748
6733417
11272726
33597963
19691224
18714778
6802355
34316836
10457151
31285598
33913869
13457232
26371142
12499217
9310211
11762175
7596758
14725572
33840981
14661358
17293729
10259747
6241898
25088296
15949172
25758772
25154845
8180636
18966907
8994669
13766229
25728085
30660745
12791942
6275367
15005045
5545398
13481509
14582810
8032857
6490505
9522499
12912236
35076515
18292333
25006711
29489491
22993646
30743853
9455492
30536653
22495973
16079844
34292221
10484742
26770208
13546306
12021885
5978756
27444243
10429385
23620127
12808224
5541174
15657136
14419428
26605700
26502884
24940690
25194091
5735182
4932676
11600239
13883449
15241073
13135433
24209666
10085368
19943857
19110361
12044866
22782947
5614804
6619745
12638917
15420826
9079638
5643173
9228319
22058947
26133992
28165933
8286929
26019481
32755425
9523405
7374574
9174039
15995928
20731006
31476647
8308739
12998545
15033133
5573657
7954997
22778438
7157140
23239295
7225192
8687635
11747554
5796020
6209719
15624260
17662687
4911786
5466669
17995003
21530239
12519910
17842132
25916380
28540636
4864208
32007905
14863300
4850836
7922004
8296223
28497640
6246060
10697258
6010362
15401636
7987065
9406190
16287964
25723537
6153778
32322495
24169334
11862765
15351927
11077383
6950459
8012653
23641301
9233329
29660416
23360885
6268109
19711636
11545211
14657625
7008075
31855514
35158822
31311042
4715494
5366683
9572304
10512837
30206255
31689260
21879325
20896279
22566830
13358478
14246127
11560061
13221959
15878591
6988907
9292829
13482810
19483351
18043546
14417892
35423500
18501541
8818758
12239687
18966229
25049488
31493201
7815452
28995703
5283741
9881860
15166634
15379811
11576197
10356584
13463148
6294351
16113517
21987499
27918120
29960245
13136222
31310670
5206078
29714962
26765105
14769346
18559333
33715680
32302599
23225582
4004487
27683289
5097772
9516856
19056220
5005915
6741778
16848909
4852292
29274091
11840087
12941661
4785276
7014581
7503303
32898972
11339025
27670671
9510003
28261084
13405085
8435988
6294380
10534529
28232221
21932467
6183105
7777722
6007614
4893709
13172502
7152839
12357365
25557109
5149979
7415010
26653118
11512878
20178181
32863998
9376417
11828948
12998481
14085351
15173903
30260144
4681932
14298705
6561699
11747832
29475076
6790764
6326412
13298606
25328965
11439206
18820300
7256378
25826569
9091712
10303987
15220625
30098762
12346269
13477375
18057355
6059050
12446160
6994543
10726838
12123153
14672678
16866753
23471471
8513380
12051099
8868361
4693622
30347180
32158548
10114983
30705035
8903471
15273654
15927701
16069222
8606939
16829820
5954656
30359924
13264742
16385316
10381379
29178139
30381305
34869314
24795527
4440124
5188856
15299027
29865304
34001436
19031047
12538218
5576244
5901685
7881405
10259287
24237629
11892864
23216798
12589807
12277736
14843943
7556447
16128955
11668055
6961463
15589853
30781260
5930970
13203096
10344137
16859691
23595104
28405621
27744525
15880980
32550180
11970964
6010059
14360786
12313339
32437425
5062073
13123404
29964307
15570058
16641651
33983007
10975700
34564441
6432309
8348732
10750303
7636147
8701272
11832868
13290972
21878482
7091003
27748260
5230272
6252848
5096527
15876924
22861640
14944710
29453467
26737490
9576165
8525379
11301342
13296984
14425850
5604478
9329838
11024364
5385476
6714142
17839144
9787666
22609856
7656626
9106141
12034126
7815679
30834936
25391485
24186356
12506926
33414764
23746082
10458840
11811513
11964934
8975961
11938075
10774348
13884266
21414538
10563091
32783868
11809958
26546267
11185039
29939311
24609794
14920379
13462717
34484719
32749572
5975843
12845956
29698657
16156571
10553723
14837487
11172375
11260206
12904924
24129776
33632709
12960450
17901757
11584613
17077440
12978190
13117609
9386923
7714288
15439928
17365468
17858482
30748245
14596084
11677029
18261946
12394799
16013739
5283183
18576145
20128525
17994667
5301664
14925559
15619412
5137044
15577783
27275697
26388581
15987357
24144515
20665621
30873396
10970522
9895687
8438890
32424489
35344252
6624085
20004472
18049669
9951338
10795888
28547641
28637317
26083294
9473030
26768405
17346358
27923502
25418161
33745149
16185436
17746825
12280139
12550254
19282210
10997179
22545251
9441046
14599780
14174140
14516211
28672825
8845683
14734225
11980270
8600132
34911815
10292869
15700364
34369477
9843219
7179886
16369980
13897304
32398614
8947586
4898769
9823353
7333681
11878770
10041630
5407029
10663179
8040783
13270102
12875972
15389715
13810381
13556992
6956622
12742714
14746875
17185492
28655374
10779002
31685897
6881860
7919726
9315016
11375194
19624666
7166829
11538401
30802335
26358410
7814561
15726559
8525090
6336564
12807249
12807330
6472685
15531331
14673589
6922034
7220865
14525454
19286233
31040674
24798356
19802212
32471733
17377657
8713443
13742588
9667436
14840798
12154273
16741641
14393352
12623696
13630996
5490874
15549638
13583164
16205765
31422623
10940631
24090761
10105278
6878008
20279590
6237845
21991744
29625121
34083520
5764440
9052829
14357092
26395652
8492926
19620478
6502019
9623516
6051952
10495164
11706160
13263083
15003266
15873747
9404957
20146450
30770136
11976251
12580876
18145339
16097890
24394550
8574393
20208214
19218364
5159330
5439823
11951953
9419678
14877384
15562582
10267150
17293774
35402641
15575482
31649081
14169423
17331310
12499402
17147092
9588873
8120584
16735299
27898179
29949544
31268045
29007070
19652095
11064702
11473222
15004696
12100178
17444461
27571518
9983798
20741182
10037567
21719890
14450422
32515437
28862263
32606679
34421668
23800709
14379449
15583509
6868858
11636837
23977673
11592919
8645882
13907863
14281797
9939977
23957279
13089560
8949658
15281399
6749334
12233711
13243358
5488260
14212851
5084821
11570095
22571243
28008621
11334927
4883423
14768932
6745131
9184639
7795191
5556622
7870800
15768084
13709235
6244678
6038546
7768626
7520990
11937843
29586049
11123922
15526947
12749017
9081779
34566130
16215035
25761859
12573453
14776498
5026244
15373519
6428122
6399361
7159876
12678733
7741436
26713250
11623589
9537476
8434635
11531305
11108673
18925600
14622289
20385298
12566135
13043149
15153414
25586425
17287657
16079462
13056329
4756000
11688385
11144377
13958231
4807109
16250369
6624684
11541797
15620094
25742209
16972215
15321730
25327798
13831087
28976059
8917546
6051676
13396351
4551050
9221517
31897090
13270624
5624602
12417126
12304457
28467220
33781155
8081310
12465255
7003103
16165578
11864182
13541296
27797262
10160719
8173384
4877638
6694151
11677422
13516533
18839428
15409995
9849908
14856742
24278495
5752110
9341401
5983148
4975106
5413016
15414831
7214919
12989822
6116421
7649750
5422312
12262748
14184300
16045544
20267383
21852316
6457590
19209070
18500278
10843575
15714602
8683236
32705373
13943012
18088768
7341739
12116484
34584493
8369877
18104239
21449344
28833436
14278896
11272705
7831139
13043848
24458570
29357647
18498031
6472360
13038756
20957371
33041052
11516111
24247157
27086775
25262857
11893243
5008914
22923389
35386738
28213633
15828675
5896910
32334885
31568653
6184562
8926761
13212764
13878094
35419405
9816004
10666094
9380278
12690643
5233447
13333148
7161783
27145665
14903418
5373575
8406975
17869756
23115107
34904207
35367214
20909722
12591044
13304580
9521835
14997435
26984156
10506841
14039733
10886811
14966544
24368318
9888501
25285891
15279547
15175071
12617415
17808826
16969362
9058198
32162784
10727472
33903420
14769956
6609037
10602585
29224528
11815958
35171002
29395627
15936438
20410369
7007118
14865734
13766324
15335856
26235011
11432126
4922362
22177624
7360336
9265878
30749391
12196598
23652359
4978177
9113617
7082962
11635712
27350286
28608136
17579344
9552749
16597674
9966808
31871114
34349575
14105673
14016303
28588255
13753654
28245238
22012186
10614617
12704455
19549531
6568451
14204770
31171681
8424551
13935885
4958877
11587035
24353162
20722522
8936803
11172955
15515420
26082697
33588837
11996490
29449138
12103850
24552575
10460327
34306984
6142253
12115029
10964847
14715718
24188570
7799880
14194177
18933409
22338577
14037024
24431690
34568791
10038255
10064558
13665972
7897356
15343820
20099863
21238042
31498328
20261194
10755604
6414223
7669625
33111570
6202012
17613451
8119511
32900529
12570402
25403848
9915609
33502712
5576600
7206611
16958970
8431266
8527357
12568026
7256717
11302987
11725977
15705003
31422212
25954078
13875822
8240526
11295428
25625494
6624419
13786480
35203297
23685017
9453644
27709617
8169675
12036333
10140055
23299532
8926156
19899019
26091481
9131094
30921306
5009067
23760467
16511211
6725655
16276079
20173255
7409856
22848002
6487253
15988537
8938264
7870794
8131642
13346570
14712949
14189860
16036524
7976226
13285264
15729070
7266138
6173433
7418895
13362366
14379100
19874473
4945582
20179897
7708122
5987121
8804220
11354544
11727353
4789788
27539610
34673035
11727494
15997566
6991706
8551078
8722930
8552254
6646338
6654757
9469489
12078382
15044124
7710692
5111332
14696062
15953069
12384581
28598242
16022444
26830871
34490665
6094756
8832015
13348977
14726805
26636930
13032045
6400842
16868754
5302193
9366492
8568791
18036184
26483786
27281784
13983993
15175396
17059566
7514005
16195200
13251845
16114022
24264908
33067401
34690752
15794554
5085721
7898358
11881053
17489743
22381480
12097237
5954318
10653062
11929387
25823098
15730981
5897796
33637185
8933386
4984126
5489675
8938481
34641163
10740426
5470472
14889908
12889864
9248482
17449105
17178559
17444095
22205269
27779640
11951826
9199392
4966157
7827457
20240647
8267988
27674313
7376984
30984535
18020848
6285394
33562983
10964324
15654270
23061755
8481983
9777049
7780077
18915982
24289445
25951666
27576168
16470852
13890045
15684277
13177785
35391415
17723989
12867733
12833994
12700897
8633703
13653933
18324604
26180606
6957421
12514037
27277455
32446020
34946285
20830600
7025946
19260280
11079956
11133002
6352993
7551184
7586226
10074655
16164313
9554412
11241623
12043422
6766805
35304892
11399638
5993503
8168814
8095051
5228461
34833527
9320848
29268463
21205510
11676644
19798798
26203841
21334690
15782665
2199921
27159258
5630063
19173100
5575510
18650692
22695653
26829017
7473645
5529030
7613128
7767742
8067236
14494285
14512846
30984601
8246912
9592342
13856928
11412944
14716755
12846343
20773816
22618115
26959406
31469861
32507829
13452725
15223111
32429487
21164839
24107399
25471519
10426309
18129871
9801949
33345803
22256194
5505816
22599677
4764888
10385053
13013513
21914755
7147295
17701795
22484579
6713102
15154064
23494652
7612080
24791870
12239788
27977559
18253438
32910351
10126898
15523359
24699143
29019400
26613374
13715599
13718660
9471835
27381900
28336246
34273945
23727710
15878702
11671888
6837136
10114090
23850815
29403892
14647659
22701689
10091321
26262509
27424353
12008126
9100379
32633976
13670086
31011961
5567175
28825117
6087349
10822424
11579634
11604895
16107286
5606119
9506221
8861012
11785101
18174997
18245419
14726181
12205829
9309736
6322786
12942480
22110874
26314169
21774976
11443477
34236667
8354738
8579641
11500608
15383727
8370286
9102635
16513086
12251993
6328829
8136379
24962926
25580071
34530196
21311215
35089835
9040914
34874696
7834961
11688967
29643511
9038548
9267142
29743909
10041555
5132127
7936930
9313796
10915656
13892232
18705271
17543992
32594940
26451434
34182388
8247996
7284586
9976303
33442415
9973095
21074737
23202389
29908567
18838387
8861659
14817994
30413309
11372458
11699504
5148244
9585082
12450602
29501857
10494298
16585032
5330708
33768978
32915079
27154017
34768439
34672381
5065415
7975720
8956576
12069199
23266721
15541059
12354064
10872357
12614055
13476659
18683245
14898227
5368874
7262643
6459901
7639413
11936135
7885752
8261729
15210240
34307194
6616430
31906759
25026706
11937555
6257430
6115393
14917068
34912937
24930146
4692488
9128696
23773214
29297845
25803091
5857874
16942770
14931625
15791546
6328779
32980365
7330450
16086253
15038666
6131263
8220783
24752480
10242323
25191325
17228359
29808643
33003480
13754117
8100884
22125334
6908751
11139826
12545663
33407774
10992413
5978114
15177939
28211467
8130730
28820941
8696535
29809804
13427351
23525369
20024833
17785705
27043146
10239251
31007614
25303351
11433370
30194825
15347142
27609756
35132201
8377973
10269083
9937787
7724934
27824805
19212571
15155500
2862066
6753438
7574575
10114778
6801666
15242047
9937516
16183695
24746585
14722415
21659605
9301547
30697276
20838148
6308859
23674697
25343137
15022652
6096227
14561317
12340178
17612917
14792945
31918285
25524415
8491173
7683868
17637397
23133146
6260124
5424235
8758405
5827006
4704775
13892668
35296045
6684916
11162838
16252303
8348247
26553581
12262218
13192365
20113804
9735295
14160345
9005355
15434130
17194768
31343779
14962635
14208530
20723296
11333402
31479269
28720339
34878014
16344192
34281691
6418393
14995225
16905759
14444260
16142115
11349891
18751978
13410746
31232227
8207278
25054531
15259910
31881643
28624723
11676905
8419945
14011999
15504918
7739618
6181181
11959477
21219631
11269791
8140574
8968291
24084401
21540139
12726275
5575813
21679393
7158634
13292812
6346244
30036925
11584110
10989708
6446964
32909487
33818922
13867080
33958083
19402828
10172851
8336857
5193374
4999089
13759852
18708058
27378594
9913860
8936839
13363704
11946508
16070733
11262274
29995888
9324398
9331579
8825816
11570466
25011517
8783422
5274091
5955235
9106809
6773234
12638181
12123987
32061906
11871062
13276826
9042142
18421279
28803007
12319191
8289206
28732543
34090426
35005850
5084358
15228788
6108137
25705207
30957505
6477928
28358176
32793327
13774862
8688669
11126624
29508400
16284863
11693328
20851486
26587370
5596422
13167169
15206181
15880625
17557468
22440427
26070271
33963333
9367456
7847783
12852669
11848308
9331100
7797754
11268108
30503326
13217213
25404097
14475793
4904421
9948659
9300213
11126390
16747407
9111992
7948894
11188394
10981658
15664826
15117226
17484334
34007235
17968294
8443371
7437420
7460722
17101374
8614941
8600445
29169604
14893138
12969594
34422535
34441573
7290238
16546089
14098769
14775575
4894985
21781288
30131870
9600839
8573321
6154020
12535979
9691326
7286437
7352880
10721612
6379643
22410106
19737388
7232520
12901519
24695054
25390078
17429899
23531084
4974501
19611163
25093063
11056988
6326793
19534282
8081378
10553455
14223469
8353432
17615995
28196401
31902496
16100802
19331596
20354302
10816062
11842655
13581953
16187124
11275722
35052284
11818877
17095017
8956469
15870811
18002188
33073377
16705938
14001155
35231479
13560734
9823186
7077902
10845285
12109078
33683835
7764819
5598873
7524198
9008808
28288903
15462924
29448121
11214450
34298335
21113884
28272583
13867889
26827940
35154487
7351327
15411565
8159277
12847068
15719564
24413459
14176989
22560542
8008646
25310308
30773685
6427075
10323395
3294329
34003854
4680779
8556508
17728138
10410937
16139849
16399125
11595441
12525536
18729682
10715373
27753894
31420106
14998278
14154505
15302221
17898379
15340564
8278117
6562706
22353130
12871495
32764185
28687456
14720973
7926806
19788961
5772428
30303434
30506047
12917355
12112315
13142130
27908286
5826153
16441296
12113750
13333491
10783726
20186797
17751910
4830981
13412944
15179850
12573695
24743918
16511727
8079848
27939423
14224569
21210250
13291981
33536256
9825300
33597114
34268203
9841680
20144155
8825811
12977950
1720779
6109335
10174381
29584468
33161421
7295328
21163090
11355072
11653407
34851755
8610523
5560256
13533702
20203882
22454737
13916092
18189634
26985335
5249610
26113237
16641066
23924015
10307226
11703242
27781230
7825260
5858057
34462255
9221625
15042622
6655785
9200012
20597104
14029474
5233849
11568320
8028621
30654187
8390612
8632063
7692234
12244523
21457702
9039836
22493435
30980134
7008175
13985696
29616748
17272096
14183613
14947494
10034343
15900590
25949569
30271559
23446124
14711813
6924541
31180519
16842816
9302993
6313197
9203244
10877348
27911919
19486162
4937266
31588957
7389380
9019141
10815390
6190718
12124449
15683169
28154620
14332255
17826958
28378738
9924114
11863599
7205788
13213867
15723730
24765038
34123654
7097879
9124467
34416661
12238628
5875550
14888405
27431421
25926799
29909857
32413083
33461615
6252932
34313128
20400928
9650125
31942513
13658420
5719456
33107178
7528556
8415832
8691356
25957393
6119244
9214089
14873148
29939863
11280721
28272220
32028761
8410856
28249312
8504298
27723672
34291465
6213013
12416741
5633472
21972907
8384812
27031293
12117669
12867083
7935567
32464470
4826550
15531770
12823124
13521878
11327420
18211855
11811531
30409250
26764358
9266508
16064320
34843697
11761772
9589062
5355926
21923110
24671294
8394755
18529000
10533275
16151271
11047174
6528029
27310914
7566844
30193757
13408395
17442838
6122491
29982874
29589421
5012606
13857493
26600537
13077270
15740518
13813256
32032415
14084178
12257414
25311517
24784097
12967620
4690697
8763328
28003197
26688386
8238566
8565446
16003199
18811447
7082395
12921679
20547547
12292978
10792004
7960046
12649858
19840525
25600201
27531882
7872306
9569080
11387698
16275624
5597703
26249405
11643187
15945632
11495561
25751545
10037233
13001972
13988012
9021655
16099175
35189431
16199766
9385502
12915623
9629534
11253495
14608441
17423920
30778626
12040710
15349525
32429622
14230327
13600908
7453974
14659687
32757612
6480233
7896318
14935470
8695650
9323895
12039191
13101264
10713954
13103698
31921729
34891013
15763918
12668599
13114222
10148086
14072499
5877362
10384021
17984317
24069533
11473288
26097325
22188352
19670740
34688574
17923585
35397994
9881949
7291983
31097936
7441322
9531282
10345967
10003683
19949992
11134998
25385773
24411341
11601442
23077352
15398114
6780225
10579912
33033819
7731050
23166272
5785695
8127315
4732166
15832352
4972812
4750432
26814821
16153756
34109722
18216610
32965437
6064765
15214913
10871079
19652353
20318845
13351981
5657597
4841485
12663615
25354492
25751722
10232884
6708881
17138353
18214315
18402133
4805269
26075845
17086623
18133465
13483855
9016877
33235935
20555860
10916930
24814511
26427536
13509085
5173458
6651911
8141326
9946013
13440243
13599174
15001002
12026358
31827017
6503187
6455650
15178072
11050522
20590990
26770592
31775879
32998392
7246907
16196153
9710940
17014887
10882783
15180322
6146939
8801890
15380668
22386985
11534715
24473141
6301816
13598309
6421470
23671034
21573340
15210623
11634895
16029272
32427639
34242778
12765823
30315017
7639375
8564450
14190785
28648963
12576520
6755050
14804720
23295614
14242059
26160158
15718252
7027720
25453879
5870899
21828586
8412133
8753373
19300240
14412736
5586537
13054169
5602426
13552667
12177992
14718466
6693100
15043498
29705962
6184768
14628656
29202982
15068948
25827628
15650159
6303090
10994470
11013798
5639869
24572759
8873918
11206367
10384345
8363481
4712047
16202102
11174120
12107529
12775913
22619012
17422048
20116513
22712897
17824969
32478339
32654883
30928602
8324410
28157050
14715639
9352565
15231408
8541252
18515515
18245317
27198750
13793446
10457178
12801838
21597046
18916918
20610859
14491114
6320935
8881257
7980266
22746995
14162768
10849420
6117745
6984917
17972812
12136594
10595843
5609035
28933510
23199983
7033867
9686310
10058076
13932379
31868510
13925357
12550061
11783101
13124888
34597549
5711264
8135035
7554287
8315465
26940350
16574853
15945007
8449545
17359957
24482141
4755379
11489583
5390724
12591659
9223555
5114965
30640063
10010323
8832601
11330769
6346195
7864713
8691253
12792311
8554969
7952530
9888770
12339305
15434326
14009389
27150342
11220598
15995743
13350210
13447722
15932225
5521661
7053776
13329921
30804108
15276212
8546493
31378046
34280557
23382935
14255200
7827674
10532558
13020395
18075310
26479736
15535003
7077989
8325163
20388562
5330415
7946436
19415419
29068033
34490248
27527955
27190824
6161221
33763605
23208869
10515975
20071555
32438619
10696170
29809864
5383113
8520674
4699781
11769521
5224337
12203735
25789327
9923786
25869808
35233363
33250704
6572579
11764616
26571332
5425521
5912345
10341450
28261900
31242838
20149249
9295733
15910511
12620086
9542892
8251958
15953271
9114909
5948917
7768058
22968416
7542052
27787323
16546641
24940219
5521389
28798573
10383455
13318013
21530662
6758032
34287619
16078890
13709306
23689016
24385856
4804782
6188491
8344779
17145604
24999472
28816312
23430557
13750030
12317901
23010014
8295406
4717258
10936544
12254813
9322058
10860192
13132543
7926952
34517203
15736854
5199042
19075636
29950957
32064249
10178887
9766798
21381379
12458914
14368376
20520949
6538886
5613776
14323643
22345723
5593137
15659224
12604438
5040507
12659818
19848055
25018309
22856249
4933172
13122811
24229151
27642108
6176967
11616665
6775538
12171438
20094034
8240588
12219200
17636143
15765357
10224180
6857571
13733431
24671156
13333394
9769675
20930845
8522846
26332334
11103929
18292711
10690349
14243032
6534103
9066165
34836392
14152662
14033768
9451547
11497983
23757638
26926694
9685556
12420059
30277754
12833352
21048346
10114191
5018971
16163352
13315444
11034416
30414593
8882924
29714980
7656497
23809199
14584207
34748043
18022210
12794117
8195265
14320207
24374768
27278751
34555333
5198511
19370905
14638360
13721830
18099418
24210329
33156885
13221940
26156492
10845206
29258938
8983713
15734806
19546258
21985666
19694890
9782930
11747122
11751185
8024337
12865290
14272898
15366999
16107496
13007902
6660506
26535026
5131497
30038731
4674673
12597965
23263193
5184178
16367358
10077597
16706094
17399215
29132869
8238700
6336855
11246353
14475215
25570687
11665685
5539760
17074008
28462147
22787711
18134860
27651819
15124646
16847694
21106708
23272790
8376747
20151760
13040323
7653039
8984600
6436055
22731983
19968253
23833685
19063396
15225406
20129920
27693780
10851137
14395031
25168024
8938226
32489361
23074493
25928017
6150597
20501989
16442952
21007435
1328619
9795619
32847255
8681442
27082251
16144048
31260739
25622641
8519841
6150513
7651864
9264675
7385742
20465638
26119811
25037428
12696044
29965660
8362817
26468882
5906889
4747973
20076013
6654160
5304091
5723667
13909517
28142155
25422313
28793647
5302703
11619076
34098898
17836807
33476381
10107416
4754242
12749124
19147621
32204658
14345132
9268548
19774288
15571093
8633943
29103784
6505294
7596509
17940799
10609671
34659970
33608574
26521130
10917881
13042799
35111624
32697141
8005802
8625373
17093313
18963283
14084327
29150374
14912686
6044650
6233225
23028857
11164244
24920324
5504785
14172651
16409874
7108264
7117340
6262531
6812009
7743944
20962798
11760127
10430978
35450797
12184640
30947977
33039969
15004186
33515069
31937839
15735926
8048178
11190905
16163572
17101575
20696569
12531986
32254605
13397398
9281527
7767813
24844028
4615057
6597067
16391604
7749145
11433594
28136257
13866008
11965063
9311990
5975916
6574655
7238201
15222909
27419628
11804168
13681358
34282156
8075908
16295139
7553642
31170842
6468594
10579715
14726722
11042005
15498820
34916474
8629587
15677675
17392396
9548662
17779525
20986597
10333454
19546171
7786932
13256565
7541252
32957691
34660090
8084484
14349834
27479826
8153485
12177662
23250359
8359528
26843453
31318260
25259797
14586436
31594909
12371439
16140037
19329124
7896058
14645970
29438935
32484798
26537720
11454265
12725220
14407155
7944612
13852057
19838881
12133706
14787686
12401723
35212936
6819564
33086853
12064065
6608242
5087734
13637242
6862403
8080722
5603304
14907335
20030308
10222535
4225796
19470781
10539581
4905615
5104486
8119334
4692997
28190248
9301708
12542627
25528237
11350112
14733119
34047226
4831998
9192133
6337374
8695121
15725977
17995768
23286086
20006095
9992445
11893419
17129346
15831285
20128312
35453623
11785049
7680766
29418574
11043067
11619016
14407764
32608908
22096567
31559077
29513848
12004683
13341539
26275562
32575938
4886568
8547108
14130784
20977549
15278172
6868230
19005805
16134432
19156603
23368847
25178710
5872252
6612136
16243273
13532783
6533999
25235314
15137566
16896033
22405876
5136914
6345315
12910237
19611577
34589329
12659903
13268757
15469418
33735003
5587032
5353045
9905439
10777580
14905405
9369952
10674634
8416803
17747182
23622281
14558412
28314022
29554972
33551916
19182829
6695540
9970263
27214362
20424607
6401465
6844631
21398209
14600823
7669230
9223609
7784686
4861559
34689630
22414795
16282825
15881186
5514191
35467057
2546632
7479398
31175041
9724579
15398951
18308725
32617269
18124039
7174082
34318444
8180634
8781623
34466206
12471326
8172085
14039891
15903744
5996231
30006337
19294465
6791874
26322617
32806392
7126934
18875842
12355518
7905418
11825763
7393406
11143272
23330207
24480827
6240006
13740816
13621250
15473284
16529805
10567484
33070854
13089707
27581022
9769328
14121432
4695978
7092728
28139488
6002330
23714435
5618354
7611986
28462021
15186258
11345262
9912982
32317356
13777428
24025415
15723059
31421945
24714590
16662993
11345500
25602487
7835767
7949994
7703788
9730799
12748527
12113779
11672517
21031162
22696178
6622640
12159363
18139765
28655593
2750280
10416531
12526194
35379517
20145901
6163246
24180554
25933465
9314715
11805172
17447188
13815226
10358955
16856034
29922124
31371307
15750801
32491197
16302896
4694860
16084576
35370097
21150505
4936031
11973344
29759911
6188970
27273717
15359103
23697824
21053755
10845823
21291103
8413833
13602013
14792490
35511406
8412703
13160019
12424819
11086470
28524619
6170254
9452737
31988069
14471998
12026201
31584175
13802751
28419313
12757611
33816480
20146795
5744414
10924165
10640688
4986822
25658998
27008970
11892006
10262682
11275355
10274692
31719176
8671496
14618284
11034693
7314737
27560958
8561237
33625962
22640288
12975548
23603255
10449283
5790728
31315056
11098985
10848114
13079666
27355152
34053349
12410129
8916193
30622090
15937476
14831842
5018001
28493308
14821995
30412724
7233792
10979101
15480685
30426431
6112673
30688696
10500960
16300180
32279604
13936282
9167357
29180611
11746364
27258612
7099004
15421730
6106052
31363093
13063329
8635414
13810593
8332332
11157103
20498701
5424099
9841876
5655398
9190021
6909459
29970568
13886017
26207798
30057556
32240490
22755164
13625562
4966289
8899525
11069961
8365283
32351247
13424659
26444534
13963888
21307618
15409787
18473317
12502205
33855117
12969196
21076162
33820671
9982446
19785538
7018903
32786406
33547356
12448842
10674726
17860315
30003844
12692405
21911152
16598970
23365478
25814590
7057930
12620237
7777607
2800662
15165509
23486336
12113965
8430967
26736086
4754929
6072287
20064775
16287789
9168872
23854772
26403620
9697061
7012790
20120362
22330141
4733992
6586643
31517111
12755111
7596934
11266765
6006720
33370649
30624478
10641053
12878222
6754706
9004316
5648390
8009410
12985925
14214364
22019911
9209545
8314981
10589264
9980277
32121096
12961302
12055748
21612457
8975868
15194654
6721484
18285532
17668276
27885687
11660250
29452834
30603457
14121169
8062097
18104482
20959816
22379914
15470896
4921373
9099410
8868717
13856407
17159476
9495502
32652177
10585214
7151510
28103026
34752641
12233783
20914735
31465523
17931841
9102125
10719131
14823698
7085245
20999431
29538457
28408609
16088274
28529308
9508829
15774301
12070458
31653356
9216849
13872911
5631369
13535734
35447071
5989120
14778750
20095192
6381122
9313628
22928354
12331199
14836506
30767133
15393305
16103568
27698382
13010933
8651032
10904884
6173117
25476088
15443437
33990180
11536116
8679363
13273507
7716726
19320679
14140895
24134609
4826092
30530161
18112561
10950383
13776013
22329058
25005100
13838539
24912161
10818908
14620367
16123119
34205872
12159305
33505103
25025875
9665008
31283324
11321473
5658377
13657015
16890396
31024483
6444048
5824871
10207033
15153301
6110529
16365204
11771991
11851477
27286137
32843262
11204652
15983520
13508481
12381984
10488005
6646877
19363360
20777104
31594606
7581425
6771757
35076725
10901150
9263508
11824302
20079472
6545164
27006453
21466888
22714916
6898669
12239251
4690894
23115389
20485408
30035626
13401719
6978899
7487753
11800765
28660111
13582249
34638793
19212679
6487099
7871173
32764332
7179478
15848597
17303716
35111669
24506801
25764469
18315403
24298001
10779871
7635166
6292032
26579723
27537114
28273480
30126722
6006002
9146591
7500028
10030946
14385852
7934133
15309288
15755947
6004446
7531687
17965747
23110808
4834210
13141914
11074378
8020681
7028555
22454554
14792126
1939585
18134074
6157196
27164490
21114937
6239262
7654855
10312901
12653304
15708180
16208406
4853720
23433782
34343278
8127023
16933674
7582740
27032520
31251838
31845371
27947844
9453304
11341999
14715636
8813432
26051560
33761952
30621142
11041347
15067995
10047701
28129126
22209205
6693037
25883725
12148712
6811320
10651160
7090544
12428785
8758313
8917025
16033344
6210057
8342747
5859789
26489753
26678639
34453216
10262646
15514398
15042294
20386342
21460810
6378010
6922916
33771933
16458513
4680885
10173326
26511806
19367383
33260535
34744884
8946023
7504167
22343866
11725032
11154171
8121834
13647983
14497360
12524769
14715360
17998381
12457557
3199793
5005731
14105779
5019744
11809472
13526848
9861165
11877872
8383433
10749133
7445453
29480113
30750438
6073365
27298425
21786088
31131350
35000993
16377459
9696962
10132264
31342366
13560859
5876741
12393348
14757151
31804475
5516966
9239928
8263599
5342794
13407493
24521756
11949849
8978264
16967559
27879474
16297489
5432804
14941642
13062700
4813080
15154249
11380853
12788696
12689421
13228016
13753494
28614667
9227189
18503011
10324622
19116922
24335591
13060103
13312560
14272296
10416976
15117661
22523453
28814695
11808797
14749903
19666936
20254282
14937596
8789570
6560398
6748704
10670634
11317363
11843132
32397606
6951120
14753651
6545193
32199420
30218876
23149361
14215612
15475369
17599609
7413983
11094470
12284816
15212857
15671719
31314345
18537301
13932167
32876691
26757161
14721838
19290610
26057032
13774939
6836615
19255984
14298267
30101195
25037314
31604068
9067684
10768373
14411764
13418915
5548960
4864236
10122798
21118921
31794125
21533305
23167439
10460641
15040022
13136913
11813748
18319186
20749894
9499566
5698331
18377908
9550799
23692067
8750001
16158671
10067049
32643105
13569573
9450594
14587761
24526577
24834413
27272340
14038120
25701970
8514880
6835975
8480216
4919035
11263469
32308257
6982150
11472767
33990828
6495662
28462315
17260654
18001873
8510566
15663097
34417738
12942856
20582467
10609253
5496736
9883971
7063254
33389081
12690230
35395594
8880414
7662417
11876072
7195653
33859554
10630482
9020122
20556112
9117641
12923130
9869584
12648724
28530808
10712795
6080026
12609664
7591921
8793938
11314193
24162257
9728782
7393722
9148780
6314474
9942068
13015746
29016496
7039846
11214666
4975142
19534171
30754779
33199536
5568032
29019586
8347044
12343389
34815539
28802038
32031572
29478784
15856674
11813538
33138015
10222776
15265726
27032202
19984789
8945266
24259421
10431118
15156338
15462089
12134212
15540410
7844659
15752605
26040106
13394347
5948051
5813844
5359277
24719864
28569583
7005420
10585649
11375677
4784587
21657823
13706257
10629841
24417287
14616158
31207210
7611964
11493602
5174038
26975225
9314787
5395730
11022641
8898463
8312137
5816491
16048228
21788098
5614165
18733576
18281299
14094303
5136935
6282310
20660527
5966827
10804858
27568521
7235000
33280872
30771429
9246093
33116715
10342177
15401271
14244027
4867410
15779353
12099486
16125200
32352318
23105009
10547009
30350690
13083532
30112793
12131562
6235274
15454152
18287407
12658549
13262109
31241062
29160010
13531787
14917293
30919500
5401522
8769847
21860542
34696407
7221124
4832433
11552167
11538793
6885477
29548921
7308022
12593493
11806796
12352295
7059758
25232302
32788431
5205835
15177504
7572494
9279580
24303866
16284750
13895382
6740544
2196523
17689924
6997760
26711633
7298240
34838258
27485292
7162462
7861668
10573013
14444119
29697667
23412575
7583907
8456926
11355396
12024527
9353560
25036780
8525936
18916450
13204294
6734605
32893848
25867666
27469695
11288240
21061924
9703119
23620349
9469720
10848091
14734317
7222402
8230939
7082833
10697538
11226553
7405056
13795004
4714451
6938800
20994760
11107586
14763209
12781274
16211653
10239101
15975849
16613559
19621495
26753636
13333414
30219047
9364010
27828333
6169703
10198247
13650722
13555079
14724123
5541948
11434722
8823198
13047395
29684362
17096682
5821206
19508248
7844910
14742144
10945773
8204678
9762904
9019566
16186412
14947386
5621098
15031228
13264681
27362217
27578694
23922749
9203644
31430669
10176776
7678687
33331569
10897880
15967015
10782540
10394376
20614318
13526765
25955941
13722436
14437162
12940550
14006962
7005781
13613066
14692765
7588506
22230055
14071908
28860172
12108779
24798101
15680499
25797154
22966964
9173884
15060323
23394257
25246957
8536996
34927367
6196942
16058169
18070111
23186858
11294071
5298206
10197558
12360792
34473544
15458261
14160793
10582931
11031764
33667323
18716983
4858309
11928929
10435284
34359037
14382157
33707454
7813319
34431184
15958097
5592524
8199792
30302816
7203240
5016212
15360925
6323086
13299431
18146620
8489397
14892311
7638977